source_record_id,source_name,source_row_number,generic_original,strength_original,parse_status,parse_reason
SRCM-ade717db322884a87016e8b6,MARKET,18,Aravindasav,,FAILED,MISSING_STRENGTH
SRCM-11595f2b015aa65e3858d5b9,MARKET,19,Arjunarista,,FAILED,MISSING_STRENGTH
SRCM-43adf6e4f9239022d518006d,MARKET,20,Malus sylvestris,,FAILED,MISSING_STRENGTH
SRCM-1b03cd15dc71c105ac5ec29b,MARKET,21,Barsina,,FAILED,MISSING_STRENGTH
SRCM-184265893fb2e802ef8bf523,MARKET,24,Amalaki Rasayana,,FAILED,MISSING_STRENGTH
SRCM-ec1355a6d93201cbcbd9c965,MARKET,25,Sharbat Amla,,FAILED,MISSING_STRENGTH
SRCM-69b97bd1a17d61261713475d,MARKET,28,Ejaz,,FAILED,MISSING_STRENGTH
SRCM-a179aadc58bbc95afc8d5523,MARKET,30,Aloe indica+ Hyoscyamus niger + Piper nigrum,345 mg,AMBIGUOUS,INGREDIENT_STRENGTH_COUNT_MISMATCH
SRCM-f8b868af9bb463b4e6bb44ca,MARKET,31,Buzuri,,FAILED,MISSING_STRENGTH
SRCM-db8e1f5c7ea9215fe3002b7a,MARKET,32,Garlitab,,FAILED,MISSING_STRENGTH
SRCM-8e9e4d552c7d0954b335ed1d,MARKET,35,Tabkheer,,FAILED,MISSING_STRENGTH
SRCM-11d79c237bfb2736d50725ee,MARKET,36,Herbal cough syrup [Tulsi],,FAILED,MISSING_STRENGTH
SRCM-fba57caab313613244d872d0,MARKET,37,Ambar Momiyaee,,FAILED,MISSING_STRENGTH
SRCM-773db5ed0e42077e3454dc1c,MARKET,38,Herbal cough syrup [Adhatoda Vasica],,FAILED,MISSING_STRENGTH
SRCM-0e23bad52c2c7b24d378db6a,MARKET,39,Herbal cough syrup [Adhatoda Vasica],,FAILED,MISSING_STRENGTH
SRCM-0a907703bdf550cfa6710749,MARKET,42,"Mustakarista [Cyperus, Zingiber, Piper nigrum]",,FAILED,MISSING_STRENGTH
SRCM-920f6d0bc64fd832fd26bdfc,MARKET,44,Emblic Myrobalan + Aswagandha + Grape,,AMBIGUOUS,AMBIGUOUS_COMBINATION_STRENGTH
SRCM-57adee8e6736103aa8566ca7,MARKET,45,Herbal cough syrup [Vasakarista],,FAILED,MISSING_STRENGTH
SRCM-a65c368b290446af5dca6397,MARKET,47,Herbal gastric preparation,,FAILED,MISSING_STRENGTH
SRCM-f95ddb7af9d9feca595b05d4,MARKET,48,Herbal gastric preparation,,FAILED,MISSING_STRENGTH
SRCM-fb7a4eabfcd4fb1cae75a63b,MARKET,51,Marwareedi,,FAILED,MISSING_STRENGTH
SRCM-c26666f4e568874e869517cb,MARKET,53,Brahmi Rasayan,,FAILED,MISSING_STRENGTH
SRCM-62747579fcae0271e9ea26e2,MARKET,63,Collagen II & GAGs,1 gm,AMBIGUOUS,AMBIGUOUS_INGREDIENT_SEPARATOR
SRCM-546be716858454e0e1c64586,MARKET,69,Herbal cough syrup [Vasakarista],,FAILED,MISSING_STRENGTH
SRCM-14d7785c6ca2a3ae61ca18dc,MARKET,70,Herbal cough syrup [Vasakarista],,FAILED,MISSING_STRENGTH
SRCM-9f2c928d6bb8abd4592a4895,MARKET,71,"Bandish [Oak Galls, Tannic acid]",15.63 mg+78.12 mg,AMBIGUOUS,INGREDIENT_STRENGTH_COUNT_MISMATCH
SRCM-9841b233ee7ef9f3f800daac,MARKET,72,Balarista,,FAILED,MISSING_STRENGTH
SRCM-ca7c037b589d5f40960f0c3e,MARKET,73,Compound Asparagus,,FAILED,MISSING_STRENGTH
SRCM-372f516aa7ef3b8404c8ef7c,MARKET,74,Mahadrakkharist [Grape extract],,FAILED,MISSING_STRENGTH
SRCM-b15b631c855eb160e69b3a5a,MARKET,78,Pechish,,FAILED,MISSING_STRENGTH
SRCM-863992d627134cc534807cfc,MARKET,79,Habb-e-Nishat,,FAILED,MISSING_STRENGTH
SRCM-0b34db07e6b1c0d595860c20,MARKET,80,Aushokarist [Saraca Indica],,FAILED,MISSING_STRENGTH
SRCM-69ecd3c2f1424a3a264c9418,MARKET,81,Natural medicine for diabetes,,FAILED,MISSING_STRENGTH
SRCM-24880d3534756ce3caa5f45b,MARKET,84,Jamani Arka,,FAILED,MISSING_STRENGTH
SRCM-4b86d443bb98556fe0a9250e,MARKET,86,Herbal cough syrup [Adhatoda Vasica],,FAILED,MISSING_STRENGTH
SRCM-a0b60c2ad974199fe47cd59f,MARKET,87,Marham Kharish,,FAILED,MISSING_STRENGTH
SRCM-353805db026fb7165ba4df05,MARKET,89,Sanoon Babla,,FAILED,MISSING_STRENGTH
SRCM-77f103f47c0517f3822060b1,MARKET,90,Emblic Myrobalan + Aswagandha + Grape,,AMBIGUOUS,AMBIGUOUS_COMBINATION_STRENGTH
SRCM-dc9570e9bb6f300ac3048f19,MARKET,100,Mentha + Cinnamomum + Gaultheria + Capsicum,,AMBIGUOUS,AMBIGUOUS_COMBINATION_STRENGTH
SRCM-aed6c4adf347fa761e22b24d,MARKET,102,Herbal Multivitamin,,FAILED,MISSING_STRENGTH
SRCM-dc4cf5f0f8ad22c944ef8be8,MARKET,103,Sharbat Musaffi,,FAILED,MISSING_STRENGTH
SRCM-e1ba5037cee0b486b1cf86b1,MARKET,111,Lavendar [Lavendula stoechas],,FAILED,MISSING_STRENGTH
SRCM-4d8ef1e6509c3f9e94545bca,MARKET,115,Balarista,,FAILED,MISSING_STRENGTH
SRCM-a85195d629ed47285db1be00,MARKET,116,Mumshik,,FAILED,MISSING_STRENGTH
SRCM-080dc5004cf6968c39c651d5,MARKET,117,Antacid [Unani],,FAILED,MISSING_STRENGTH
SRCM-fd41ee57013c0a9c26017f6b,MARKET,133,Vaskar Laban [Piper + Zingiber + Cinnamomum],500 mg,AMBIGUOUS,INGREDIENT_STRENGTH_COUNT_MISMATCH
SRCM-d8136cfaa2164ba1ef774d74,MARKET,156,Ambar Momiyaee,,FAILED,MISSING_STRENGTH
SRCM-d6a91ca1d46971aec08fa040,MARKET,160,Khakshi,,FAILED,MISSING_STRENGTH
SRCM-4c312a260496f961da72f564,MARKET,169,Espand,,FAILED,MISSING_STRENGTH
SRCM-5be9ad02325d532924843cd6,MARKET,174,Dinar,,FAILED,MISSING_STRENGTH
SRCM-78e91ffbbd3610ec353f70cc,MARKET,175,Herbal cough syrup [Adhatoda Vasica],,FAILED,MISSING_STRENGTH
SRCM-55e26550599ce2d8d01ec902,MARKET,177,Rehmin,,FAILED,MISSING_STRENGTH
SRCM-587bcf693c2eab2940d7a960,MARKET,178,Rohitakarista,,FAILED,MISSING_STRENGTH
SRCM-7cacd5eea15592662c2e3d13,MARKET,184,Kabid Nawshadri,,FAILED,MISSING_STRENGTH
SRCM-ea6bb62f2a130cb150e6ed58,MARKET,185,Abhayarista,,FAILED,MISSING_STRENGTH
SRCM-f1aa6822797ba90ef9beb3e3,MARKET,193,Salep + Coconut + Poppy Seeds +  Almond,,AMBIGUOUS,AMBIGUOUS_COMBINATION_STRENGTH
SRCM-e305c5237ec1c89fa157cfd2,MARKET,204,Saffron + Mace arillus + Nutmeg fruit,,AMBIGUOUS,AMBIGUOUS_COMBINATION_STRENGTH
SRCM-e4446837e2ecdc57863f11cf,MARKET,205,Patrangasav,,FAILED,MISSING_STRENGTH
SRCM-d13a3b7ebf6a731ecc828234,MARKET,206,Patrangasav,,FAILED,MISSING_STRENGTH
SRCM-22aa8860d339f909166a103a,MARKET,209,23 herb formula to increase breast milk,100 gm/container,FAILED,UNSUPPORTED_STRENGTH_PATTERN
SRCM-13189ec905b1967fd214b82d,MARKET,211,Camphor + Thymol + Menthol + Eucalyptus oil,,AMBIGUOUS,AMBIGUOUS_COMBINATION_STRENGTH
SRCM-4253573743288d5125c2c9a4,MARKET,212,Herbal cough syrup [Adhatoda Vasica],,FAILED,MISSING_STRENGTH
SRCM-1b0ed0da48a2bf5c398b7c19,MARKET,215,Jirakaddarista,,FAILED,MISSING_STRENGTH
SRCM-2477558315134189a6b79634,MARKET,219,Jinsin,,FAILED,MISSING_STRENGTH
SRCM-86b19f5505e634fcec8a7524,MARKET,222,Aswagandharista,,FAILED,MISSING_STRENGTH
SRCM-742d10b4ff43601f00627710,MARKET,223,"Jadwar [Denudatum, Saffron, Henbane]",,FAILED,MISSING_STRENGTH
SRCM-24a8ff311bade8cbe1acfc28,MARKET,225,Aniseed + Indian dill + Black cardamom + Peppermint,,AMBIGUOUS,AMBIGUOUS_COMBINATION_STRENGTH
SRCM-49cf1dfc5783a7c4e247c60e,MARKET,230,Bacopa extract [Natural memory enhancer],,FAILED,MISSING_STRENGTH
SRCM-3f960c659465e87990e7019a,MARKET,236,Ashokarista,,FAILED,MISSING_STRENGTH
SRCM-a9f896d5442bd76405b8f815,MARKET,245,Devil’s Cotton + Ashoka bark + Aswagandha,,AMBIGUOUS,AMBIGUOUS_COMBINATION_STRENGTH
SRCM-c4a2a87b56ff44d102a8a1e6,MARKET,248,Almond + Coconut + Edible Pine + Salep,,AMBIGUOUS,AMBIGUOUS_COMBINATION_STRENGTH
SRCM-dd1ad6c87efbe8357ee03f71,MARKET,253,Jeerakaddarishta Carminative,,FAILED,MISSING_STRENGTH
SRCM-9dc799e7b9088c449f2a8e52,MARKET,254,"Tila Jadeed [Madar, Mace arillus, Nutmeg nut]",,FAILED,MISSING_STRENGTH
SRCM-849c6abe1e0952be43d9ff22,MARKET,255,"Bandish [Oak Galls, Tannic acid]",15.63 mg+78.12 mg,AMBIGUOUS,INGREDIENT_STRENGTH_COUNT_MISMATCH
SRCM-f5f528ec2eaf645cb62b20c8,MARKET,274,"Fishar [Snake root, Potassium, Magnesium]",,FAILED,MISSING_STRENGTH
SRCM-9d747247e9ccab53f91c716b,MARKET,275,Saffron + Sand Lizard + Nutmeg fruit,,AMBIGUOUS,AMBIGUOUS_COMBINATION_STRENGTH
SRCM-a3283c2d8951cb3bde84e091,MARKET,278,Mahadrakkharist [Grape extract],,FAILED,MISSING_STRENGTH
SRCM-c98d444455d9c7bed4e1f366,MARKET,279,Prasarani Sandhan,,FAILED,MISSING_STRENGTH
SRCM-abe9baf9c0387ccd92972cf1,MARKET,282,Herbal cough syrup [Adhatoda Vasica],,FAILED,MISSING_STRENGTH
SRCM-aa2290a9f568ae434b85fd41,MARKET,289,Licorice + Yellow Silk Cotton + Mastic tree,,AMBIGUOUS,AMBIGUOUS_COMBINATION_STRENGTH
SRCM-f362b884e0474959fa17eff3,MARKET,296,"Mudir [Aloe, Saffron, Ferrus sulphate]",294.12 mg+58.82 mg+147.06 mg,AMBIGUOUS,INGREDIENT_STRENGTH_COUNT_MISMATCH
SRCM-c0387b4b0894cc86b8d2d6de,MARKET,308,Ambergris + Salep + Galangal,,AMBIGUOUS,AMBIGUOUS_COMBINATION_STRENGTH
SRCM-dd272d8e07519b3fec27a15e,MARKET,311,"Qurs Mulayin [Scammony, Lavender, Fennel]",,FAILED,MISSING_STRENGTH
SRCM-afffaa855083b88430888730,MARKET,316,"Suzark [Chir Pine, Chickpea, Pearl]",,FAILED,MISSING_STRENGTH
SRCM-109dc3e504d3c58017469372,MARKET,317,Suranjan,,FAILED,MISSING_STRENGTH
SRCM-2fb9812bef12767dbd531ed9,MARKET,318,Date palm + Betel nut + Acacia,,AMBIGUOUS,AMBIGUOUS_COMBINATION_STRENGTH
SRCM-085e42b99f7c551badd4a9b0,MARKET,319,Licorice + Vasaka + Basil + Peppermint,,AMBIGUOUS,AMBIGUOUS_COMBINATION_STRENGTH
SRCM-18bffedd339a190a197cc932,MARKET,327,"Salajeet [Mineral Pitch, Red Sage]",71.43 mg+71.43 mg,AMBIGUOUS,INGREDIENT_STRENGTH_COUNT_MISMATCH
SRCM-895eac1c3cde729dfa22341e,MARKET,328,Sanjivani Rasayan,,FAILED,MISSING_STRENGTH
SRCM-9fcc4595b5f5f5f144f7920c,MARKET,329,Saribadyarista,,FAILED,MISSING_STRENGTH
SRCM-03369d1b2fec1af68b5ca6f3,MARKET,330,Sana + Revand Chini + Neem + Chirata + Tulsi,,AMBIGUOUS,AMBIGUOUS_COMBINATION_STRENGTH
SRCM-7b3b315ca9b5ce2f0a1c9d7e,MARKET,331,Sana + Revand Chini + Neem + Chirata + Tulsi,,AMBIGUOUS,AMBIGUOUS_COMBINATION_STRENGTH
SRCM-460693471905d82ec9fe5a3f,MARKET,332,Herbal cough syrup [Tulsi],,FAILED,MISSING_STRENGTH
SRCM-875bb05eb19aaf582924fb04,MARKET,336,Steviol Glycoside,,FAILED,MISSING_STRENGTH
SRCM-39b5e1e1acde46cd63ce7fba,MARKET,337,Herbal cough syrup [Adhatoda Vasica],,FAILED,MISSING_STRENGTH
SRCM-8792d508ae26c79cfcb46cca,MARKET,340,Dasamularista,,FAILED,MISSING_STRENGTH
SRCM-ad66ca83a69670358298d738,MARKET,350,"Fennel [Mouri, Gohkshura, Kasni]",,FAILED,MISSING_STRENGTH
SRCM-49e7cd9913e9b8c6ece7333a,MARKET,367,Vitamin B complex,,FAILED,MISSING_STRENGTH
SRCM-fcfe706850960085eec6e350,MARKET,368,Vitamin B complex,,FAILED,MISSING_STRENGTH
SRCM-4e0b61fa042ef9860ed5a7c5,MARKET,405,,30 mg,FAILED,MISSING_INGREDIENT
SRCM-d8d669b72c0f0df6a87fccf8,MARKET,428,Inactivated Influenza Vaccine,0.5 ml/prefilled syringe,FAILED,UNSUPPORTED_STRENGTH_PATTERN
SRCM-e2bf2063231af3ff61fe8ccc,MARKET,438,Super antioxidant [vitamins & minerals],,AMBIGUOUS,AMBIGUOUS_INGREDIENT_SEPARATOR
SRCM-5c039453b67f24b680074567,MARKET,546,Vitamin B complex,,FAILED,MISSING_STRENGTH
SRCM-0220c680f72256704c51fcd7,MARKET,548,Vitamin B complex,,FAILED,MISSING_STRENGTH
SRCM-f2eeef64b25de04c915a8579,MARKET,576,Eucalyptol + Menthol + Methyl Salicylate + Thymol + Sodium Fluoride,,AMBIGUOUS,AMBIGUOUS_COMBINATION_STRENGTH
SRCM-3f4a11b404b8c59d8debc798,MARKET,590,Enoxaparin Sodium,8000 Anti-Xa IU/0.8 ml,FAILED,UNSUPPORTED_STRENGTH_PATTERN
SRCM-430a7ec0a91d418bbe5a7f32,MARKET,591,Enoxaparin Sodium,6000 Anti-Xa IU/0.6 ml,FAILED,UNSUPPORTED_STRENGTH_PATTERN
SRCM-2c456f9ec529c6edfcf422fd,MARKET,592,Enoxaparin Sodium,4000 Anti-Xa IU/0.4 ml,FAILED,UNSUPPORTED_STRENGTH_PATTERN
SRCM-da356df5e0e4d9c1c78f0492,MARKET,642,Iron + Folic acid + Vitamin B complex + Vitamin C,,AMBIGUOUS,AMBIGUOUS_COMBINATION_STRENGTH
SRCM-223d5ad232605559d757e176,MARKET,645,Vitamin B complex,,FAILED,MISSING_STRENGTH
SRCM-9d357faac9116415d864e3e7,MARKET,688,Multivitamin & Multimineral [A-Z gold preparation],,AMBIGUOUS,AMBIGUOUS_INGREDIENT_SEPARATOR
SRCM-3d1cf559859d8b807d6f1d1f,MARKET,702,Multivitamin & Multimineral,,AMBIGUOUS,AMBIGUOUS_INGREDIENT_SEPARATOR
SRCM-bde7ed0a4ecfbf4a1be791e2,MARKET,703,Vitamin B complex,,FAILED,MISSING_STRENGTH
SRCM-684a4920275e9238a7c8d759,MARKET,704,Vitamin B complex,,FAILED,MISSING_STRENGTH
SRCM-4972e011e7bc42aa8a590180,MARKET,705,Vitamin B complex,,FAILED,MISSING_STRENGTH
SRCM-dd97c26e7df944b84d991e60,MARKET,706,Vitamin B complex,,FAILED,MISSING_STRENGTH
SRCM-4b7e9dc2e16c01414c93807e,MARKET,719,Multivitamin & Multimineral [A-Z gold preparation],,AMBIGUOUS,AMBIGUOUS_INGREDIENT_SEPARATOR
SRCM-37d5562e8a1afa6d4e7b2cb0,MARKET,720,Vitamin B Complex + Zinc,,AMBIGUOUS,AMBIGUOUS_COMBINATION_STRENGTH
SRCM-fded1f1a91f01750ecec65ab,MARKET,732,Iron + Folic Acid + Vitamin B Complex + Vitamine C + Zinc Sulfate,,AMBIGUOUS,AMBIGUOUS_COMBINATION_STRENGTH
SRCM-5cc1553477b50aa61aa1a268,MARKET,733,Iron Polymaltose Complex + Folic Acid + Zinc + Vitamin B-Complex,,AMBIGUOUS,AMBIGUOUS_COMBINATION_STRENGTH
SRCM-e67ef02beb6c83c68e364c6f,MARKET,734,Iron + Folic acid + Vitamin B complex + Vitamin C,,AMBIGUOUS,AMBIGUOUS_COMBINATION_STRENGTH
SRCM-78da46fdc46bf2bb6d23e1ce,MARKET,746,Multivitamin & Multimineral [A-Z silver preparation],,AMBIGUOUS,AMBIGUOUS_INGREDIENT_SEPARATOR
SRCM-fa20abc5ca445c048e26acc6,MARKET,747,Multivitamin & Multimineral [A-Z gold preparation],,AMBIGUOUS,AMBIGUOUS_INGREDIENT_SEPARATOR
SRCM-d9612f5ccab9898d69e555c1,MARKET,795,Super antioxidant [vitamins & minerals],,AMBIGUOUS,AMBIGUOUS_INGREDIENT_SEPARATOR
SRCM-fe949d6ce4ab6a0a90ba9d98,MARKET,902,Amino Acid + D-Sorbitol + Electrolytes,10%,AMBIGUOUS,INGREDIENT_STRENGTH_COUNT_MISMATCH
SRCM-404605b5b595f581277bb0f3,MARKET,904,Amino Acid + D-Sorbitol + Electrolytes,5%,AMBIGUOUS,INGREDIENT_STRENGTH_COUNT_MISMATCH
SRCM-c4efd20e57f3d0318630bef8,MARKET,905,Amino Acid + Glucose + Electrolytes,7%+10%,AMBIGUOUS,INGREDIENT_STRENGTH_COUNT_MISMATCH
SRCM-1ac8a608bf73776ee7338499,MARKET,906,Amino Acid + Glucose + Electrolytes,7%+10%,AMBIGUOUS,INGREDIENT_STRENGTH_COUNT_MISMATCH
SRCM-5e42adb969f60304e7fb9f14,MARKET,907,Amino Acid + D-Sorbitol + Electrolytes,5%,AMBIGUOUS,INGREDIENT_STRENGTH_COUNT_MISMATCH
SRCM-ffe8dc6779568657a75de562,MARKET,911,Amino Acid + D-Sorbitol + Electrolytes,10%,AMBIGUOUS,INGREDIENT_STRENGTH_COUNT_MISMATCH
SRCM-3e460b9c32d40cf937c17733,MARKET,912,Amino Acid + D-Sorbitol + Electrolytes,5%,AMBIGUOUS,INGREDIENT_STRENGTH_COUNT_MISMATCH
SRCM-e51fd24b5c6b41bbc961f11a,MARKET,913,Amino Acid + Glucose + Electrolytes,7%+10%,AMBIGUOUS,INGREDIENT_STRENGTH_COUNT_MISMATCH
SRCM-004069e1085daae3f654d81f,MARKET,914,Amino Acid + D-Sorbitol + Electrolytes,5%,AMBIGUOUS,INGREDIENT_STRENGTH_COUNT_MISMATCH
SRCM-bd9d1f7f8dfbd59415c48d51,MARKET,921,Amino Acid + D-Sorbitol + Electrolytes,5%,AMBIGUOUS,INGREDIENT_STRENGTH_COUNT_MISMATCH
SRCM-65c2f71138a80a35ea32a58e,MARKET,951,Amino Acid + Glucose + Electrolytes,7%+10%,AMBIGUOUS,INGREDIENT_STRENGTH_COUNT_MISMATCH
SRCM-dcd8094decc6e4e0fb323f7f,MARKET,952,Amino Acid + D-Sorbitol + Electrolytes,5%,AMBIGUOUS,INGREDIENT_STRENGTH_COUNT_MISMATCH
SRCM-b9f74f2a3eba1f4e914eeb55,MARKET,1170,Vitamin B complex,,FAILED,MISSING_STRENGTH
SRCM-23f6276918a0ae7fede1716d,MARKET,1175,Hydrocortisone Acetate + Benzyl Benzoate + Bismuth Subgallate + Bismuth Oxide + Balsam Peru + Zinc Oxide,,AMBIGUOUS,AMBIGUOUS_COMBINATION_STRENGTH
SRCM-0f45410cabf798945cdc5fd7,MARKET,1177,Cinchocaine + Hydrocortisone + Neomycin + Esculin,,AMBIGUOUS,AMBIGUOUS_COMBINATION_STRENGTH
SRCM-3aa176ba8884882cf824f8ca,MARKET,1212,Insulin Human [rDNA] + Isophane Insulin Human,50%+50% in 100 IU/ml,AMBIGUOUS,AMBIGUOUS_SHARED_DENOMINATOR
SRCM-b9f925277958a8fc3eda150d,MARKET,1213,Insulin Human [rDNA] + Isophane Insulin Human,30%+70% in 100 IU/ml,AMBIGUOUS,AMBIGUOUS_SHARED_DENOMINATOR
SRCM-f113fe2b7eac3d9d8a899b8e,MARKET,1214,Insulin Human [rDNA] + Isophane Insulin Human,50%+50% in 100 IU/ml,AMBIGUOUS,AMBIGUOUS_SHARED_DENOMINATOR
SRCM-ad9b7ab77328752ea382a2cd,MARKET,1215,Insulin Human [rDNA] + Isophane Insulin Human,30%+70% in 40 IU/ml,AMBIGUOUS,AMBIGUOUS_SHARED_DENOMINATOR
SRCM-8390cb9597b24d2e337da738,MARKET,1216,Insulin Human [rDNA] + Isophane Insulin Human,30%+70% in 100 IU/ml,AMBIGUOUS,AMBIGUOUS_SHARED_DENOMINATOR
SRCM-932dc62f8642de4118c53ae3,MARKET,1282,Cinchocaine + Hydrocortisone + Neomycin + Esculin,,AMBIGUOUS,AMBIGUOUS_COMBINATION_STRENGTH
SRCM-670f9b728cfe7e8d0ba7b265,MARKET,1292,Snake Venom Antiserum,,FAILED,MISSING_STRENGTH
SRCM-d03cca4d4193ac6983b80a22,MARKET,1299,Vitamin B Complex + Zinc,,AMBIGUOUS,AMBIGUOUS_COMBINATION_STRENGTH
SRCM-d5b63db25dbe75760e7c8ca3,MARKET,1300,Multivitamin [Pediatric preparation],,FAILED,MISSING_STRENGTH
SRCM-b3238df52674f64079a14e2a,MARKET,1301,Vitamin B complex,,FAILED,MISSING_STRENGTH
SRCM-f6a6ee313816cdae4696a9bc,MARKET,1302,Vitamin B complex,,FAILED,MISSING_STRENGTH
SRCM-9ed5cf54b7b795b046534eb5,MARKET,1330,Calcium Carbonate + Vitamin D3 + Multimineral,,AMBIGUOUS,AMBIGUOUS_COMBINATION_STRENGTH
SRCM-a6dbcc2fc1ce15ad0f2c47da,MARKET,1336,Vitamin B complex,,FAILED,MISSING_STRENGTH
SRCM-a4e6893a9791779b45c76440,MARKET,1409,Multivitamin & Cod Liver Oil,,AMBIGUOUS,AMBIGUOUS_INGREDIENT_SEPARATOR
SRCM-183d07c5e3ddd70d7ff97206,MARKET,1422,Cinchocaine + Hydrocortisone + Neomycin + Esculin,,AMBIGUOUS,AMBIGUOUS_COMBINATION_STRENGTH
SRCM-7af5498d9215af512bc50116,MARKET,1423,Cinchocaine + Hydrocortisone + Neomycin + Esculin,,AMBIGUOUS,AMBIGUOUS_COMBINATION_STRENGTH
SRCM-56d46b65a811016d82fbfe28,MARKET,1464,Calcium Carbonate + Vitamin D3 + Multimineral,,AMBIGUOUS,AMBIGUOUS_COMBINATION_STRENGTH
SRCM-025e3b58607bd9600a59f2a6,MARKET,1472,Multivitamin & Multimineral [A-Z silver preparation],,AMBIGUOUS,AMBIGUOUS_INGREDIENT_SEPARATOR
SRCM-f407c645b046768195783da7,MARKET,1473,Multivitamin & Multimineral [For nursing mother],,AMBIGUOUS,AMBIGUOUS_INGREDIENT_SEPARATOR
SRCM-c04a65af6954d2f4f9a0f50c,MARKET,1474,Multivitamin & Multimineral [A-Z juniors syrup preparation],,AMBIGUOUS,AMBIGUOUS_INGREDIENT_SEPARATOR
SRCM-061ad985a95edc162bde752f,MARKET,1475,Multivitamin & Multimineral [A-Z gold preparation],,AMBIGUOUS,AMBIGUOUS_INGREDIENT_SEPARATOR
SRCM-4db7d4b825b9e365fc6738a5,MARKET,1481,Iron + Folic Acid + Vitamin B Complex + Vitamine C + Zinc Sulfate,,AMBIGUOUS,AMBIGUOUS_COMBINATION_STRENGTH
SRCM-bc7bf9231d16ed06ab5d25cc,MARKET,1503,Iron Polymaltose Complex + Vitamin B Complex + Zinc,,AMBIGUOUS,AMBIGUOUS_COMBINATION_STRENGTH
SRCM-e1f07b68fef435f374686e68,MARKET,1504,Vitamin B Complex + Zinc,,AMBIGUOUS,AMBIGUOUS_COMBINATION_STRENGTH
SRCM-2b93a29cf3d89f6a0ff74ace,MARKET,1505,Vitamin B Complex + Zinc,,AMBIGUOUS,AMBIGUOUS_COMBINATION_STRENGTH
SRCM-d0259d4c16987d23a98e7508,MARKET,1506,Multivitamin [Injection],,FAILED,MISSING_STRENGTH
SRCM-362eb0e351847afe5e59315a,MARKET,1507,Super antioxidant [vitamins & minerals],,AMBIGUOUS,AMBIGUOUS_INGREDIENT_SEPARATOR
SRCM-e74b4fe56927ee592321c522,MARKET,1508,Multivitamin & Multimineral,,AMBIGUOUS,AMBIGUOUS_INGREDIENT_SEPARATOR
SRCM-f7da3957fe72814b2b2a203d,MARKET,1509,Vitamin B complex,,FAILED,MISSING_STRENGTH
SRCM-e2bbaaf7c25bbe86e91c6c8a,MARKET,1510,Vitamin B complex,,FAILED,MISSING_STRENGTH
SRCM-9f39df1a6dee4a73f33600cb,MARKET,1557,Multivitamin [Injection],,FAILED,MISSING_STRENGTH
SRCM-0c4a15fea095d488950b35fc,MARKET,1585,Glycerin + Hypromellose + Polyethylene glycol + Tetrahydrozoline + Zinc Sulfate,0.25%,AMBIGUOUS,INGREDIENT_STRENGTH_COUNT_MISMATCH
SRCM-17c422986a6bca3da4aaa971,MARKET,1605,Multivitamin & Multimineral [A-Z silver preparation],,AMBIGUOUS,AMBIGUOUS_INGREDIENT_SEPARATOR
SRCM-833c51e5797fd65d7ef8bda1,MARKET,1606,Multivitamin & Multimineral [A-Z gold preparation],,AMBIGUOUS,AMBIGUOUS_INGREDIENT_SEPARATOR
SRCM-d262755f688b395ff6aae54c,MARKET,1607,Multivitamin & Cod Liver Oil,,AMBIGUOUS,AMBIGUOUS_INGREDIENT_SEPARATOR
SRCM-50a41603f3b9b3199232f318,MARKET,1617,"Vitamin B1, B6 & B12",100 mg+200 mg+200 mcg,AMBIGUOUS,AMBIGUOUS_INGREDIENT_SEPARATOR
SRCM-f2ebe7f4755487424853e7cb,MARKET,1665,Iron Polymaltose Complex + Vitamin B Complex + Zinc,,AMBIGUOUS,AMBIGUOUS_COMBINATION_STRENGTH
SRCM-4c57462680050ce578e82cb5,MARKET,1711,Vitamin B Complex + Zinc,,AMBIGUOUS,AMBIGUOUS_COMBINATION_STRENGTH
SRCM-3553b3b66311db00eac4cc7b,MARKET,1712,"Vitamin B1, B6 & B12",100 mg+200 mg+200 mcg,AMBIGUOUS,AMBIGUOUS_INGREDIENT_SEPARATOR
SRCM-1a1f60ca75a8657c3bb1ca84,MARKET,1778,Multivitamin & Multimineral,,AMBIGUOUS,AMBIGUOUS_INGREDIENT_SEPARATOR
SRCM-2e18a463c6dcb37a7f187f4d,MARKET,1779,Multivitamin & Multimineral [A-Z silver preparation],,AMBIGUOUS,AMBIGUOUS_INGREDIENT_SEPARATOR
SRCM-a7408197dba0885506ccb4f8,MARKET,1780,Multivitamin & Multimineral [A-Z gold preparation],,AMBIGUOUS,AMBIGUOUS_INGREDIENT_SEPARATOR
SRCM-4baae50010a5b57a3ff707e7,MARKET,1878,Super antioxidant [vitamins & minerals],,AMBIGUOUS,AMBIGUOUS_INGREDIENT_SEPARATOR
SRCM-9467a6b90b7bcb4f21e890b0,MARKET,1987,"Vitamin C, Vitamin E, Lutein, Copper & Zinc",,AMBIGUOUS,AMBIGUOUS_INGREDIENT_SEPARATOR
SRCM-2cceedfffdc01982feaafe74,MARKET,2006,"Vitamin B1, B6 & B12",100 mg+200 mg+200 mcg,AMBIGUOUS,AMBIGUOUS_INGREDIENT_SEPARATOR
SRCM-df082a989f24d122e9b7506d,MARKET,2107,Vitamin B complex,,FAILED,MISSING_STRENGTH
SRCM-9ea2a7ac0f1d797d3aed11dd,MARKET,2108,Vitamin B complex,,FAILED,MISSING_STRENGTH
SRCM-e32a476793dcbb7d92db38a4,MARKET,2109,Vitamin B complex,,FAILED,MISSING_STRENGTH
SRCM-e7ac294a4f60ce25aced3ddf,MARKET,2115,"Vitamin C, Vitamin E, Lutein, Copper & Zinc",,AMBIGUOUS,AMBIGUOUS_INGREDIENT_SEPARATOR
SRCM-658163bfed8a1c220f0b4c8f,MARKET,2116,Multivitamin & Multimineral [A-Z silver preparation],,AMBIGUOUS,AMBIGUOUS_INGREDIENT_SEPARATOR
SRCM-697f4c028512c5862fac73a3,MARKET,2117,Multivitamin & Multimineral [A-Z juniors syrup preparation],,AMBIGUOUS,AMBIGUOUS_INGREDIENT_SEPARATOR
SRCM-04b22c1ad16fe8c02aeebdc6,MARKET,2118,Multivitamin & Multimineral [A-Z gold preparation],,AMBIGUOUS,AMBIGUOUS_INGREDIENT_SEPARATOR
SRCM-463883626f81d530090ab264,MARKET,2119,Multivitamin & Multimineral,,AMBIGUOUS,AMBIGUOUS_INGREDIENT_SEPARATOR
SRCM-f2db9c22d42c2ccc7e70527b,MARKET,2126,Multivitamin & Multimineral [A-Z gold preparation],,AMBIGUOUS,AMBIGUOUS_INGREDIENT_SEPARATOR
SRCM-031694f0ea1f5fd77934b345,MARKET,2150,Vitamin B Complex + Zinc,,AMBIGUOUS,AMBIGUOUS_COMBINATION_STRENGTH
SRCM-eaae0cd3f5c5060b14e56149,MARKET,2151,"Vitamin B1, B6 & B12",100 mg+200 mg+200 mcg,AMBIGUOUS,AMBIGUOUS_INGREDIENT_SEPARATOR
SRCM-89571d74bb64718858ad505d,MARKET,2152,"Vitamin B1, B6 & B12",100 mg+200 mg+200 mcg,AMBIGUOUS,AMBIGUOUS_INGREDIENT_SEPARATOR
SRCM-5feeeab0a653d016e41ae3e4,MARKET,2154,Vitamin B complex,,FAILED,MISSING_STRENGTH
SRCM-af78400e187ddbcdf47478f8,MARKET,2155,Balanced Salt Solution,,FAILED,MISSING_STRENGTH
SRCM-0d38450a579e61635eda9fbf,MARKET,2157,Vitamin B complex,,FAILED,MISSING_STRENGTH
SRCM-18746888c36be439e3340ccd,MARKET,2158,Vitamin B complex,,FAILED,MISSING_STRENGTH
SRCM-1de18d7cf9daf0d5a8e39403,MARKET,2159,Vitamin B complex,,FAILED,MISSING_STRENGTH
SRCM-59c415cb36ff7fce4f3787dd,MARKET,2255,Iron Polymaltose Complex + Vitamin B Complex + Zinc,,AMBIGUOUS,AMBIGUOUS_COMBINATION_STRENGTH
SRCM-4b938bacfb2ef0a05d29b852,MARKET,2256,Vitamin B complex,,FAILED,MISSING_STRENGTH
SRCM-bb8b68ae4e245e92d21cbf33,MARKET,2257,Vitamin B complex,,FAILED,MISSING_STRENGTH
SRCM-98643b7739bf92793e312b78,MARKET,2265,Vitamin B complex + Vitamin C,,AMBIGUOUS,AMBIGUOUS_COMBINATION_STRENGTH
SRCM-f71b3f002d13d38f5d8d5b47,MARKET,2266,Vitamin B complex,,FAILED,MISSING_STRENGTH
SRCM-f9694df66ac5640c34006961,MARKET,2268,Multivitamin & Multimineral,,AMBIGUOUS,AMBIGUOUS_INGREDIENT_SEPARATOR
SRCM-88244f0ec63e409ef15c52f5,MARKET,2269,Vitamin B complex,,FAILED,MISSING_STRENGTH
SRCM-9bb8f2f4ab49f2350ea30e87,MARKET,2270,Vitamin B complex,,FAILED,MISSING_STRENGTH
SRCM-a42c8c33c7bb0231d237be1d,MARKET,2273,Iron Polymaltose Complex + Vitamin B Complex + Zinc,,AMBIGUOUS,AMBIGUOUS_COMBINATION_STRENGTH
SRCM-cfee20c2921a549df4353723,MARKET,2274,Vitamin B complex,,FAILED,MISSING_STRENGTH
SRCM-699ef81ef3817f2f06da2b36,MARKET,2276,"Vitamin B1, B6 & B12",100 mg+200 mg+200 mcg,AMBIGUOUS,AMBIGUOUS_INGREDIENT_SEPARATOR
SRCM-d57bf5fca3666ebb8a8bf1ea,MARKET,2284,Super antioxidant [vitamins & minerals],,AMBIGUOUS,AMBIGUOUS_INGREDIENT_SEPARATOR
SRCM-a6af6a2d68d219fc4b732acc,MARKET,2286,Vitamin B Complex + Zinc,,AMBIGUOUS,AMBIGUOUS_COMBINATION_STRENGTH
SRCM-600d6eb87b729b139e4d8eec,MARKET,2314,Vitamin B Complex + Zinc,,AMBIGUOUS,AMBIGUOUS_COMBINATION_STRENGTH
SRCM-170ba4d2624ffe9a4327fa08,MARKET,2315,Multivitamin & Multimineral,,AMBIGUOUS,AMBIGUOUS_INGREDIENT_SEPARATOR
SRCM-036feb3ee0c668dec55c221f,MARKET,2316,Multivitamin & Multimineral [A-Z silver preparation],,AMBIGUOUS,AMBIGUOUS_INGREDIENT_SEPARATOR
SRCM-2e0284d553a9c02a299c7200,MARKET,2317,Multivitamin & Multimineral [A-Z gold preparation],,AMBIGUOUS,AMBIGUOUS_INGREDIENT_SEPARATOR
SRCM-e6887209de01ebc6a16ef520,MARKET,2353,Benzathine Penicillin,12 lac units/vial,FAILED,UNSUPPORTED_STRENGTH_PATTERN
SRCM-1b9dfa0c562d707864db5299,MARKET,2358,Vitamin B Complex + Zinc,,AMBIGUOUS,AMBIGUOUS_COMBINATION_STRENGTH
SRCM-3ebbd1a8c866aace157a3ad7,MARKET,2359,Vitamin B Complex + Zinc,,AMBIGUOUS,AMBIGUOUS_COMBINATION_STRENGTH
SRCM-3e63ba5b78d4b81fb115605d,MARKET,2360,Multivitamin & Multimineral,,AMBIGUOUS,AMBIGUOUS_INGREDIENT_SEPARATOR
SRCM-f81b195b9ec90e4d5e24ee75,MARKET,2361,Vitamin B complex,,FAILED,MISSING_STRENGTH
SRCM-a1a18d45af52eae994062548,MARKET,2362,Vitamin B complex,,FAILED,MISSING_STRENGTH
SRCM-8fe7848666f6af9acd1d0397,MARKET,2384,Iron + Folic acid + Vitamin B complex + Vitamin C,,AMBIGUOUS,AMBIGUOUS_COMBINATION_STRENGTH
SRCM-664b708d123ac530166eb8f6,MARKET,2393,"Vitamin B1, B6 & B12",100 mg+200 mg+200 mcg,AMBIGUOUS,AMBIGUOUS_INGREDIENT_SEPARATOR
SRCM-ca59c7d880b1457531a8f212,MARKET,2471,Multivitamin & Multimineral [For nursing mother],,AMBIGUOUS,AMBIGUOUS_INGREDIENT_SEPARATOR
SRCM-906242000251145b8114156a,MARKET,2535,Multivitamin & Multimineral [A-Z silver preparation],,AMBIGUOUS,AMBIGUOUS_INGREDIENT_SEPARATOR
SRCM-0041b633fb04be7833f1800a,MARKET,2536,Multivitamin & Cod Liver Oil,,AMBIGUOUS,AMBIGUOUS_INGREDIENT_SEPARATOR
SRCM-920c688b6372e2e550302fd5,MARKET,2537,Multivitamin & Multimineral [A-Z gold preparation],,AMBIGUOUS,AMBIGUOUS_INGREDIENT_SEPARATOR
SRCM-e1e96f1b0d5882355f57e116,MARKET,2558,Vitamin B complex,,FAILED,MISSING_STRENGTH
SRCM-14fce932ef8aa017a09892e6,MARKET,2583,"Vitamin B1, B6 & B12",100 mg+200 mg+200 mcg,AMBIGUOUS,AMBIGUOUS_INGREDIENT_SEPARATOR
SRCM-18689f6cde251bdb19c9897f,MARKET,2587,Iron Polymaltose Complex + Vitamin B Complex + Zinc,,AMBIGUOUS,AMBIGUOUS_COMBINATION_STRENGTH
SRCM-0601da29982023aed47db358,MARKET,2588,Vitamin B Complex + Zinc,,AMBIGUOUS,AMBIGUOUS_COMBINATION_STRENGTH
SRCM-b25b1915d87dd781ba3aa9b4,MARKET,2589,Vitamin B Complex + Zinc,,AMBIGUOUS,AMBIGUOUS_COMBINATION_STRENGTH
SRCM-ff7fcfc736939e2daaf0bfde,MARKET,2592,Iron + Folic acid + Vitamin B complex + Vitamin C,,AMBIGUOUS,AMBIGUOUS_COMBINATION_STRENGTH
SRCM-181cc78a04e239c8848a7aa2,MARKET,2594,Multivitamin & Multimineral [A-Z teen girls preparation],,AMBIGUOUS,AMBIGUOUS_INGREDIENT_SEPARATOR
SRCM-e1de7f9802ff336ee27dda36,MARKET,2595,Multivitamin & Multimineral [A-Z teen boys preparation],,AMBIGUOUS,AMBIGUOUS_INGREDIENT_SEPARATOR
SRCM-a8a4612c81d5a3e220d64122,MARKET,2599,Probiotic Combination [14 strains],,FAILED,MISSING_STRENGTH
SRCM-f781af05f006678b1c49c931,MARKET,2633,Multivitamin & Multimineral [A-Z gold preparation],,AMBIGUOUS,AMBIGUOUS_INGREDIENT_SEPARATOR
SRCM-6d4b6ff58771141368e65010,MARKET,2666,Multivitamin & Multimineral,,AMBIGUOUS,AMBIGUOUS_INGREDIENT_SEPARATOR
SRCM-ad7391979d961305137b01c0,MARKET,2667,"Vitamin C, Vitamin E, Lutein, Copper & Zinc",,AMBIGUOUS,AMBIGUOUS_INGREDIENT_SEPARATOR
SRCM-e162f21e46d14f499ce775c7,MARKET,2668,Multivitamin & Multimineral [A-Z silver preparation],,AMBIGUOUS,AMBIGUOUS_INGREDIENT_SEPARATOR
SRCM-71b5e9e8b4ab120daf7aafae,MARKET,2669,Multivitamins & Multiminerals [A-Z prenatal preparation],,AMBIGUOUS,AMBIGUOUS_INGREDIENT_SEPARATOR
SRCM-e45c439d6a391e8f3ea4ee77,MARKET,2670,Iron Polymaltose Complex + Vitamin B Complex + Zinc,,AMBIGUOUS,AMBIGUOUS_COMBINATION_STRENGTH
SRCM-53c62a32631fc5d4a2684f6a,MARKET,2671,Multivitamin & Multimineral [A-Z gold preparation],,AMBIGUOUS,AMBIGUOUS_INGREDIENT_SEPARATOR
SRCM-f66903da242dd73874b9821a,MARKET,2672,Multivitamin [Pediatric preparation],,FAILED,MISSING_STRENGTH
SRCM-76845e4cc00baddf8fac4e00,MARKET,2673,Vitamin B complex,,FAILED,MISSING_STRENGTH
SRCM-17f65dd945a31112365bac24,MARKET,2674,Vitamin B complex,,FAILED,MISSING_STRENGTH
SRCM-b7e3a04ca4aded5484c119cf,MARKET,2686,"Vitamin B1, B6 & B12",100 mg+200 mg+200 mcg,AMBIGUOUS,AMBIGUOUS_INGREDIENT_SEPARATOR
SRCM-a2e9ac74c389aa2164f50a27,MARKET,2687,"Vitamin B1, B6 & B12",(100 mg+100 mg+1 mg)/3 ml,AMBIGUOUS,AMBIGUOUS_INGREDIENT_SEPARATOR
SRCM-e0b6a58c7eb6b4731f8fb0db,MARKET,2715,Iron Polymaltose Complex + Vitamin B Complex + Zinc,,AMBIGUOUS,AMBIGUOUS_COMBINATION_STRENGTH
SRCM-478b0e0ebd44d7a96fd4b5c8,MARKET,2716,Vitamin B Complex + Zinc,,AMBIGUOUS,AMBIGUOUS_COMBINATION_STRENGTH
SRCM-5ad187a3e6026d35524bd362,MARKET,2751,Ibandronic Acid & Calcium Orotate,150 mg+400 mg,AMBIGUOUS,AMBIGUOUS_INGREDIENT_SEPARATOR
SRCM-134eb578c4787baafff3f832,MARKET,2779,Iron Polymaltose Complex + Vitamin B Complex + Zinc,,AMBIGUOUS,AMBIGUOUS_COMBINATION_STRENGTH
SRCM-9cf92d767cd0a6a31b63cb51,MARKET,2791,"Vitamin B1, B6 & B12",100 mg+200 mg+200 mcg,AMBIGUOUS,AMBIGUOUS_INGREDIENT_SEPARATOR
SRCM-e1fa4aa981a597edd8271075,MARKET,2792,"Vitamin B1, B6 & B12",(100 mg+100 mg+1 mg)/3 ml,AMBIGUOUS,AMBIGUOUS_INGREDIENT_SEPARATOR
SRCM-946bbc55ca3797f2c482e286,MARKET,2797,Calcium Carbonate + Vitamin D3 + Multimineral,,AMBIGUOUS,AMBIGUOUS_COMBINATION_STRENGTH
SRCM-8552d8388935104f5be1f5b1,MARKET,2800,Calcium Carbonate + Vitamin D3 + Multimineral,,AMBIGUOUS,AMBIGUOUS_COMBINATION_STRENGTH
SRCM-c46b3941e5b7a9a4c25e095a,MARKET,2804,Calcium Carbonate + Vitamin D3 + Multimineral,,AMBIGUOUS,AMBIGUOUS_COMBINATION_STRENGTH
SRCM-a9adb66a3e1ede78f3cb80c7,MARKET,2831,Multivitamin & Multimineral,,AMBIGUOUS,AMBIGUOUS_INGREDIENT_SEPARATOR
SRCM-abe2b9e731a6c2a91373a421,MARKET,2832,Vitamin B complex,,FAILED,MISSING_STRENGTH
SRCM-2135600c57e0e323a215fe7c,MARKET,2840,Calcium Carbonate + Vitamin D3 + Multimineral,,AMBIGUOUS,AMBIGUOUS_COMBINATION_STRENGTH
SRCM-c6d98e35d2cf7d762016345d,MARKET,2845,Multivitamin & Multimineral [A-Z gold preparation],,AMBIGUOUS,AMBIGUOUS_INGREDIENT_SEPARATOR
SRCM-c2b5cb2f0676fdd4c60b7f05,MARKET,2951,Balanced Salt Solution,,FAILED,MISSING_STRENGTH
SRCM-fa10aee2443a99843e29a82d,MARKET,3041,Vitamin B Complex + Zinc,,AMBIGUOUS,AMBIGUOUS_COMBINATION_STRENGTH
SRCM-8e34d3c6077f8aa8418e19ec,MARKET,3051,Vitamin B Complex + Zinc,,AMBIGUOUS,AMBIGUOUS_COMBINATION_STRENGTH
SRCM-636748f73b728b2b63d3666d,MARKET,3052,Vitamin B Complex + Zinc,,AMBIGUOUS,AMBIGUOUS_COMBINATION_STRENGTH
SRCM-cd6a4708f84113dbd258c36a,MARKET,3074,Calcium Carbonate + Vitamin D3 + Multimineral,,AMBIGUOUS,AMBIGUOUS_COMBINATION_STRENGTH
SRCM-0cfa49a70816e1a6b2a15d78,MARKET,3096,Calcium Carbonate + Vitamin D3 + Multimineral,,AMBIGUOUS,AMBIGUOUS_COMBINATION_STRENGTH
SRCM-b8d1a5212c4be7a7db834cfa,MARKET,3097,Calcium + Vitamin D3 + Vitamin C + Vitamin E + Multimineral,,AMBIGUOUS,AMBIGUOUS_COMBINATION_STRENGTH
SRCM-5c8b3fd82822b43668c3c9cd,MARKET,3098,Calcium Carbonate + Vitamin D3 + Multimineral,,AMBIGUOUS,AMBIGUOUS_COMBINATION_STRENGTH
SRCM-5009c6418bdd1795ffd4bb0e,MARKET,3118,Calcium Carbonate + Vitamin D3 + Multimineral,,AMBIGUOUS,AMBIGUOUS_COMBINATION_STRENGTH
SRCM-a4d1bf2774bf1f0a7e1bcab8,MARKET,3129,Ibandronic Acid & Calcium Orotate,150 mg & 400 mg,AMBIGUOUS,AMBIGUOUS_INGREDIENT_SEPARATOR
SRCM-803c9705203ebf08f25cb0d5,MARKET,3132,Calcium Carbonate + Vitamin D3 + Multimineral,,AMBIGUOUS,AMBIGUOUS_COMBINATION_STRENGTH
SRCM-e2a959b18a5720851e741a3b,MARKET,3184,Calcium Carbonate + Vitamin D3 + Multimineral,,AMBIGUOUS,AMBIGUOUS_COMBINATION_STRENGTH
SRCM-0db20ff5bda7beaf02746e44,MARKET,3196,Ibandronic Acid & Calcium Orotate,150 mg & 400 mg,AMBIGUOUS,AMBIGUOUS_INGREDIENT_SEPARATOR
SRCM-af809cb9a03f83743b8312d8,MARKET,3209,Calcium Carbonate + Vitamin D3 + Multimineral,,AMBIGUOUS,AMBIGUOUS_COMBINATION_STRENGTH
SRCM-0ea9a866f0aa51618ad8086f,MARKET,3213,Calcium Carbonate + Vitamin D3 + Multimineral,,AMBIGUOUS,AMBIGUOUS_COMBINATION_STRENGTH
SRCM-68c2eed6dc112688ca416efd,MARKET,3228,Calcium Carbonate + Vitamin D3 + Multimineral,,AMBIGUOUS,AMBIGUOUS_COMBINATION_STRENGTH
SRCM-994909f5f80bc268ca0d8f54,MARKET,3244,Acacia + Dates + Asparagus + Edible Pine,,AMBIGUOUS,AMBIGUOUS_COMBINATION_STRENGTH
SRCM-884f2f2a931501f3a52a8c66,MARKET,3319,Carbonyl Iron + Folic Acid + Zinc Sulfate + Vitamin B Complex + Vitamin C,,AMBIGUOUS,AMBIGUOUS_COMBINATION_STRENGTH
SRCM-14f588fd22befd4201b1294d,MARKET,3323,Calcium Carbonate + Vitamin D3 + Multimineral,,AMBIGUOUS,AMBIGUOUS_COMBINATION_STRENGTH
SRCM-a73e7e7d542674d95b37d72f,MARKET,3328,Iron + Folic Acid + Vitamin B Complex + Vitamine C + Zinc Sulfate,,AMBIGUOUS,AMBIGUOUS_COMBINATION_STRENGTH
SRCM-9737fb5570314e241cac182e,MARKET,3355,Enoxaparin Sodium,6000 Anti-Xa IU/0.6 ml,FAILED,UNSUPPORTED_STRENGTH_PATTERN
SRCM-7761b478194a0d782804e76f,MARKET,3356,Enoxaparin Sodium,4000 Anti-Xa IU/0.4 ml,FAILED,UNSUPPORTED_STRENGTH_PATTERN
SRCM-8463bdf2de0f60b2b9ad1c40,MARKET,3357,Enoxaparin Sodium,8000 Anti-Xa IU/0.8 ml,FAILED,UNSUPPORTED_STRENGTH_PATTERN
SRCM-e2072d2509477fa6e8cc433b,MARKET,3461,Hartmann's Solution,,FAILED,MISSING_STRENGTH
SRCM-dea611929b8f429808e5f4f3,MARKET,3466,Sodium Succinate + Cytochrome C + Adenosine + Nicotinamide,,AMBIGUOUS,AMBIGUOUS_COMBINATION_STRENGTH
SRCM-9c6a450aae121ee698c56439,MARKET,3469,Sodium Succinate + Cytochrome C + Adenosine + Nicotinamide,,AMBIGUOUS,AMBIGUOUS_COMBINATION_STRENGTH
SRCM-4723cfa0609c8fa85923c73a,MARKET,3474,Sodium Succinate + Cytochrome C + Adenosine + Nicotinamide,,AMBIGUOUS,AMBIGUOUS_COMBINATION_STRENGTH
SRCM-a75c529594ed1a9a90683173,MARKET,3883,Multivitamin & Multimineral [A-Z silver preparation],,AMBIGUOUS,AMBIGUOUS_INGREDIENT_SEPARATOR
SRCM-1ca2e329df8ed40542bc662e,MARKET,3884,Multivitamin & Multimineral [A-Z gold preparation],,AMBIGUOUS,AMBIGUOUS_INGREDIENT_SEPARATOR
SRCM-e9007bc2afb3471f8c3b8753,MARKET,3885,Multivitamin & Multimineral [A-Z gold preparation],,AMBIGUOUS,AMBIGUOUS_INGREDIENT_SEPARATOR
SRCM-ab6f3e3f8d500e4c0c28f094,MARKET,3928,Human Papillomavirus Bivalent (Types 16 & 18),0.5 ml/dose,AMBIGUOUS,AMBIGUOUS_INGREDIENT_SEPARATOR
SRCM-1f4d9e8a480506cddf52c3be,MARKET,3930,Multivitamin & Multimineral [A-Z gold preparation],,AMBIGUOUS,AMBIGUOUS_INGREDIENT_SEPARATOR
SRCM-ab377a3b0c967ad15b19bc80,MARKET,4017,Cholera Saline,,FAILED,MISSING_STRENGTH
SRCM-6043f6c828c9467753117f23,MARKET,4075,Cholera Saline,,FAILED,MISSING_STRENGTH
SRCM-3726e5ff75ec2587791bbe86,MARKET,4076,Cholera Saline,,FAILED,MISSING_STRENGTH
SRCM-3cd045d55905d2da5eed82bb,MARKET,4279,Carbonyl Iron + Folic Acid + Zinc Sulfate + Vitamin B Complex + Vitamin C,,AMBIGUOUS,AMBIGUOUS_COMBINATION_STRENGTH
SRCM-4aa038a6d3d419c2e64c5e32,MARKET,4332,Enoxaparin Sodium,6000 Anti-Xa IU/0.6 ml,FAILED,UNSUPPORTED_STRENGTH_PATTERN
SRCM-69eb91a90960adf7a7aafc24,MARKET,4333,Enoxaparin Sodium,4000 Anti-Xa IU/0.4 ml,FAILED,UNSUPPORTED_STRENGTH_PATTERN
SRCM-e0fe701985b3be038fd8fa3b,MARKET,4364,Enoxaparin Sodium,2000 Anti-Xa IU/0.2 ml,FAILED,UNSUPPORTED_STRENGTH_PATTERN
SRCM-72af2467788e8f4e05119525,MARKET,4365,Enoxaparin Sodium,8000 Anti-Xa IU/0.8 ml,FAILED,UNSUPPORTED_STRENGTH_PATTERN
SRCM-47f35aea52df71c1f11db82b,MARKET,4366,Enoxaparin Sodium,6000 Anti-Xa IU/0.6 ml,FAILED,UNSUPPORTED_STRENGTH_PATTERN
SRCM-e3a064e5915ce07ceb4d2e40,MARKET,4367,Enoxaparin Sodium,4000 Anti-Xa IU/0.4 ml,FAILED,UNSUPPORTED_STRENGTH_PATTERN
SRCM-50a1e27578083b794c008a0a,MARKET,4368,Enoxaparin Sodium,2000 Anti-Xa IU/0.2 ml,FAILED,UNSUPPORTED_STRENGTH_PATTERN
SRCM-419d3a8ec5095f12f64cd524,MARKET,4369,Enoxaparin Sodium,4000 Anti-Xa IU/0.4 ml,FAILED,UNSUPPORTED_STRENGTH_PATTERN
SRCM-a901f6248f6263f0eac9d0f3,MARKET,4370,Enoxaparin Sodium,6000 Anti-Xa IU/0.6 ml,FAILED,UNSUPPORTED_STRENGTH_PATTERN
SRCM-4633d7f497c395a27ecdd3e5,MARKET,4371,Enoxaparin Sodium,8000 Anti-Xa IU/0.8 ml,FAILED,UNSUPPORTED_STRENGTH_PATTERN
SRCM-97933e713ecbcdb92044abeb,MARKET,4382,Eucalyptol + Menthol + Methyl Salicylate + Thymol + Sodium Fluoride,,AMBIGUOUS,AMBIGUOUS_COMBINATION_STRENGTH
SRCM-66e3d758a6716848948b40f2,MARKET,4383,Menthol + Thymol + Eucalyptol  + Methyl Salicylate,,AMBIGUOUS,AMBIGUOUS_COMBINATION_STRENGTH
SRCM-c6b12a1b26c9319771a7fbe7,MARKET,4384,Menthol + Thymol + Eucalyptol  + Methyl Salicylate,,AMBIGUOUS,AMBIGUOUS_COMBINATION_STRENGTH
SRCM-0b97ceac255eb78615f85d81,MARKET,4440,Amino Acid + D-Sorbitol + Electrolytes,5%,AMBIGUOUS,INGREDIENT_STRENGTH_COUNT_MISMATCH
SRCM-703e3ff6de896f600c969671,MARKET,4441,Amino Acid + D-Sorbitol + Electrolytes,5%,AMBIGUOUS,INGREDIENT_STRENGTH_COUNT_MISMATCH
SRCM-c587881ed1768a24c00e04c3,MARKET,4442,Amino Acid + Glucose + Electrolytes,7%+10%,AMBIGUOUS,INGREDIENT_STRENGTH_COUNT_MISMATCH
SRCM-fe646ef04b2397a91568cbbf,MARKET,4478,Biphasic Insulin Aspart [rDNA],30%+70%,AMBIGUOUS,INGREDIENT_STRENGTH_COUNT_MISMATCH
SRCM-048fcc44e36a8f8093f9a7ef,MARKET,4509,Biphasic Insulin Aspart [rDNA],30%+70%,AMBIGUOUS,INGREDIENT_STRENGTH_COUNT_MISMATCH
SRCM-29eb48bf7281ef10595ca24d,MARKET,4564,Enoxaparin Sodium,8000 Anti-Xa IU/0.8 ml,FAILED,UNSUPPORTED_STRENGTH_PATTERN
SRCM-e1a649237f8cde5189b2c27d,MARKET,4565,Enoxaparin Sodium,4000 Anti-Xa IU/0.4 ml,FAILED,UNSUPPORTED_STRENGTH_PATTERN
SRCM-b268824c386f9e5a77689b4f,MARKET,4566,Enoxaparin Sodium,6000 Anti-Xa IU/0.6 ml,FAILED,UNSUPPORTED_STRENGTH_PATTERN
SRCM-e6533f860b0179a73f69a648,MARKET,4582,Multivitamin & Cod Liver Oil,,AMBIGUOUS,AMBIGUOUS_INGREDIENT_SEPARATOR
SRCM-2974efa904da3facdea6d4fe,MARKET,4610,Multivitamin & Cod Liver Oil,,AMBIGUOUS,AMBIGUOUS_INGREDIENT_SEPARATOR
SRCM-7d01236e58c1a5d422aac7c5,MARKET,4611,Cod Liver Oil,600 IU+85 IU+0.3 IU,AMBIGUOUS,INGREDIENT_STRENGTH_COUNT_MISMATCH
SRCM-01a1b37ddeb6c19fc31fbd70,MARKET,4612,Multivitamin & Cod Liver Oil,,AMBIGUOUS,AMBIGUOUS_INGREDIENT_SEPARATOR
SRCM-8a0cf54f44a38f4e56e88845,MARKET,4613,Multivitamin & Multimineral,,AMBIGUOUS,AMBIGUOUS_INGREDIENT_SEPARATOR
SRCM-e7af826ffcd5c0b859c9b217,MARKET,4614,Multivitamin & Cod Liver Oil,,AMBIGUOUS,AMBIGUOUS_INGREDIENT_SEPARATOR
SRCM-b4b9a62337192bd825160175,MARKET,4615,Cod Liver Oil,600 IU+85 IU+0.3 IU,AMBIGUOUS,INGREDIENT_STRENGTH_COUNT_MISMATCH
SRCM-a2eb19ad18c4b704519f19f3,MARKET,4619,Cod Liver Oil,600 IU+85 IU+0.3 IU,AMBIGUOUS,INGREDIENT_STRENGTH_COUNT_MISMATCH
SRCM-02444a0f35867b33fde6fd22,MARKET,4620,Multivitamin & Cod Liver Oil,,AMBIGUOUS,AMBIGUOUS_INGREDIENT_SEPARATOR
SRCM-db2ab88099450f86bd77a5fd,MARKET,4621,Cod Liver Oil,600 IU+85 IU+0.3 IU,AMBIGUOUS,INGREDIENT_STRENGTH_COUNT_MISMATCH
SRCM-0d62f2e92e0a0a0c0531af79,MARKET,4622,Cod Liver Oil,600 IU+85 IU+0.3 IU,AMBIGUOUS,INGREDIENT_STRENGTH_COUNT_MISMATCH
SRCM-7b8d6f75e0dc50f55a2bbed2,MARKET,4679,"Vitamin B1, B6 & B12",100 mg+200 mg+200 mcg,AMBIGUOUS,AMBIGUOUS_INGREDIENT_SEPARATOR
SRCM-6eed87846395e21673347865,MARKET,4683,Vitamin B complex,,FAILED,MISSING_STRENGTH
SRCM-bfd09209dfa1ecc1cb62ff56,MARKET,4688,Procaine Penicillin + Benzyl Penicillin,(3 lac unit+1 lac unit)/vial,FAILED,UNSUPPORTED_STRENGTH_PATTERN
SRCM-e1f9cab8085e5c179f84c2d5,MARKET,4719,Vitamin B complex,,FAILED,MISSING_STRENGTH
SRCM-839a6320f53237d98cd9f1ca,MARKET,4723,Vitamin B complex,,FAILED,MISSING_STRENGTH
SRCM-470e9dd677bcf4ae7acc2162,MARKET,4739,Vitamin B Complex + Zinc,,AMBIGUOUS,AMBIGUOUS_COMBINATION_STRENGTH
SRCM-3d15133c808960b5a2abb893,MARKET,4740,Vitamin B complex,,FAILED,MISSING_STRENGTH
SRCM-908ff4c0263c18c51b78d6e1,MARKET,4781,Calcium Lactate Gluconate + Coral Calcium + Vitamin C + Vitamin D3,1000+327 mg+500 mg+400 I.U.,FAILED,UNSUPPORTED_STRENGTH_PATTERN
SRCM-aca366b6aecca1fce639f4cc,MARKET,4818,Calcium Carbonate + Vitamin D3 + Multimineral,,AMBIGUOUS,AMBIGUOUS_COMBINATION_STRENGTH
SRCM-45e0ab8b9370098c6087aee5,MARKET,4849,Calcium Carbonate + Vitamin D3 + Multimineral,,AMBIGUOUS,AMBIGUOUS_COMBINATION_STRENGTH
SRCM-eaabe08d8212f50e9951d971,MARKET,4865,Iron + Folic acid + Vitamin B complex + Vitamin C,,AMBIGUOUS,AMBIGUOUS_COMBINATION_STRENGTH
SRCM-ed9c58469aa92702ebbeea97,MARKET,4867,"Vitamin B1, B6 & B12",100 mg+200 mg+200 mcg,AMBIGUOUS,AMBIGUOUS_INGREDIENT_SEPARATOR
SRCM-e59a94e65ae9cbe064933715,MARKET,4898,Multivitamin [Adult preparation],,FAILED,MISSING_STRENGTH
SRCM-c005cb55e5ad6079f1b4c5fb,MARKET,4899,COVID Vaccine,,FAILED,MISSING_STRENGTH
SRCM-add4ed20e7599c77a08f9dd6,MARKET,4952,Vincristine Sulfate,2 mg/vail,FAILED,UNSUPPORTED_STRENGTH_PATTERN
SRCM-7a28572d256693c21fbc8cb7,MARKET,4953,Vincristine Sulfate,1 mg/vail,FAILED,UNSUPPORTED_STRENGTH_PATTERN
SRCM-1e14299d55c97e06e0db06b7,MARKET,4970,Vitamin B complex,,FAILED,MISSING_STRENGTH
SRCM-51677b1f8476787d3fa22adf,MARKET,4981,"Vitamin B1, B6 & B12",100 mg+200 mg+200 mcg,AMBIGUOUS,AMBIGUOUS_INGREDIENT_SEPARATOR
SRCM-01993ea254b3f3699bbaef2d,MARKET,5006,Multivitamin & Multimineral,,AMBIGUOUS,AMBIGUOUS_INGREDIENT_SEPARATOR
SRCM-68f4283e2290a395aaea079e,MARKET,5007,Vitamin B complex,,FAILED,MISSING_STRENGTH
SRCM-f147e353ca9ff3c5f9a7f974,MARKET,5008,Vitamin B complex,,FAILED,MISSING_STRENGTH
SRCM-a681f557bfdee897c5b243d6,MARKET,5049,Calcium Carbonate + Vitamin D3 + Multimineral,,AMBIGUOUS,AMBIGUOUS_COMBINATION_STRENGTH
SRCM-2410808fa18f182ce62e738d,MARKET,5066,Emblic Myrobalan + Aswagandha + Grape,,AMBIGUOUS,AMBIGUOUS_COMBINATION_STRENGTH
SRCM-72553367d24b37b1a7b983ff,MARKET,5096,Oral Rehydration Salt [Flavored],,FAILED,MISSING_STRENGTH
SRCM-5ceb851978dc22e12993f167,MARKET,5155,Diphtheria + Pertussis + Tetanus [DPT],0.5 ml,AMBIGUOUS,INGREDIENT_STRENGTH_COUNT_MISMATCH
SRCM-5c01ef9b4f0b0761240bb48c,MARKET,5156,"Vitamin B1, B6 & B12",100 mg+200 mg+200 mcg,AMBIGUOUS,AMBIGUOUS_INGREDIENT_SEPARATOR
SRCM-8ab21573a03aa38cdd179c30,MARKET,5281,"Vitamin B1, B6 & B12",100 mg+200 mg+200 mcg,AMBIGUOUS,AMBIGUOUS_INGREDIENT_SEPARATOR
SRCM-427cb1c319f27cf4d63b9c3d,MARKET,5419,Vitamin B complex,,FAILED,MISSING_STRENGTH
SRCM-401e9e4e61540ef7980fcd6c,MARKET,5420,Vitamin B complex,,FAILED,MISSING_STRENGTH
SRCM-64f8ab1588c3add8a5cdac7a,MARKET,5438,Super antioxidant [vitamins & minerals],,AMBIGUOUS,AMBIGUOUS_INGREDIENT_SEPARATOR
SRCM-af7f767c34dec599dde32b41,MARKET,5679,Dextrose & Hartmann's Solution,,AMBIGUOUS,AMBIGUOUS_INGREDIENT_SEPARATOR
SRCM-6d1df3026d9a3ef9c5c8c204,MARKET,5734,Cholera Saline,,FAILED,MISSING_STRENGTH
SRCM-c41148a31104a3f792cdb41e,MARKET,5738,Benzathine Penicillin,12 lac units/vial,FAILED,UNSUPPORTED_STRENGTH_PATTERN
SRCM-2ea3259ddf4e483171844f41,MARKET,5743,Bicarbonate Component [HCO3 Hemodialysis Solution],,FAILED,MISSING_STRENGTH
SRCM-8158899910bef12d75e2b76a,MARKET,5744,Acetate Formulation [Hemodialysis Solution],,FAILED,MISSING_STRENGTH
SRCM-694200dd121b20486b7e1e51,MARKET,5745,Acidic component [HCO3 Hemodialysis Solution],,FAILED,MISSING_STRENGTH
SRCM-e90d290eeff4d5dc04d112f5,MARKET,5762,Insulin Human [rDNA] + Isophane Insulin Human,30%+70% in 100 IU/ml,AMBIGUOUS,AMBIGUOUS_SHARED_DENOMINATOR
SRCM-51a98ed28af1a2d31050ff61,MARKET,5763,Insulin Human [rDNA] + Isophane Insulin Human,50%+50% in 100 IU/ml,AMBIGUOUS,AMBIGUOUS_SHARED_DENOMINATOR
SRCM-e89b09ece7856a0bda3ddf73,MARKET,5764,Insulin Human [rDNA] + Isophane Insulin Human,30%+70% in 100 IU/ml,AMBIGUOUS,AMBIGUOUS_SHARED_DENOMINATOR
SRCM-b8515996458562807488bb99,MARKET,5765,Insulin Human [rDNA] + Isophane Insulin Human,30%+70% in 40 IU/ml,AMBIGUOUS,AMBIGUOUS_SHARED_DENOMINATOR
SRCM-804add153a86d651457fca4f,MARKET,5766,Insulin Human [rDNA] + Isophane Insulin Human,50%+50% in 40 IU/ml,AMBIGUOUS,AMBIGUOUS_SHARED_DENOMINATOR
SRCM-ed35cc91de602f6e92d53678,MARKET,5769,Cholera Saline,,FAILED,MISSING_STRENGTH
SRCM-087e75c99cf33cb90adf7f9a,MARKET,5972,Multivitamin & Multimineral [A-Z gold preparation],,AMBIGUOUS,AMBIGUOUS_INGREDIENT_SEPARATOR
SRCM-242c941708e7d1f02c84ae59,MARKET,6133,Multivitamin & Cod Liver Oil,,AMBIGUOUS,AMBIGUOUS_INGREDIENT_SEPARATOR
SRCM-63bb5b6c114f022f63af8a98,MARKET,6215,Diphtheria + Pertussis + Tetanus [DPT],0.5 ml,AMBIGUOUS,INGREDIENT_STRENGTH_COUNT_MISMATCH
SRCM-8a7294b98813134e018429ae,MARKET,6318,Fentanyl Citrate,25 mcg/hour,FAILED,UNSUPPORTED_STRENGTH_PATTERN
SRCM-b5e2732f2ada6eefeaa5d0a2,MARKET,6319,Fentanyl Citrate,50 mcg/hour,FAILED,UNSUPPORTED_STRENGTH_PATTERN
SRCM-b7285dc557e0d06fc998e5bb,MARKET,6347,Multivitamin & Cod Liver Oil,,AMBIGUOUS,AMBIGUOUS_INGREDIENT_SEPARATOR
SRCM-f0ea165c55bec86cd8865e12,MARKET,6375,Oral Rehydration Salt [Rice Based],,FAILED,MISSING_STRENGTH
SRCM-166023a3be41cfb28803aa5d,MARKET,6410,"Vitamin B1, B6 & B12",100 mg+200 mg+200 mcg,AMBIGUOUS,AMBIGUOUS_INGREDIENT_SEPARATOR
SRCM-f06fef35ba427d18ae9b7d85,MARKET,6435,"Vitamin C, Vitamin E, Lutein, Copper & Zinc",,AMBIGUOUS,AMBIGUOUS_INGREDIENT_SEPARATOR
SRCM-d902dcf3ab516cbcd947c6ff,MARKET,6494,Multivitamin & Multimineral,,AMBIGUOUS,AMBIGUOUS_INGREDIENT_SEPARATOR
SRCM-86860732999599f62c861a7d,MARKET,6495,Multivitamin [Pediatric preparation],,FAILED,MISSING_STRENGTH
SRCM-7fc2d849bbc8817adeeea61f,MARKET,6497,"Vitamin B1, B6 & B12",100 mg+200 mg+200 mcg,AMBIGUOUS,AMBIGUOUS_INGREDIENT_SEPARATOR
SRCM-7a9795af499c07df52cabebf,MARKET,6498,"Vitamin B1, B6 & B12",(100 mg+100 mg+1 mg)/3 ml,AMBIGUOUS,AMBIGUOUS_INGREDIENT_SEPARATOR
SRCM-716416d8a57f7f072ba306c5,MARKET,6516,Iron Polymaltose Complex + Vitamin B Complex + Zinc,,AMBIGUOUS,AMBIGUOUS_COMBINATION_STRENGTH
SRCM-bd3c12d87c7bf7af30a952cf,MARKET,6517,Vitamin B complex,,FAILED,MISSING_STRENGTH
SRCM-dbe8468c96efc81213cafcc5,MARKET,6518,Vitamin B complex,,FAILED,MISSING_STRENGTH
SRCM-6be1f3083705db996d23226b,MARKET,6559,Hartmann's Solution,,FAILED,MISSING_STRENGTH
SRCM-5bb38fc54cd466146d8066e9,MARKET,6805,Vitamin B complex,,FAILED,MISSING_STRENGTH
SRCM-23412c0d532dd424390961da,MARKET,6806,Enoxaparin Sodium,6000 Anti-Xa IU/0.6 ml,FAILED,UNSUPPORTED_STRENGTH_PATTERN
SRCM-730005f98f7bcc6c965d0aeb,MARKET,6807,Enoxaparin Sodium,8000 Anti-Xa IU/0.8 ml,FAILED,UNSUPPORTED_STRENGTH_PATTERN
SRCM-d92068f265cb12a5d56eed19,MARKET,6808,Enoxaparin Sodium,4000 Anti-Xa IU/0.4 ml,FAILED,UNSUPPORTED_STRENGTH_PATTERN
SRCM-c4d137c9f7736237e1286fd4,MARKET,6809,Enoxaparin Sodium,4000 Anti-Xa IU/0.4 ml,FAILED,UNSUPPORTED_STRENGTH_PATTERN
SRCM-e7b9b9a05c71576ccfd7e6e9,MARKET,6810,Enoxaparin Sodium,6000 Anti-Xa IU/0.6 ml,FAILED,UNSUPPORTED_STRENGTH_PATTERN
SRCM-8c6b862ba7a6dc34ffe96a24,MARKET,6811,Enoxaparin Sodium,8000 Anti-Xa IU/0.8 ml,FAILED,UNSUPPORTED_STRENGTH_PATTERN
SRCM-6d8839a5c49552193366d7a1,MARKET,6812,Enoxaparin Sodium,6000 Anti-Xa IU/0.6 ml,FAILED,UNSUPPORTED_STRENGTH_PATTERN
SRCM-c0183d101d8e8981afdb1010,MARKET,6813,Enoxaparin Sodium,4000 Anti-Xa IU/0.4 ml,FAILED,UNSUPPORTED_STRENGTH_PATTERN
SRCM-840a991965c8c1f8d0df8303,MARKET,6834,Enoxaparin Sodium,6000 Anti-Xa IU/0.6 ml,FAILED,UNSUPPORTED_STRENGTH_PATTERN
SRCM-c18ffc48b51dee0aef13542e,MARKET,6841,Multivitamin & Multimineral,,AMBIGUOUS,AMBIGUOUS_INGREDIENT_SEPARATOR
SRCM-f1f77e9e9f3d773128b6447d,MARKET,6859,"Protein, Fat, Carbohydrate, Vitamin & Mineral",,AMBIGUOUS,AMBIGUOUS_INGREDIENT_SEPARATOR
SRCM-3c5fb25f96da14f5c6bce1d0,MARKET,6860,"Protein, Fat, Carbohydrate, Vitamin & Mineral",,AMBIGUOUS,AMBIGUOUS_INGREDIENT_SEPARATOR
SRCM-b8fa36bd0dc7fde4a3faea1c,MARKET,6861,"Protein, Fat, Carbohydrate, Vitamin & Mineral",,AMBIGUOUS,AMBIGUOUS_INGREDIENT_SEPARATOR
SRCM-ea6e69aa574e90dbd1d27764,MARKET,6913,Carbonyl Iron + Folic Acid + Zinc Sulfate + Vitamin B Complex + Vitamin C,,AMBIGUOUS,AMBIGUOUS_COMBINATION_STRENGTH
SRCM-55e458b001c12aa383797484,MARKET,6914,Iron + Folic acid + Vitamin B complex + Vitamin C,,AMBIGUOUS,AMBIGUOUS_COMBINATION_STRENGTH
SRCM-fb287d2247f903510b65efd4,MARKET,6936,Streptokinase,1.5 million unit,FAILED,UNSUPPORTED_STRENGTH_PATTERN
SRCM-2b16d83c967a69fb4b317ef2,MARKET,7077,Amino Acid + D-Sorbitol + Electrolytes,5%,AMBIGUOUS,INGREDIENT_STRENGTH_COUNT_MISMATCH
SRCM-52e841031d7d9a3cbe52e24a,MARKET,7204,Sharbat Musaffi,,FAILED,MISSING_STRENGTH
SRCM-114ea9bfb04cb80978d0fa5a,MARKET,7221,Levomenthol + Thymol + Terpineol + Chlorobutanol,,AMBIGUOUS,AMBIGUOUS_COMBINATION_STRENGTH
SRCM-31c4b8d64160105dd68c4303,MARKET,7254,Multivitamin & Multimineral,,AMBIGUOUS,AMBIGUOUS_INGREDIENT_SEPARATOR
SRCM-d062ba80930dc8343a8442b0,MARKET,7255,Vitamin B complex,,FAILED,MISSING_STRENGTH
SRCM-3e6a03e8004cba14734d8ea5,MARKET,7256,Iron Polymaltose Complex + Vitamin B Complex + Zinc,,AMBIGUOUS,AMBIGUOUS_COMBINATION_STRENGTH
SRCM-5111a52cfac6e1e074a796d2,MARKET,7257,Vitamin B Complex + Zinc,,AMBIGUOUS,AMBIGUOUS_COMBINATION_STRENGTH
SRCM-5df365e19572941572a6bc1a,MARKET,7258,Vitamin B Complex + Zinc,,AMBIGUOUS,AMBIGUOUS_COMBINATION_STRENGTH
SRCM-768e2eecc714914150824020,MARKET,7259,Vitamin B complex,,FAILED,MISSING_STRENGTH
SRCM-dcf34550e45cfb06fb06d8c2,MARKET,7264,"Vitamin B1, B6 & B12",100 mg+200 mg+200 mcg,AMBIGUOUS,AMBIGUOUS_INGREDIENT_SEPARATOR
SRCM-0bfc49eb705ad36f24fd98a1,MARKET,7265,"Vitamin B1, B6 & B12",(100 mg+100 mg+1 mg)/3 ml,AMBIGUOUS,AMBIGUOUS_INGREDIENT_SEPARATOR
SRCM-ed6af918b3757ae724d65952,MARKET,7330,Vitamin B Complex + Zinc,,AMBIGUOUS,AMBIGUOUS_COMBINATION_STRENGTH
SRCM-173db51f4cc58bef97dd8432,MARKET,7331,Vitamin B complex,,FAILED,MISSING_STRENGTH
SRCM-63d65dd322d6629d0837e76b,MARKET,7377,Super antioxidant [vitamins & minerals],,AMBIGUOUS,AMBIGUOUS_INGREDIENT_SEPARATOR
SRCM-83bcc66311593394ea586445,MARKET,7378,Vitamin B complex,,FAILED,MISSING_STRENGTH
SRCM-6074e92b33ed7fa7aefed382,MARKET,7379,Vitamin B complex,,FAILED,MISSING_STRENGTH
SRCM-a1c88ce54f6027fac70248f8,MARKET,7390,Multivitamin & Cod Liver Oil,,AMBIGUOUS,AMBIGUOUS_INGREDIENT_SEPARATOR
SRCM-360135f0e482494c1b659193,MARKET,7401,Rivastigmine Tartrate,13.3 mg/24 h (15 cm),FAILED,UNSUPPORTED_STRENGTH_PATTERN
SRCM-f4e79d7f50a90546c72c8748,MARKET,7402,Rivastigmine Tartrate,4.6 mg/24 h (5 cm),FAILED,UNSUPPORTED_STRENGTH_PATTERN
SRCM-1912dfcdfaa6efd35df14f9d,MARKET,7403,Rivastigmine Tartrate,9.5 mg/24 h (10 cm),FAILED,UNSUPPORTED_STRENGTH_PATTERN
SRCM-d4f78138b2702ddff212b65e,MARKET,7485,"Vitamin C, Vitamin E, Lutein, Copper & Zinc",,AMBIGUOUS,AMBIGUOUS_INGREDIENT_SEPARATOR
SRCM-7fc3b7bfb2af17eb62abe367,MARKET,7502,"Vitamin C, Vitamin E, Lutein, Copper & Zinc",,AMBIGUOUS,AMBIGUOUS_INGREDIENT_SEPARATOR
SRCM-8b20275f03b813d0042c72de,MARKET,7511,Iron + Folic Acid + Vitamin B Complex + Vitamine C + Zinc Sulfate,,AMBIGUOUS,AMBIGUOUS_COMBINATION_STRENGTH
SRCM-ff103aad9cdd8123089013c8,MARKET,7512,Multivitamin & Multimineral,,AMBIGUOUS,AMBIGUOUS_INGREDIENT_SEPARATOR
SRCM-e46d163ddbcc523e84d69661,MARKET,7513,Vitamin B complex,,FAILED,MISSING_STRENGTH
SRCM-fbe1518a4813ecb3eb3101b1,MARKET,7594,Carbonyl Iron + Folic Acid + Zinc Sulfate + Vitamin B Complex + Vitamin C,,AMBIGUOUS,AMBIGUOUS_COMBINATION_STRENGTH
SRCM-b7ba277cb9b6e84428063bd8,MARKET,7595,Iron + Folic Acid + Vitamin B Complex + Vitamine C + Zinc Sulfate,,AMBIGUOUS,AMBIGUOUS_COMBINATION_STRENGTH
SRCM-44a46d07017b1b447c338200,MARKET,7654,Iron + Folic acid + Vitamin B complex + Vitamin C,,AMBIGUOUS,AMBIGUOUS_COMBINATION_STRENGTH
SRCM-1674bc7666370a20e7e0e2f2,MARKET,7674,Carbonyl Iron + Folic Acid + Zinc Sulfate + Vitamin B Complex + Vitamin C,,AMBIGUOUS,AMBIGUOUS_COMBINATION_STRENGTH
SRCM-cc163da46d8d4b5756e3c44c,MARKET,7689,Iron + Folic acid + Vitamin B complex + Vitamin C,,AMBIGUOUS,AMBIGUOUS_COMBINATION_STRENGTH
SRCM-0a6dcee160a8b5439cac6d08,MARKET,7697,Iron + Folic acid + Vitamin B complex + Vitamin C,,AMBIGUOUS,AMBIGUOUS_COMBINATION_STRENGTH
SRCM-26eb2f30e605bf877f5c3714,MARKET,7739,Carbonyl Iron + Folic Acid + Zinc Sulfate + Vitamin B Complex + Vitamin C,,AMBIGUOUS,AMBIGUOUS_COMBINATION_STRENGTH
SRCM-4f3d17c5cd6f32c18cfa9591,MARKET,7747,Fentanyl Citrate,25 mcg/hour,FAILED,UNSUPPORTED_STRENGTH_PATTERN
SRCM-4130ef98c438b452c4caccee,MARKET,7788,Carbonyl Iron + Folic Acid + Zinc Sulfate + Vitamin B Complex + Vitamin C,,AMBIGUOUS,AMBIGUOUS_COMBINATION_STRENGTH
SRCM-d1d09746f76952049615639c,MARKET,7792,Iron + Folic Acid + Vitamin B Complex + Vitamine C + Zinc Sulfate,,AMBIGUOUS,AMBIGUOUS_COMBINATION_STRENGTH
SRCM-9f3e6d42a249e1aea237a123,MARKET,7798,Iron + Folic acid + Vitamin B complex + Vitamin C,,AMBIGUOUS,AMBIGUOUS_COMBINATION_STRENGTH
SRCM-83aca6d2462eee20ecb659c0,MARKET,7806,Ferrous Fumarate + Folic acid,100 mg/5 ml,AMBIGUOUS,INGREDIENT_STRENGTH_COUNT_MISMATCH
SRCM-9d3798ecc28bbf1de5d924cc,MARKET,7813,Iron + Folic acid + Vitamin B complex + Vitamin C,,AMBIGUOUS,AMBIGUOUS_COMBINATION_STRENGTH
SRCM-d31e91184544d380209611e9,MARKET,7820,Iron + Folic Acid + Vitamin B Complex + Vitamine C + Zinc Sulfate,,AMBIGUOUS,AMBIGUOUS_COMBINATION_STRENGTH
SRCM-8fb0e6d87ac9b5e97e093a1e,MARKET,7827,Iron Polymaltose Complex + Folic Acid + Zinc + Vitamin B-Complex,,AMBIGUOUS,AMBIGUOUS_COMBINATION_STRENGTH
SRCM-c39121fbe679b99d729ceded,MARKET,7845,Antioxidants and Micronutrients,,AMBIGUOUS,AMBIGUOUS_INGREDIENT_SEPARATOR
SRCM-b8ca72a2d1142623ab235369,MARKET,7890,Iron Polymaltose Complex + Vitamin B Complex + Zinc,,AMBIGUOUS,AMBIGUOUS_COMBINATION_STRENGTH
SRCM-0be78abb749d76f81a719486,MARKET,7892,Iron Polymaltose Complex + Vitamin B Complex + Zinc,,AMBIGUOUS,AMBIGUOUS_COMBINATION_STRENGTH
SRCM-d011a7eb13b3978d03fd89ea,MARKET,7968,Multivitamin & Multimineral [A-Z teen girls preparation],,AMBIGUOUS,AMBIGUOUS_INGREDIENT_SEPARATOR
SRCM-b613a6369386bf6ecb08608f,MARKET,7969,Multivitamin & Multimineral [A-Z teen boys preparation],,AMBIGUOUS,AMBIGUOUS_INGREDIENT_SEPARATOR
SRCM-281678d44129ec5fff8f668b,MARKET,7970,Multivitamin & Multimineral [A-Z silver preparation],,AMBIGUOUS,AMBIGUOUS_INGREDIENT_SEPARATOR
SRCM-a93148461e450adf188d636c,MARKET,7971,Multivitamin & Cod Liver Oil,,AMBIGUOUS,AMBIGUOUS_INGREDIENT_SEPARATOR
SRCM-27163ac59b12da814a0b5098,MARKET,7972,Multivitamin & Multimineral [A-Z gold preparation],,AMBIGUOUS,AMBIGUOUS_INGREDIENT_SEPARATOR
SRCM-91817828a0faa883a97930cb,MARKET,7999,Iron + Folic acid + Vitamin B complex + Vitamin C,,AMBIGUOUS,AMBIGUOUS_COMBINATION_STRENGTH
SRCM-8b5dbc03747ba47befc18a1c,MARKET,8001,Multivitamin with L-Lysine,,FAILED,MISSING_STRENGTH
SRCM-0385a1223de33d5f3cede994,MARKET,8012,Carbonyl Iron + Folic Acid + Zinc Sulfate + Vitamin B Complex + Vitamin C,,AMBIGUOUS,AMBIGUOUS_COMBINATION_STRENGTH
SRCM-b6cc259befb948798f5591d9,MARKET,8014,Calcium Carbonate + Vitamin D3 + Multimineral,,AMBIGUOUS,AMBIGUOUS_COMBINATION_STRENGTH
SRCM-7674e731a9128c3813fa7927,MARKET,8102,Multivitamin & Multimineral,,AMBIGUOUS,AMBIGUOUS_INGREDIENT_SEPARATOR
SRCM-35b807c5fc18784413ff280f,MARKET,8103,Vitamin B complex,,FAILED,MISSING_STRENGTH
SRCM-08954852a2f98393b3ca3633,MARKET,8126,Ofloxacin (Oral & Injection),200 mg/100 ml,AMBIGUOUS,AMBIGUOUS_INGREDIENT_SEPARATOR
SRCM-7676cf60aa84ad364833f17f,MARKET,8127,Ofloxacin (Oral & Injection),400 mg,AMBIGUOUS,AMBIGUOUS_INGREDIENT_SEPARATOR
SRCM-babad7355945bfe496efe597,MARKET,8128,Ofloxacin (Oral & Injection),200 mg,AMBIGUOUS,AMBIGUOUS_INGREDIENT_SEPARATOR
SRCM-f6298513f8c557a5cc241931,MARKET,8130,Fluticasone Propionate (Inhaler),125 mcg/metered dose,FAILED,UNSUPPORTED_STRENGTH_PATTERN
SRCM-ee64d0a6a2a1bfb5d4bd8674,MARKET,8131,Fluticasone Propionate (Inhaler),250 mcg/metered dose,FAILED,UNSUPPORTED_STRENGTH_PATTERN
SRCM-de6c58dcdbd77e005e03c601,MARKET,8227,Inactivated Influenza Vaccine,0.5 ml/prefilled syringe,FAILED,UNSUPPORTED_STRENGTH_PATTERN
SRCM-25b6de0e349d4b93d4da0a7c,MARKET,8449,Iron + Folic Acid + Vitamin B Complex + Vitamine C + Zinc Sulfate,,AMBIGUOUS,AMBIGUOUS_COMBINATION_STRENGTH
SRCM-d6bd7d453f325c0ba6ab6516,MARKET,8450,Iron + Folic acid + Vitamin B complex + Vitamin C,,AMBIGUOUS,AMBIGUOUS_COMBINATION_STRENGTH
SRCM-1f31fde8ccc542427e310793,MARKET,8462,"Vitamin B6, B9 & B12",25 mg+2.5 mg+1 mg,AMBIGUOUS,AMBIGUOUS_INGREDIENT_SEPARATOR
SRCM-d8ed928d9f9a2a53ad9a2c5a,MARKET,8471,"Vitamin B6, B9 & B12",25 mg+2.5 mg+1 mg,AMBIGUOUS,AMBIGUOUS_INGREDIENT_SEPARATOR
SRCM-762cc2bb47d77ed28fcd9621,MARKET,8535,Teriparatide,20 mcg/80 mcl,FAILED,UNSUPPORTED_STRENGTH_PATTERN
SRCM-2d3281c48e795f3cfb3daad1,MARKET,8536,Multivitamin & Multimineral [For nursing mother],,AMBIGUOUS,AMBIGUOUS_INGREDIENT_SEPARATOR
SRCM-5d7dbd3eb2350deb3cb76ac8,MARKET,8603,Triamcinolone + Neomycin + Nystatin + Gramicidin,,AMBIGUOUS,AMBIGUOUS_COMBINATION_STRENGTH
SRCM-1d102f54cf03534347c184e8,MARKET,8604,Triamcinolone + Neomycin + Nystatin + Gramicidin,,AMBIGUOUS,AMBIGUOUS_COMBINATION_STRENGTH
SRCM-7394bcde1b9135dbe377ec3a,MARKET,8696,Benzathine Penicillin,6 lac units/vial,FAILED,UNSUPPORTED_STRENGTH_PATTERN
SRCM-d02948e3dbb85fe7b119cbcf,MARKET,8697,Benzathine Penicillin,12 lac units/vial,FAILED,UNSUPPORTED_STRENGTH_PATTERN
SRCM-667b5556c6132d37904b7ebe,MARKET,8790,Bicarbonate Component [HCO3 Hemodialysis Solution],,FAILED,MISSING_STRENGTH
SRCM-9f0a9c9d39de394c62252f55,MARKET,8817,"Vitamin B1, B6 & B12",100 mg+200 mg+200 mcg,AMBIGUOUS,AMBIGUOUS_INGREDIENT_SEPARATOR
SRCM-d4813c278d4628c0aafa6a9a,MARKET,8827,Multivitamin [Pediatric preparation],,FAILED,MISSING_STRENGTH
SRCM-ea80b4b415c31c1ee9124873,MARKET,8854,Vitamin B complex,,FAILED,MISSING_STRENGTH
SRCM-230fa257ae59255ac9c2c510,MARKET,8855,Vitamin B complex,,FAILED,MISSING_STRENGTH
SRCM-04c03d6c8560aa0298603d49,MARKET,8856,Vitamin B complex,,FAILED,MISSING_STRENGTH
SRCM-ccb32103494f7e9fedd3902a,MARKET,8912,"Human Papillomavirus Quadrivalent (Types 6, 11, 16, and 18)",0.5 ml,AMBIGUOUS,AMBIGUOUS_INGREDIENT_SEPARATOR
SRCM-b4548bef7c9ed846de7576cd,MARKET,8945,Ispaghula Husk + Ispaghula Seed + Tinnevelly Senna Pods,,AMBIGUOUS,AMBIGUOUS_COMBINATION_STRENGTH
SRCM-70f4f075ac2afa1ab59150ad,MARKET,9072,Insulin Human [rDNA] + Isophane Insulin Human,30%+70% in 100 IU/ml,AMBIGUOUS,AMBIGUOUS_SHARED_DENOMINATOR
SRCM-7f14a517105cc701c2f7dbd3,MARKET,9073,Insulin Human [rDNA] + Isophane Insulin Human,30%+70% in 100 IU/ml,AMBIGUOUS,AMBIGUOUS_SHARED_DENOMINATOR
SRCM-552e3f8aae7b8a044e42dd29,MARKET,9088,Vitamin B complex,,FAILED,MISSING_STRENGTH
SRCM-452a545fdcd784c2fd57d972,MARKET,9097,Calcium Carbonate + Vitamin D3 + Multimineral,,AMBIGUOUS,AMBIGUOUS_COMBINATION_STRENGTH
SRCM-5ca5e3b5df0c5c03ce9fe166,MARKET,9142,"Vitamin B1, B6 & B12",100 mg+200 mg+200 mcg,AMBIGUOUS,AMBIGUOUS_INGREDIENT_SEPARATOR
SRCM-3bfcdc944f4336ef84b290d8,MARKET,9263,Multivitamin & Multimineral [A-Z gold preparation],,AMBIGUOUS,AMBIGUOUS_INGREDIENT_SEPARATOR
SRCM-bd81e84070be6301c354bb08,MARKET,9302,Dextrose & Hartmann's Solution,,AMBIGUOUS,AMBIGUOUS_INGREDIENT_SEPARATOR
SRCM-7f456d731f6eaa09f55503b4,MARKET,9334,Multivitamin & Multimineral [A-Z gold preparation],,AMBIGUOUS,AMBIGUOUS_INGREDIENT_SEPARATOR
SRCM-8286c4620f9093731b751a78,MARKET,9335,Multivitamin & Cod Liver Oil,,AMBIGUOUS,AMBIGUOUS_INGREDIENT_SEPARATOR
SRCM-df47003ffe40317d13855020,MARKET,9336,Multivitamin & Multimineral [A-Z gold preparation],,AMBIGUOUS,AMBIGUOUS_INGREDIENT_SEPARATOR
SRCM-361d2d30be89c40e9f57324d,MARKET,9337,Multivitamin & Multimineral [A-Z gold preparation],,AMBIGUOUS,AMBIGUOUS_INGREDIENT_SEPARATOR
SRCM-431679e943ffb0865189c20a,MARKET,9339,Macrogol [Polypropylene glycol] + Electrolytes,,AMBIGUOUS,AMBIGUOUS_COMBINATION_STRENGTH
SRCM-37d3a0c5a39807690cdd4d20,MARKET,9397,Metronidazole + Neomycin Sulphate + Polymyxin B + Nystatin,,AMBIGUOUS,AMBIGUOUS_COMBINATION_STRENGTH
SRCM-feca6a6a032a8889b9204b5b,MARKET,9399,Metronidazole + Neomycin Sulphate + Polymyxin B + Nystatin,,AMBIGUOUS,AMBIGUOUS_COMBINATION_STRENGTH
SRCM-9f15ce2964f6105e0e47bb89,MARKET,9400,Metronidazole + Neomycin Sulphate + Polymyxin B + Nystatin,,AMBIGUOUS,AMBIGUOUS_COMBINATION_STRENGTH
SRCM-40c342377cfa8055500545a4,MARKET,9401,Metronidazole + Neomycin Sulphate + Polymyxin B + Nystatin,,AMBIGUOUS,AMBIGUOUS_COMBINATION_STRENGTH
SRCM-5c0b356f5728feb0d1567258,MARKET,9403,Metronidazole + Neomycin Sulphate + Polymyxin B + Nystatin,,AMBIGUOUS,AMBIGUOUS_COMBINATION_STRENGTH
SRCM-52e55046a7813c683968a88f,MARKET,9404,Metronidazole + Neomycin Sulphate + Polymyxin B + Nystatin,,AMBIGUOUS,AMBIGUOUS_COMBINATION_STRENGTH
SRCM-1a766e7a2966cffeb6c8ea11,MARKET,9405,Metronidazole + Neomycin Sulphate + Polymyxin B + Nystatin,,AMBIGUOUS,AMBIGUOUS_COMBINATION_STRENGTH
SRCM-fcd73d9ea2d940d202ec0f76,MARKET,9414,Polygeline + Electrolytes,3.50%,AMBIGUOUS,INGREDIENT_STRENGTH_COUNT_MISMATCH
SRCM-aaddebceb02796f173ac0e5c,MARKET,9440,Iron + Folic Acid + Vitamin A + Vitamin C + Zinc,1 gm/sachet,AMBIGUOUS,INGREDIENT_STRENGTH_COUNT_MISMATCH
SRCM-64bc8000a695ad143092ebf7,MARKET,9441,Multivitamin & Multimineral [A-Z for infanrs & childrens],1 gm/sachet,AMBIGUOUS,AMBIGUOUS_INGREDIENT_SEPARATOR
SRCM-86d29ba017ad8c8df71708dc,MARKET,9477,Dextrose & Hartmann's Solution,,AMBIGUOUS,AMBIGUOUS_INGREDIENT_SEPARATOR
SRCM-4cd340bfad5f00e3c39157b0,MARKET,9478,Hartmann's Solution,,FAILED,MISSING_STRENGTH
SRCM-ee85d4ac5bba6bfad8ae51f7,MARKET,9479,Hartmann's Solution,,FAILED,MISSING_STRENGTH
SRCM-794d5e2ce30f93d10c9bf521,MARKET,9480,Hartmann's Solution,,FAILED,MISSING_STRENGTH
SRCM-737b3548621cc53bfff80fe6,MARKET,9485,Bicarbonate Component [HCO3 Hemodialysis Solution],,FAILED,MISSING_STRENGTH
SRCM-1b2e0763188722206a4f1e13,MARKET,9486,Acidic component [HCO3 Hemodialysis Solution],,FAILED,MISSING_STRENGTH
SRCM-c5e3f7a2c59c91ffdfc81762,MARKET,9515,Multivitamin [Pediatric preparation],,FAILED,MISSING_STRENGTH
SRCM-8b6abc97bf9332fcd8b576ec,MARKET,9516,Multivitamin & Cod Liver Oil,,AMBIGUOUS,AMBIGUOUS_INGREDIENT_SEPARATOR
SRCM-afe61c753dba91e44b17622a,MARKET,9568,"Diphtheria, Tetanus, Pertussis, Hepatitis B, Poliomyelitis, Influenzae Vaccine",0.5 ml/prefilled syringe,FAILED,UNSUPPORTED_STRENGTH_PATTERN
SRCM-6d6144a5a5a0ce45fa9fa06e,MARKET,9570,Vitamin B complex,,FAILED,MISSING_STRENGTH
SRCM-1307e46ce2cf15e04157e59d,MARKET,9622,Vitamin B complex,,FAILED,MISSING_STRENGTH
SRCM-8870f8426f234061b1da78af,MARKET,9623,Vitamin B complex,,FAILED,MISSING_STRENGTH
SRCM-d56a8a8233ec886793917734,MARKET,9634,Vitamin B Complex + Zinc,,AMBIGUOUS,AMBIGUOUS_COMBINATION_STRENGTH
SRCM-9fce4b3a682d361755296d0d,MARKET,9681,Insulin Human [rDNA] + Isophane Insulin Human,30%+70% in 100 IU/ml,AMBIGUOUS,AMBIGUOUS_SHARED_DENOMINATOR
SRCM-cf035d04bd959bbd3ba03716,MARKET,9682,Insulin Human [rDNA] + Isophane Insulin Human,30%+70% in 100 IU/ml,AMBIGUOUS,AMBIGUOUS_SHARED_DENOMINATOR
SRCM-5e7a412cdaabac2200b021ae,MARKET,9698,Multivitamin & Multimineral [A-Z gold preparation],,AMBIGUOUS,AMBIGUOUS_INGREDIENT_SEPARATOR
SRCM-fc9ae604bcb147c28d3c9afc,MARKET,9739,"Vitamin C, Vitamin E, Lutein, Copper & Zinc",,AMBIGUOUS,AMBIGUOUS_INGREDIENT_SEPARATOR
SRCM-f50eeb257acad5fc4eef0c45,MARKET,9758,Ibandronic Acid & Calcium Orotate,150 mg & 400 mg,AMBIGUOUS,AMBIGUOUS_INGREDIENT_SEPARATOR
SRCM-bc75b07d9534b15093059aa1,MARKET,9762,"Vitamin C, Vitamin E, Lutein, Copper & Zinc",,AMBIGUOUS,AMBIGUOUS_INGREDIENT_SEPARATOR
SRCM-4fffa6f2bf595482121b996d,MARKET,9778,"Vitamin C, Vitamin E, Lutein, Copper & Zinc",,AMBIGUOUS,AMBIGUOUS_INGREDIENT_SEPARATOR
SRCM-0f54a651dc2727e5f6ef38c0,MARKET,9787,Ifosfamide,2 gm & 1600 mg,FAILED,UNSUPPORTED_STRENGTH_PATTERN
SRCM-14518c156344c25b97488c95,MARKET,9788,Ifosfamide,1 gm & 800 mg,FAILED,UNSUPPORTED_STRENGTH_PATTERN
SRCM-0b1315d788475a73b54c9984,MARKET,9858,Vitamin B Complex + Zinc,,AMBIGUOUS,AMBIGUOUS_COMBINATION_STRENGTH
SRCM-78d657225e183c5226ee1687,MARKET,9859,Vitamin B Complex + Zinc,,AMBIGUOUS,AMBIGUOUS_COMBINATION_STRENGTH
SRCM-5aa67a392e27d332a7b55b2b,MARKET,9913,Vitamin B complex,,FAILED,MISSING_STRENGTH
SRCM-1a59f72c036496ae540d3700,MARKET,9914,Vitamin B complex,,FAILED,MISSING_STRENGTH
SRCM-6559eb55372fccc7f568fd98,MARKET,9934,Inactivated Influenza Vaccine,0.5 ml/prefilled syringe,FAILED,UNSUPPORTED_STRENGTH_PATTERN
SRCM-d6a71b9cda9b70f55e9e4a14,MARKET,9992,Insulin Human [rDNA] + Isophane Insulin Human,30%+70% in 40 IU/ml,AMBIGUOUS,AMBIGUOUS_SHARED_DENOMINATOR
SRCM-99f3f30fcb4857111441a881,MARKET,9993,Insulin Human [rDNA] + Isophane Insulin Human,30%+70% in 100 IU/ml,AMBIGUOUS,AMBIGUOUS_SHARED_DENOMINATOR
SRCM-e6ebb9ab83a27b6738b3ab5a,MARKET,9994,Insulin Human [rDNA] + Isophane Insulin Human,30%+70% in 100 IU/ml,AMBIGUOUS,AMBIGUOUS_SHARED_DENOMINATOR
SRCM-f541251802a900bf705cff2e,MARKET,9995,Insulin Human [rDNA] + Isophane Insulin Human,50%+50% in 100 IU/ml,AMBIGUOUS,AMBIGUOUS_SHARED_DENOMINATOR
SRCM-d68ea53aa9fac7d7962342e4,MARKET,10030,Insulin Human [rDNA] + Isophane Insulin Human,25%+75% in 100 IU/ml,AMBIGUOUS,AMBIGUOUS_SHARED_DENOMINATOR
SRCM-6fcd0e45fbd7707ef60cc05d,MARKET,10031,Insulin Human [rDNA] + Isophane Insulin Human,25%+75% in 100 IU/ml,AMBIGUOUS,AMBIGUOUS_SHARED_DENOMINATOR
SRCM-6c3d0085ff2d16087e9c5a0a,MARKET,10040,Insulin Human [rDNA] + Isophane Insulin Human,50%+50% in 100 IU/ml,AMBIGUOUS,AMBIGUOUS_SHARED_DENOMINATOR
SRCM-ad0e6ecfbe8d721d7e74c86e,MARKET,10041,Insulin Human [rDNA] + Isophane Insulin Human,30%+70% in 100 IU/ml,AMBIGUOUS,AMBIGUOUS_SHARED_DENOMINATOR
SRCM-93641ed00330b3101a37add4,MARKET,10046,Iron Polymaltose Complex + Folic Acid + Zinc + Vitamin B-Complex,,AMBIGUOUS,AMBIGUOUS_COMBINATION_STRENGTH
SRCM-b95bdaccdce927cefa80e14b,MARKET,10052,Paliperidone Palmitate,150 mg/prefilled syringe,FAILED,UNSUPPORTED_STRENGTH_PATTERN
SRCM-41152724be15fe86772ad940,MARKET,10053,Paliperidone Palmitate,100 mg/prefilled syringe,FAILED,UNSUPPORTED_STRENGTH_PATTERN
SRCM-01187206896098a4a38be79e,MARKET,10054,Paliperidone Palmitate,75 mg/prefilled syringe,FAILED,UNSUPPORTED_STRENGTH_PATTERN
SRCM-87ad01f9041c57e267c6e83b,MARKET,10057,Enoxaparin Sodium,4000 Anti-Xa IU/0.4 ml,FAILED,UNSUPPORTED_STRENGTH_PATTERN
SRCM-98865dd61830e86bbc267a95,MARKET,10058,Enoxaparin Sodium,6000 Anti-Xa IU/0.6 ml,FAILED,UNSUPPORTED_STRENGTH_PATTERN
SRCM-617aa33c27efb70a55a898ab,MARKET,10059,Enoxaparin Sodium,8000 Anti-Xa IU/0.8 ml,FAILED,UNSUPPORTED_STRENGTH_PATTERN
SRCM-da60b594f682b7579474b7b1,MARKET,10089,Multivitamin & Cod Liver Oil,,AMBIGUOUS,AMBIGUOUS_INGREDIENT_SEPARATOR
SRCM-9167aa9e5719de1de077b9f2,MARKET,10102,Calcium Carbonate + Vitamin D3 + Multimineral,,AMBIGUOUS,AMBIGUOUS_COMBINATION_STRENGTH
SRCM-781e487f4c39ef7e04cd909f,MARKET,10119,Iron Polymaltose Complex + Vitamin B Complex + Zinc,,AMBIGUOUS,AMBIGUOUS_COMBINATION_STRENGTH
SRCM-108e0724856ef66d52e7dc09,MARKET,10120,Iron + Folic acid + Vitamin B complex + Vitamin C,,AMBIGUOUS,AMBIGUOUS_COMBINATION_STRENGTH
SRCM-ecd7450cf4114445825a7e61,MARKET,10240,"Vitamin B1, B6 & B12",100 mg+200 mg+200 mcg,AMBIGUOUS,AMBIGUOUS_INGREDIENT_SEPARATOR
SRCM-4b9d4fe819959de4191fbd85,MARKET,10247,Multivitamin & Multimineral,,AMBIGUOUS,AMBIGUOUS_INGREDIENT_SEPARATOR
SRCM-6f98de9c1074c726037db47a,MARKET,10248,Multivitamin [Adult preparation],,FAILED,MISSING_STRENGTH
SRCM-624f4eef4948638dfdcefe89,MARKET,10258,Glucose 11% + Vamin 18 Novum + Intralipid 20%,1440 ml/bag,AMBIGUOUS,INGREDIENT_STRENGTH_COUNT_MISMATCH
SRCM-70cae43c89aa6998d5e4f966,MARKET,10259,Glucose 19% + Vamin 18 Novum + Intralipid 20%,1026 ml/bag,AMBIGUOUS,INGREDIENT_STRENGTH_COUNT_MISMATCH
SRCM-bfcc37caa4b0e90b0b4b8851,MARKET,10262,Oral Rehydration Salt [Flavored],,FAILED,MISSING_STRENGTH
SRCM-89f84055657eda439077c207,MARKET,10277,Multivitamin & Cod Liver Oil,,AMBIGUOUS,AMBIGUOUS_INGREDIENT_SEPARATOR
SRCM-1b68c90539b4ef18586c10ff,MARKET,10299,Carbonyl Iron + Folic Acid + Zinc Sulfate + Vitamin B Complex + Vitamin C,,AMBIGUOUS,AMBIGUOUS_COMBINATION_STRENGTH
SRCM-f65955e439284a4e274e24bd,MARKET,10335,Ketoprofen (oral & injection),100 mg/2 ml,AMBIGUOUS,AMBIGUOUS_INGREDIENT_SEPARATOR
SRCM-2148a017ff11c07d6e6b5913,MARKET,10366,Ketoprofen (oral & injection),50 mg,AMBIGUOUS,AMBIGUOUS_INGREDIENT_SEPARATOR
SRCM-3cc30cf3922764d5d37074b1,MARKET,10373,Ketoprofen (oral & injection),100 mg,AMBIGUOUS,AMBIGUOUS_INGREDIENT_SEPARATOR
SRCM-6521e0435ef5d18450c9903d,MARKET,10396,Ketoprofen (oral & injection),50 mg,AMBIGUOUS,AMBIGUOUS_INGREDIENT_SEPARATOR
SRCM-b09eb6af65c0ad2deaa88094,MARKET,10397,Ketoprofen (oral & injection),100 mg,AMBIGUOUS,AMBIGUOUS_INGREDIENT_SEPARATOR
SRCM-72939c7cc25eb5f732e3f270,MARKET,10398,Ketoprofen (oral & injection),100 mg/2 ml,AMBIGUOUS,AMBIGUOUS_INGREDIENT_SEPARATOR
SRCM-2a2ff5e6311d0f6e75dd66cc,MARKET,10399,Ketoprofen (oral & injection),100 mg,AMBIGUOUS,AMBIGUOUS_INGREDIENT_SEPARATOR
SRCM-0166e9db07af76b0073decbe,MARKET,10400,Ketoprofen (oral & injection),100 mg,AMBIGUOUS,AMBIGUOUS_INGREDIENT_SEPARATOR
SRCM-b19d1174119e2533de3edbd9,MARKET,10460,Amino Acid + Calcium,,AMBIGUOUS,AMBIGUOUS_COMBINATION_STRENGTH
SRCM-e92228b8515195b989f680ee,MARKET,10472,Multivitamin & Cod Liver Oil,,AMBIGUOUS,AMBIGUOUS_INGREDIENT_SEPARATOR
SRCM-de7e64ba364562fb44c633bf,MARKET,10475,Multivitamin & Cod Liver Oil,,AMBIGUOUS,AMBIGUOUS_INGREDIENT_SEPARATOR
SRCM-3b2173a20de8a04d5977525b,MARKET,10477,Multivitamin & Multimineral,,AMBIGUOUS,AMBIGUOUS_INGREDIENT_SEPARATOR
SRCM-8c61e117b943a9ebeb09da80,MARKET,10478,Multivitamin & Cod Liver Oil,,AMBIGUOUS,AMBIGUOUS_INGREDIENT_SEPARATOR
SRCM-98d96f595d2d58ab66a3e82a,MARKET,10479,Vitamin B Complex + Zinc,,AMBIGUOUS,AMBIGUOUS_COMBINATION_STRENGTH
SRCM-0928252f48a4bda64484ac79,MARKET,10482,Vitamin B Complex + Zinc,,AMBIGUOUS,AMBIGUOUS_COMBINATION_STRENGTH
SRCM-73a8c49e0049d24c4dfd0905,MARKET,10484,Multivitamin & Cod Liver Oil,,AMBIGUOUS,AMBIGUOUS_INGREDIENT_SEPARATOR
SRCM-c7bd5ccc33e3431b41adfbef,MARKET,10485,Multivitamin & Multimineral [A-Z syrup preparation],,AMBIGUOUS,AMBIGUOUS_INGREDIENT_SEPARATOR
SRCM-38e204b041d9ba9125a3c31e,MARKET,10487,Multivitamin & Cod Liver Oil,,AMBIGUOUS,AMBIGUOUS_INGREDIENT_SEPARATOR
SRCM-aeab795f722e619f823f909e,MARKET,10488,Multivitamin & Cod Liver Oil,,AMBIGUOUS,AMBIGUOUS_INGREDIENT_SEPARATOR
SRCM-9b5bbd2c2329e89f4c0c4a20,MARKET,10489,Multivitamin & Cod Liver Oil,,AMBIGUOUS,AMBIGUOUS_INGREDIENT_SEPARATOR
SRCM-ca3eb1be8ff776048e552ee5,MARKET,10499,Multivitamin & Cod Liver Oil,,AMBIGUOUS,AMBIGUOUS_INGREDIENT_SEPARATOR
SRCM-0cb417fd4e6f18dfbbaed0e3,MARKET,10568,Ketoprofen (oral & injection),100 mg,AMBIGUOUS,AMBIGUOUS_INGREDIENT_SEPARATOR
SRCM-4271db742866d04a2b6da046,MARKET,10581,Cholera Saline,,FAILED,MISSING_STRENGTH
SRCM-3ee367a9ea4471115e1a496d,MARKET,10582,Cholera Saline,,FAILED,MISSING_STRENGTH
SRCM-5b31c2e76798525e6e47aaa5,MARKET,10588,Ketoprofen (oral & injection),200 mg,AMBIGUOUS,AMBIGUOUS_INGREDIENT_SEPARATOR
SRCM-a5fc42ec8c43487fe369fb1d,MARKET,10589,Ketoprofen (oral & injection),100 mg,AMBIGUOUS,AMBIGUOUS_INGREDIENT_SEPARATOR
SRCM-f8765325aab42ed5a6dd2a94,MARKET,10594,"Vitamin B1, B6 & B12",100 mg+200 mg+200 mcg,AMBIGUOUS,AMBIGUOUS_INGREDIENT_SEPARATOR
SRCM-b8a40fa450ca3f13cb5318b5,MARKET,10595,"Vitamin B1, B6 & B12",100 mg+200 mg+200 mcg,AMBIGUOUS,AMBIGUOUS_INGREDIENT_SEPARATOR
SRCM-8c7f651bdff528f5dc60572c,MARKET,10596,"Vitamin B1, B6 & B12",(100 mg+100 mg+1 mg)/3 ml,AMBIGUOUS,AMBIGUOUS_INGREDIENT_SEPARATOR
SRCM-2c1e59b1f9dc1fa6f86691a5,MARKET,10597,Multivitamin & Multimineral,,AMBIGUOUS,AMBIGUOUS_INGREDIENT_SEPARATOR
SRCM-2b4d2a87d045a176e8a7f273,MARKET,10598,"Vitamin C, Vitamin E, Lutein, Copper & Zinc",,AMBIGUOUS,AMBIGUOUS_INGREDIENT_SEPARATOR
SRCM-33f2d7af448efb4792fc5ac8,MARKET,10602,Vitamin B complex,,FAILED,MISSING_STRENGTH
SRCM-22b894546627895f73007f52,MARKET,10603,Vitamin B complex,,FAILED,MISSING_STRENGTH
SRCM-197aa4f4f4742eb43b720943,MARKET,10604,Vitamin B complex,,FAILED,MISSING_STRENGTH
SRCM-fd8463bc47d4c6c00a16cd80,MARKET,10605,Multivitamin & Cod Liver Oil,,AMBIGUOUS,AMBIGUOUS_INGREDIENT_SEPARATOR
SRCM-1ac23d16350168e1e121121b,MARKET,10606,Multivitamin & Multimineral [A-Z gold preparation],,AMBIGUOUS,AMBIGUOUS_INGREDIENT_SEPARATOR
SRCM-99fe5664e869b41455e444f1,MARKET,10656,Hartmann's Solution,,FAILED,MISSING_STRENGTH
SRCM-63fddcfafb839b483e7f0876,MARKET,10657,Hartmann's Solution,,FAILED,MISSING_STRENGTH
SRCM-1f09ca65b7a430d2331d9a9a,MARKET,10689,Benzathine Penicillin,12 lac units/vial,FAILED,UNSUPPORTED_STRENGTH_PATTERN
SRCM-e3d7d389fe49a56b5f0da1ef,MARKET,10690,Benzathine Penicillin,6 lac units/vial,FAILED,UNSUPPORTED_STRENGTH_PATTERN
SRCM-9883a76bf9a3ccf0b7f8209b,MARKET,10747,Macrogol [Polypropylene glycol] + Electrolytes,,AMBIGUOUS,AMBIGUOUS_COMBINATION_STRENGTH
SRCM-ada8b3620a81ba7202cdfa62,MARKET,10793,Vitamin B Complex + Zinc,,AMBIGUOUS,AMBIGUOUS_COMBINATION_STRENGTH
SRCM-b88b925ea643b31c00aafde5,MARKET,10845,Liposome + Perilla + Sodium Hyaluronate,,AMBIGUOUS,AMBIGUOUS_COMBINATION_STRENGTH
SRCM-6e760eb5dbe5c315b5557671,MARKET,10974,Multivitamin & Cod Liver Oil,,AMBIGUOUS,AMBIGUOUS_INGREDIENT_SEPARATOR
SRCM-0bfffd2d6a7440a50ae2f634,MARKET,10988,Multivitamin & Multimineral [A-Z silver preparation],,AMBIGUOUS,AMBIGUOUS_INGREDIENT_SEPARATOR
SRCM-bc3e2cddb1f4ddb63376ee18,MARKET,10989,Multivitamin & Multimineral [A-Z gold preparation],,AMBIGUOUS,AMBIGUOUS_INGREDIENT_SEPARATOR
SRCM-19db7e06d594b8762a4a1b27,MARKET,11192,Menthol + Thymol + Eucalyptol  + Methyl Salicylate,,AMBIGUOUS,AMBIGUOUS_COMBINATION_STRENGTH
SRCM-6603474a897d85029be9091e,MARKET,11193,Menthol + Thymol + Eucalyptol  + Methyl Salicylate,,AMBIGUOUS,AMBIGUOUS_COMBINATION_STRENGTH
SRCM-0a5df1ab819da65ed42d7163,MARKET,11199,Menthol + Thymol + Eucalyptol  + Methyl Salicylate,,AMBIGUOUS,AMBIGUOUS_COMBINATION_STRENGTH
SRCM-f1ddf0fc26e5b93f31e9eb19,MARKET,11200,Menthol + Thymol + Eucalyptol  + Methyl Salicylate,,AMBIGUOUS,AMBIGUOUS_COMBINATION_STRENGTH
SRCM-fe16294380fd735115421a35,MARKET,11217,Multivitamin & Multimineral [A-Z syrup preparation],,AMBIGUOUS,AMBIGUOUS_INGREDIENT_SEPARATOR
SRCM-8152d1de4c6aedf9c31386dd,MARKET,11222,Iron Polymaltose Complex + Vitamin B Complex + Zinc,,AMBIGUOUS,AMBIGUOUS_COMBINATION_STRENGTH
SRCM-2cd76139a26e8f1a04e39119,MARKET,11259,Super antioxidant [vitamins & minerals],,AMBIGUOUS,AMBIGUOUS_INGREDIENT_SEPARATOR
SRCM-dd6d92b3a828bdea9bd6d480,MARKET,11540,"Vitamin C, Vitamin E, Lutein, Copper & Zinc",,AMBIGUOUS,AMBIGUOUS_INGREDIENT_SEPARATOR
SRCM-c75cc2691018d6325b2dd764,MARKET,11577,Multivitamin with L-Lysine,,FAILED,MISSING_STRENGTH
SRCM-b1b7cc6564c81728723e928c,MARKET,11581,Multivitamin with L-Lysine,,FAILED,MISSING_STRENGTH
SRCM-fd9bd2b8af8efd023e8dfa5a,MARKET,11585,Vitamin B complex,,FAILED,MISSING_STRENGTH
SRCM-316b67b934eaf27b560f8f66,MARKET,11586,Vitamin B complex,,FAILED,MISSING_STRENGTH
SRCM-828402174915854cc773e917,MARKET,11587,Vitamin B complex,,FAILED,MISSING_STRENGTH
SRCM-a6154dc41f328dd5ad24a042,MARKET,11588,Multivitamin with L-Lysine,,FAILED,MISSING_STRENGTH
SRCM-ec3434e6fb78ea0f5b161ce7,MARKET,11595,"Vitamin C, Vitamin E, Lutein, Copper & Zinc",,AMBIGUOUS,AMBIGUOUS_INGREDIENT_SEPARATOR
SRCM-83e74a96fdd7e2f10a518763,MARKET,11618,Vitamin B complex,,FAILED,MISSING_STRENGTH
SRCM-aa16582e98067983ef7405a2,MARKET,11619,Vitamin B complex,,FAILED,MISSING_STRENGTH
SRCM-ae23ee3399f5eec335021f56,MARKET,11628,Vitamin B Complex + Zinc,,AMBIGUOUS,AMBIGUOUS_COMBINATION_STRENGTH
SRCM-7700fb522cd272440ea51b45,MARKET,11645,Macrogol [Polypropylene glycol] + Electrolytes,,AMBIGUOUS,AMBIGUOUS_COMBINATION_STRENGTH
SRCM-9724a4916d8f623f44399b2c,MARKET,11649,Macrogol [Polypropylene glycol] + Electrolytes,,AMBIGUOUS,AMBIGUOUS_COMBINATION_STRENGTH
SRCM-efcf38e8f6f4560a23824987,MARKET,11655,Multivitamin & Multimineral [A-Z gold preparation],,AMBIGUOUS,AMBIGUOUS_INGREDIENT_SEPARATOR
SRCM-1393b413c5f6d05fb8d38b1d,MARKET,11659,Apis mellifica + Gelsemium sempervirens + Gnaphalium,,AMBIGUOUS,AMBIGUOUS_COMBINATION_STRENGTH
SRCM-6557aedc2e24e5ddf0232ccb,MARKET,11701,Multivitamin & Cod Liver Oil,,AMBIGUOUS,AMBIGUOUS_INGREDIENT_SEPARATOR
SRCM-82f4ab9d911a59809d31e1a0,MARKET,11737,Ibandronic Acid & Calcium Orotate,150 mg & 400 mg,AMBIGUOUS,AMBIGUOUS_INGREDIENT_SEPARATOR
SRCM-9bebb4f1fe6f3b2759393389,MARKET,11752,Calcium + Vitamin D3 + Vitamin C + Vitamin E + Multimineral,,AMBIGUOUS,AMBIGUOUS_COMBINATION_STRENGTH
SRCM-b28b011df626e2e4ae8403f9,MARKET,11789,Carbonyl Iron + Folic Acid + Zinc Sulfate + Vitamin B Complex + Vitamin C,,AMBIGUOUS,AMBIGUOUS_COMBINATION_STRENGTH
SRCM-d52e3d1abe577480c2273bf2,MARKET,11809,Multivitamin & Multimineral,,AMBIGUOUS,AMBIGUOUS_INGREDIENT_SEPARATOR
SRCM-9acd9395f3c3e5273b7c799e,MARKET,11820,Insulin Human [rDNA] + Isophane Insulin Human,50%+50% in 100 IU/ml,AMBIGUOUS,AMBIGUOUS_SHARED_DENOMINATOR
SRCM-879c11ff6651a5f358db6ebf,MARKET,11821,Insulin Human [rDNA] + Isophane Insulin Human,30%+70% in 100 IU/ml,AMBIGUOUS,AMBIGUOUS_SHARED_DENOMINATOR
SRCM-bbe86095ee343ffe381d09aa,MARKET,11822,Insulin Human [rDNA] + Isophane Insulin Human,50%+50% in 100 IU/ml,AMBIGUOUS,AMBIGUOUS_SHARED_DENOMINATOR
SRCM-13956e55005f429f953bd2c1,MARKET,11823,Insulin Human [rDNA] + Isophane Insulin Human,30%+70% in 100 IU/ml,AMBIGUOUS,AMBIGUOUS_SHARED_DENOMINATOR
SRCM-45c7c81be8509fa781da9029,MARKET,11824,Insulin Human [rDNA] + Isophane Insulin Human,30%+70% in 40 IU/ml,AMBIGUOUS,AMBIGUOUS_SHARED_DENOMINATOR
SRCM-07f639730b50a23e57ad2532,MARKET,11870,Multivitamin & Multimineral,,AMBIGUOUS,AMBIGUOUS_INGREDIENT_SEPARATOR
SRCM-ee86fda0161d356834b3c095,MARKET,11871,Vitamin B complex,,FAILED,MISSING_STRENGTH
SRCM-c5c3ee79cd8c6db1c9c8171b,MARKET,11889,"Vitamin B1, B6 & B12",100 mg+200 mg+200 mcg,AMBIGUOUS,AMBIGUOUS_INGREDIENT_SEPARATOR
SRCM-b0473007ae39a2ac7785cedf,MARKET,11890,Multivitamin & Multimineral [A-Z syrup preparation],,AMBIGUOUS,AMBIGUOUS_INGREDIENT_SEPARATOR
SRCM-0632c1e0049a45ca9b6da4bc,MARKET,11891,Multivitamin & Multimineral [A-Z gold preparation],,AMBIGUOUS,AMBIGUOUS_INGREDIENT_SEPARATOR
SRCM-c1e03b053b317ff9e3f09985,MARKET,11892,Emollient [Cepalin+Allantoin],20 gm,AMBIGUOUS,INGREDIENT_STRENGTH_COUNT_MISMATCH
SRCM-4ef8ebeee9dec8b3fb955551,MARKET,12022,Iron Polymaltose Complex + Folic Acid + Zinc + Vitamin B-Complex,,AMBIGUOUS,AMBIGUOUS_COMBINATION_STRENGTH
SRCM-30b405daa6bb01993eda2de1,MARKET,12299,Multivitamin & Multimineral,,AMBIGUOUS,AMBIGUOUS_INGREDIENT_SEPARATOR
SRCM-96d4d859661eabc77c78f431,MARKET,12300,Vitamin B complex,,FAILED,MISSING_STRENGTH
SRCM-b3a91fcbdfd90c11f49df076,MARKET,12301,Vitamin B complex,,FAILED,MISSING_STRENGTH
SRCM-c287be84e763ab91c7d45169,MARKET,12352,Multivitamin & Cod Liver Oil,,AMBIGUOUS,AMBIGUOUS_INGREDIENT_SEPARATOR
SRCM-c6a08b05ff0fc1cf44e94a48,MARKET,12381,"Vitamin B1, B6 & B12",100 mg+200 mg+200 mcg,AMBIGUOUS,AMBIGUOUS_INGREDIENT_SEPARATOR
SRCM-889d8ba113db65c5b8c09529,MARKET,12383,Vitamin B Complex + Zinc,,AMBIGUOUS,AMBIGUOUS_COMBINATION_STRENGTH
SRCM-03af86ecdb0184a973598ed5,MARKET,12397,Calcium Carbonate + Vitamin D3 + Multimineral,,AMBIGUOUS,AMBIGUOUS_COMBINATION_STRENGTH
SRCM-66d2a5dd05cc0f3040a0f8a0,MARKET,12444,Multivitamin & Cod Liver Oil,,AMBIGUOUS,AMBIGUOUS_INGREDIENT_SEPARATOR
SRCM-790459a6b25219eb46cc40e6,MARKET,12455,Insulin Human [rDNA] + Isophane Insulin Human,30%+70% in 40 IU/ml,AMBIGUOUS,AMBIGUOUS_SHARED_DENOMINATOR
SRCM-5ec7e6e7030ffaecf086fbce,MARKET,12495,Insulin Human [rDNA] + Isophane Insulin Human,50%+50% in 100 IU/ml,AMBIGUOUS,AMBIGUOUS_SHARED_DENOMINATOR
SRCM-19e0046a4dc68dcac88c4a65,MARKET,12496,Insulin Human [rDNA] + Isophane Insulin Human,30%+70% in 100 IU/ml,AMBIGUOUS,AMBIGUOUS_SHARED_DENOMINATOR
SRCM-14712987c2a2c6df8a8ae148,MARKET,12497,Insulin Human [rDNA] + Isophane Insulin Human,30%+70% in 100 IU/ml,AMBIGUOUS,AMBIGUOUS_SHARED_DENOMINATOR
SRCM-9c6dbede4259edd841163a89,MARKET,12498,Insulin Human [rDNA] + Isophane Insulin Human,30%+70% in 100 IU/ml,AMBIGUOUS,AMBIGUOUS_SHARED_DENOMINATOR
SRCM-5486de08e10438ac918f2a0b,MARKET,12500,Triamcinolone + Neomycin + Nystatin + Gramicidin,,AMBIGUOUS,AMBIGUOUS_COMBINATION_STRENGTH
SRCM-100b267827f965d6bc2d249c,MARKET,12507,Multivitamin & Multimineral [For nursing mother],,AMBIGUOUS,AMBIGUOUS_INGREDIENT_SEPARATOR
SRCM-c4badc1dc72d62cdaf951828,MARKET,12508,Multivitamin & Multimineral Essentials [For nursing mother],,AMBIGUOUS,AMBIGUOUS_INGREDIENT_SEPARATOR
SRCM-f443eb219c7deab3530a49e5,MARKET,12511,Carbonyl Iron + Folic Acid + Zinc Sulfate + Vitamin B Complex + Vitamin C,,AMBIGUOUS,AMBIGUOUS_COMBINATION_STRENGTH
SRCM-0189d7061ebca534d0c028bf,MARKET,12550,Iron + Folic Acid + Vitamin A + Vitamin C + Zinc,1 gm/sachet,AMBIGUOUS,INGREDIENT_STRENGTH_COUNT_MISMATCH
SRCM-8b06bb5f90092098e17d29b1,MARKET,12583,Vitamin B Complex + Zinc,,AMBIGUOUS,AMBIGUOUS_COMBINATION_STRENGTH
SRCM-f681fb299a5f471a75a4979e,MARKET,12588,Vitamin B complex,,FAILED,MISSING_STRENGTH
SRCM-374000560a37a0d0c7e03808,MARKET,12647,Iron + Folic acid + Vitamin B complex + Vitamin C,,AMBIGUOUS,AMBIGUOUS_COMBINATION_STRENGTH
SRCM-e9a8c474705d910aba628b54,MARKET,12664,Polyethylene Glycol 3350 + Electrolytes,,AMBIGUOUS,AMBIGUOUS_COMBINATION_STRENGTH
SRCM-f6758c1bf3591066b1c21f7b,MARKET,12673,Polyethylene Glycol 3350 + Electrolytes,,AMBIGUOUS,AMBIGUOUS_COMBINATION_STRENGTH
SRCM-f6d874e8a414750c00a59842,MARKET,12674,Macrogol [Polypropylene glycol] + Electrolytes,,AMBIGUOUS,AMBIGUOUS_COMBINATION_STRENGTH
SRCM-63910a53457f91a85898bef6,MARKET,12675,Macrogol [Polypropylene glycol] + Electrolytes,,AMBIGUOUS,AMBIGUOUS_COMBINATION_STRENGTH
SRCM-59e0d2a3026a893f8f0cb949,MARKET,12676,Macrogol [Polypropylene glycol] + Electrolytes,,AMBIGUOUS,AMBIGUOUS_COMBINATION_STRENGTH
SRCM-9bb65f145a39fc993224f864,MARKET,12677,Macrogol [Polypropylene glycol] + Electrolytes,,AMBIGUOUS,AMBIGUOUS_COMBINATION_STRENGTH
SRCM-b01fca224371b5e5be8843e7,MARKET,12739,Multivitamin [Pediatric preparation],,FAILED,MISSING_STRENGTH
SRCM-eab9a773a368bc7b58b8e9f5,MARKET,12755,Multivitamin & Multimineral [A-Z gold preparation],,AMBIGUOUS,AMBIGUOUS_INGREDIENT_SEPARATOR
SRCM-dba03ba3f4dbbd321a320922,MARKET,12783,Multivitamin & Multimineral,,AMBIGUOUS,AMBIGUOUS_INGREDIENT_SEPARATOR
SRCM-01892228f483bc36cdea2e58,MARKET,12784,Multivitamin & Multimineral,,AMBIGUOUS,AMBIGUOUS_INGREDIENT_SEPARATOR
SRCM-e16246c862e25f7928db9330,MARKET,12786,Multivitamin & Multimineral [A-Z syrup preparation],,AMBIGUOUS,AMBIGUOUS_INGREDIENT_SEPARATOR
SRCM-38bde00c9bd7ceb4bb96a361,MARKET,12787,Multivitamin [Pediatric preparation],,FAILED,MISSING_STRENGTH
SRCM-44da0a0cf76ca30b0b3a2cc7,MARKET,12788,Multivitamin & Cod Liver Oil,,AMBIGUOUS,AMBIGUOUS_INGREDIENT_SEPARATOR
SRCM-f43da19f0c95203f8d70f4a0,MARKET,12793,Calcium Carbonate + Vitamin D3 + Multimineral,,AMBIGUOUS,AMBIGUOUS_COMBINATION_STRENGTH
SRCM-097bab71a23148d312a9a5d0,MARKET,12794,Multivitamin & Multimineral [A-Z silver preparation],,AMBIGUOUS,AMBIGUOUS_INGREDIENT_SEPARATOR
SRCM-d12fe6e3a3fcb6668ae19abb,MARKET,12795,Multivitamin & Cod Liver Oil,,AMBIGUOUS,AMBIGUOUS_INGREDIENT_SEPARATOR
SRCM-f9e3c5c16d7da080d42b3184,MARKET,12796,Cod Liver Oil,600 IU+85 IU+0.3 IU,AMBIGUOUS,INGREDIENT_STRENGTH_COUNT_MISMATCH
SRCM-33af489e0bde6562e23fd39d,MARKET,12797,Multivitamin & Multimineral,,AMBIGUOUS,AMBIGUOUS_INGREDIENT_SEPARATOR
SRCM-a351b7bc6b1cd6fae9994a9f,MARKET,12798,Multivitamin & Multimineral [A-Z juniors syrup preparation],,AMBIGUOUS,AMBIGUOUS_INGREDIENT_SEPARATOR
SRCM-16d1a395a260874491c9755a,MARKET,12822,Multivitamin & Cod Liver Oil,,AMBIGUOUS,AMBIGUOUS_INGREDIENT_SEPARATOR
SRCM-fb67a5c31269f89bff2975fd,MARKET,12830,"Vitamin B1, B6 & B12",(100 mg+100 mg+1 mg)/3 ml,AMBIGUOUS,AMBIGUOUS_INGREDIENT_SEPARATOR
SRCM-67dab06233fda7b591eb24cf,MARKET,12838,"Vitamin B1, B6 & B12",(100 mg+100 mg+1 mg)/3 ml,AMBIGUOUS,AMBIGUOUS_INGREDIENT_SEPARATOR
SRCM-7a09bc4e6d7826fefc1b334b,MARKET,12839,"Vitamin B1, B6 & B12",100 mg+200 mg+200 mcg,AMBIGUOUS,AMBIGUOUS_INGREDIENT_SEPARATOR
SRCM-4df8b106235878177be13b2e,MARKET,12845,Iron Polymaltose Complex + Folic Acid + Zinc + Vitamin B-Complex,,AMBIGUOUS,AMBIGUOUS_COMBINATION_STRENGTH
SRCM-0bd875816801acc225095c3c,MARKET,12886,"Vitamin B1, B6 & B12",100 mg+200 mg+200 mcg,AMBIGUOUS,AMBIGUOUS_INGREDIENT_SEPARATOR
SRCM-82c116b6aa0b4cf0db5b72fb,MARKET,12889,"Vitamin B1, B6 & B12",(100 mg+100 mg+1 mg)/3 ml,AMBIGUOUS,AMBIGUOUS_INGREDIENT_SEPARATOR
SRCM-7f347c5e044b401764d86d09,MARKET,12890,"Vitamin B1, B6 & B12",100 mg+200 mg+200 mcg,AMBIGUOUS,AMBIGUOUS_INGREDIENT_SEPARATOR
SRCM-d1a8afcbe22adc822024110b,MARKET,12899,Multivitamin & Multimineral [A-Z gold preparation],,AMBIGUOUS,AMBIGUOUS_INGREDIENT_SEPARATOR
SRCM-3e6115bde1d6fe2168a297d3,MARKET,12940,Vitamin B Complex + Zinc,,AMBIGUOUS,AMBIGUOUS_COMBINATION_STRENGTH
SRCM-edcf7ad62a8e65adb20483d7,MARKET,12941,Multivitamin & Multimineral [A-Z gold preparation],,AMBIGUOUS,AMBIGUOUS_INGREDIENT_SEPARATOR
SRCM-88bb9565045abcf29d55dc56,MARKET,12946,Multivitamin & Cod Liver Oil,,AMBIGUOUS,AMBIGUOUS_INGREDIENT_SEPARATOR
SRCM-a7973c9cd49a0fd26eacce2a,MARKET,12947,"Vitamin B1, B6 & B12",100 mg+200 mg+200 mcg,AMBIGUOUS,AMBIGUOUS_INGREDIENT_SEPARATOR
SRCM-f91c2c30c10897908d7d8084,MARKET,13073,Iron + Folic acid + Vitamin B complex + Vitamin C,,AMBIGUOUS,AMBIGUOUS_COMBINATION_STRENGTH
SRCM-b97367e0eab98e5802ff7eaa,MARKET,13075,Multivitamin & Multimineral [For nursing mother],,AMBIGUOUS,AMBIGUOUS_INGREDIENT_SEPARATOR
SRCM-8fbbf5046f6e0708f6391cf6,MARKET,13164,Vitamin B Complex + Zinc,,AMBIGUOUS,AMBIGUOUS_COMBINATION_STRENGTH
SRCM-3536d513e3fd46286be1a306,MARKET,13165,Vitamin B Complex + Zinc,,AMBIGUOUS,AMBIGUOUS_COMBINATION_STRENGTH
SRCM-3d8e0d79d81932ec4d12e799,MARKET,13168,"Vitamin B1, B6 & B12",100 mg+200 mg+200 mcg,AMBIGUOUS,AMBIGUOUS_INGREDIENT_SEPARATOR
SRCM-6bc5b1833dccbf8157c4b3d6,MARKET,13178,"Vitamin B1, B6 & B12",(100 mg+100 mg+1 mg)/3 ml,AMBIGUOUS,AMBIGUOUS_INGREDIENT_SEPARATOR
SRCM-a60d8174ee5ada587eef1b7b,MARKET,13179,"Vitamin B1, B6 & B12",100 mg+200 mg+200 mcg,AMBIGUOUS,AMBIGUOUS_INGREDIENT_SEPARATOR
SRCM-f620cc74a3dc0d971d6dacfb,MARKET,13217,Calcium Carbonate + Vitamin D3 + Multimineral,,AMBIGUOUS,AMBIGUOUS_COMBINATION_STRENGTH
SRCM-c6603404c6962a5d86e49d96,MARKET,13260,Oral Rehydration Salt [Rice Based],,FAILED,MISSING_STRENGTH
SRCM-c51545313fd1b344701fde15,MARKET,13319,"Vitamin B1, B6 & B12",100 mg+200 mg+200 mcg,AMBIGUOUS,AMBIGUOUS_INGREDIENT_SEPARATOR
SRCM-10f16200912b6543185931cb,MARKET,13320,"Vitamin B1, B6 & B12",100 mg+200 mg+200 mcg,AMBIGUOUS,AMBIGUOUS_INGREDIENT_SEPARATOR
SRCM-2a8475ea962747ca948dcb7d,MARKET,13326,"Vitamin B1, B6 & B12",100 mg+200 mg+200 mcg,AMBIGUOUS,AMBIGUOUS_INGREDIENT_SEPARATOR
SRCM-c86842daa25b2d5c2d1fe6a8,MARKET,13329,"Vitamin B1, B6 & B12",(100 mg+100 mg+1 mg)/3 ml,AMBIGUOUS,AMBIGUOUS_INGREDIENT_SEPARATOR
SRCM-809be452de31ef918c0bfe4f,MARKET,13330,"Vitamin B1, B6 & B12",100 mg+200 mg+200 mcg,AMBIGUOUS,AMBIGUOUS_INGREDIENT_SEPARATOR
SRCM-71935e8796a6f90586d4f153,MARKET,13331,"Vitamin B1, B2 & B6",(100 mg+50 mg+100 mg)/2 ml,AMBIGUOUS,AMBIGUOUS_INGREDIENT_SEPARATOR
SRCM-b685c355605b4edfc19a3ce4,MARKET,13333,"Vitamin B1, B6 & B12",100 mg+200 mg+200 mcg,AMBIGUOUS,AMBIGUOUS_INGREDIENT_SEPARATOR
SRCM-2054ac957112e28ddc81e657,MARKET,13350,"Vitamin B1, B6 & B12",100 mg+200 mg+200 mcg,AMBIGUOUS,AMBIGUOUS_INGREDIENT_SEPARATOR
SRCM-67b07731bafd0a849a340e1b,MARKET,13351,"Vitamin B1, B6 & B12",(100 mg+100 mg+1 mg)/3 ml,AMBIGUOUS,AMBIGUOUS_INGREDIENT_SEPARATOR
SRCM-f6cdd30d3eb500de7f10f9dc,MARKET,13352,"Vitamin B1, B6 & B12",100 mg+200 mg+200 mcg,AMBIGUOUS,AMBIGUOUS_INGREDIENT_SEPARATOR
SRCM-3b988de51c85a24fdb875d27,MARKET,13353,"Vitamin B1, B6 & B12",100 mg+200 mg+200 mcg,AMBIGUOUS,AMBIGUOUS_INGREDIENT_SEPARATOR
SRCM-7d26db806abcc913356e4fa2,MARKET,13375,"Vitamin B1, B6 & B12",100 mg+200 mg+200 mcg,AMBIGUOUS,AMBIGUOUS_INGREDIENT_SEPARATOR
SRCM-bbddcb94c510802887b49eef,MARKET,13376,"Vitamin B1, B6 & B12",(100 mg+100 mg+1 mg)/3 ml,AMBIGUOUS,AMBIGUOUS_INGREDIENT_SEPARATOR
SRCM-beacefcb815a17adf90305fb,MARKET,13377,"Vitamin B1, B6 & B12",100 mg+200 mg+200 mcg,AMBIGUOUS,AMBIGUOUS_INGREDIENT_SEPARATOR
SRCM-84d432c784ec5bcccb28c9ad,MARKET,13378,"Vitamin B1, B6 & B12",100 mg+200 mg+200 mcg,AMBIGUOUS,AMBIGUOUS_INGREDIENT_SEPARATOR
SRCM-c8e32ecd3dab3828d81059ed,MARKET,13379,"Vitamin B1, B6 & B12",(100 mg+100 mg+1 mg)/3 ml,AMBIGUOUS,AMBIGUOUS_INGREDIENT_SEPARATOR
SRCM-2dc64b840d2280a58e7920da,MARKET,13380,"Vitamin B1, B6 & B12",100 mg+200 mg+200 mcg,AMBIGUOUS,AMBIGUOUS_INGREDIENT_SEPARATOR
SRCM-8b1befb2f6f3908201604c64,MARKET,13381,"Vitamin B1, B6 & B12",100 mg+200 mg+200 mcg,AMBIGUOUS,AMBIGUOUS_INGREDIENT_SEPARATOR
SRCM-eb2684d866e51f78be71f171,MARKET,13385,"Vitamin B1, B6 & B12",100 mg+200 mg+200 mcg,AMBIGUOUS,AMBIGUOUS_INGREDIENT_SEPARATOR
SRCM-0c7da4291e76957dc369229a,MARKET,13386,"Vitamin B1, B6 & B12",100 mg+200 mg+200 mcg,AMBIGUOUS,AMBIGUOUS_INGREDIENT_SEPARATOR
SRCM-0e5b112efa6ef3fe0ab857be,MARKET,13387,"Vitamin B1, B6 & B12",100 mg+200 mg+200 mcg,AMBIGUOUS,AMBIGUOUS_INGREDIENT_SEPARATOR
SRCM-7d7634599bb566c246dde095,MARKET,13388,"Vitamin B1, B6 & B12",100 mg+200 mg+200 mcg,AMBIGUOUS,AMBIGUOUS_INGREDIENT_SEPARATOR
SRCM-6b6943b2fddd6c626a03e8b3,MARKET,13389,"Vitamin B1, B6 & B12",100 mg+200 mg+200 mcg,AMBIGUOUS,AMBIGUOUS_INGREDIENT_SEPARATOR
SRCM-3ef2498df52742e77edec98d,MARKET,13396,"Vitamin B1, B6 & B12",(100 mg+100 mg+1 mg)/3 ml,AMBIGUOUS,AMBIGUOUS_INGREDIENT_SEPARATOR
SRCM-1320e2681f03f20368b46996,MARKET,13397,"Vitamin B1, B6 & B12",100 mg+200 mg+200 mcg,AMBIGUOUS,AMBIGUOUS_INGREDIENT_SEPARATOR
SRCM-3381d4a63213a73b8d0d732a,MARKET,13399,"Vitamin B1, B6 & B12",100 mg+200 mg+200 mcg,AMBIGUOUS,AMBIGUOUS_INGREDIENT_SEPARATOR
SRCM-c3aade2d8bab55af63d8e2e6,MARKET,13400,"Vitamin B1, B6 & B12",100 mg+200 mg+200 mcg,AMBIGUOUS,AMBIGUOUS_INGREDIENT_SEPARATOR
SRCM-76105cc717eec9b97026407b,MARKET,13404,"Vitamin B1, B6 & B12",100 mg+200 mg+200 mcg,AMBIGUOUS,AMBIGUOUS_INGREDIENT_SEPARATOR
SRCM-e42c0e36ec361a7024178fe1,MARKET,13411,"Vitamin B1, B6 & B12",100 mg+200 mg+200 mcg,AMBIGUOUS,AMBIGUOUS_INGREDIENT_SEPARATOR
SRCM-094823047c7900f791b6fbc0,MARKET,13412,"Vitamin B1, B6 & B12",(100 mg+100 mg+1 mg)/3 ml,AMBIGUOUS,AMBIGUOUS_INGREDIENT_SEPARATOR
SRCM-f03282635371c9d1d6010ad4,MARKET,13414,"Vitamin B1, B6 & B12",100 mg+200 mg+200 mcg,AMBIGUOUS,AMBIGUOUS_INGREDIENT_SEPARATOR
SRCM-07058c4024d4308109d0afab,MARKET,13418,"Vitamin B1, B6 & B12",100 mg+200 mg+200 mcg,AMBIGUOUS,AMBIGUOUS_INGREDIENT_SEPARATOR
SRCM-6f644b49b75454de4f1fc4ad,MARKET,13420,"Vitamin B1, B6 & B12",100 mg+200 mg+200 mcg,AMBIGUOUS,AMBIGUOUS_INGREDIENT_SEPARATOR
SRCM-7ce5f27dfca4b335ae2557d5,MARKET,13427,"Vitamin B1, B6 & B12",100 mg+200 mg+200 mcg,AMBIGUOUS,AMBIGUOUS_INGREDIENT_SEPARATOR
SRCM-886e3f574bae035b6c946225,MARKET,13451,Multivitamin & Cod Liver Oil,,AMBIGUOUS,AMBIGUOUS_INGREDIENT_SEPARATOR
SRCM-1e797b34ac60f70d524408a6,MARKET,13453,Multivitamins & Multiminerals [A-Z prenatal preparation],,AMBIGUOUS,AMBIGUOUS_INGREDIENT_SEPARATOR
SRCM-66e59a2fef91f7d1615e3ef1,MARKET,13455,"Vitamin B1, B6 & B12",100 mg+200 mg+200 mcg,AMBIGUOUS,AMBIGUOUS_INGREDIENT_SEPARATOR
SRCM-6b137baba614752e24c1b890,MARKET,13524,Multivitamin & Multimineral,,AMBIGUOUS,AMBIGUOUS_INGREDIENT_SEPARATOR
SRCM-0a6d5ce6e10c6ae3c12205a1,MARKET,13525,Vitamin B complex,,FAILED,MISSING_STRENGTH
SRCM-8475435fd6ee47b1bc4cf7af,MARKET,13530,"Vitamin B1, B6 & B12",100 mg+200 mg+200 mcg,AMBIGUOUS,AMBIGUOUS_INGREDIENT_SEPARATOR
SRCM-853fe515a769e5f81a8c72b4,MARKET,13531,Multivitamin & Cod Liver Oil,,AMBIGUOUS,AMBIGUOUS_INGREDIENT_SEPARATOR
SRCM-981cb276d9d41503d4981f4e,MARKET,13541,Meningococcal Conjugate Vaccine,0.5 ml/prefilled syringe,FAILED,UNSUPPORTED_STRENGTH_PATTERN
SRCM-bafb9cde44e5bc738e9dd599,MARKET,13577,Multivitamin & Cod Liver Oil,,AMBIGUOUS,AMBIGUOUS_INGREDIENT_SEPARATOR
SRCM-a2d9ba8efa364f4774de3646,MARKET,13578,Multivitamin & Multimineral [A-Z gold preparation],,AMBIGUOUS,AMBIGUOUS_INGREDIENT_SEPARATOR
SRCM-abae5240ad0602bd6451256b,MARKET,13670,Super antioxidant [vitamins & minerals],,AMBIGUOUS,AMBIGUOUS_INGREDIENT_SEPARATOR
SRCM-3a39cd7f81f93787629e24a1,MARKET,13675,"Vitamin B1, B6 & B12",100 mg+200 mg+200 mcg,AMBIGUOUS,AMBIGUOUS_INGREDIENT_SEPARATOR
SRCM-87706c93cc6172d532e2ae1d,MARKET,13761,Multivitamin & Multimineral [A-Z silver preparation],,AMBIGUOUS,AMBIGUOUS_INGREDIENT_SEPARATOR
SRCM-b26399dd34e0bcdadef08bdb,MARKET,13762,Multivitamin & Multimineral [A-Z gold preparation],,AMBIGUOUS,AMBIGUOUS_INGREDIENT_SEPARATOR
SRCM-1f19a84757c0542c03a6623b,MARKET,13796,Biphasic Insulin Aspart [rDNA],30%+70%,AMBIGUOUS,INGREDIENT_STRENGTH_COUNT_MISMATCH
SRCM-afb4a3481f51816333de9e33,MARKET,13797,Biphasic Insulin Aspart [rDNA],30%+70%,AMBIGUOUS,INGREDIENT_STRENGTH_COUNT_MISMATCH
SRCM-47c1337a6f7b82bc84a15d75,MARKET,13805,Enoxaparin Sodium,6000 Anti-Xa IU/0.6 ml,FAILED,UNSUPPORTED_STRENGTH_PATTERN
SRCM-deb0ac049d38719b89ebdd78,MARKET,13806,Enoxaparin Sodium,4000 Anti-Xa IU/0.4 ml,FAILED,UNSUPPORTED_STRENGTH_PATTERN
SRCM-48e4e6e9140bd26ddda82527,MARKET,13807,Enoxaparin Sodium,2000 Anti-Xa IU/0.2 ml,FAILED,UNSUPPORTED_STRENGTH_PATTERN
SRCM-92874644177669f3358570f7,MARKET,13821,"Vitamin B1, B6 & B12",100 mg+200 mg+200 mcg,AMBIGUOUS,AMBIGUOUS_INGREDIENT_SEPARATOR
SRCM-b98fc8859b3345975649516e,MARKET,13837,Iron + Folic acid + Vitamin B complex + Vitamin C,,AMBIGUOUS,AMBIGUOUS_COMBINATION_STRENGTH
SRCM-3d91e0ebd3c78e36e5a6f538,MARKET,13848,Enoxaparin Sodium,8000 Anti-Xa IU/0.8 ml,FAILED,UNSUPPORTED_STRENGTH_PATTERN
SRCM-ce51fd171f6e48c70762c156,MARKET,13851,Vitamin B complex,,FAILED,MISSING_STRENGTH
SRCM-957562e57c7d6fe9a999cd73,MARKET,13852,Vitamin B complex,,FAILED,MISSING_STRENGTH
SRCM-e7a68e2d7e2c244ff4f8bbc2,MARKET,13853,Amino Acid + Glucose + Electrolytes,7%+10%,AMBIGUOUS,INGREDIENT_STRENGTH_COUNT_MISMATCH
SRCM-9e5471d9aad1f4c6e318a8ba,MARKET,13854,Amino Acid + D-Sorbitol + Electrolytes,5%,AMBIGUOUS,INGREDIENT_STRENGTH_COUNT_MISMATCH
SRCM-a0542af31ab552158cfff5dd,MARKET,13855,Amino Acid + D-Sorbitol + Electrolytes,5%,AMBIGUOUS,INGREDIENT_STRENGTH_COUNT_MISMATCH
SRCM-011b1ad347d348e9eaf6f56a,MARKET,13862,"Vitamin B1, B6 & B12",100 mg+200 mg+200 mcg,AMBIGUOUS,AMBIGUOUS_INGREDIENT_SEPARATOR
SRCM-33833ae82bfb49050ec6e54f,MARKET,13863,"Vitamin B1, B6 & B12",100 mg+200 mg+200 mcg,AMBIGUOUS,AMBIGUOUS_INGREDIENT_SEPARATOR
SRCM-39f87ab5a66a832ccd1ec3bf,MARKET,13864,"Vitamin B1, B6 & B12",100 mg+200 mg+200 mcg,AMBIGUOUS,AMBIGUOUS_INGREDIENT_SEPARATOR
SRCM-4ade829b1d1a9f1997bc2fd2,MARKET,13865,Multivitamin & Multimineral [A-Z silver preparation],,AMBIGUOUS,AMBIGUOUS_INGREDIENT_SEPARATOR
SRCM-ff9fe385340ec2e25811f637,MARKET,13866,Multivitamin & Multimineral [A-Z gold preparation],,AMBIGUOUS,AMBIGUOUS_INGREDIENT_SEPARATOR
SRCM-4d6569ffdb1a8be7d399964e,MARKET,13867,Multivitamin [Pediatric preparation],,FAILED,MISSING_STRENGTH
SRCM-52430784f202561d9d40b4cd,MARKET,13869,"Vitamin B1, B6 & B12",100 mg+200 mg+200 mcg,AMBIGUOUS,AMBIGUOUS_INGREDIENT_SEPARATOR
SRCM-2131ae0f5e83e42aad37b142,MARKET,13870,"Vitamin B1, B6 & B12",(100 mg+100 mg+1 mg)/3 ml,AMBIGUOUS,AMBIGUOUS_INGREDIENT_SEPARATOR
SRCM-93772ce61b203c7b87009549,MARKET,13900,Super antioxidant [vitamins & minerals],,AMBIGUOUS,AMBIGUOUS_INGREDIENT_SEPARATOR
SRCM-0c02598462698b09b33b0519,MARKET,13901,Multivitamins & Multiminerals [A-Z prenatal preparation],,AMBIGUOUS,AMBIGUOUS_INGREDIENT_SEPARATOR
SRCM-309a6278a2fb5adf6b27a33b,MARKET,13902,Multivitamin & Cod Liver Oil,,AMBIGUOUS,AMBIGUOUS_INGREDIENT_SEPARATOR
SRCM-4e413ef6261e3f58e2b5f034,MARKET,13903,Multivitamin & Multimineral [A-Z juniors syrup preparation],,AMBIGUOUS,AMBIGUOUS_INGREDIENT_SEPARATOR
SRCM-18aa2672237b0bd090a75093,MARKET,13904,Multivitamin & Multimineral [A-Z gold preparation],,AMBIGUOUS,AMBIGUOUS_INGREDIENT_SEPARATOR
SRCM-baba77971e327b48af58afed,MARKET,13905,"Vitamin C, Vitamin E, Lutein, Copper & Zinc",,AMBIGUOUS,AMBIGUOUS_INGREDIENT_SEPARATOR
SRCM-a03b2a854148935835028406,MARKET,13906,Calcium Carbonate + Vitamin D3 + Multimineral,,AMBIGUOUS,AMBIGUOUS_COMBINATION_STRENGTH
SRCM-0f5d04ae9610eced33515e46,MARKET,13907,Multivitamin & Multimineral [A-Z silver preparation],,AMBIGUOUS,AMBIGUOUS_INGREDIENT_SEPARATOR
SRCM-f307d05f8ff606a438108a36,MARKET,13908,Vitamin B complex,,FAILED,MISSING_STRENGTH
SRCM-a3790a802d180ea2bf692209,MARKET,13929,Ibandronic Acid & Calcium Orotate,150 mg & 740 mg,AMBIGUOUS,AMBIGUOUS_INGREDIENT_SEPARATOR
SRCM-ed2ae261e2f3612154e6aed1,MARKET,13934,Oral Rehydration Salt [Flavored],,FAILED,MISSING_STRENGTH
SRCM-7ff211c7044d19f42749d488,MARKET,13991,"Vitamin C, Vitamin E, Lutein, Copper & Zinc",,AMBIGUOUS,AMBIGUOUS_INGREDIENT_SEPARATOR
SRCM-3adc7b2f8d0fcc591af5c799,MARKET,14002,Ofloxacin (Oral & Injection),400 mg,AMBIGUOUS,AMBIGUOUS_INGREDIENT_SEPARATOR
SRCM-780c4864a8734b07e78bfb43,MARKET,14003,Ofloxacin (Oral & Injection),200 mg,AMBIGUOUS,AMBIGUOUS_INGREDIENT_SEPARATOR
SRCM-3d234b7f5335887454463068,MARKET,14258,Carbonyl Iron + Folic Acid + Zinc Sulfate + Vitamin B Complex + Vitamin C,,AMBIGUOUS,AMBIGUOUS_COMBINATION_STRENGTH
SRCM-bfca3e85945750ff65ecf355,MARKET,14270,Multivitamin & Multimineral [A-Z gold preparation],,AMBIGUOUS,AMBIGUOUS_INGREDIENT_SEPARATOR
SRCM-1b5c0e88aab98d93f829066d,MARKET,14285,Calcium Carbonate + Vitamin D3 + Multimineral,,AMBIGUOUS,AMBIGUOUS_COMBINATION_STRENGTH
SRCM-5a7b16c6f86f78405d613597,MARKET,14359,Vitamin B Complex + Zinc,,AMBIGUOUS,AMBIGUOUS_COMBINATION_STRENGTH
SRCM-d126fac0c44e0d47d9d427cc,MARKET,14360,Vitamin B Complex + Zinc,,AMBIGUOUS,AMBIGUOUS_COMBINATION_STRENGTH
SRCM-367febd525adf27c9b81d2a1,MARKET,14361,Multivitamin & Multimineral,,AMBIGUOUS,AMBIGUOUS_INGREDIENT_SEPARATOR
SRCM-57cd0eadcf7906ffa4e9a9bd,MARKET,14362,Vitamin B complex + Vitamin C,,AMBIGUOUS,AMBIGUOUS_COMBINATION_STRENGTH
SRCM-b24b9e74b293235f54565b9d,MARKET,14363,Vitamin B complex,,FAILED,MISSING_STRENGTH
SRCM-2b86d106c4d4f270cbed168b,MARKET,14364,Vitamin B complex,,FAILED,MISSING_STRENGTH
SRCM-209c7335c0616d7ad8194737,MARKET,14365,Vitamin B complex,,FAILED,MISSING_STRENGTH
SRCM-0a91a03f5765db84ac590de8,MARKET,14373,Balanced Salt Solution,,FAILED,MISSING_STRENGTH
SRCM-6df1f88e973c9923f212b1bd,MARKET,14377,Iron Polymaltose Complex + Vitamin B Complex + Zinc,,AMBIGUOUS,AMBIGUOUS_COMBINATION_STRENGTH
SRCM-5c942d860bfeb26f6a508525,MARKET,14405,"Vitamin C, Vitamin E, Lutein, Copper & Zinc",,AMBIGUOUS,AMBIGUOUS_INGREDIENT_SEPARATOR
SRCM-3db2ba5cf7af0e65427d6498,MARKET,14409,"Vitamin C, Vitamin E, Lutein, Copper & Zinc",,AMBIGUOUS,AMBIGUOUS_INGREDIENT_SEPARATOR
SRCM-40ecf746a9420ac5cb08c6c0,MARKET,14437,Vitamin B complex,,FAILED,MISSING_STRENGTH
SRCM-202e504d2ba90da0800bf749,MARKET,14438,Vitamin B complex,,FAILED,MISSING_STRENGTH
SRCM-3c1c76b659cb8dbbfd1e64ea,MARKET,14439,Vitamin B complex,,FAILED,MISSING_STRENGTH
SRCM-b73bb2a1035ca7aae76fa5ac,MARKET,14440,Vitamin B complex,,FAILED,MISSING_STRENGTH
SRCM-5ebf9f0611a40038672b9ae3,MARKET,14449,Vitamin B Complex + Zinc,,AMBIGUOUS,AMBIGUOUS_COMBINATION_STRENGTH
SRCM-7a650b0f3b79dec7d0c5d9ed,MARKET,14450,Oral Polio Vaccine,1 dose=2 drop=0.1 ml,FAILED,UNSUPPORTED_STRENGTH_PATTERN
SRCM-e73f917937eed94d29a1baf1,MARKET,14465,Menthol + Thymol + Eucalyptol  + Methyl Salicylate,,AMBIGUOUS,AMBIGUOUS_COMBINATION_STRENGTH
SRCM-0fc5d18df8e1a5f3a0759750,MARKET,14466,TTO Thermal Toothpaste,,FAILED,MISSING_STRENGTH
SRCM-39fbecf686bc6148803532c8,MARKET,14467,Menthol + Thymol + Eucalyptol  + Methyl Salicylate,,AMBIGUOUS,AMBIGUOUS_COMBINATION_STRENGTH
SRCM-e38a1e62cc780d594a8f99ac,MARKET,14476,Calcium Carbonate + Vitamin D3 + Multimineral,,AMBIGUOUS,AMBIGUOUS_COMBINATION_STRENGTH
SRCM-e5335448b2037096e45d058a,MARKET,14482,Iron Polymaltose Complex + Vitamin B Complex + Zinc,,AMBIGUOUS,AMBIGUOUS_COMBINATION_STRENGTH
SRCM-1096ac043e3f7744a308af50,MARKET,14507,Tea tree oil + Echinacea + Geothermal water,,AMBIGUOUS,AMBIGUOUS_COMBINATION_STRENGTH
SRCM-49dd12dd03a48ceacbca072f,MARKET,14568,"Vitamin B1, B6 & B12",100 mg+200 mg+200 mcg,AMBIGUOUS,AMBIGUOUS_INGREDIENT_SEPARATOR
SRCM-beac9a0245e85e8412e7f6fd,MARKET,14580,Multivitamin & Multimineral,,AMBIGUOUS,AMBIGUOUS_INGREDIENT_SEPARATOR
SRCM-a3221f01770f16e1f6f04ffb,MARKET,14581,Vitamin B complex,,FAILED,MISSING_STRENGTH
SRCM-4efc6b0bd69dc61447256966,MARKET,14582,Vitamin B complex,,FAILED,MISSING_STRENGTH
SRCM-44251c6c0a774049d5802310,MARKET,14599,Menthol + Thymol + Eucalyptol  + Methyl Salicylate,,AMBIGUOUS,AMBIGUOUS_COMBINATION_STRENGTH
SRCM-34bef439253a5e92b8743e45,MARKET,14607,Iron Polymaltose Complex + Vitamin B Complex + Zinc,,AMBIGUOUS,AMBIGUOUS_COMBINATION_STRENGTH
SRCM-b95a5681965f0ac65c55220d,MARKET,14610,Menthol + Thymol + Eucalyptol  + Methyl Salicylate,,AMBIGUOUS,AMBIGUOUS_COMBINATION_STRENGTH
SRCM-ec99366cc7dcd9de1d8e2198,MARKET,14611,Menthol + Thymol + Eucalyptol  + Methyl Salicylate,,AMBIGUOUS,AMBIGUOUS_COMBINATION_STRENGTH
SRCM-1ea840f600215e7cc774f382,MARKET,14613,Ibandronic Acid & Calcium Orotate,150 mg & 740 mg,AMBIGUOUS,AMBIGUOUS_INGREDIENT_SEPARATOR
SRCM-c6e1da05353a9aeb54d8ebc0,MARKET,14614,Ibandronic Acid & Calcium Orotate,150 mg & 400 mg,AMBIGUOUS,AMBIGUOUS_INGREDIENT_SEPARATOR
SRCM-f8a9a77a52f74fad8cf349b0,MARKET,14620,Eucalyptol + Menthol + Methyl Salicylate + Thymol + Sodium Fluoride,,AMBIGUOUS,AMBIGUOUS_COMBINATION_STRENGTH
SRCM-a90bb11ceccb3a70e26e988a,MARKET,14621,Menthol + Thymol + Eucalyptol  + Methyl Salicylate,,AMBIGUOUS,AMBIGUOUS_COMBINATION_STRENGTH
SRCM-473e5b904ae42f0de9631575,MARKET,14654,Oral Rehydration Salt [Flavored],,FAILED,MISSING_STRENGTH
SRCM-bee84b76b2d70b30136348f3,MARKET,14661,Calcium Carbonate + Vitamin D3 + Multimineral,,AMBIGUOUS,AMBIGUOUS_COMBINATION_STRENGTH
SRCM-31dc34f6b46033450a6583fb,MARKET,14698,"Vitamin B1, B6 & B12",100 mg+200 mg+200 mcg,AMBIGUOUS,AMBIGUOUS_INGREDIENT_SEPARATOR
SRCM-02be4a35e6b15a5b3d288867,MARKET,14723,Calcium + Vitamin D3 + Vitamin C + Vitamin E + Multimineral,,AMBIGUOUS,AMBIGUOUS_COMBINATION_STRENGTH
SRCM-2f0caf04f0b129f0b346cb9a,MARKET,14731,Calcium Carbonate + Vitamin D3 + Multimineral,,AMBIGUOUS,AMBIGUOUS_COMBINATION_STRENGTH
SRCM-55de37b3c8a73cf477c69e64,MARKET,14736,Calcium Carbonate + Vitamin D3 + Multimineral,,AMBIGUOUS,AMBIGUOUS_COMBINATION_STRENGTH
SRCM-3bf734100b999fe3203fe79e,MARKET,14743,Multivitamin & Multimineral [A-Z gold preparation],,AMBIGUOUS,AMBIGUOUS_INGREDIENT_SEPARATOR
SRCM-1fd4f01c7bef6721cd5604eb,MARKET,14880,Vitamin B Complex + Zinc,,AMBIGUOUS,AMBIGUOUS_COMBINATION_STRENGTH
SRCM-a34772074171f82bcb8c256f,MARKET,14913,"Vitamin B1, B6 & B12",(100 mg+100 mg+1 mg)/3 ml,AMBIGUOUS,AMBIGUOUS_INGREDIENT_SEPARATOR
SRCM-a84e0ed9eda8eba36db29eba,MARKET,14914,"Vitamin B1, B6 & B12",100 mg+200 mg+200 mcg,AMBIGUOUS,AMBIGUOUS_INGREDIENT_SEPARATOR
SRCM-e47641be2b879d38450717ce,MARKET,14925,Vitamin B complex,,FAILED,MISSING_STRENGTH
SRCM-c213a6e433ec9d8e61126821,MARKET,15136,Human Papillomavirus Bivalent (Types 16 & 18),0.5 ml/dose,AMBIGUOUS,AMBIGUOUS_INGREDIENT_SEPARATOR
SRCM-177e80385c55ee760cea83d1,MARKET,15140,Enoxaparin Sodium,8000 Anti-Xa IU/0.8 ml,FAILED,UNSUPPORTED_STRENGTH_PATTERN
SRCM-825d2881ffba3927308bfe53,MARKET,15141,Enoxaparin Sodium,6000 Anti-Xa IU/0.6 ml,FAILED,UNSUPPORTED_STRENGTH_PATTERN
SRCM-7adeae337b8b111938bc464a,MARKET,15142,Enoxaparin Sodium,4000 Anti-Xa IU/0.4 ml,FAILED,UNSUPPORTED_STRENGTH_PATTERN
SRCM-6d928987ab22751358c32222,MARKET,15143,Enoxaparin Sodium,2000 Anti-Xa IU/0.2 ml,FAILED,UNSUPPORTED_STRENGTH_PATTERN
SRCM-c071d4f7f486b97ee9c2f35f,MARKET,15217,Multivitamin & Cod Liver Oil,,AMBIGUOUS,AMBIGUOUS_INGREDIENT_SEPARATOR
SRCM-f9d45fe95c36e68acfd6af16,MARKET,15218,"Protein, Fat, Carbohydrate, Vitamin & Mineral",,AMBIGUOUS,AMBIGUOUS_INGREDIENT_SEPARATOR
SRCM-fd317de3cdf59494d9da8af2,MARKET,15219,"Protein, Fat, Carbohydrate, Vitamin & Mineral",,AMBIGUOUS,AMBIGUOUS_INGREDIENT_SEPARATOR
SRCM-4a95fc6bb577eafbe6fa1fa2,MARKET,15220,"Protein, Fat, Carbohydrate, Vitamin & Mineral",,AMBIGUOUS,AMBIGUOUS_INGREDIENT_SEPARATOR
SRCM-0333b838e6618938845525e7,MARKET,15274,Benzyl Penicillin,10 lac unit/vial,FAILED,UNSUPPORTED_STRENGTH_PATTERN
SRCM-c15e4837f2c27bf72382de51,MARKET,15279,Benzyl Penicillin,5 lac unit/vial,FAILED,UNSUPPORTED_STRENGTH_PATTERN
SRCM-d8582a49acd1dd50784635b7,MARKET,15307,Vitamin B Complex + Zinc,,AMBIGUOUS,AMBIGUOUS_COMBINATION_STRENGTH
SRCM-b2f680ca3df2665665082595,MARKET,15308,Vitamin B Complex + Zinc,,AMBIGUOUS,AMBIGUOUS_COMBINATION_STRENGTH
SRCM-1e2a71cb7cca70412e30aa38,MARKET,15310,Vitamin B complex,,FAILED,MISSING_STRENGTH
SRCM-a263191c858229327b31d466,MARKET,15409,Sodium Succinate + Cytochrome C + Adenosine + Nicotinamide,,AMBIGUOUS,AMBIGUOUS_COMBINATION_STRENGTH
SRCM-b6f0bd819a8ef2f92a94a2dd,MARKET,15425,Sodium Succinate + Cytochrome C + Adenosine + Nicotinamide,,AMBIGUOUS,AMBIGUOUS_COMBINATION_STRENGTH
SRCM-e09bb066681e619af320940d,MARKET,15456,Multivitamin [Pediatric preparation],,FAILED,MISSING_STRENGTH
SRCM-be6fa19e57fb2c1656d3271a,MARKET,15470,Caprylic + Capric Triglyceride,,AMBIGUOUS,AMBIGUOUS_COMBINATION_STRENGTH
SRCM-6a17315726c512367f44d287,MARKET,15471,Caprylic + Capric Triglyceride,,AMBIGUOUS,AMBIGUOUS_COMBINATION_STRENGTH
SRCM-14441da302ca2567840a3d9c,MARKET,15559,Vitamin B complex,,FAILED,MISSING_STRENGTH
SRCM-2cc9226f6f0917fa4633ba85,MARKET,15582,Multivitamin & Multimineral,,AMBIGUOUS,AMBIGUOUS_INGREDIENT_SEPARATOR
SRCM-e85e8c08513a08baf2c1a61a,MARKET,15583,Vitamin B complex,,FAILED,MISSING_STRENGTH
SRCM-4e1b27c41873bc50996d9e12,MARKET,15591,Multivitamin & Cod Liver Oil,,AMBIGUOUS,AMBIGUOUS_INGREDIENT_SEPARATOR
SRCM-d29fff03573ef8f6542e8121,MARKET,15601,Multivitamin & Multimineral,,AMBIGUOUS,AMBIGUOUS_INGREDIENT_SEPARATOR
SRCM-c8504ca6764224df9a296355,MARKET,15602,Vitamin B complex,,FAILED,MISSING_STRENGTH
SRCM-76ed42de1b89ade20d9ec6e3,MARKET,15639,Iron Polymaltose Complex + Vitamin B Complex + Zinc,,AMBIGUOUS,AMBIGUOUS_COMBINATION_STRENGTH
SRCM-89da25a6855100cede52ed85,MARKET,15682,Amino Acid + D-Sorbitol + Electrolytes,5%,AMBIGUOUS,INGREDIENT_STRENGTH_COUNT_MISMATCH
SRCM-34a88791ead82fa420e3e768,MARKET,15688,Multivitamin & Multimineral [A-Z silver preparation],,AMBIGUOUS,AMBIGUOUS_INGREDIENT_SEPARATOR
SRCM-4d7395f61e3e19619cd83e3b,MARKET,15689,Multivitamin & Multimineral [A-Z gold preparation],,AMBIGUOUS,AMBIGUOUS_INGREDIENT_SEPARATOR
SRCM-8ad125e79223ef3a797b7f2c,MARKET,15691,"Vitamin B1, B6 & B12",(100 mg+100 mg+1 mg)/3 ml,AMBIGUOUS,AMBIGUOUS_INGREDIENT_SEPARATOR
SRCM-6e460140aefa2c3b57b47ff8,MARKET,15692,"Vitamin B1, B6 & B12",100 mg+200 mg+200 mcg,AMBIGUOUS,AMBIGUOUS_INGREDIENT_SEPARATOR
SRCM-bb3633e4707b34bc50dfdd56,MARKET,15744,Multivitamins & Multiminerals [A-Z prenatal preparation],,AMBIGUOUS,AMBIGUOUS_INGREDIENT_SEPARATOR
SRCM-57c13a5c5a7b4337b2bc8159,MARKET,15818,,(3 gm+75 mg+22.5 mg+5 mg)/5 gm,FAILED,MISSING_INGREDIENT
SRCM-d5afe6b3a361f4f93b3901f1,MARKET,15841,Iron + Folic Acid + Vitamin B Complex + Vitamine C + Zinc Sulfate,,AMBIGUOUS,AMBIGUOUS_COMBINATION_STRENGTH
SRCM-fb90bc479066a86e4ebc2342,MARKET,15842,Iron + Folic Acid + Vitamin B Complex + Vitamine C + Zinc Sulfate,,AMBIGUOUS,AMBIGUOUS_COMBINATION_STRENGTH
SRCM-00eeafb9833fc113b3f2323c,MARKET,15843,Iron Polymaltose Complex + Folic Acid + Zinc + Vitamin B-Complex,,AMBIGUOUS,AMBIGUOUS_COMBINATION_STRENGTH
SRCM-7faca7bc9380b8811125e3bc,MARKET,15882,Carbonyl Iron + Folic Acid + Zinc Sulfate + Vitamin B Complex + Vitamin C,,AMBIGUOUS,AMBIGUOUS_COMBINATION_STRENGTH
SRCM-cb0c5c340dfd3e149b5a8e62,MARKET,15884,Iron + Folic acid + Vitamin B complex + Vitamin C,,AMBIGUOUS,AMBIGUOUS_COMBINATION_STRENGTH
SRCM-128ea74af4ad1471ca493b2b,MARKET,15943,Measles and Rubella,0.5 ml,AMBIGUOUS,AMBIGUOUS_INGREDIENT_SEPARATOR
SRCM-547439d11e8b9854d093ed9e,MARKET,16002,Ketoprofen (oral & injection),100 mg,AMBIGUOUS,AMBIGUOUS_INGREDIENT_SEPARATOR
SRCM-fe4e9a6fe2e99eb50c3a6738,MARKET,16003,Ketoprofen (oral & injection),50 mg,AMBIGUOUS,AMBIGUOUS_INGREDIENT_SEPARATOR
SRCM-dfdae71c469438a32c545050,MARKET,16004,Ketoprofen (oral & injection),200 mg,AMBIGUOUS,AMBIGUOUS_INGREDIENT_SEPARATOR
SRCM-025a652ffac958ebad81ab9f,MARKET,16005,Ketoprofen (oral & injection),100 mg,AMBIGUOUS,AMBIGUOUS_INGREDIENT_SEPARATOR
SRCM-924c3bfc5d3dd3ba8e04a5f7,MARKET,16007,Ketoprofen (oral & injection),100 mg/2 ml,AMBIGUOUS,AMBIGUOUS_INGREDIENT_SEPARATOR
SRCM-9914d31ebc6afa3e5a788b7d,MARKET,16025,Amino Acid + Glucose + Electrolytes,7%+10%,AMBIGUOUS,INGREDIENT_STRENGTH_COUNT_MISMATCH
SRCM-25ed33cfe9467ffc29b8427d,MARKET,16026,Amino Acid + D-Sorbitol + Electrolytes,5%,AMBIGUOUS,INGREDIENT_STRENGTH_COUNT_MISMATCH
SRCM-cbfb49fd5630a971782685e0,MARKET,16070,Amino Acid + D-Sorbitol + Electrolytes,5%,AMBIGUOUS,INGREDIENT_STRENGTH_COUNT_MISMATCH
SRCM-d3ebade1d0f0f54734596624,MARKET,16101,Amino Acid + D-Sorbitol + Electrolytes,5%,AMBIGUOUS,INGREDIENT_STRENGTH_COUNT_MISMATCH
SRCM-cc83452d036b0470e3210b26,MARKET,16109,Calcium Carbonate + Vitamin D3 + Multimineral,,AMBIGUOUS,AMBIGUOUS_COMBINATION_STRENGTH
SRCM-b36ed3f1735fb80658e7a357,MARKET,16155,Amino Acid + Dextrose + Eloctrolytes,7%+10%,AMBIGUOUS,INGREDIENT_STRENGTH_COUNT_MISMATCH
SRCM-91d8389589fad8f0c7d28390,MARKET,16157,Amino Acid + Glucose + Electrolytes,7%+10%,AMBIGUOUS,INGREDIENT_STRENGTH_COUNT_MISMATCH
SRCM-1e875de13412c71b120a96c3,MARKET,16158,Amino Acid + D-Sorbitol + Electrolytes,5%,AMBIGUOUS,INGREDIENT_STRENGTH_COUNT_MISMATCH
SRCM-b3346efc0007df7350cc4546,MARKET,16167,Multivitamin & Multimineral [A-Z silver preparation],,AMBIGUOUS,AMBIGUOUS_INGREDIENT_SEPARATOR
SRCM-78e091e568bf27b6c69a53cf,MARKET,16168,Multivitamin & Multimineral [A-Z junior infusion preparation],,AMBIGUOUS,AMBIGUOUS_INGREDIENT_SEPARATOR
SRCM-3319475ebd59653574395ab2,MARKET,16169,Multivitamin & Multimineral [A-Z juniors syrup preparation],,AMBIGUOUS,AMBIGUOUS_INGREDIENT_SEPARATOR
SRCM-c27745676e0cf443d003f23f,MARKET,16170,Multivitamin & Multimineral [A-Z gold preparation],,AMBIGUOUS,AMBIGUOUS_INGREDIENT_SEPARATOR
SRCM-3c0d2a3630a21f57b3ce9e81,MARKET,16171,"Vitamin A, Vitamin B complex, Vitamin C , Vitamin D and Vitamin E",,AMBIGUOUS,AMBIGUOUS_INGREDIENT_SEPARATOR
SRCM-bf7abca52d12e244386d101e,MARKET,16172,Vitamin B complex,,FAILED,MISSING_STRENGTH
SRCM-350cc0277a29911ba4eba95e,MARKET,16173,Vitamin B complex,,FAILED,MISSING_STRENGTH
SRCM-2af689d6bb50bc4b25211ec2,MARKET,16174,Iron + Folic Acid + Vitamin B Complex + Vitamine C + Zinc Sulfate,,AMBIGUOUS,AMBIGUOUS_COMBINATION_STRENGTH
SRCM-a4cf25ea7e2f94d32899e72b,MARKET,16220,Multivitamin & Multimineral [A-Z for infanrs & childrens],1 gm/sachet,AMBIGUOUS,AMBIGUOUS_INGREDIENT_SEPARATOR
SRCM-7c8ed46a0446cd91db503573,MARKET,16353,"Vitamin C, Vitamin E, Lutein, Copper & Zinc",,AMBIGUOUS,AMBIGUOUS_INGREDIENT_SEPARATOR
SRCM-ab6057281ecd33bddab16b44,MARKET,16428,Sodium Succinate + Cytochrome C + Adenosine + Nicotinamide,,AMBIGUOUS,AMBIGUOUS_COMBINATION_STRENGTH
SRCM-75b90a8f350130787a80224c,MARKET,16532,Vitamin B complex,,FAILED,MISSING_STRENGTH
SRCM-0d8e2ad137e651b8e33e2dfb,MARKET,16533,Vitamin B complex,,FAILED,MISSING_STRENGTH
SRCM-d39b4c7793621cdfbee72b11,MARKET,16549,"Vitamin B1, B6 & B12",100 mg+200 mg+200 mcg,AMBIGUOUS,AMBIGUOUS_INGREDIENT_SEPARATOR
SRCM-627e830b6fe0d0a549e67fb9,MARKET,16576,"Vitamin B1, B6 & B12",(100 mg+100 mg+1 mg)/3 ml,AMBIGUOUS,AMBIGUOUS_INGREDIENT_SEPARATOR
SRCM-61a521e8bfaad0140bf03836,MARKET,16597,Iron + Folic Acid + Vitamin B Complex + Vitamine C + Zinc Sulfate,,AMBIGUOUS,AMBIGUOUS_COMBINATION_STRENGTH
SRCM-4896840acf0b4d3bffa2fb01,MARKET,16621,Iron Polymaltose Complex + Folic Acid + Zinc + Vitamin B-Complex,,AMBIGUOUS,AMBIGUOUS_COMBINATION_STRENGTH
SRCM-0381b9db99143628dc021cde,MARKET,16684,"Vitamin B1, B6 & B12",(100 mg+100 mg+1 mg)/3 ml,AMBIGUOUS,AMBIGUOUS_INGREDIENT_SEPARATOR
SRCM-ffa0c847ef50e09248e4fdf8,MARKET,16689,"Vitamin B1, B6 & B12",100 mg+200 mg+200 mcg,AMBIGUOUS,AMBIGUOUS_INGREDIENT_SEPARATOR
SRCM-0ca7e32b88fbb567ca115c35,MARKET,16739,Multivitamin & Multimineral,,AMBIGUOUS,AMBIGUOUS_INGREDIENT_SEPARATOR
SRCM-49289aee1ef7c5759969c9fc,MARKET,16743,Vitamin B complex,,FAILED,MISSING_STRENGTH
SRCM-9aaac415a42f3e3e06c32156,MARKET,16744,Vitamin B complex,,FAILED,MISSING_STRENGTH
SRCM-d070f6dbd123e8834cb4ead8,MARKET,16763,"Vitamin B1, B6 & B12",100 mg+200 mg+200 mcg,AMBIGUOUS,AMBIGUOUS_INGREDIENT_SEPARATOR
SRCM-709ab119e222722cf06b6851,MARKET,16772,Bicarbonate Component [HCO3 Hemodialysis Solution],,FAILED,MISSING_STRENGTH
SRCM-1a4e99b541b8bb224fe14505,MARKET,16773,Acidic component [HCO3 Hemodialysis Solution],,FAILED,MISSING_STRENGTH
SRCM-139f0204cdcb871c0078668f,MARKET,16789,Iron Polymaltose Complex + Vitamin B Complex + Zinc,,AMBIGUOUS,AMBIGUOUS_COMBINATION_STRENGTH
SRCM-a72988f0341ff2b7a28c13a6,MARKET,16796,"Vitamin B1, B6 & B12",(100 mg+100 mg+1 mg)/3 ml,AMBIGUOUS,AMBIGUOUS_INGREDIENT_SEPARATOR
SRCM-64a3f1eeb17830e67fda5dca,MARKET,16797,"Vitamin B1, B6 & B12",100 mg+200 mg+200 mcg,AMBIGUOUS,AMBIGUOUS_INGREDIENT_SEPARATOR
SRCM-53889f159c4c3415ad717a29,MARKET,16805,Multivitamin & Multimineral [A-Z silver preparation],,AMBIGUOUS,AMBIGUOUS_INGREDIENT_SEPARATOR
SRCM-870af9fc9f26295a0a2864e3,MARKET,16806,Multivitamin & Multimineral [A-Z gold preparation],,AMBIGUOUS,AMBIGUOUS_INGREDIENT_SEPARATOR
SRCM-cbb8580baa104b6b55aa66cd,MARKET,16807,Vitamin B complex,,FAILED,MISSING_STRENGTH
SRCM-1f77798e89939a777fe55380,MARKET,16808,Vitamin B complex,,FAILED,MISSING_STRENGTH
SRCM-5e1cc9b5eeda03d758a6f2e9,MARKET,16809,"Vitamin B1, B2 & B6",(100 mg+50 mg+100 mg)/2 ml,AMBIGUOUS,AMBIGUOUS_INGREDIENT_SEPARATOR
SRCM-afd51611760c1a19f122a8b4,MARKET,16822,Amino Acid + Glucose + Electrolytes,7%+10%,AMBIGUOUS,INGREDIENT_STRENGTH_COUNT_MISMATCH
SRCM-d41dcbc6edb935e1601b57b6,MARKET,16823,Amino Acid + D-Sorbitol + Electrolytes,5%,AMBIGUOUS,INGREDIENT_STRENGTH_COUNT_MISMATCH
SRCM-405841cb5935d4821acd3090,MARKET,16879,Vitamin B complex + Vitamin C,,AMBIGUOUS,AMBIGUOUS_COMBINATION_STRENGTH
SRCM-ba6ca9292ecbd551e0470f29,MARKET,16880,Multivitamin [Pediatric preparation],,FAILED,MISSING_STRENGTH
SRCM-024b65800b4cfe310755d445,MARKET,16881,Vitamin B complex,,FAILED,MISSING_STRENGTH
SRCM-afad0fa7d609c1e829009020,MARKET,16882,Multivitamin & Multimineral [A-Z silver preparation],,AMBIGUOUS,AMBIGUOUS_INGREDIENT_SEPARATOR
SRCM-f39ffcecdfb26a4943464d4f,MARKET,16883,Multivitamin & Multimineral [A-Z gold preparation],,AMBIGUOUS,AMBIGUOUS_INGREDIENT_SEPARATOR
SRCM-48cb0e814d9fdc878b8c4cd2,MARKET,16897,Multivitamin & Multimineral,,AMBIGUOUS,AMBIGUOUS_INGREDIENT_SEPARATOR
SRCM-bafa129ffdd90c778ecbee36,MARKET,16898,Vitamin B complex,,FAILED,MISSING_STRENGTH
SRCM-bc619e06ee93fba7704f8d53,MARKET,16930,Cinchocaine + Hydrocortisone + Neomycin + Esculin,,AMBIGUOUS,AMBIGUOUS_COMBINATION_STRENGTH
SRCM-61a78c5877c644cda64a95f9,MARKET,16942,Multivitamin & Multimineral [A-Z gold preparation],,AMBIGUOUS,AMBIGUOUS_INGREDIENT_SEPARATOR
SRCM-482532eddc56de5649de4b76,MARKET,16943,Multivitamin & Multimineral [A-Z silver preparation],,AMBIGUOUS,AMBIGUOUS_INGREDIENT_SEPARATOR
SRCM-f5808da778880b9fc14f71d9,MARKET,16944,Multivitamin & Multimineral [A-Z teen girls preparation],,AMBIGUOUS,AMBIGUOUS_INGREDIENT_SEPARATOR
SRCM-0d085b7a5854c48ea89eea04,MARKET,16945,Multivitamin & Multimineral [A-Z teen boys preparation],,AMBIGUOUS,AMBIGUOUS_INGREDIENT_SEPARATOR
SRCM-2f9e28dcc1882671024e2c24,MARKET,16946,Multivitamin & Multimineral,,AMBIGUOUS,AMBIGUOUS_INGREDIENT_SEPARATOR
SRCM-c7a13239edec2e0b3d9357ae,MARKET,16966,Multivitamin & Multimineral [A-Z silver preparation],,AMBIGUOUS,AMBIGUOUS_INGREDIENT_SEPARATOR
SRCM-e342885a1f3bbe1d5e0bef2c,MARKET,16967,Multivitamin & Cod Liver Oil,,AMBIGUOUS,AMBIGUOUS_INGREDIENT_SEPARATOR
SRCM-099d6f137a62c5c355e6ecd0,MARKET,16968,Multivitamin & Multimineral [A-Z gold preparation],,AMBIGUOUS,AMBIGUOUS_INGREDIENT_SEPARATOR
SRCM-593d5db2d623940589e9d2dc,MARKET,17001,Oral Rehydration Salt [Rice Based],,FAILED,MISSING_STRENGTH
SRCM-f5419fcee5e26244bfd565df,MARKET,17002,Oral Rehydration Salt [Rice Based],,FAILED,MISSING_STRENGTH
SRCM-c8731b7d9dd57cb42cfee3bf,MARKET,17003,Oral Rehydration Salt [Rice Based],,FAILED,MISSING_STRENGTH
SRCM-62cedbb78f3dbfdeef393e51,MARKET,17028,Vitamin B complex,,FAILED,MISSING_STRENGTH
SRCM-2774610d448a1dbf01d7ff80,MARKET,17029,Ringer's Lactate Solution,,FAILED,MISSING_STRENGTH
SRCM-262bb008a53aa4d02d68b3cd,MARKET,17158,Calcium Carbonate + Vitamin D3 + Multimineral,,AMBIGUOUS,AMBIGUOUS_COMBINATION_STRENGTH
SRCM-85b1d96ce0c2d86ea9f4cf9d,MARKET,17159,Calcium Carbonate + Vitamin D3 + Multimineral,,AMBIGUOUS,AMBIGUOUS_COMBINATION_STRENGTH
SRCM-a0457fe50d5ce034b8ea8147,MARKET,17267,Casirivimab + Imdevimab,1332 mg/11.1 ml & 1332 mg/11.1 ml,AMBIGUOUS,INGREDIENT_STRENGTH_COUNT_MISMATCH
SRCM-69adbaf77a3e540cfbf2b497,MARKET,17268,Casirivimab + Imdevimab,300 mg/2.5 ml & 300 mg/2.5 ml,AMBIGUOUS,INGREDIENT_STRENGTH_COUNT_MISMATCH
SRCM-97a9abb0e914da721553e196,MARKET,17397,Iron + Folic acid + Vitamin B complex + Vitamin C,,AMBIGUOUS,AMBIGUOUS_COMBINATION_STRENGTH
SRCM-b60636a6df74a6907c43c4a6,MARKET,17410,Measles and Rubella,0.5 ml,AMBIGUOUS,AMBIGUOUS_INGREDIENT_SEPARATOR
SRCM-4345d0332d9b66833e9410f9,MARKET,17437,Ofloxacin (Oral & Injection),400 mg,AMBIGUOUS,AMBIGUOUS_INGREDIENT_SEPARATOR
SRCM-94cbb4697a026cb86bde6e07,MARKET,17438,Ofloxacin (Oral & Injection),200 mg,AMBIGUOUS,AMBIGUOUS_INGREDIENT_SEPARATOR
SRCM-85e1ee0a6baa13795d94c309,MARKET,17449,Streptokinase,1.5 million unit,FAILED,UNSUPPORTED_STRENGTH_PATTERN
SRCM-dc3d76607f5cc2759a911145,MARKET,17456,Multivitamin & Multimineral [A-Z gold preparation],,AMBIGUOUS,AMBIGUOUS_INGREDIENT_SEPARATOR
SRCM-f0af4a86fe5f2e722f027867,MARKET,17457,Insulin Degludec + Insulin Aspart Premixed,100 IU/ml,AMBIGUOUS,INGREDIENT_STRENGTH_COUNT_MISMATCH
SRCM-f8d485c585af5682fd78fe40,MARKET,17458,Insulin Degludec + Insulin Aspart Premixed,100 IU/ml,AMBIGUOUS,INGREDIENT_STRENGTH_COUNT_MISMATCH
SRCM-3cba9faf46dbaf42c9866164,MARKET,17519,Oral Rehydration Salt [Flavored],,FAILED,MISSING_STRENGTH
SRCM-1cca10fd3931e5b1de9b1a4e,MARKET,17571,Super antioxidant [vitamins & minerals],,AMBIGUOUS,AMBIGUOUS_INGREDIENT_SEPARATOR
SRCM-a204396e026cad5792469e3a,MARKET,17572,Multivitamin & Multimineral [A-Z gold preparation],,AMBIGUOUS,AMBIGUOUS_INGREDIENT_SEPARATOR
SRCM-6380d14cac318cb8aa34b7d7,MARKET,17581,Tea Tree Oil + Geothermal Water + Vitamin E,,AMBIGUOUS,AMBIGUOUS_COMBINATION_STRENGTH
SRCM-812fbadcf05ce96af04944a5,MARKET,17582,Aluminium Chloride + Melaleuca Alternifolia Oil + Geothermal water,20%+5%,AMBIGUOUS,INGREDIENT_STRENGTH_COUNT_MISMATCH
SRCM-8a939d64e3e7f69179feadc6,MARKET,17583,Tea tree oil + Geothermal water (hair & body),20 gm/ml,AMBIGUOUS,INGREDIENT_STRENGTH_COUNT_MISMATCH
SRCM-6022dea5b5bbb16ade8ea7b0,MARKET,17608,Salvia Officinalis,,FAILED,MISSING_STRENGTH
SRCM-447eee9ae92907fb694147d0,MARKET,17609,Salvia Officinalis,,FAILED,MISSING_STRENGTH
SRCM-75297c0363f3c1dc63f2d2ce,MARKET,17610,Thymus Vulgaris Extracts,,FAILED,MISSING_STRENGTH
SRCM-cd90379bab736bd68ea05bed,MARKET,17668,"Vitamin B1, B6 & B12",100 mg+200 mg+200 mcg,AMBIGUOUS,AMBIGUOUS_INGREDIENT_SEPARATOR
SRCM-844e8749ffbf38608a53a250,MARKET,17689,Multivitamin & Cod Liver Oil,,AMBIGUOUS,AMBIGUOUS_INGREDIENT_SEPARATOR
SRCM-5474b9c87d2574aa771130f5,MARKET,17690,Multivitamin & Cod Liver Oil,,AMBIGUOUS,AMBIGUOUS_INGREDIENT_SEPARATOR
SRCM-da369561e9e20626dcbbf2f9,MARKET,17754,Multivitamin & Multimineral,,AMBIGUOUS,AMBIGUOUS_INGREDIENT_SEPARATOR
SRCM-8da4703f4ec596ea96c92b2f,MARKET,17759,Vitamin B complex,,FAILED,MISSING_STRENGTH
SRCM-909c18253eb6452fe1ec312f,MARKET,17760,Iron Polymaltose Complex + Vitamin B Complex + Zinc,,AMBIGUOUS,AMBIGUOUS_COMBINATION_STRENGTH
SRCM-0842b45e5d914794892452ed,MARKET,17904,"Vitamin B1, B6 & B12",100 mg+200 mg+200 mcg,AMBIGUOUS,AMBIGUOUS_INGREDIENT_SEPARATOR
SRCM-a1693268cce90f1c1d907ff4,MARKET,17981,Multivitamin & Cod Liver Oil,,AMBIGUOUS,AMBIGUOUS_INGREDIENT_SEPARATOR
SRCM-17937a8b5547474fee2421c1,MARKET,18017,Vitamin B complex,,FAILED,MISSING_STRENGTH
SRCM-8752aa03581d29f476cefda1,MARKET,18033,"Vitamin C, Vitamin E, Lutein, Copper & Zinc",,AMBIGUOUS,AMBIGUOUS_INGREDIENT_SEPARATOR
SRCM-8f9b4607827ba5cdbbe35a7c,MARKET,18049,Multivitamin & Multimineral [A-Z silver preparation],,AMBIGUOUS,AMBIGUOUS_INGREDIENT_SEPARATOR
SRCM-cb7ddc66fa6d909c9b29898a,MARKET,18065,Multivitamin & Cod Liver Oil,,AMBIGUOUS,AMBIGUOUS_INGREDIENT_SEPARATOR
SRCM-2d3b2a273c39cbdac9fd0d5b,MARKET,18068,Multivitamin & Multimineral [A-Z silver preparation],,AMBIGUOUS,AMBIGUOUS_INGREDIENT_SEPARATOR
SRCM-436d9ed3c28e424f3af5b061,MARKET,18100,Multivitamin & Multimineral [A-Z silver preparation],,AMBIGUOUS,AMBIGUOUS_INGREDIENT_SEPARATOR
SRCM-6c08bb1c285cb45201347f06,MARKET,18101,Multivitamin & Multimineral [A-Z gold preparation],,AMBIGUOUS,AMBIGUOUS_INGREDIENT_SEPARATOR
SRCM-c38d9111be48e44ff3239459,MARKET,18118,Vitamin B complex,,FAILED,MISSING_STRENGTH
SRCM-5afe815db16dfcedab9f42d7,MARKET,18119,Vitamin B complex,,FAILED,MISSING_STRENGTH
SRCM-3c281c6b0786acfc6293cc63,MARKET,18120,Vitamin B complex,,FAILED,MISSING_STRENGTH
SRCM-7c25995127bd7a0b562c925b,MARKET,18161,Camphor + Menthol + Oil Clove + Oil Eucalyptus + Oil Turpentine,,AMBIGUOUS,AMBIGUOUS_COMBINATION_STRENGTH
SRCM-ce00c9512ee286fed6882934,MARKET,18293,"Vitamin B1, B6 & B12",100 mg+200 mg+200 mcg,AMBIGUOUS,AMBIGUOUS_INGREDIENT_SEPARATOR
SRCM-dc1f4b012663f36e1e7121ab,MARKET,18294,"Vitamin B1, B6 & B12",(100 mg+100 mg+1 mg)/3 ml,AMBIGUOUS,AMBIGUOUS_INGREDIENT_SEPARATOR
SRCM-01ea296e271dd413e8eed419,MARKET,18340,Vitamin B complex,,FAILED,MISSING_STRENGTH
SRCM-3e01cf469b35b4c644b0b1b0,MARKET,18341,Multivitamin & Multimineral,,AMBIGUOUS,AMBIGUOUS_INGREDIENT_SEPARATOR
SRCM-7009c85b7b2146ba63c24490,MARKET,18342,Vitamin B complex,,FAILED,MISSING_STRENGTH
SRCM-e3150c107f9e10483e9541f3,MARKET,18462,"Vitamin B1, B6 & B12",100 mg+200 mg+200 mcg,AMBIGUOUS,AMBIGUOUS_INGREDIENT_SEPARATOR
SRCM-76a41684d000c0edbd904e91,MARKET,18472,Multivitamin & Multimineral,,AMBIGUOUS,AMBIGUOUS_INGREDIENT_SEPARATOR
SRCM-3f41c1111b504693a06dc9b1,MARKET,18473,Vitamin B complex,,FAILED,MISSING_STRENGTH
SRCM-f2d68a19b026d7190e56290e,MARKET,18474,Vitamin B complex,,FAILED,MISSING_STRENGTH
SRCM-11b051d0fb499630f8bc4219,MARKET,18475,Multivitamin & Multimineral,,AMBIGUOUS,AMBIGUOUS_INGREDIENT_SEPARATOR
SRCM-348e5e83c0c390632c22bbd3,MARKET,18521,Calcium Carbonate + Vitamin D3 + Multimineral,,AMBIGUOUS,AMBIGUOUS_COMBINATION_STRENGTH
SRCM-223c0f5985e355687528e4da,MARKET,18587,Streptokinase,1.5 million unit,FAILED,UNSUPPORTED_STRENGTH_PATTERN
SRCM-d71c44801c161b253319e797,MARKET,18593,Sucralose + Acesulfame Potassium,1 gm/tablet,AMBIGUOUS,INGREDIENT_STRENGTH_COUNT_MISMATCH
SRCM-8f1372f5166dc4464f269931,MARKET,18594,Sucralose + Acesulfame Potassium,1 gm/sachet,AMBIGUOUS,INGREDIENT_STRENGTH_COUNT_MISMATCH
SRCM-96a97887b2eb2db882b3973c,MARKET,18619,Multivitamin & Multimineral [A-Z gold preparation],,AMBIGUOUS,AMBIGUOUS_INGREDIENT_SEPARATOR
SRCM-6ca0ad6d8023af7b80aba9bd,MARKET,18621,"Zinc oxide, Octinoxate, Enzacamene and Avobenzone",,AMBIGUOUS,AMBIGUOUS_INGREDIENT_SEPARATOR
SRCM-c06884f96ed049457d0f8deb,MARKET,18637,Multivitamin & Multimineral [A-Z silver preparation],,AMBIGUOUS,AMBIGUOUS_INGREDIENT_SEPARATOR
SRCM-dc82f17c953bba0081869b85,MARKET,18653,Multivitamin & Cod Liver Oil,,AMBIGUOUS,AMBIGUOUS_INGREDIENT_SEPARATOR
SRCM-926ff6d93f866f6ea907a9d5,MARKET,18660,Iron Polymaltose Complex + Vitamin B Complex + Zinc,,AMBIGUOUS,AMBIGUOUS_COMBINATION_STRENGTH
SRCM-6b82f813d140473be80126b4,MARKET,18661,"Vitamin B1, B6 & B12",(100 mg+100 mg+1 mg)/3 ml,AMBIGUOUS,AMBIGUOUS_INGREDIENT_SEPARATOR
SRCM-f0ec70dfda4e594776d3a590,MARKET,18662,"Vitamin B1, B6 & B12",100 mg+200 mg+200 mcg,AMBIGUOUS,AMBIGUOUS_INGREDIENT_SEPARATOR
SRCM-e749401bf5effb3d79459858,MARKET,18665,Multivitamin & Multimineral,,AMBIGUOUS,AMBIGUOUS_INGREDIENT_SEPARATOR
SRCM-7358bdbbd640b7c1e87a8315,MARKET,18666,Multivitamin & Multimineral [A-Z gold preparation],,AMBIGUOUS,AMBIGUOUS_INGREDIENT_SEPARATOR
SRCM-3e4c11b6124f7d3c11668c66,MARKET,18667,Multivitamin [Adult preparation],,FAILED,MISSING_STRENGTH
SRCM-3efcb4d53e59f478a09a5cb3,MARKET,18668,Vitamin B complex,,FAILED,MISSING_STRENGTH
SRCM-bac7e332b05a6ace50337bec,MARKET,18678,Multivitamin & Cod Liver Oil,,AMBIGUOUS,AMBIGUOUS_INGREDIENT_SEPARATOR
SRCM-7a5c67014f9a0c8901b078f2,MARKET,18707,Multivitamin & Multimineral [A-Z silver preparation],,AMBIGUOUS,AMBIGUOUS_INGREDIENT_SEPARATOR
SRCM-aeafdd57e19cc9bbf9995332,MARKET,18708,Multivitamins & Multiminerals [A-Z prenatal preparation],,AMBIGUOUS,AMBIGUOUS_INGREDIENT_SEPARATOR
SRCM-2d56718bfde2a7e4b8e5f7bb,MARKET,18714,Carbonyl Iron + Folic Acid + Zinc Sulfate + Vitamin B Complex + Vitamin C,,AMBIGUOUS,AMBIGUOUS_COMBINATION_STRENGTH
SRCM-8285652e69829ba0f164792f,MARKET,18750,Super antioxidant [vitamins & minerals],,AMBIGUOUS,AMBIGUOUS_INGREDIENT_SEPARATOR
SRCM-8bad475f19b057d9bb1152b8,MARKET,18755,Diclofenac Diethylamine + Mephenesin + Menthol + Methyl Salicylate + Turpentine Oil,,AMBIGUOUS,AMBIGUOUS_COMBINATION_STRENGTH
SRCM-440f0e1e693060d52dbf715a,MARKET,18884,Super antioxidant [vitamins & minerals],,AMBIGUOUS,AMBIGUOUS_INGREDIENT_SEPARATOR
SRCM-684c3b5c2b4bbb18fb9fc320,MARKET,19089,Vitamin B Complex + Zinc,,AMBIGUOUS,AMBIGUOUS_COMBINATION_STRENGTH
SRCM-68a151b2266b5d09d7b53a4f,MARKET,19090,Vitamin B Complex + Zinc,,AMBIGUOUS,AMBIGUOUS_COMBINATION_STRENGTH
SRCM-63f009061da086262fb88fe3,MARKET,19092,"Vitamin B1, B6 & B12",100 mg+200 mg+200 mcg,AMBIGUOUS,AMBIGUOUS_INGREDIENT_SEPARATOR
SRCM-813ba578d52fc795e5f09262,MARKET,19093,Multivitamin & Multimineral,,AMBIGUOUS,AMBIGUOUS_INGREDIENT_SEPARATOR
SRCM-4d961243bd8e849738a9111a,MARKET,19098,Multivitamin & Cod Liver Oil,,AMBIGUOUS,AMBIGUOUS_INGREDIENT_SEPARATOR
SRCM-c090a5beed9b8027dec70826,MARKET,19164,Triamcinolone + Neomycin + Nystatin + Gramicidin,,AMBIGUOUS,AMBIGUOUS_COMBINATION_STRENGTH
SRCM-344ec7aa9dd1e10946690a39,MARKET,19165,Triamcinolone + Neomycin + Nystatin + Gramicidin,,AMBIGUOUS,AMBIGUOUS_COMBINATION_STRENGTH
SRCM-93f7488cb90952e26e66ec70,MARKET,19175,"Diphtheria, Tetanus, Pertussis, Poliomyelitis Vaccine",0.5 ml/prefilled syringe,FAILED,UNSUPPORTED_STRENGTH_PATTERN
SRCM-012a307eac086a050c215951,MARKET,19258,"Vitamin B1, B2 & B6",(100 mg+50 mg+100 mg)/2 ml,AMBIGUOUS,AMBIGUOUS_INGREDIENT_SEPARATOR
SRCM-0dd64752fae9016523aa0478,MARKET,19383,"Vitamin C, Vitamin E, Lutein, Copper & Zinc",,AMBIGUOUS,AMBIGUOUS_INGREDIENT_SEPARATOR
SRCM-6a00fc92171a45c0fe22b274,MARKET,19502,Ketoprofen (oral & injection),100 mg,AMBIGUOUS,AMBIGUOUS_INGREDIENT_SEPARATOR
SRCM-516646cef3a22f7a558b146a,MARKET,19503,Ketoprofen (oral & injection),50 mg,AMBIGUOUS,AMBIGUOUS_INGREDIENT_SEPARATOR
SRCM-0b19c15cccecb87f133cca2f,MARKET,19581,"Vitamin B1, B6 & B12",100 mg+200 mg+200 mcg,AMBIGUOUS,AMBIGUOUS_INGREDIENT_SEPARATOR
SRCM-6c7abc78c897cb1565f9e96a,MARKET,19582,"Vitamin B1, B6 & B12",(100 mg+100 mg+1 mg)/3 ml,AMBIGUOUS,AMBIGUOUS_INGREDIENT_SEPARATOR
SRCM-79b180c185d212387ab0d045,MARKET,19620,Ketoprofen (oral & injection),100 mg,AMBIGUOUS,AMBIGUOUS_INGREDIENT_SEPARATOR
SRCM-dc991063486e442579ef56db,MARKET,19671,"Vitamin B1, B6 & B12",100 mg+200 mg+200 mcg,AMBIGUOUS,AMBIGUOUS_INGREDIENT_SEPARATOR
SRCM-b747a580a05b856db6941a16,MARKET,19711,"Vitamin B1, B6 & B12",(100 mg+100 mg+1 mg)/3 ml,AMBIGUOUS,AMBIGUOUS_INGREDIENT_SEPARATOR
SRCM-5a021a45a716a460ccb8180c,MARKET,19712,"Vitamin B1, B6 & B12",100 mg+200 mg+200 mcg,AMBIGUOUS,AMBIGUOUS_INGREDIENT_SEPARATOR
SRCM-e66e4d5ed57c41f59748a727,MARKET,19885,Tea tree oil + Geothermal water (eye),,AMBIGUOUS,AMBIGUOUS_COMBINATION_STRENGTH
SRCM-b7f976b16392363792585fdc,MARKET,19915,Multivitamin & Multimineral [A-Z silver preparation],,AMBIGUOUS,AMBIGUOUS_INGREDIENT_SEPARATOR
SRCM-cd714b635937512241233d38,MARKET,19916,Multivitamin & Multimineral [A-Z gold preparation],,AMBIGUOUS,AMBIGUOUS_INGREDIENT_SEPARATOR
SRCM-3bd6f1962815c80bf0e49339,MARKET,19917,Multivitamin & Multimineral [A-Z gold preparation],,AMBIGUOUS,AMBIGUOUS_INGREDIENT_SEPARATOR
SRCM-d655b875f7d0c1155e64e732,MARKET,19979,Multivitamin [Pediatric preparation],,FAILED,MISSING_STRENGTH
SRCM-bda0604e01989dffd24de86b,MARKET,20082,"Vitamin B1, B6 & B12",100 mg+200 mg+200 mcg,AMBIGUOUS,AMBIGUOUS_INGREDIENT_SEPARATOR
SRCM-f7421420959c8f6f1d704f49,MARKET,20084,Iron + Folic acid + Vitamin B complex + Vitamin C,,AMBIGUOUS,AMBIGUOUS_COMBINATION_STRENGTH
SRCM-bcad55e275059ee0dcf31104,MARKET,20092,Oral Rehydration Salt [Flavored],,FAILED,MISSING_STRENGTH
SRCM-cc01dd072f829abad2ef23ca,MARKET,20099,Vitamin B complex,,FAILED,MISSING_STRENGTH
SRCM-afce0090233a0984b5be8f4a,MARKET,20105,Vitamin B complex,,FAILED,MISSING_STRENGTH
SRCM-70eaddee88dcfaad83a57abe,MARKET,20148,Multivitamin & Multimineral,,AMBIGUOUS,AMBIGUOUS_INGREDIENT_SEPARATOR
SRCM-d6103c7b99fd14c40c081801,MARKET,20209,Vitamin B complex,,FAILED,MISSING_STRENGTH
SRCM-5827c26619f679d9304d842f,MARKET,20213,Vitamin B Complex + Zinc,,AMBIGUOUS,AMBIGUOUS_COMBINATION_STRENGTH
SRCM-c8c1db90afd5dfcd96e83aa3,MARKET,20214,Vitamin B complex,,FAILED,MISSING_STRENGTH
SRCM-6af40c3c5bc160c78ec09c74,MARKET,20215,"Vitamin B1, B6 & B12",100 mg+200 mg+200 mcg,AMBIGUOUS,AMBIGUOUS_INGREDIENT_SEPARATOR
SRCM-cd315f8d5d3d6e124a995afb,MARKET,20216,Multivitamin & Multimineral,,AMBIGUOUS,AMBIGUOUS_INGREDIENT_SEPARATOR
SRCM-d203bb47a116cf7e881b742a,MARKET,20217,Vitamin B complex,,FAILED,MISSING_STRENGTH
SRCM-06c8fece2351130009b4b56f,MARKET,20218,Multivitamin [Pediatric preparation],,FAILED,MISSING_STRENGTH
SRCM-9e9c4ae97d0817efffbee495,MARKET,20219,Vitamin B complex,,FAILED,MISSING_STRENGTH
SRCM-c8cc479e20d8d512a4328297,MARKET,20220,Vitamin B complex,,FAILED,MISSING_STRENGTH
SRCM-fabd090d70877c6541714ee2,MARKET,20221,"Vitamin B1, B6 & B12",(100 mg+100 mg+1 mg)/3 ml,AMBIGUOUS,AMBIGUOUS_INGREDIENT_SEPARATOR
SRCM-3541f423a785d68e116552ef,MARKET,20222,"Vitamin B1, B6 & B12",100 mg+200 mg+200 mcg,AMBIGUOUS,AMBIGUOUS_INGREDIENT_SEPARATOR
SRCM-04b96ef7a64a1d0af7666e68,MARKET,20223,Multivitamin & Cod Liver Oil,,AMBIGUOUS,AMBIGUOUS_INGREDIENT_SEPARATOR
SRCM-1d01acc93b8686d209ee9430,MARKET,20285,Camphor + Menthol + Oil Clove + Oil Eucalyptus + Oil Turpentine,,AMBIGUOUS,AMBIGUOUS_COMBINATION_STRENGTH
SRCM-1eab2ad9d36a2ee999e91280,MARKET,20343,Metronidazole + Neomycin Sulphate + Polymyxin B + Nystatin,,AMBIGUOUS,AMBIGUOUS_COMBINATION_STRENGTH
SRCM-7d38418d984a628656cf7cc6,MARKET,20352,Inactivated Influenza Vaccine,0.5 ml/prefilled syringe,FAILED,UNSUPPORTED_STRENGTH_PATTERN
SRCM-4a6242f9cd43552ef2374047,MARKET,20457,"Vitamin B1, B6 & B12",100 mg+200 mg+200 mcg,AMBIGUOUS,AMBIGUOUS_INGREDIENT_SEPARATOR
SRCM-5c6b2b0f4935c27e87aa1fdb,MARKET,20463,Multivitamin & Multimineral [A-Z gold preparation],,AMBIGUOUS,AMBIGUOUS_INGREDIENT_SEPARATOR
SRCM-8b71c5070eddc62993c7fe09,MARKET,20512,"Vitamin B6, B9 & B12",25 mg+2.5 mg+1 mg,AMBIGUOUS,AMBIGUOUS_INGREDIENT_SEPARATOR
SRCM-b23be253bc26bb34db056da3,MARKET,20543,Multivitamin & Multimineral [A-Z silver preparation],,AMBIGUOUS,AMBIGUOUS_INGREDIENT_SEPARATOR
SRCM-a4751ee0e19584e3684ddd62,MARKET,20544,Multivitamin & Normal Saline,,AMBIGUOUS,AMBIGUOUS_INGREDIENT_SEPARATOR
SRCM-26e909df00dcde9c8599e2ec,MARKET,20545,Multivitamin & Multimineral [A-Z gold preparation],,AMBIGUOUS,AMBIGUOUS_INGREDIENT_SEPARATOR
SRCM-c384d7a549515f1cef6a4987,MARKET,20546,Multivitamin & 5% Dextrose,,AMBIGUOUS,AMBIGUOUS_INGREDIENT_SEPARATOR
SRCM-e23c58fb1dcc06f01c87a850,MARKET,20547,Multivitamin [Injection],,FAILED,MISSING_STRENGTH
SRCM-a3dd9ab172e2391354aba373,MARKET,20561,Vitamin B Complex + Zinc,,AMBIGUOUS,AMBIGUOUS_COMBINATION_STRENGTH
SRCM-5bc1fdce614373b0adeb09b3,MARKET,20562,Multivitamin & Multimineral,,AMBIGUOUS,AMBIGUOUS_INGREDIENT_SEPARATOR
SRCM-846a4938002414a0e366743c,MARKET,20563,Vitamin B complex,,FAILED,MISSING_STRENGTH
SRCM-2fa474d100a4434f898b283c,MARKET,20564,Vitamin B complex,,FAILED,MISSING_STRENGTH
SRCM-6b13b03e71fe976012e73dcd,MARKET,20565,"Vitamin B6, B9 & B12",25 mg+2.5 mg+1 mg,AMBIGUOUS,AMBIGUOUS_INGREDIENT_SEPARATOR
SRCM-20b09bb99aba939950adf15a,MARKET,20566,Iron + Folic acid + Vitamin B complex + Vitamin C,,AMBIGUOUS,AMBIGUOUS_COMBINATION_STRENGTH
SRCM-71ede9838ca5c90afde4d60d,MARKET,20577,Multivitamin & Multimineral [A-Z gold preparation],,AMBIGUOUS,AMBIGUOUS_INGREDIENT_SEPARATOR
SRCM-a079122ca4f0d0121437da08,MARKET,20578,Amino Acid + D-Sorbitol + Electrolytes,5%,AMBIGUOUS,INGREDIENT_STRENGTH_COUNT_MISMATCH
SRCM-2248bb2add3d91a881604112,MARKET,20582,Multivitamin & Multimineral,,AMBIGUOUS,AMBIGUOUS_INGREDIENT_SEPARATOR
SRCM-0ff3b350525137d2e4d0a470,MARKET,20586,Vitamin B complex,,FAILED,MISSING_STRENGTH
SRCM-93cc4c07d1be291fe49d51d0,MARKET,20587,Vitamin B complex,,FAILED,MISSING_STRENGTH
SRCM-faea1f76f3bb1317fdef27bc,MARKET,20589,"Vitamin B1, B6 & B12",100 mg+200 mg+200 mcg,AMBIGUOUS,AMBIGUOUS_INGREDIENT_SEPARATOR
SRCM-e5e741e85204c5de096ca420,MARKET,20608,Vincristine Sulfate,2 mg/vail,FAILED,UNSUPPORTED_STRENGTH_PATTERN
SRCM-76a519178e3399aeb687c9ed,MARKET,20609,Vincristine Sulfate,1 mg/vail,FAILED,UNSUPPORTED_STRENGTH_PATTERN
SRCM-cf543866b761c4e6043df7c8,MARKET,20613,Multivitamin & Multimineral,,AMBIGUOUS,AMBIGUOUS_INGREDIENT_SEPARATOR
SRCM-533d98a9b505c529222fb606,MARKET,20621,Vitamin B complex,,FAILED,MISSING_STRENGTH
SRCM-16544ccaf19df4cec13c51f6,MARKET,20622,Vitamin B complex,,FAILED,MISSING_STRENGTH
SRCM-860c63c4e2c292cb90efa161,MARKET,20632,"Vitamin B1, B6 & B12",100 mg+200 mg+200 mcg,AMBIGUOUS,AMBIGUOUS_INGREDIENT_SEPARATOR
SRCM-398dd6c95fe5ce628f53223e,MARKET,20690,Enoxaparin Sodium,2000 Anti-Xa IU/0.2 ml,FAILED,UNSUPPORTED_STRENGTH_PATTERN
SRCM-66bc1e3c5d8e420d9badc6a1,MARKET,20691,Enoxaparin Sodium,8000 Anti-Xa IU/0.8 ml,FAILED,UNSUPPORTED_STRENGTH_PATTERN
SRCM-ec35282bde8b978d03c70c9b,MARKET,20692,Enoxaparin Sodium,6000 Anti-Xa IU/0.6 ml,FAILED,UNSUPPORTED_STRENGTH_PATTERN
SRCM-6399774df842bb62353110ca,MARKET,20693,Enoxaparin Sodium,4000 Anti-Xa IU/0.4 ml,FAILED,UNSUPPORTED_STRENGTH_PATTERN
SRCM-0f0593e31a5ae536306b7823,MARKET,20702,"Vitamin C, Vitamin E, Lutein, Copper & Zinc",,AMBIGUOUS,AMBIGUOUS_INGREDIENT_SEPARATOR
SRCM-346f9d34846aadc40ffb51ea,MARKET,20706,Multivitamin & Cod Liver Oil,,AMBIGUOUS,AMBIGUOUS_INGREDIENT_SEPARATOR
SRCM-c4f82725ec35496f9caf1100,MARKET,20707,Multivitamin & Multimineral [A-Z silver preparation],,AMBIGUOUS,AMBIGUOUS_INGREDIENT_SEPARATOR
SRCM-2f0583e608eba4bc4dc2e77d,MARKET,20708,Multivitamin & Multimineral [A-Z gold preparation],,AMBIGUOUS,AMBIGUOUS_INGREDIENT_SEPARATOR
SRCM-c86a99c71bc27e1fb59417ea,MARKET,20719,Vitamin B complex,,FAILED,MISSING_STRENGTH
SRCM-eb3803f782599cb3fbc7f584,MARKET,20720,Multivitamin & Multimineral,,AMBIGUOUS,AMBIGUOUS_INGREDIENT_SEPARATOR
SRCM-52c471c731d08cc7b0ec5e3a,MARKET,20722,Vitamin B complex,,FAILED,MISSING_STRENGTH
SRCM-fa93c95e791374c656275080,MARKET,20723,"Vitamin B1, B6 & B12",100 mg+200 mg+200 mcg,AMBIGUOUS,AMBIGUOUS_INGREDIENT_SEPARATOR
SRCM-ec45c81654ebaae41c2abccc,MARKET,20724,"Vitamin B1, B6 & B12",(100 mg+100 mg+1 mg)/3 ml,AMBIGUOUS,AMBIGUOUS_INGREDIENT_SEPARATOR
SRCM-2b3a94a3ad546f5922a2cb35,MARKET,20725,Vitamin B Complex + Zinc,,AMBIGUOUS,AMBIGUOUS_COMBINATION_STRENGTH
SRCM-7661350069dd27f5351b9003,MARKET,20726,Multivitamin & Multimineral [A-Z silver preparation],,AMBIGUOUS,AMBIGUOUS_INGREDIENT_SEPARATOR
SRCM-987f5c6781d68c82895496cc,MARKET,20728,Multivitamin [Pediatric preparation],,FAILED,MISSING_STRENGTH
SRCM-95d5beafe9f3f05bd381d525,MARKET,20729,"Vitamin B6, B9 & B12",25 mg+2.5 mg+1 mg,AMBIGUOUS,AMBIGUOUS_INGREDIENT_SEPARATOR
SRCM-c1544e1daba124b0624ceb6a,MARKET,20730,Multivitamin & Multimineral [A-Z gold preparation],,AMBIGUOUS,AMBIGUOUS_INGREDIENT_SEPARATOR
SRCM-85e2334ea45cca10fb2b576e,MARKET,20742,Multivitamin & Cod Liver Oil,,AMBIGUOUS,AMBIGUOUS_INGREDIENT_SEPARATOR
SRCM-aef5e01a91d4f0b1bab7f4ba,MARKET,20743,Super antioxidant [vitamins & minerals],,AMBIGUOUS,AMBIGUOUS_INGREDIENT_SEPARATOR
SRCM-0070e745e8bdcb9a8abe9351,MARKET,20745,Sodium Succinate + Cytochrome C + Adenosine + Nicotinamide,,AMBIGUOUS,AMBIGUOUS_COMBINATION_STRENGTH
SRCM-f9a8814f527fd893de4c6752,MARKET,20746,Vitamin B Complex + Zinc,,AMBIGUOUS,AMBIGUOUS_COMBINATION_STRENGTH
SRCM-600414dcbb2939afc4739704,MARKET,20749,Multivitamin & Cod Liver Oil,,AMBIGUOUS,AMBIGUOUS_INGREDIENT_SEPARATOR
SRCM-6c9c557defc85b556ff67a8e,MARKET,20750,Vitamin B Complex + Zinc,,AMBIGUOUS,AMBIGUOUS_COMBINATION_STRENGTH
SRCM-03b88d7f9644116f74cdcaf3,MARKET,20751,Vitamin B complex,,FAILED,MISSING_STRENGTH
SRCM-6c2d2a65fac36f6f9a3b9ae2,MARKET,20752,Multivitamin & Multimineral,,AMBIGUOUS,AMBIGUOUS_INGREDIENT_SEPARATOR
SRCM-5cd6b8fb78edaee712d30d28,MARKET,20753,Vitamin B complex,,FAILED,MISSING_STRENGTH
SRCM-edf446314bebd660fb650940,MARKET,20754,Vitamin B complex,,FAILED,MISSING_STRENGTH
SRCM-1dfe0ff8bf99e1538c78b609,MARKET,20755,"Vitamin C, Vitamin E, Lutein, Copper & Zinc",,AMBIGUOUS,AMBIGUOUS_INGREDIENT_SEPARATOR
SRCM-1115164474559479d6ce54da,MARKET,20756,Multivitamin & Multimineral,,AMBIGUOUS,AMBIGUOUS_INGREDIENT_SEPARATOR
SRCM-d855af86e214ba0ac6e0cb72,MARKET,20757,Multivitamin [Adult preparation],,FAILED,MISSING_STRENGTH
SRCM-2f1c58ddb6ef924cc2cdba3f,MARKET,20758,Vitamin B Complex + Zinc,,AMBIGUOUS,AMBIGUOUS_COMBINATION_STRENGTH
SRCM-7d1ffa75486a14d0c2323878,MARKET,20759,Vitamin B complex,,FAILED,MISSING_STRENGTH
SRCM-3fc8e2ae2c878b332120fcd4,MARKET,20760,Vitamin B complex,,FAILED,MISSING_STRENGTH
SRCM-ab15dd68867f849d41903b1b,MARKET,20761,Multivitamin & Multimineral [A-Z gold preparation],,AMBIGUOUS,AMBIGUOUS_INGREDIENT_SEPARATOR
SRCM-7a4d80de9c41a6d7dd8ff4df,MARKET,20762,Multivitamin & Multimineral [A-Z silver preparation],,AMBIGUOUS,AMBIGUOUS_INGREDIENT_SEPARATOR
SRCM-2b23ad5b9857f3657bda660f,MARKET,20763,Iron + Folic Acid + Vitamin B Complex + Vitamine C + Zinc Sulfate,,AMBIGUOUS,AMBIGUOUS_COMBINATION_STRENGTH
SRCM-505431c4c1bc1ebd82a4ed4e,MARKET,20764,Multivitamin & Multimineral [A-Z gold preparation],,AMBIGUOUS,AMBIGUOUS_INGREDIENT_SEPARATOR
SRCM-950fb540c62399cdc54d7d29,MARKET,20765,Multivitamin & Multimineral [A-Z gold preparation],,AMBIGUOUS,AMBIGUOUS_INGREDIENT_SEPARATOR
SRCM-9b5bc30f94a475513008b437,MARKET,20766,Vitamin B complex,,FAILED,MISSING_STRENGTH
SRCM-5ad3d117b1afdacd6bdb09b4,MARKET,20767,Vitamin B complex,,FAILED,MISSING_STRENGTH
SRCM-8c7d13e8f1eb7f1acecdfc88,MARKET,20768,Vitamin B complex,,FAILED,MISSING_STRENGTH
SRCM-71ae4a67c5cd3877a5de597d,MARKET,20770,Multivitamin & Multimineral [A-Z syrup preparation],,AMBIGUOUS,AMBIGUOUS_INGREDIENT_SEPARATOR
SRCM-e0932c655c55d36b1caba62f,MARKET,20771,Multivitamin & Multimineral,,AMBIGUOUS,AMBIGUOUS_INGREDIENT_SEPARATOR
SRCM-64ce448f3fc0efb87be5a23c,MARKET,20772,Multivitamin & Multimineral [A-Z gold preparation],,AMBIGUOUS,AMBIGUOUS_INGREDIENT_SEPARATOR
SRCM-858f9dc9003f0defa752d31a,MARKET,20773,Vitamin B complex,,FAILED,MISSING_STRENGTH
SRCM-834c6ab340d1cdadbcc4946f,MARKET,20774,Sodium Succinate + Cytochrome C + Adenosine + Nicotinamide,,AMBIGUOUS,AMBIGUOUS_COMBINATION_STRENGTH
SRCM-327104066d40c510bd9086b2,MARKET,20781,"Vitamin C, Vitamin E, Lutein, Copper & Zinc",,AMBIGUOUS,AMBIGUOUS_INGREDIENT_SEPARATOR
SRCM-d3cad422930b8360b214c482,MARKET,20786,Vitamin B complex,,FAILED,MISSING_STRENGTH
SRCM-df391f87314bef4415aac6bd,MARKET,20787,Multivitamin & Multimineral [A-Z silver preparation],,AMBIGUOUS,AMBIGUOUS_INGREDIENT_SEPARATOR
SRCM-571e8651ef6cd64f98e05701,MARKET,20788,Multivitamin & Multimineral [A-Z gold preparation],,AMBIGUOUS,AMBIGUOUS_INGREDIENT_SEPARATOR
SRCM-1b4be32ccc5166957bd36e2a,MARKET,20791,Multivitamin & Multimineral [For nursing mother],,AMBIGUOUS,AMBIGUOUS_INGREDIENT_SEPARATOR
SRCM-12d9c6a3662f2c4ac0015104,MARKET,20792,Multivitamin & Multimineral [A-Z gold preparation],,AMBIGUOUS,AMBIGUOUS_INGREDIENT_SEPARATOR
SRCM-dc5fda0a8ae107fbcbd45348,MARKET,20793,Multivitamin & Multimineral [A-Z syrup preparation],,AMBIGUOUS,AMBIGUOUS_INGREDIENT_SEPARATOR
SRCM-dcdca1286b36163406ae471a,MARKET,20794,Iron Polymaltose Complex + Vitamin B Complex + Zinc,,AMBIGUOUS,AMBIGUOUS_COMBINATION_STRENGTH
SRCM-03545391aab2b238edc24b97,MARKET,20795,Iron + Folic Acid + Vitamin B Complex + Vitamine C + Zinc Sulfate,,AMBIGUOUS,AMBIGUOUS_COMBINATION_STRENGTH
SRCM-5ce0378b479e6f517fa59b24,MARKET,20796,Vitamin B Complex + Zinc,,AMBIGUOUS,AMBIGUOUS_COMBINATION_STRENGTH
SRCM-124670450bf001728b8b5502,MARKET,20797,Vitamin B Complex + Zinc,,AMBIGUOUS,AMBIGUOUS_COMBINATION_STRENGTH
SRCM-f9ed8abf282c87e94897bcd7,MARKET,20798,Multivitamin & Multimineral,,AMBIGUOUS,AMBIGUOUS_INGREDIENT_SEPARATOR
SRCM-137ea7f480fd7500d3be6dfe,MARKET,20800,Vitamin B complex,,FAILED,MISSING_STRENGTH
SRCM-e346be09a8c205f56701d17f,MARKET,20801,Vitamin B complex,,FAILED,MISSING_STRENGTH
SRCM-122d827ed3d3d2455f25f9c6,MARKET,20803,"vitamins [C, E, B9 and B12] and minerals [Selenium, Copper and Zinc]",,AMBIGUOUS,AMBIGUOUS_INGREDIENT_SEPARATOR
SRCM-9351b4d6b78f383df8eecec0,MARKET,20808,Multivitamin & Multimineral,,AMBIGUOUS,AMBIGUOUS_INGREDIENT_SEPARATOR
SRCM-c409834d3e757840315ebd5d,MARKET,20818,Multivitamin & Multimineral [A-Z gold preparation],,AMBIGUOUS,AMBIGUOUS_INGREDIENT_SEPARATOR
SRCM-cbf6411576d765236c246da1,MARKET,20822,Diclofenac Sodium + Methyl Salicylate + Linseed Oil + Menthol,1% w/w,AMBIGUOUS,INGREDIENT_STRENGTH_COUNT_MISMATCH
SRCM-98ea5e02840e7bd14adf4046,MARKET,20835,"Vitamin B1, B6 & B12",100 mg+200 mg+200 mcg,AMBIGUOUS,AMBIGUOUS_INGREDIENT_SEPARATOR
SRCM-183383b4b253c127f43604d9,MARKET,20836,Multivitamin & Multimineral [A-Z gold preparation],,AMBIGUOUS,AMBIGUOUS_INGREDIENT_SEPARATOR
SRCM-63aa57aae92afb4dff04c585,MARKET,20837,Vitamin B Complex + Zinc,,AMBIGUOUS,AMBIGUOUS_COMBINATION_STRENGTH
SRCM-0b094c15028d3c84626524c6,MARKET,20838,Iron Polymaltose Complex + Folic Acid + Zinc + Vitamin B-Complex,,AMBIGUOUS,AMBIGUOUS_COMBINATION_STRENGTH
SRCM-74010ad386b760abc3293380,MARKET,20875,"Vitamin B1, B6 & B12",100 mg+200 mg+200 mcg,AMBIGUOUS,AMBIGUOUS_INGREDIENT_SEPARATOR
SRCM-ca6c87fc512c27e87743fc98,MARKET,20914,Multivitamin & Cod Liver Oil,,AMBIGUOUS,AMBIGUOUS_INGREDIENT_SEPARATOR
SRCM-2b4edc0aa7a31bad00fc5963,MARKET,21054,Amino Acid + Glucose + Electrolytes,7%+10%,AMBIGUOUS,INGREDIENT_STRENGTH_COUNT_MISMATCH
SRCM-a84d754af85ca155e9e87d8a,MARKET,21055,Amino Acid + D-Sorbitol + Electrolytes,5%,AMBIGUOUS,INGREDIENT_STRENGTH_COUNT_MISMATCH
SRCM-dacfd829ac38d2b25a226230,MARKET,21183,Iron Polymaltose Complex + Vitamin B Complex + Zinc,,AMBIGUOUS,AMBIGUOUS_COMBINATION_STRENGTH
SRCM-ab6237ba31cbec43af6e3957,MARKET,21184,Vitamin B Complex + Zinc,,AMBIGUOUS,AMBIGUOUS_COMBINATION_STRENGTH
SRCM-8be78d7127586cafe2c52db4,MARKET,21197,Vitamin B Complex + Zinc,,AMBIGUOUS,AMBIGUOUS_COMBINATION_STRENGTH
SRCM-caae071f062737001ec87540,MARKET,21198,Vitamin B Complex + Zinc,,AMBIGUOUS,AMBIGUOUS_COMBINATION_STRENGTH
SRCM-c640f83ebdebeb2dddbc3255,MARKET,21271,Calcium Carbonate + Vitamin D3 + Multimineral,,AMBIGUOUS,AMBIGUOUS_COMBINATION_STRENGTH
SRCM-a1452105108c885f0aa52dad,MARKET,21275,Carbonyl Iron + Folic Acid + Zinc Sulfate + Vitamin B Complex + Vitamin C,,AMBIGUOUS,AMBIGUOUS_COMBINATION_STRENGTH
SRCM-05207f322bc179e249048c59,MARKET,21276,Multivitamin & Multimineral [A-Z gold preparation],,AMBIGUOUS,AMBIGUOUS_INGREDIENT_SEPARATOR
SRCM-83855e84b677f41c0d1f4da9,MARKET,21277,Multivitamin & Multimineral [A-Z gold preparation],,AMBIGUOUS,AMBIGUOUS_INGREDIENT_SEPARATOR
SRCM-e5ec493ccce4363f2945c690,MARKET,21286,Multivitamin & Multimineral [A-Z gold preparation],,AMBIGUOUS,AMBIGUOUS_INGREDIENT_SEPARATOR
SRCM-d8725bfbd8cbb776b29a5dd0,MARKET,21293,Ketoprofen (oral & injection),100 mg,AMBIGUOUS,AMBIGUOUS_INGREDIENT_SEPARATOR
SRCM-84aab986b8cd318d1e27e10a,MARKET,21335,Vitamin B Complex + Zinc,,AMBIGUOUS,AMBIGUOUS_COMBINATION_STRENGTH
SRCM-fef96f23f3fa6be83307dc9e,MARKET,21338,Vitamin B Complex + Zinc,,AMBIGUOUS,AMBIGUOUS_COMBINATION_STRENGTH
SRCM-8344c4a0a8b7b7f60e6080d9,MARKET,21351,Vitamin B Complex + Zinc,,AMBIGUOUS,AMBIGUOUS_COMBINATION_STRENGTH
SRCM-0475308c99309d6c15d7ebe0,MARKET,21357,Iron Polymaltose Complex + Folic Acid + Zinc + Vitamin B-Complex,,AMBIGUOUS,AMBIGUOUS_COMBINATION_STRENGTH
SRCM-0b673363013df3498336a100,MARKET,21392,"Vitamin B1, B6 & B12",100 mg+200 mg+200 mcg,AMBIGUOUS,AMBIGUOUS_INGREDIENT_SEPARATOR
SRCM-cbf111a5bf895a1df230209d,MARKET,21422,Iron Polymaltose Complex + Folic Acid + Zinc + Vitamin B-Complex,,AMBIGUOUS,AMBIGUOUS_COMBINATION_STRENGTH
SRCM-f8f7959641a60e3f35d521aa,MARKET,21426,Ketoprofen (oral & injection),100 mg,AMBIGUOUS,AMBIGUOUS_INGREDIENT_SEPARATOR
SRCM-4b95aa5124fd2a37eb43bce9,MARKET,21427,Ketoprofen (oral & injection),50 mg,AMBIGUOUS,AMBIGUOUS_INGREDIENT_SEPARATOR
SRCM-2a80accf881649721970ac83,MARKET,21439,"Vitamin C, Vitamin E, Lutein, Copper & Zinc",,AMBIGUOUS,AMBIGUOUS_INGREDIENT_SEPARATOR
SRCM-0b404cf704da57d18bd3a89d,MARKET,21440,Vitamin B Complex + Zinc,,AMBIGUOUS,AMBIGUOUS_COMBINATION_STRENGTH
SRCM-4168f1997206bdc8c36ef5f8,MARKET,21457,Vitamin B Complex + Zinc,,AMBIGUOUS,AMBIGUOUS_COMBINATION_STRENGTH
SRCM-8fc203f234599e96b33d228e,MARKET,21469,Iron + Folic Acid + Vitamin B Complex + Vitamine C + Zinc Sulfate,,AMBIGUOUS,AMBIGUOUS_COMBINATION_STRENGTH
SRCM-2116b5228569b2e927863689,MARKET,21480,Carbonyl Iron + Folic Acid + Zinc Sulfate + Vitamin B Complex + Vitamin C,,AMBIGUOUS,AMBIGUOUS_COMBINATION_STRENGTH
SRCM-bc7722521d3bd46680b5f3a3,MARKET,21482,Vitamin B Complex + Zinc,,AMBIGUOUS,AMBIGUOUS_COMBINATION_STRENGTH
SRCM-c2c6b270259d0f47552fab20,MARKET,21485,Iron Polymaltose Complex + Folic Acid + Zinc + Vitamin B-Complex,,AMBIGUOUS,AMBIGUOUS_COMBINATION_STRENGTH
SRCM-a6e9f8f2124afdef635065fc,MARKET,21500,Vitamin B Complex + Zinc,,AMBIGUOUS,AMBIGUOUS_COMBINATION_STRENGTH
SRCM-122e598073c798d718dffd14,MARKET,21506,Vitamin B Complex + Zinc,,AMBIGUOUS,AMBIGUOUS_COMBINATION_STRENGTH
SRCM-e4b9737ab4c575708af52bd9,MARKET,21525,Carbonyl Iron + Folic Acid + Zinc Sulfate + Vitamin B Complex + Vitamin C,,AMBIGUOUS,AMBIGUOUS_COMBINATION_STRENGTH
SRCM-ed8ef7d2bbb372e08a57813f,MARKET,21534,Vitamin B Complex + Zinc,,AMBIGUOUS,AMBIGUOUS_COMBINATION_STRENGTH
SRCM-7da2cf374e6f838c82d5007a,MARKET,21544,Vitamin B Complex + Zinc,,AMBIGUOUS,AMBIGUOUS_COMBINATION_STRENGTH
SRCM-ad6331cb0f672c129a0b0447,MARKET,21545,Multivitamin [Adult preparation],,FAILED,MISSING_STRENGTH
SRCM-3113a7858ffeb4b016370fc9,MARKET,21546,Vitamin B complex,,FAILED,MISSING_STRENGTH
SRCM-7365c4d8d70b2329c7bf26bc,MARKET,21587,Vitamin B Complex + Zinc,,AMBIGUOUS,AMBIGUOUS_COMBINATION_STRENGTH
SRCM-1af4bbcfb2891437ff4a66e6,MARKET,21608,Vitamin B Complex + Zinc,,AMBIGUOUS,AMBIGUOUS_COMBINATION_STRENGTH
SRCM-4d598d1fd7c39211318c6984,MARKET,21615,Iron Polymaltose Complex + Vitamin B Complex + Zinc,,AMBIGUOUS,AMBIGUOUS_COMBINATION_STRENGTH
SRCM-a1a13ed5e0cb1e5cfffc14a0,MARKET,21616,Vitamin B Complex + Zinc,,AMBIGUOUS,AMBIGUOUS_COMBINATION_STRENGTH
SRCM-50509ced79fd8f8d7a8908c0,MARKET,21665,Multivitamin & Multimineral [A-Z syrup preparation],,AMBIGUOUS,AMBIGUOUS_INGREDIENT_SEPARATOR
SRCM-0cad41b3975736b80aac141f,MARKET,21666,Multivitamin & Multimineral [A-Z gold preparation],,AMBIGUOUS,AMBIGUOUS_INGREDIENT_SEPARATOR
SRCM-d382f2c02057743a09c930f2,MARKET,21705,Multivitamin & Multimineral [A-Z teen girls preparation],,AMBIGUOUS,AMBIGUOUS_INGREDIENT_SEPARATOR
SRCM-9dc4e46e99cd5b2cc953cca6,MARKET,21706,Multivitamin & Multimineral [A-Z teen boys preparation],,AMBIGUOUS,AMBIGUOUS_INGREDIENT_SEPARATOR
SRCM-4d7ba9164d62fbd3fafe05b2,MARKET,21707,Multivitamin & Multimineral [A-Z silver preparation],,AMBIGUOUS,AMBIGUOUS_INGREDIENT_SEPARATOR
SRCM-e8f0a64c23e2a4b14c0900e5,MARKET,21708,Multivitamin & Cod Liver Oil,,AMBIGUOUS,AMBIGUOUS_INGREDIENT_SEPARATOR
SRCR-5844aa6be2ee4d5fdd8dff4a,REGISTERED,37,Nicotinamide + Pyridoxine Hydrochloride + Riboflavin + Vitamin B1,20 mg + 2 mg + 2 mg + 5 mg/5 ml,AMBIGUOUS,AMBIGUOUS_SHARED_DENOMINATOR
SRCR-02527badddcc967886713fab,REGISTERED,39,Sulphamethoxazole + Trimethoprim,200 mg + 40 mg/5 ml,AMBIGUOUS,AMBIGUOUS_SHARED_DENOMINATOR
SRCR-bdd6495083357a35dc5245ac,REGISTERED,41,Aluminium Oxide + Magnesium Hydroxide,175 mg + 225 mg/5 ml,AMBIGUOUS,AMBIGUOUS_SHARED_DENOMINATOR
SRCR-89592ad49f25aef403ae477c,REGISTERED,53,Benzoic Acid + Salicylic Acid,60 mg + 30 mg/gm,AMBIGUOUS,AMBIGUOUS_SHARED_DENOMINATOR
SRCR-627bd3f7b23587a8f839c949,REGISTERED,56,Dextrose Anhydrous + Potassium Chloride + Sodium Chloride + Trisodium Citrate,10 gm + 750 gm + 1.75 gm + 1.45 gm/500 ml,AMBIGUOUS,AMBIGUOUS_SHARED_DENOMINATOR
SRCR-6c51f03d0c33b01ad84027a4,REGISTERED,115,Econazole Nitrate + Triamcinolone Acetonide,1 gm + 100 mg/100 gm,AMBIGUOUS,AMBIGUOUS_SHARED_DENOMINATOR
SRCR-97ab934d317741ace6ec66f6,REGISTERED,161,Chlorhexidine Gluconate + Isopropyl Alcohol,500 mg + 70 gm/100 ml,AMBIGUOUS,AMBIGUOUS_SHARED_DENOMINATOR
SRCR-4e4f61f4d9d729d2a0c86445,REGISTERED,170,Magaldrate + Simethicone,480 mg + 20 mg/5 ml,AMBIGUOUS,AMBIGUOUS_SHARED_DENOMINATOR
SRCR-20b23fdb87c3c612961f4071,REGISTERED,172,Calcium Carbonate + Sodium Alginate + Sodium Bicarbonate,1.6 gm + 5 gm + 2.6 gm/100 ml,AMBIGUOUS,AMBIGUOUS_SHARED_DENOMINATOR
SRCR-bb4793953c1c054aa910c57c,REGISTERED,175,Calcium Carbonate + Sodium Alginate + Sodium Bicarbonate,3.25 gm + 5 gm + 2.13 gm/100 ml,AMBIGUOUS,AMBIGUOUS_SHARED_DENOMINATOR
SRCR-105cc67cab6cf9809189e1a7,REGISTERED,177,Diphenhydramine Hydrochloride + Guaiphenesin + Levomenthol,280 mg + 2000 mg + 22 mg/100 ml,AMBIGUOUS,AMBIGUOUS_SHARED_DENOMINATOR
SRCR-2d87756c831f8405e9a77e98,REGISTERED,179,Aluminium Oxide + Magnesium Hydroxide + Simethicone,200 mg + 400 mg + 30 mg/5 ml,AMBIGUOUS,AMBIGUOUS_SHARED_DENOMINATOR
SRCR-84461d077a88f8417161b1b0,REGISTERED,186,Amoxicillin + Clavulanic Acid,125 mg + 31.25 mg/5 ml,AMBIGUOUS,AMBIGUOUS_SHARED_DENOMINATOR
SRCR-e836a1d014fce688e43554b8,REGISTERED,192,Chloramphenicol + Dexamethasone,5 mg + 1 mg/ml,AMBIGUOUS,AMBIGUOUS_SHARED_DENOMINATOR
SRCR-28a671f50220efd5317f7bca,REGISTERED,199,Cefuroxime + Clavulanic Acid,125 mg + 31.25 mg/5 ml,AMBIGUOUS,AMBIGUOUS_SHARED_DENOMINATOR
SRCR-dc0e1aa919e7ea5a840f081e,REGISTERED,212,Acetylsalicylic Acid + Vitamin C,60 gm + 6.65 gm/100 gm,AMBIGUOUS,AMBIGUOUS_SHARED_DENOMINATOR
SRCR-2e1b2be5b9021279b377446c,REGISTERED,216,Amprolium + Sulfaquinoxaline Sodium + Vitamin K,170 gm + 170 gm + 1 gm/KG,AMBIGUOUS,AMBIGUOUS_SHARED_DENOMINATOR
SRCR-ec65d5e00c1c5e83e5cba5cc,REGISTERED,266,Aluminium Oxide + Magnesium Hydroxide + Simethicone,200 mg + 400 mg + 30 mg/5 ml,AMBIGUOUS,AMBIGUOUS_SHARED_DENOMINATOR
SRCR-c393971413d8e234bde03835,REGISTERED,285,Sulphamethoxazole + Trimethoprim,200 mg + 40 mg/5 ml,AMBIGUOUS,AMBIGUOUS_SHARED_DENOMINATOR
SRCR-17ec13659e6ec70f274edd6d,REGISTERED,294,Betamethasone Sodium Phosphate + Neomycin Sulphate,100 mg + 500 mg/100 ml,AMBIGUOUS,AMBIGUOUS_SHARED_DENOMINATOR
SRCR-950a105be3e12b2efbdc022b,REGISTERED,300,Boric Acid + Calcium Gluconate + Dextrose Anhydrous + Magnesium Hypophosphite,4.2 gm + 20.8 gm + 22 gm + 5 gm/100 ml,AMBIGUOUS,AMBIGUOUS_SHARED_DENOMINATOR
SRCR-66d78d26d0639f54e89f63a6,REGISTERED,339,Econazole Nitrate + Triamcinolone Acetonide,1 gm + 100 mg/100 gm,AMBIGUOUS,AMBIGUOUS_SHARED_DENOMINATOR
SRCR-657dd0083a79c1eaa83f6d93,REGISTERED,407,Hydrocortisone + Miconazole Nitrate,1 gm + 2 gm/100 gm,AMBIGUOUS,AMBIGUOUS_SHARED_DENOMINATOR
SRCR-9753bcfa1f6456663b8933f6,REGISTERED,408,Hydrocortisone + Miconazole Nitrate,1 gm + 2 gm/100 gm,AMBIGUOUS,AMBIGUOUS_SHARED_DENOMINATOR
SRCR-4fc898a5e894cb1c6ac284f5,REGISTERED,414,Diclofenac + Lidocaine Hydrochloride,75 mg + 20 mg/2 ml,AMBIGUOUS,AMBIGUOUS_SHARED_DENOMINATOR
SRCR-f7d180732be12d67cd901334,REGISTERED,419,Bacitracin Zinc + Neomycin Sulphate,250 IU + 5 mg/gm,AMBIGUOUS,AMBIGUOUS_SHARED_DENOMINATOR
SRCR-816275a9765c32f299033676,REGISTERED,424,Nicotinamide + Pyridoxine Hydrochloride + Riboflavin + Vitamin B1,20 mg + 2 mg + 2 mg + 5 mg/5 ml,AMBIGUOUS,AMBIGUOUS_SHARED_DENOMINATOR
SRCR-dd1bd67d3638b7eae4b17c73,REGISTERED,427,Nystatin,1 Lac Unit/ml,FAILED,UNSUPPORTED_STRENGTH_PATTERN
SRCR-6778252ba88156fcbe093416,REGISTERED,447,Dextrose Anhydrous + Potassium Chloride + Sodium Chloride + Trisodium Citrate,10 gm + 750 gm + 1.75 gm + 1.45 gm/500 ml,AMBIGUOUS,AMBIGUOUS_SHARED_DENOMINATOR
SRCR-e3bfc82e4ee3c1b29ae4bcc8,REGISTERED,455,Cetrimide + Chlorhexidine Gluconate,15 gm + 1.5 gm/100 ml,AMBIGUOUS,AMBIGUOUS_SHARED_DENOMINATOR
SRCR-aeb7f03d3c8180c78f99e71c,REGISTERED,456,Cetrimide + Chlorhexidine Hydrochloride,500 mg + 100 mg/100 gm,AMBIGUOUS,AMBIGUOUS_SHARED_DENOMINATOR
SRCR-e96741e46cbe42d4d6058f1a,REGISTERED,457,Cetrimide + Chlorhexidine Gluconate,3 gm + 300 mg/100 ml,AMBIGUOUS,AMBIGUOUS_SHARED_DENOMINATOR
SRCR-9e1831df8c37278b4816e4a7,REGISTERED,464,Fluocinolone + Neomycin Sulphate,25 mg + 500 mg/100 gm,AMBIGUOUS,AMBIGUOUS_SHARED_DENOMINATOR
SRCR-664abab3b9f1dc118f16f357,REGISTERED,465,Fluocinolone + Neomycin Sulphate,25 mg + 500 mg/100 gm,AMBIGUOUS,AMBIGUOUS_SHARED_DENOMINATOR
SRCR-70daf76366b59b44a932a858,REGISTERED,488,Elemental Iron + Nicotinamide + Pyridoxine Hydrochloride + Riboflavin + Vitamin B1 + Zinc,50 mg + 20 mg + 2 mg + 2 mg + 5 mg + 10 mg/5 ml,AMBIGUOUS,AMBIGUOUS_SHARED_DENOMINATOR
SRCR-9876256fbddb9e752bf4c5f1,REGISTERED,489,Chlorpheniramine Maleate + Dexamethasone,500 mg + 100 mg/100 ml,AMBIGUOUS,AMBIGUOUS_SHARED_DENOMINATOR
SRCR-abdb15a5433a1d77a8fa2c77,REGISTERED,491,Lidocaine Hydrochloride + Oxytetracycline,2 gm + 10 gm/100 ml,AMBIGUOUS,AMBIGUOUS_SHARED_DENOMINATOR
SRCR-2d7cd877086f487864f234cc,REGISTERED,514,Clobetasol Propionate + Neomycin Sulphate + Nystatin,50 mg + 500 mg + 100 Lac IU/100 gm,AMBIGUOUS,AMBIGUOUS_SHARED_DENOMINATOR
SRCR-203a7fda1d5b8d19c3fdc0df,REGISTERED,541,Cyanocobalamin + Toldimfos Sodium,5 mg + 20 gm/100 ml,AMBIGUOUS,AMBIGUOUS_SHARED_DENOMINATOR
SRCR-e72e63c9ab84dcf735d5f813,REGISTERED,543,Butaphosphan + Cyanocobalamin,10 gm + 5 mg/100 ml,AMBIGUOUS,AMBIGUOUS_SHARED_DENOMINATOR
SRCR-b9564843a74b3bdd21bf8349,REGISTERED,557,Ascorbic Acid + Cod Liver Oil + Nicotinamide + Pyridoxine Hydrochloride + Riboflavin + Vitamin A + Vitamin B1 + Vitamin D3 + Vitamin E,17.5 mg + 100 mg + 9 mg + .35 mg + .85 mg + 2000 IU + .7 mg + 200 IU + 1.5 mg/5 ml,AMBIGUOUS,AMBIGUOUS_SHARED_DENOMINATOR
SRCR-04d77f5bafbbbb1091a234ae,REGISTERED,559,Clobetasol Propionate + Neomycin Sulphate + Nystatin,50 mg + 500 mg + 100 Lac IU/100 gm,AMBIGUOUS,AMBIGUOUS_SHARED_DENOMINATOR
SRCR-4f7290db643425c06b89f62f,REGISTERED,574,Menthol + Methyl Salicylate,10 gm + 15 gm/100 gm,AMBIGUOUS,AMBIGUOUS_SHARED_DENOMINATOR
SRCR-a941aa0667d9c197376ae4c0,REGISTERED,575,Menthol + Methyl Salicylate,8 gm + 30 gm/100 gm,AMBIGUOUS,AMBIGUOUS_SHARED_DENOMINATOR
SRCR-3def19c887ba57465cc3c1f0,REGISTERED,599,Cyanocobalamin + Pyridoxine Hydrochloride + Vitamin B1,1 mg + 100 mg + 100 mg/3 ml,AMBIGUOUS,AMBIGUOUS_SHARED_DENOMINATOR
SRCR-d01afadf93bcb1003da023ae,REGISTERED,610,Nicotinamide + Pyridoxine Hydrochloride + Riboflavin + Vitamin B1 + Zinc,20 mg + 2 mg + 2 mg + 5 mg + 10 mg/5 ml,AMBIGUOUS,AMBIGUOUS_SHARED_DENOMINATOR
SRCR-d2db81b7d41cb8cb403d9994,REGISTERED,625,Bupivacaine + Dextrose,20 mg + 320 mg/4 ml,AMBIGUOUS,AMBIGUOUS_SHARED_DENOMINATOR
SRCR-b7f2a541d1915ceb09c44071,REGISTERED,632,Sodium Selenate + Vitamin E,50 mg + 10 gm/100 ml,AMBIGUOUS,AMBIGUOUS_SHARED_DENOMINATOR
SRCR-9ff1eb0e02c11ecd9684cd1c,REGISTERED,634,Phytomenadione,2 mg/.2 ml,FAILED,UNSUPPORTED_STRENGTH_PATTERN
SRCR-9f440681bf73fc8d7084ba4a,REGISTERED,703,Eucalypytol + Menthol + Methyl Salicylate + Thymol,92 mg + 42 mg + 60 mg + 64 mg/100 ml,AMBIGUOUS,AMBIGUOUS_SHARED_DENOMINATOR
SRCR-657f29364600cc691e81892c,REGISTERED,712,Adrenaline + Lidocaine Hydrochloride,5 mcg + 20 mg/ml,AMBIGUOUS,AMBIGUOUS_SHARED_DENOMINATOR
SRCR-704e2c658a561e10ebe499cb,REGISTERED,736,Fluticasone Propionate + Salmeterol,50 mcg + 25 mcg/Metered Inhalation,AMBIGUOUS,AMBIGUOUS_SHARED_DENOMINATOR
SRCR-2a86c95cbb1a8c1a8ca4a3b6,REGISTERED,737,Fluticasone Propionate + Salmeterol,125 mcg + 25 mcg/Metered Inhalation,AMBIGUOUS,AMBIGUOUS_SHARED_DENOMINATOR
SRCR-9b03e7aa3c96d796fbc334ae,REGISTERED,738,Fluticasone Propionate + Salmeterol,250 mcg + 25 mcg/Metered Inhalation,AMBIGUOUS,AMBIGUOUS_SHARED_DENOMINATOR
SRCR-883d5eb0e8c85e964664608d,REGISTERED,739,Latanoprost + Timolol,.05 mg + 5 mg/ml,AMBIGUOUS,AMBIGUOUS_SHARED_DENOMINATOR
SRCR-13ed895a7cefca0cba6cf3db,REGISTERED,752,Bacitracin Zinc + Neomycin Sulphate,500 IU + 5 mg/gm,AMBIGUOUS,AMBIGUOUS_SHARED_DENOMINATOR
SRCR-e2cb3d3693d5e33954b6125a,REGISTERED,794,Clindamycin Phosphate + Tretinoin,1.2 gm + .025 gm/100 gm,AMBIGUOUS,AMBIGUOUS_SHARED_DENOMINATOR
SRCR-37f67d5e88276b04a59296a4,REGISTERED,807,Ciprofloxacin + Dexamethasone,300 mg + 100 mg/100 ml,AMBIGUOUS,AMBIGUOUS_SHARED_DENOMINATOR
SRCR-fce3540478f8588e877c1771,REGISTERED,808,Adenosine + Cytochrome C + Nicotinamide + Sodium Succinate,200 mg + 50 mg + 1 gm + 60 mg/100 ml,AMBIGUOUS,AMBIGUOUS_SHARED_DENOMINATOR
SRCR-071c47efefbaf568573fba10,REGISTERED,814,Benzoic Acid + Salicylic Acid,60 mg + 30 mg/gm,AMBIGUOUS,AMBIGUOUS_SHARED_DENOMINATOR
SRCR-42866897560580eb2f3f576f,REGISTERED,815,Lidocaine + Prilocaine,2.5 gm + 2.5 gm/100 gm,AMBIGUOUS,AMBIGUOUS_SHARED_DENOMINATOR
SRCR-05592b39d706df1782141655,REGISTERED,816,Aluminium Oxide + Magnesium Hydroxide,175 mg + 225 mg/5 ml,AMBIGUOUS,AMBIGUOUS_SHARED_DENOMINATOR
SRCR-08bee773baa64a50d14b4e40,REGISTERED,850,Piperacillin + Tazobactam,4 gm + .5 gm/vial,AMBIGUOUS,AMBIGUOUS_SHARED_DENOMINATOR
SRCR-2869a643c29961531735adda,REGISTERED,855,Piperacillin + Tazobactam,2 gm + 250 mg/vial,AMBIGUOUS,AMBIGUOUS_SHARED_DENOMINATOR
SRCR-6d97e28e2b5576c9b1b907de,REGISTERED,876,Budesonide + Formoterol Fumarate,160 mcg + 4.5 mcg/Puff,AMBIGUOUS,AMBIGUOUS_SHARED_DENOMINATOR
SRCR-c90ec2d259d73dc00e66c280,REGISTERED,877,Budesonide + Formoterol Fumarate,80 mcg + 4.5 mcg/Puff,AMBIGUOUS,AMBIGUOUS_SHARED_DENOMINATOR
SRCR-2f4de72874cf89aab3872589,REGISTERED,904,Ipratropium Bromide + Salbutamol,20 mcg + 100 mcg/Metered Inhalation,AMBIGUOUS,AMBIGUOUS_SHARED_DENOMINATOR
SRCR-190ec4414e44c74ede6f7b6f,REGISTERED,941,Magaldrate + Simethicone,480 mg + 20 mg/5 ml,AMBIGUOUS,AMBIGUOUS_SHARED_DENOMINATOR
SRCR-74535479c0b6c19b236d19e1,REGISTERED,944,Liquid Paraffin + Magnesium Hydroxide,1.25 ml + 300 mg/5 ml,AMBIGUOUS,AMBIGUOUS_SHARED_DENOMINATOR
SRCR-6d13159d66a4419eea2f3f45,REGISTERED,956,Dextrose Anhydrous + Fructose + Potassium Chloride + Sodium Bicarbonate + Sodium Chloride + Sucrose,4.09 gm + 70 mg + 380 mg + 420 mg + 440 mg + 8.07 gm/250 ml,AMBIGUOUS,AMBIGUOUS_SHARED_DENOMINATOR
SRCR-570240937f8aff520bb76c1f,REGISTERED,970,Benzylpenicillin + Procaine Penicillin + Streptomycin,5 Lac IU + 15 Lac IU + 2.5 gm/vial,AMBIGUOUS,AMBIGUOUS_SHARED_DENOMINATOR
SRCR-45e0156d200e4f837616c0e1,REGISTERED,981,Cefuroxime + Clavulanic Acid,125 mg + 31.25 mg/5 ml,AMBIGUOUS,AMBIGUOUS_SHARED_DENOMINATOR
SRCR-bd0bc39167cba157de67d846,REGISTERED,1030,Filgrastim,30 MIU/.5 ml,FAILED,UNSUPPORTED_STRENGTH_PATTERN
SRCR-513586fbbc9531f05700e8ed,REGISTERED,1035,Erythropoietin,2000 IU/.5 ml,FAILED,UNSUPPORTED_STRENGTH_PATTERN
SRCR-8da08dd92facb62511be62cd,REGISTERED,1036,Erythropoietin,3000 IU/.75 ml,FAILED,UNSUPPORTED_STRENGTH_PATTERN
SRCR-bb36d9abb73acd716e835dcc,REGISTERED,1037,Erythropoietin,5000 IU/.5 ml,FAILED,UNSUPPORTED_STRENGTH_PATTERN
SRCR-7132b151eb9a7e9000f1f782,REGISTERED,1044,Betamethasone + Salicylic Acid,.05 gm + 2 gm/100 ml,AMBIGUOUS,AMBIGUOUS_SHARED_DENOMINATOR
SRCR-953a2af85a38ee9a8014f28f,REGISTERED,1046,Potassium Bicarbonate + Sodium Alginate,100 mg + 500 mg/5 ml,AMBIGUOUS,AMBIGUOUS_SHARED_DENOMINATOR
SRCR-334e944262db83516d963e5b,REGISTERED,1047,Crotamiton + Permethrin,10 gm + 5 gm/100 ml,AMBIGUOUS,AMBIGUOUS_SHARED_DENOMINATOR
SRCR-9a53571e02a758c5f927c8a4,REGISTERED,1064,Ethyl Alcohol + Isopropyl Alcohol,66 ml + 3.5 ml/100 ml,AMBIGUOUS,AMBIGUOUS_SHARED_DENOMINATOR
SRCR-b9bd6ae9064fa6c917a4280b,REGISTERED,1066,Naphazoline Hydrochloride + Pheniramine Maleate,250 mcg + 3 mg/ml,AMBIGUOUS,AMBIGUOUS_SHARED_DENOMINATOR
SRCR-a2261f7699ec11a798a03951,REGISTERED,1075,Cilastatin + Imipenem,250 mg + 250 mg/vial,AMBIGUOUS,AMBIGUOUS_SHARED_DENOMINATOR
SRCR-f7cd2228b1b3796ee739b88c,REGISTERED,1090,Bromhexine Hydrochloride + Doxycycline + Tylosin Tartrate,2 gm + 20 gm + 10 gm/100 gm,AMBIGUOUS,AMBIGUOUS_SHARED_DENOMINATOR
SRCR-960d28a35548075158f40df8,REGISTERED,1098,Vitamin A + Vitamin D3 + Vitamin E,500000 IU + 75000 IU + 50 mg/100 ml,AMBIGUOUS,AMBIGUOUS_SHARED_DENOMINATOR
SRCR-67c94e2498ef065f78c105a7,REGISTERED,1103,Pyridoxine Hydrochloride + Riboflavine-5-Phosphate + Thiamine Hydrochloride,.61 gm + 1.1 gm + 6 gm/100 gm,AMBIGUOUS,AMBIGUOUS_SHARED_DENOMINATOR
SRCR-6131ad415938964ca9f38067,REGISTERED,1116,Glycerol + Hypromellose + Polyethylene Glycol 400,200 mg + 360 mg + 1 gm/100 ml,AMBIGUOUS,AMBIGUOUS_SHARED_DENOMINATOR
SRCR-77892cbcba23a2e3395e89d8,REGISTERED,1117,Polyethylene Glycol 400 + Propylene Glycol,400 mg + 300 mg/100 ml,AMBIGUOUS,AMBIGUOUS_SHARED_DENOMINATOR
SRCR-7367c18135b1d185fac81995,REGISTERED,1123,Testosterone Decanoate + Testosterone Isocaproate + Testosterone Phenyl propionate + Testosterone Propionate,100 mg + 60 mg + 60 mg + 30 mg/ml,AMBIGUOUS,AMBIGUOUS_SHARED_DENOMINATOR
SRCR-fd402c823a35cd592efdc32f,REGISTERED,1146,Dextromethorphan Hydrobromide + Phenylephrine Hydrochloride + Triprolidine Hydrochloride,400 mg + 200 mg + 50 mg/100 ml,AMBIGUOUS,AMBIGUOUS_SHARED_DENOMINATOR
SRCR-2fd855a6307fb143678690ee,REGISTERED,1168,Clorsulon + Ivermectin,2500 mg + 250 mg/25 ml,AMBIGUOUS,AMBIGUOUS_SHARED_DENOMINATOR
SRCR-056da9280b4f7a01470f9e39,REGISTERED,1169,Clorsulon + Ivermectin,500 mg + 50 mg/5 ml,AMBIGUOUS,AMBIGUOUS_SHARED_DENOMINATOR
SRCR-613af5367dac5c0ada41ee47,REGISTERED,1172,Amoxicillin + Clavulanic Acid,125 mg + 31.25 mg/5 ml,AMBIGUOUS,AMBIGUOUS_SHARED_DENOMINATOR
SRCR-ecda0be63a11cf0d916c59d1,REGISTERED,1177,Amoxicillin + Clavulanic Acid,400 mg + 57.5 mg/5 ml,AMBIGUOUS,AMBIGUOUS_SHARED_DENOMINATOR
SRCR-731569efff19406b04443b27,REGISTERED,1183,Enoxaprin,80 mg/.8 ml,FAILED,UNSUPPORTED_STRENGTH_PATTERN
SRCR-6b200eea397cde0ac45133c7,REGISTERED,1184,Enoxaprin,60 mg/.6 ml,FAILED,UNSUPPORTED_STRENGTH_PATTERN
SRCR-709500ab311647304c646dc5,REGISTERED,1185,Enoxaprin,40 mg/.4 ml,FAILED,UNSUPPORTED_STRENGTH_PATTERN
SRCR-6f01891ec25d7c24b263eece,REGISTERED,1186,Enoxaprin,20 mg/.2 ml,FAILED,UNSUPPORTED_STRENGTH_PATTERN
SRCR-76d5b287f96a978045294113,REGISTERED,1225,Darbepoetin,40 mcg/.4 ml,FAILED,UNSUPPORTED_STRENGTH_PATTERN
SRCR-a298978d81ec72d9685c2c46,REGISTERED,1226,Darbepoetin,60 mcg/.3 ml,FAILED,UNSUPPORTED_STRENGTH_PATTERN
SRCR-2d09d7a4ff171c7028888d55,REGISTERED,1227,Darbepoetin,100 mcg/.5 ml,FAILED,UNSUPPORTED_STRENGTH_PATTERN
SRCR-3b627483bf3369c2632880c3,REGISTERED,1232,Citric Acid Monohydrate + Potassium Citrate,5 gm + 30 gm/100 ml,AMBIGUOUS,AMBIGUOUS_SHARED_DENOMINATOR
SRCR-172472b8ce4b89326bcd3834,REGISTERED,1236,Benzalkonium Chloride + Chlorhexidine Hydrochloride + Isopropyl Myristate + Liquid Paraffin,100 mg + 100 mg + 2.5 gm + 2.5 gm/100 gm,AMBIGUOUS,AMBIGUOUS_SHARED_DENOMINATOR
SRCR-cdc0e3c259c1a6175ee719e3,REGISTERED,1241,Sulphamethoxazole + Trimethoprim,10 gm + 2 gm/100 ml,AMBIGUOUS,AMBIGUOUS_SHARED_DENOMINATOR
SRCR-9cd2896c152e242421b019aa,REGISTERED,1246,Florfenicol + Flunixin,9 gm + 495 mg/30 ml,AMBIGUOUS,AMBIGUOUS_SHARED_DENOMINATOR
SRCR-d433acb7655328a0d75cbb0b,REGISTERED,1247,Florfenicol + Flunixin,30 gm + 1.65 gm/100 ml,AMBIGUOUS,AMBIGUOUS_SHARED_DENOMINATOR
SRCR-0d88ae085ac9c0b447bcc647,REGISTERED,1254,Erythromycin + Sulphadiazine + Trimethoprim,18 gm + 15 gm + 3 gm/100 gm,AMBIGUOUS,AMBIGUOUS_SHARED_DENOMINATOR
SRCR-0779c077c687a7be7c662c13,REGISTERED,1256,Butaphosphan + Cyanocobalamin + DL-Methionine + Nicotinamide + Taurine,10 gm + 5 mg + 1.87 gm + 2.3 gm + 3.73 gm/100 ml,AMBIGUOUS,AMBIGUOUS_SHARED_DENOMINATOR
SRCR-ce891309f1fc1cda6bb1a229,REGISTERED,1257,Amprolium + Mendione Sodium Bisulphite (Vitamin-K) + Sulfaquinoxaline Sodium,10.2 gm + 100 mg + 10.2 gm/100 gm,AMBIGUOUS,AMBIGUOUS_SHARED_DENOMINATOR
SRCR-38a9838f2fb67ddd0430b2a2,REGISTERED,1265,Tirzepatide,2.5 mg/.5 ml,FAILED,UNSUPPORTED_STRENGTH_PATTERN
SRCR-9ff7e41d64b9ce7adca784ee,REGISTERED,1266,Tirzepatide,5 mg/.5 ml,FAILED,UNSUPPORTED_STRENGTH_PATTERN
SRCR-b62d991f2da4b3a103654c44,REGISTERED,1267,Tirzepatide,7.5 mg/.5 ml,FAILED,UNSUPPORTED_STRENGTH_PATTERN
SRCR-14f0cafa665d0c9546336242,REGISTERED,1276,Calcium Carbonate + Sodium Alginate + Sodium Bicarbonate,3.25 gm + 5 gm + 2.13 gm/100 ml,AMBIGUOUS,AMBIGUOUS_SHARED_DENOMINATOR
SRCR-d8d84ec6ad5c663c2a0d7d88,REGISTERED,1280,Semaglutide,500 mcg/.5 ml,FAILED,UNSUPPORTED_STRENGTH_PATTERN
SRCR-b47e2d10ce38d1cebf22fa88,REGISTERED,1312,Ammonium Bicarbonate + Gentian + Ginger + Nux vomica + Sodium Bicarbonate,25 gm + 1.5 gm + 1.5 gm + 7 gm + 65 gm/100 gm,AMBIGUOUS,AMBIGUOUS_SHARED_DENOMINATOR
SRCR-f278aa3f6a274d116ae84733,REGISTERED,1313,Amprolium + Sulfaquinoxaline Sodium + Vitamin K,170 gm + 170 gm + 1 gm/KG,AMBIGUOUS,AMBIGUOUS_SHARED_DENOMINATOR
SRCR-f7c79df1a0cf1a92505ba794,REGISTERED,1318,Vitamin A + Vitamin D3 + Vitamin E,1 Lac IU + 20000 IU + 20 mg/ml,AMBIGUOUS,AMBIGUOUS_SHARED_DENOMINATOR
SRCR-19bb1e6499e176c990b93731,REGISTERED,1319,Sodium Selenate + Vitamin E,50 mg + 10 gm/100 ml,AMBIGUOUS,AMBIGUOUS_SHARED_DENOMINATOR
SRCR-f7adbcf1f4018c3169ee06f7,REGISTERED,1327,Vitamin A + Vitamin D3 + Vitamin E,5 Lac IU + 75000 IU + 50 mg/ml,AMBIGUOUS,AMBIGUOUS_SHARED_DENOMINATOR
SRCR-c4a8d45d2941481e9d4634bb,REGISTERED,1328,Butaphosphan + Cyanocobalamin,10 gm + 5 mg/100 ml,AMBIGUOUS,AMBIGUOUS_SHARED_DENOMINATOR
SRCR-2267b8b8a1f02ad4818372d2,REGISTERED,1339,Sulphadiazine + Trimethoprim,40 gm + 8 gm/100 ml,AMBIGUOUS,AMBIGUOUS_SHARED_DENOMINATOR
SRCR-3e07c4b8c0187561e09c36ad,REGISTERED,1344,Sodium Sulfachloropyridazine + Trimethoprim,10 gm + 2 gm/100 gm,AMBIGUOUS,AMBIGUOUS_SHARED_DENOMINATOR
SRCR-857f72a8fdb6a9a2b7ac4e2a,REGISTERED,1361,Vitamin A + Vitamin D3 + Vitamin E,500000 IU + 75000 IU + 50 mg/100 ml,AMBIGUOUS,AMBIGUOUS_SHARED_DENOMINATOR
SRCR-02478a6b018d2b8046b0f7c4,REGISTERED,1364,Calcium Gluconate + Dextrose + Magnesium Hypophosphite,208 mg + 200 mg + 50 mg/ml,AMBIGUOUS,AMBIGUOUS_SHARED_DENOMINATOR
SRCR-86840c328a8f0485c5a5bdd0,REGISTERED,1366,Butaphosphan + Cyanocobalamin,10 gm + 5 mg/100 ml,AMBIGUOUS,AMBIGUOUS_SHARED_DENOMINATOR
SRCR-a1119cb70e731c6d6dee9939,REGISTERED,1369,Erythromycin Thiocyanate + Sulphadiazine + Trimethoprim,18 gm + 15 gm + 3 gm/100 gm,AMBIGUOUS,AMBIGUOUS_SHARED_DENOMINATOR
SRCR-4476b97a02ed7542b2f8dee6,REGISTERED,1371,Diaverdin + Nicotinamide + Sulphadimethoxine Sodium + Sulphadimidine + Vitamin K,3 gm + 3 gm + 2 gm + 20 gm + 2 gm/100 gm,AMBIGUOUS,AMBIGUOUS_SHARED_DENOMINATOR
SRCR-21d5049b318e80b2e52af821,REGISTERED,1375,Acetylsalicylic Acid + Vitamin C,6.7 gm + 20 gm/100 gm,AMBIGUOUS,AMBIGUOUS_SHARED_DENOMINATOR
SRCR-6d8012164294fdb191839e48,REGISTERED,1376,Anhydrous Glucose + Vitamin C,98 gm + 2 gm/100 gm,AMBIGUOUS,AMBIGUOUS_SHARED_DENOMINATOR
SRCR-94203713fe6dca0fd6a4e11b,REGISTERED,1377,Sodium Selenate + Vitamin E,50 mg + 10 gm/100 ml,AMBIGUOUS,AMBIGUOUS_SHARED_DENOMINATOR
SRCR-f2c960b5db85eca2ade6ba2f,REGISTERED,1379,Pyridoxine Hydrochloride + Riboflavine-5-Phosphate + Thiamine Hydrochloride,.61 gm + 1.1 gm + 6 gm/100 gm,AMBIGUOUS,AMBIGUOUS_SHARED_DENOMINATOR
SRCR-5022948e1f92958983290922,REGISTERED,1380,Ammonium Bicarbonate + Gentian + Ginger + Nux vomica + Sodium Bicarbonate,25 gm + 1.5 gm + 1.5 gm + 7 gm + 65 gm/100 gm,AMBIGUOUS,AMBIGUOUS_SHARED_DENOMINATOR
SRCR-8dc86ea8d25db8bc9779a1e5,REGISTERED,1382,Nicotinamide + Pyridoxine Hydrochloride + Riboflavine Sodium Phosphate + Thiamine Hydrochloride + Zinc Sulphate Monohydrate,400 mg + 800 mg + 150 mg + 500 mg + 2 gm/100 ml,AMBIGUOUS,AMBIGUOUS_SHARED_DENOMINATOR
SRCR-170da3836a0fa7023f172404,REGISTERED,1383,Ascorbic Acid + Biotin + Calcium Pantothenate + Dextrose Anhydrous + Folic Acid + Nicotinamide + Pyridoxine Hydrochloride + Riboflavine Sodium Phosphate + Thiamine Hydrochloride + Vitamin B12,500 mg + 1.5 mg + 450 mg + 97.5 gm + 25 mg + 750 mg + 150 mg + 400 mg + 200 mg + 1 mg/100 gm,AMBIGUOUS,AMBIGUOUS_SHARED_DENOMINATOR
SRCR-29190237368e45c02fb75143,REGISTERED,1389,Cefuroxime + Clavulanic Acid,125 mg + 31.25 mg/5 ml,AMBIGUOUS,AMBIGUOUS_SHARED_DENOMINATOR
SRCR-7c89821d206c320ea1eccbdd,REGISTERED,1394,Citric Acid Monohydrate + Potassium Citrate,5 gm + 30 gm/100 ml,AMBIGUOUS,AMBIGUOUS_SHARED_DENOMINATOR
SRCR-0b86c9d15522458d1226311b,REGISTERED,1445,Menthol + Methyl Salicylate,10 gm + 15 gm/100 gm,AMBIGUOUS,AMBIGUOUS_SHARED_DENOMINATOR
SRCR-f920419426ca97d68c5b94a1,REGISTERED,1448,Glycerol + Hydrogen Peroxide Solution + Isopropyl Alcohol,1.45 ml + 4.17 ml + 75 ml/100 ml,AMBIGUOUS,AMBIGUOUS_SHARED_DENOMINATOR
SRCR-159a89da3f25402913d3637a,REGISTERED,1449,Ethyl Alcohol + Isopropyl Alcohol,66 ml + 3.5 ml/100 ml,AMBIGUOUS,AMBIGUOUS_SHARED_DENOMINATOR
SRCR-79f690e7ceb1563305667770,REGISTERED,1460,Bromhexine Hydrochloride + Doxycycline + Tylosin Tartrate,2 gm + 20 gm + 10 gm/100 gm,AMBIGUOUS,AMBIGUOUS_SHARED_DENOMINATOR
SRCR-cade24a75758854c405668c8,REGISTERED,1467,Camphor + Menthol + Methyl Salicylate,4 gm + 10 gm + 30 gm/100 gm,AMBIGUOUS,AMBIGUOUS_SHARED_DENOMINATOR
SRCR-1ba887b6f67dbdfaec6c8e99,REGISTERED,1534,Aluminium Oxide + Magnesium Hydroxide,175 mg + 225 mg/5 ml,AMBIGUOUS,AMBIGUOUS_SHARED_DENOMINATOR
SRCR-534d0963404e3e9f95f98f95,REGISTERED,1535,Nicotinamide + Pantothenic acid + Pyridoxine Hydrochloride + Riboflavin + Vitamin A + Vitamin B1 + Vitamin C + Vitamin D,10 mg + 5 mg + 1 mg + 1 mg + 5000 IU + 1.6 mg + 50 mg + 1000 IU/ml,AMBIGUOUS,AMBIGUOUS_SHARED_DENOMINATOR
SRCR-6b13f0d508f0d20625265b50,REGISTERED,1537,Nicotinamide + Pyridoxine Hydrochloride + Riboflavin + Vitamin B1,20 mg + 2 mg + 2 mg + 5 mg/5 ml,AMBIGUOUS,AMBIGUOUS_SHARED_DENOMINATOR
SRCR-7bdaff8773887609b43dc055,REGISTERED,1538,Sulphamethoxazole + Trimethoprim,200 mg + 40 mg/5 ml,AMBIGUOUS,AMBIGUOUS_SHARED_DENOMINATOR
SRCR-589cf7c803613c205b94c966,REGISTERED,1541,Aluminium Oxide + Magnesium Hydroxide + Simethicone,200 mg + 400 mg + 30 mg/5 ml,AMBIGUOUS,AMBIGUOUS_SHARED_DENOMINATOR
SRCR-105b90b0f96256f84e0e2614,REGISTERED,1548,Dextrose Anhydrous + Potassium Chloride + Sodium Chloride + Trisodium Citrate,10 gm + 750 gm + 1.75 gm + 1.45 gm/500 ml,AMBIGUOUS,AMBIGUOUS_SHARED_DENOMINATOR
SRCR-2b433de9e0d37bfe5cab1ee0,REGISTERED,1549,Dextrose Anhydrous + Potassium Chloride + Sodium Chloride + Trisodium Citrate,10 gm + 750 gm + 1.75 gm + 1.45 gm/500 ml,AMBIGUOUS,AMBIGUOUS_SHARED_DENOMINATOR
SRCR-f6b1cb70a2230503dfe391de,REGISTERED,1634,Ammonium Bicarbonate + Gentian + Ginger + Nux vomica + Sodium Bicarbonate,25 gm + 1.5 gm + 1.5 gm + 7 gm + 65 gm/100 gm,AMBIGUOUS,AMBIGUOUS_SHARED_DENOMINATOR
SRCR-b9591cf1b17a9134464b4049,REGISTERED,1676,Sodium Sulfachloropyridazine + Trimethoprim,10 gm + 2 gm/100 gm,AMBIGUOUS,AMBIGUOUS_SHARED_DENOMINATOR
SRCR-b9924e064a028f2201e6a7ae,REGISTERED,1692,Diaverdin + Nicotinamide + Sulphadimethoxine Sodium + Sulphadimidine + Vitamin K,3 gm + 3 gm + 2 gm + 20 gm + 2 gm/100 gm,AMBIGUOUS,AMBIGUOUS_SHARED_DENOMINATOR
SRCR-7097b30ce7f5f44d2f199bfc,REGISTERED,1694,Amprolium + Sulfaquinoxaline Sodium + Vitamin K,170 gm + 170 gm + 1 gm/KG,AMBIGUOUS,AMBIGUOUS_SHARED_DENOMINATOR
SRCR-8a826b2da6056b86ccc733d7,REGISTERED,1701,Econazole Nitrate + Triamcinolone Acetonide,1 gm + 100 mg/100 gm,AMBIGUOUS,AMBIGUOUS_SHARED_DENOMINATOR
SRCR-2b804ddbddaf05b04ab26b3b,REGISTERED,1703,Betamethasone + Clotrimazole,100 mg + 1 gm/100 gm,AMBIGUOUS,AMBIGUOUS_SHARED_DENOMINATOR
SRCR-8d4763cefdeee8736e284350,REGISTERED,1705,Betamethasone + Neomycin Sulphate,100 mg + 500 mg/100 gm,AMBIGUOUS,AMBIGUOUS_SHARED_DENOMINATOR
SRCR-380fba31954437e3e390f661,REGISTERED,1724,Benzoic Acid + Salicylic Acid,60 mg + 30 mg/gm,AMBIGUOUS,AMBIGUOUS_SHARED_DENOMINATOR
SRCR-9dd361fe8a8ac78325e62c8b,REGISTERED,1738,Hydrocortisone + Miconazole Nitrate,1 gm + 2 gm/100 gm,AMBIGUOUS,AMBIGUOUS_SHARED_DENOMINATOR
SRCR-5633b8e981186d200210a56a,REGISTERED,1772,Erythromycin Thiocyanate + Sulphadiazine + Trimethoprim,18 gm + 15 gm + 3 gm/100 gm,AMBIGUOUS,AMBIGUOUS_SHARED_DENOMINATOR
SRCR-1a5d2b65bb88a3bcc4bfbc39,REGISTERED,1798,Betamethasone + Neomycin Sulphate,100 mg + 500 mg/100 gm,AMBIGUOUS,AMBIGUOUS_SHARED_DENOMINATOR
SRCR-93df2136b0e8e01558a0b4ea,REGISTERED,1812,Vitamin A + Vitamin D3 + Vitamin E,1 Lac IU + 20000 IU + 20 mg/ml,AMBIGUOUS,AMBIGUOUS_SHARED_DENOMINATOR
SRCR-92ec24381cc011122fa8579b,REGISTERED,1824,D-Panthenol + Nicotinamide + Pyridoxine Hydrochloride + Riboflavin + Vitamin B1,5 mg + 100 mg + 10 mg + 4 mg + 50 mg/2 ml,AMBIGUOUS,AMBIGUOUS_SHARED_DENOMINATOR
SRCR-4f9c13af9a23049d42ba4b2f,REGISTERED,1825,Diclofenac + Lidocaine Hydrochloride,75 mg + 20 mg/2 ml,AMBIGUOUS,AMBIGUOUS_SHARED_DENOMINATOR
SRCR-1167c4b444c60258b13a6d5b,REGISTERED,1827,Calcium Gluconate + Dextrose + Magnesium Hypophosphite,208 mg + 200 mg + 50 mg/ml,AMBIGUOUS,AMBIGUOUS_SHARED_DENOMINATOR
SRCR-cb3580423b884ae3956132ca,REGISTERED,1828,Cyanocobalamin + DL-Methionine + Inositol + Nicotinamide + Pantothenic acid + Pyridoxine Hydrochloride + Riboflavin + Vitamin B1,2 mcg + 5 mg + 2 mg + 100 mg + 10 mg + 5 mg + 5 mg + 50 mg/ml,AMBIGUOUS,AMBIGUOUS_SHARED_DENOMINATOR
SRCR-3c4ff77f76fc72d2843db53b,REGISTERED,1832,Vitamin A + Vitamin D3 + Vitamin E,500000 IU + 75000 IU + 50 mg/100 ml,AMBIGUOUS,AMBIGUOUS_SHARED_DENOMINATOR
SRCR-80532619c193d338f41e6438,REGISTERED,1835,Butaphosphan + Cyanocobalamin,10 gm + 5 mg/100 ml,AMBIGUOUS,AMBIGUOUS_SHARED_DENOMINATOR
SRCR-a374c720e3e14201f37b4469,REGISTERED,1846,Chloramphenicol + Dexamethasone,5 mg + 1 mg/ml,AMBIGUOUS,AMBIGUOUS_SHARED_DENOMINATOR
SRCR-624d2ee508068fcda8039bd8,REGISTERED,1859,Bacitracin Zinc + Neomycin Sulphate,500 IU + 5 mg/gm,AMBIGUOUS,AMBIGUOUS_SHARED_DENOMINATOR
SRCR-8cdb608eaadc815edc9a0cf9,REGISTERED,1863,Chlorhexidine Gluconate + Isopropyl Alcohol,500 mg + 70 gm/100 ml,AMBIGUOUS,AMBIGUOUS_SHARED_DENOMINATOR
SRCR-fcaf2334e5657fdf2911ed3f,REGISTERED,1864,Cetrimide + Chlorhexidine Gluconate,3 gm + 300 mg/100 ml,AMBIGUOUS,AMBIGUOUS_SHARED_DENOMINATOR
SRCR-b64c0801a48668e4dfaa6f0b,REGISTERED,1866,Cetrimide + Chlorhexidine Gluconate,15 gm + 1.5 gm/100 ml,AMBIGUOUS,AMBIGUOUS_SHARED_DENOMINATOR
SRCR-ef9af9bd384cc276418de905,REGISTERED,1867,Glycerol + Hydrogen Peroxide Solution + Isopropyl Alcohol,1.45 ml + 4.17 ml + 75 ml/100 ml,AMBIGUOUS,AMBIGUOUS_SHARED_DENOMINATOR
SRCR-ce4e1446b466621049766523,REGISTERED,1868,Ethyl Alcohol + Isopropyl Alcohol,66 ml + 3.5 ml/100 ml,AMBIGUOUS,AMBIGUOUS_SHARED_DENOMINATOR
SRCR-2ec33a0dc14dedae96cca195,REGISTERED,1869,Cetrimide + Chlorhexidine Hydrochloride,500 mg + 100 mg/100 gm,AMBIGUOUS,AMBIGUOUS_SHARED_DENOMINATOR
SRCR-d9c85ddda40dd5e7edb9c252,REGISTERED,1881,Diphenhydramine Hydrochloride + Guaiphenesin + Levomenthol,280 mg + 2000 mg + 22 mg/100 ml,AMBIGUOUS,AMBIGUOUS_SHARED_DENOMINATOR
SRCR-ca8f7ab99af0810831dd83dc,REGISTERED,1905,Boric Acid + Dithranol + Salicylic Acid,2 gm + 100 mg + 1 gm/100 gm,AMBIGUOUS,AMBIGUOUS_SHARED_DENOMINATOR
SRCR-62b6db23eff0a763412d86fb,REGISTERED,1912,Calcium Carbonate + Sodium Alginate + Sodium Bicarbonate,1.6 gm + 5 gm + 2.6 gm/100 ml,AMBIGUOUS,AMBIGUOUS_SHARED_DENOMINATOR
SRCR-bd324d83ec9db9fabf19c4af,REGISTERED,1928,Calcium Carbonate + Sodium Alginate + Sodium Bicarbonate,3.25 gm + 5 gm + 2.13 gm/100 ml,AMBIGUOUS,AMBIGUOUS_SHARED_DENOMINATOR
SRCR-b42f36f71fa36cb6af67b579,REGISTERED,1929,Menthol + Methyl Salicylate,8 gm + 30 gm/100 gm,AMBIGUOUS,AMBIGUOUS_SHARED_DENOMINATOR
SRCR-4fbfe473ec96a1ed6dd2f3a6,REGISTERED,1934,Clobetasol Propionate + Neomycin Sulphate + Nystatin,50 mg + 500 mg + 100 Lac IU/100 gm,AMBIGUOUS,AMBIGUOUS_SHARED_DENOMINATOR
SRCR-852b0e2699c9aeb73ea4d7e0,REGISTERED,1935,Bacitracin Zinc + Neomycin Sulphate,250 IU + 5 mg/gm,AMBIGUOUS,AMBIGUOUS_SHARED_DENOMINATOR
SRCR-3194c5085ea9733fae505b43,REGISTERED,1938,Dextromethorphan Hydrobromide + Diphenhydramine Hydrochloride + Levomenthol,130 mg + 280 mg + 40 mg/100 ml,AMBIGUOUS,AMBIGUOUS_SHARED_DENOMINATOR
SRCR-24fe8e849b1b4ee760b55cb3,REGISTERED,1954,Nicotinamide + Pyridoxine Hydrochloride + Riboflavine Sodium Phosphate + Thiamine Hydrochloride + Zinc Sulphate Monohydrate,400 mg + 800 mg + 150 mg + 500 mg + 2 gm/100 ml,AMBIGUOUS,AMBIGUOUS_SHARED_DENOMINATOR
SRCR-be31b253227975691b0b18e0,REGISTERED,1956,Dextrose Anhydrous + Fructose + Potassium Chloride + Sodium Bicarbonate + Sodium Chloride + Sucrose,4.09 gm + 70 mg + 380 mg + 420 mg + 440 mg + 8.07 gm/250 ml,AMBIGUOUS,AMBIGUOUS_SHARED_DENOMINATOR
SRCR-707a50d29c0259abd46de8f0,REGISTERED,2051,Bacitracin Zinc + Neomycin Sulphate,250 IU + 5 mg/gm,AMBIGUOUS,AMBIGUOUS_SHARED_DENOMINATOR
SRCR-de39846d57f8d69894e0ccaa,REGISTERED,2077,Nicotinamide + Pantothenic acid + Pyridoxine Hydrochloride + Riboflavin + Vitamin A + Vitamin B1 + Vitamin C + Vitamin D,10 mg + 5 mg + 1 mg + 1 mg + 5000 IU + 1.6 mg + 50 mg + 1000 IU/ml,AMBIGUOUS,AMBIGUOUS_SHARED_DENOMINATOR
SRCR-3a197f0afd78deb0b77ef75f,REGISTERED,2119,Diphenhydramine Hydrochloride + Zinc Acetate,20 mg + 1 mg/gm,AMBIGUOUS,AMBIGUOUS_SHARED_DENOMINATOR
SRCR-cfec4792dbca9db07f96ad51,REGISTERED,2122,Neomycin Sulphate + Polymixin B Sulphate + Pramoxine,3.5 mg + 10000 IU + 10 mg/gm,AMBIGUOUS,AMBIGUOUS_SHARED_DENOMINATOR
SRCR-d755688c68d98ddde4768611,REGISTERED,2139,Ascorbic Acid + Cod Liver Oil + Nicotinamide + Pyridoxine Hydrochloride + Riboflavin + Vitamin A + Vitamin B1 + Vitamin D3 + Vitamin E,17.5 mg + 100 mg + 9 mg + .35 mg + .85 mg + 2000 IU + .7 mg + 200 IU + 1.5 mg/5 ml,AMBIGUOUS,AMBIGUOUS_SHARED_DENOMINATOR
SRCR-79588d47a758423b66e60ec6,REGISTERED,2193,Menthol + Methyl Salicylate,8 gm + 30 gm/100 gm,AMBIGUOUS,AMBIGUOUS_SHARED_DENOMINATOR
SRCR-a4a347aaab9fb497408f0b04,REGISTERED,2200,Cefuroxime + Clavulanic Acid,125 mg + 31.25 mg/5 ml,AMBIGUOUS,AMBIGUOUS_SHARED_DENOMINATOR
SRCR-50b8aea8c8e92b366f534eda,REGISTERED,2213,Dextromethorphan Hydrobromide + Phenylephrine Hydrochloride + Triprolidine Hydrochloride,400 mg + 200 mg + 50 mg/100 ml,AMBIGUOUS,AMBIGUOUS_SHARED_DENOMINATOR
SRCR-5ef5f9754313001db89de2d8,REGISTERED,2221,Aluminium Oxide + Magnesium Hydroxide,175 mg + 225 mg/5 ml,AMBIGUOUS,AMBIGUOUS_SHARED_DENOMINATOR
SRCR-01ae869f39c801fc163b2af9,REGISTERED,2223,Nicotinamide + Pyridoxine Hydrochloride + Riboflavin + Vitamin B1,20 mg + 2 mg + 2 mg + 5 mg/5 ml,AMBIGUOUS,AMBIGUOUS_SHARED_DENOMINATOR
SRCR-70751fec95cd181504e8065e,REGISTERED,2224,Sulphamethoxazole + Trimethoprim,200 mg + 40 mg/5 ml,AMBIGUOUS,AMBIGUOUS_SHARED_DENOMINATOR
SRCR-a6bea463ec96d4ab84803de3,REGISTERED,2227,Dextrose Anhydrous + Potassium Chloride + Sodium Chloride + Trisodium Citrate,10 gm + 750 gm + 1.75 gm + 1.45 gm/500 ml,AMBIGUOUS,AMBIGUOUS_SHARED_DENOMINATOR
SRCR-e383b29e5e55c949006c5caf,REGISTERED,2229,Nicotinamide + Pyridoxine Hydrochloride + Riboflavin + Vitamin B1,20 mg + 2 mg + 2 mg + 5 mg/5 ml,AMBIGUOUS,AMBIGUOUS_SHARED_DENOMINATOR
SRCR-4466c3accadf3ef8031f603f,REGISTERED,2230,Potassium Chloride + Rice Powder (Pregelatineized) + Sodium Chloride + Trisodium Citrate,.75 gm + 25 gm + 1.3 gm + 1.45 gm/500 ml,AMBIGUOUS,AMBIGUOUS_SHARED_DENOMINATOR
SRCR-8d4fc33829fc26014f47cefd,REGISTERED,2231,Elemental Iron + Nicotinamide + Pyridoxine Hydrochloride + Riboflavin + Vitamin B1 + Zinc,50 mg + 20 mg + 2 mg + 2 mg + 5 mg + 10 mg/5 ml,AMBIGUOUS,AMBIGUOUS_SHARED_DENOMINATOR
SRCR-aff3434e603dcbf34fd15174,REGISTERED,2242,Niacinamide + Pyridoxine Hydrochloride + Riboflavin + Thiamine Hydrochloride + Zinc,400 mg + 40 mg + 40 mg + 100 mg + 200 mg/100 ml,AMBIGUOUS,AMBIGUOUS_SHARED_DENOMINATOR
SRCR-34740512f33c6f0204f6ca2d,REGISTERED,2250,Citric Acid Monohydrate + Potassium Citrate,5 gm + 30 gm/100 ml,AMBIGUOUS,AMBIGUOUS_SHARED_DENOMINATOR
SRCR-4133245e4bfcbfc31caac17e,REGISTERED,2258,Chlorhexidine Gluconate + Isopropyl Alcohol,500 mg + 70 gm/100 ml,AMBIGUOUS,AMBIGUOUS_SHARED_DENOMINATOR
SRCR-3d38406ca95184812a230df0,REGISTERED,2261,Cetrimide + Chlorhexidine Gluconate,3 gm + 300 mg/100 ml,AMBIGUOUS,AMBIGUOUS_SHARED_DENOMINATOR
SRCR-2479983e3ff188a1d9b79cb0,REGISTERED,2262,Cetrimide + Chlorhexidine Gluconate,15 gm + 1.5 gm/100 ml,AMBIGUOUS,AMBIGUOUS_SHARED_DENOMINATOR
SRCR-fe53f89f05b36ee5cf2a5866,REGISTERED,2268,Anhydrous Glucose + Vitamin C,98 gm + 2 gm/100 gm,AMBIGUOUS,AMBIGUOUS_SHARED_DENOMINATOR
SRCR-64d0cc2e8841285584786a11,REGISTERED,2377,Aluminium Oxide + Magnesium Hydroxide,200 mg + 225 mg/5 ml,AMBIGUOUS,AMBIGUOUS_SHARED_DENOMINATOR
SRCR-7880bf15dfd2211962712e30,REGISTERED,2389,Nicotinamide + Pyridoxine Hydrochloride + Riboflavin + Vitamin B1,20 mg + 2 mg + 2 mg + 5 mg/5 ml,AMBIGUOUS,AMBIGUOUS_SHARED_DENOMINATOR
SRCR-66e267d78b3d115694dee28e,REGISTERED,2390,D-Panthenol + Nicotinamide + Pyridoxine Hydrochloride + Riboflavin + Vitamin B1,5 mg + 100 mg + 10 mg + 4 mg + 50 mg/2 ml,AMBIGUOUS,AMBIGUOUS_SHARED_DENOMINATOR
SRCR-a815e751a223e7f86d2cc76c,REGISTERED,2395,Sulphamethoxazole + Trimethoprim,200 mg + 40 mg/5 ml,AMBIGUOUS,AMBIGUOUS_SHARED_DENOMINATOR
SRCR-b429868caacbe024be48271f,REGISTERED,2454,Calamine + Zinc Oxide,15 gm + 5 gm/100 ml,AMBIGUOUS,AMBIGUOUS_SHARED_DENOMINATOR
SRCR-06116af7893289081f19bca6,REGISTERED,2463,Nicotinamide + Pyridoxine Hydrochloride + Riboflavin + Vitamin B1,20 mg + 2 mg + 2 mg + 5 mg/5 ml,AMBIGUOUS,AMBIGUOUS_SHARED_DENOMINATOR
SRCR-1712974bbb4f3647cc977fd9,REGISTERED,2475,Aluminium Oxide + Magnesium Hydroxide,175 mg + 225 mg/5 ml,AMBIGUOUS,AMBIGUOUS_SHARED_DENOMINATOR
SRCR-efdf77f54ddb11ee4da1e6d3,REGISTERED,2480,Bacitracin Zinc + Neomycin Sulphate,500 IU + 5 mg/gm,AMBIGUOUS,AMBIGUOUS_SHARED_DENOMINATOR
SRCR-a96ed56466e33ea6105cd7d9,REGISTERED,2483,Gramicidin + Neomycin Sulphate + Nystatin + Triamcinolone Acetonide,25 mg + 250 mg + 100 Lac IU + 100 mg/100 gm,AMBIGUOUS,AMBIGUOUS_SHARED_DENOMINATOR
SRCR-2df119e6a19109c6c0ba0b44,REGISTERED,2509,Sulphamethoxazole + Trimethoprim,200 mg + 40 mg/5 ml,AMBIGUOUS,AMBIGUOUS_SHARED_DENOMINATOR
SRCR-3b1a33f0cd01ab4e199dbebb,REGISTERED,2525,Aluminium Oxide + Magnesium Hydroxide + Simethicone,200 mg + 400 mg + 30 mg/5 ml,AMBIGUOUS,AMBIGUOUS_SHARED_DENOMINATOR
SRCR-f77923cb373195ac4ab182b3,REGISTERED,2530,Econazole Nitrate + Triamcinolone Acetonide,1 gm + 100 mg/100 gm,AMBIGUOUS,AMBIGUOUS_SHARED_DENOMINATOR
SRCR-2e778ae170503897742f6820,REGISTERED,2535,Elemental Iron + Nicotinamide + Pyridoxine Hydrochloride + Riboflavin + Vitamin B1 + Zinc,50 mg + 20 mg + 2 mg + 2 mg + 5 mg + 10 mg/5 ml,AMBIGUOUS,AMBIGUOUS_SHARED_DENOMINATOR
SRCR-234fdc61fde16dd7fd485ff0,REGISTERED,2537,Nystatin,1 Lac Unit/ml,FAILED,UNSUPPORTED_STRENGTH_PATTERN
SRCR-50f4390f3c016e709396dea3,REGISTERED,2569,Nicotinamide + Pyridoxine Hydrochloride + Riboflavin + Vitamin B1 + Zinc,20 mg + 2 mg + 2 mg + 5 mg + 10 mg/5 ml,AMBIGUOUS,AMBIGUOUS_SHARED_DENOMINATOR
SRCR-1a8cb970d3951dc6fb5b6dde,REGISTERED,2581,Benzoic Acid + Salicylic Acid,60 mg + 30 mg/gm,AMBIGUOUS,AMBIGUOUS_SHARED_DENOMINATOR
SRCR-ac87eeb9a884a500c4692473,REGISTERED,2622,Fluocinolone + Hydroquinone + Tretinoin,.01 gm + 4 gm + .05 gm/100 gm,AMBIGUOUS,AMBIGUOUS_SHARED_DENOMINATOR
SRCR-b1bb845621eff0045500bdfe,REGISTERED,2624,Camphor + Menthol + Methyl Salicylate,4 gm + 10 gm + 30 gm/100 gm,AMBIGUOUS,AMBIGUOUS_SHARED_DENOMINATOR
SRCR-529b512f33dfed7c14f2e991,REGISTERED,2628,Ethyl Alcohol + Isopropyl Alcohol,66 ml + 3.5 ml/100 ml,AMBIGUOUS,AMBIGUOUS_SHARED_DENOMINATOR
SRCR-b4128c5f778a2e03b41040d7,REGISTERED,2683,Clotrimazole + Hydrocortisone,1 gm + 1 gm/100 gm,AMBIGUOUS,AMBIGUOUS_SHARED_DENOMINATOR
SRCR-55c85b9d404dd2f5e69abbe5,REGISTERED,2703,Bacitracin Zinc + Neomycin Sulphate,250 IU + 5 mg/gm,AMBIGUOUS,AMBIGUOUS_SHARED_DENOMINATOR
SRCR-188728b79f4baa829bcc6090,REGISTERED,2706,Ascorbic Acid + Cod Liver Oil + Nicotinamide + Pyridoxine Hydrochloride + Riboflavin + Vitamin A + Vitamin B1 + Vitamin D3 + Vitamin E,17.5 mg + 100 mg + 9 mg + .35 mg + .85 mg + 2000 IU + .7 mg + 200 IU + 1.5 mg/5 ml,AMBIGUOUS,AMBIGUOUS_SHARED_DENOMINATOR
SRCR-9420ac72e240f3b8d0ba83fb,REGISTERED,2720,Aluminium Oxide + Magnesium Hydroxide,175 mg + 225 mg/5 ml,AMBIGUOUS,AMBIGUOUS_SHARED_DENOMINATOR
SRCR-fddc2b7a28c12e62a43d4281,REGISTERED,2740,Dextrose Anhydrous + Potassium Chloride + Sodium Chloride + Trisodium Citrate,10 gm + 750 gm + 1.75 gm + 1.45 gm/500 ml,AMBIGUOUS,AMBIGUOUS_SHARED_DENOMINATOR
SRCR-7d97b53f97de8fc3e0b696e3,REGISTERED,2742,Nicotinamide + Pyridoxine Hydrochloride + Riboflavin + Vitamin B1,20 mg + 2 mg + 2 mg + 5 mg/5 ml,AMBIGUOUS,AMBIGUOUS_SHARED_DENOMINATOR
SRCR-401633d7cf7153d576d36f4e,REGISTERED,2744,Sulphamethoxazole + Trimethoprim,200 mg + 40 mg/5 ml,AMBIGUOUS,AMBIGUOUS_SHARED_DENOMINATOR
SRCR-4ccd6e9f41414a2eeb600c84,REGISTERED,2745,Nicotinamide + Pantothenic acid + Pyridoxine Hydrochloride + Riboflavin + Vitamin A + Vitamin B1 + Vitamin C + Vitamin D,10 mg + 5 mg + 1 mg + 1 mg + 5000 IU + 1.6 mg + 50 mg + 1000 IU/ml,AMBIGUOUS,AMBIGUOUS_SHARED_DENOMINATOR
SRCR-bf9329cac97a2574937d64a4,REGISTERED,2759,Ascorbic Acid + Cod Liver Oil + Nicotinamide + Pyridoxine Hydrochloride + Riboflavin + Vitamin A + Vitamin B1 + Vitamin D3 + Vitamin E,17.5 mg + 100 mg + 9 mg + .35 mg + .85 mg + 2000 IU + .7 mg + 200 IU + 1.5 mg/5 ml,AMBIGUOUS,AMBIGUOUS_SHARED_DENOMINATOR
SRCR-76b560c15bd2ecbce556c444,REGISTERED,2760,Nicotinamide + Pyridoxine Hydrochloride + Riboflavin + Vitamin B1 + Zinc,20 mg + 2 mg + 2 mg + 5 mg + 10 mg/5 ml,AMBIGUOUS,AMBIGUOUS_SHARED_DENOMINATOR
SRCR-16357c4f5f4991bc3a952b0d,REGISTERED,2823,Sulphamethoxazole + Trimethoprim,200 mg + 40 mg/5 ml,AMBIGUOUS,AMBIGUOUS_SHARED_DENOMINATOR
SRCR-f7fd3b23f279989f8d019c8e,REGISTERED,2824,Nicotinamide + Pantothenic acid + Pyridoxine Hydrochloride + Riboflavin + Vitamin A + Vitamin B1 + Vitamin C + Vitamin D,10 mg + 5 mg + 1 mg + 1 mg + 5000 IU + 1.6 mg + 50 mg + 1000 IU/ml,AMBIGUOUS,AMBIGUOUS_SHARED_DENOMINATOR
SRCR-44ea07593584a111dd558d71,REGISTERED,2829,Aluminium Oxide + Magnesium Hydroxide,175 mg + 225 mg/5 ml,AMBIGUOUS,AMBIGUOUS_SHARED_DENOMINATOR
SRCR-906f36123d43ebac37be3b7b,REGISTERED,2846,Elemental Iron + Nicotinamide + Pyridoxine Hydrochloride + Riboflavin + Vitamin B1 + Zinc,50 mg + 20 mg + 2 mg + 2 mg + 5 mg + 10 mg/5 ml,AMBIGUOUS,AMBIGUOUS_SHARED_DENOMINATOR
SRCR-6765c92a4df1dbf3eb4662ac,REGISTERED,2848,Aluminium Oxide + Magnesium Hydroxide,200 mg + 225 mg/5 ml,AMBIGUOUS,AMBIGUOUS_SHARED_DENOMINATOR
SRCR-2e406714d418d44525d1783c,REGISTERED,2851,Nicotinamide + Pyridoxine Hydrochloride + Riboflavin + Vitamin B1,20 mg + 2 mg + 2 mg + 5 mg/5 ml,AMBIGUOUS,AMBIGUOUS_SHARED_DENOMINATOR
SRCR-c5bb2c18264da6a6ab4af347,REGISTERED,2916,Ascorbic Acid + Cod Liver Oil + Nicotinamide + Pyridoxine Hydrochloride + Riboflavin + Vitamin A + Vitamin B1 + Vitamin D3 + Vitamin E,17.5 mg + 100 mg + 9 mg + .35 mg + .85 mg + 2000 IU + .7 mg + 200 IU + 1.5 mg/5 ml,AMBIGUOUS,AMBIGUOUS_SHARED_DENOMINATOR
SRCR-b5bfefb3b0e3b2e5e027a73c,REGISTERED,2925,Niacinamide + Pyridoxine Hydrochloride + Riboflavin + Thiamine Hydrochloride + Zinc,400 mg + 40 mg + 40 mg + 100 mg + 200 mg/100 ml,AMBIGUOUS,AMBIGUOUS_SHARED_DENOMINATOR
SRCR-b0a4ab0bbf5c1fc963f96c32,REGISTERED,2937,Diclofenac + Lidocaine Hydrochloride,75 mg + 20 mg/2 ml,AMBIGUOUS,AMBIGUOUS_SHARED_DENOMINATOR
SRCR-43da407c18191c1f9ea6b630,REGISTERED,2962,Polyethylene Glycol 400 + Propylene Glycol,400 mg + 300 mg/100 ml,AMBIGUOUS,AMBIGUOUS_SHARED_DENOMINATOR
SRCR-a2a5977a59400b0b2b430a13,REGISTERED,2965,Ciprofloxacin + Dexamethasone,300 mg + 100 mg/100 ml,AMBIGUOUS,AMBIGUOUS_SHARED_DENOMINATOR
SRCR-2a20a0102588e35993824db2,REGISTERED,2967,Glycerine + Liquid Sugar,.75 ml + 1.93 ml/5 ml,AMBIGUOUS,AMBIGUOUS_SHARED_DENOMINATOR
SRCR-7852ff8798120992b34f34f9,REGISTERED,2968,Adenosine + Cytochrome C + Nicotinamide + Sodium Succinate,200 mg + 50 mg + 1 gm + 60 mg/100 ml,AMBIGUOUS,AMBIGUOUS_SHARED_DENOMINATOR
SRCR-d403c76fe1d57997ff8557dc,REGISTERED,2977,Fluorometholone + Tetrahydrozoline Hydrochloride,100 mg + 25 mg/100 ml,AMBIGUOUS,AMBIGUOUS_SHARED_DENOMINATOR
SRCR-6bf77e4307e70ee531c98f25,REGISTERED,2982,Bacitracin Zinc + Polymixin B Sulphate,500 IU + 10000 IU/gm,AMBIGUOUS,AMBIGUOUS_SHARED_DENOMINATOR
SRCR-2f4964a77b11a090fcb90580,REGISTERED,2984,Chloramphenicol + Dexamethasone,5 mg + 1 mg/ml,AMBIGUOUS,AMBIGUOUS_SHARED_DENOMINATOR
SRCR-14735715bf236fe06fede2b8,REGISTERED,2986,Brimonidine Tartrate + Timolol Maleate,200 mg + 500 mg/100 ml,AMBIGUOUS,AMBIGUOUS_SHARED_DENOMINATOR
SRCR-ed3287385c1f489eb0183f1b,REGISTERED,2991,Timolol Maleate + Travoprost,5 mg + .04 mg/ml,AMBIGUOUS,AMBIGUOUS_SHARED_DENOMINATOR
SRCR-fd61987b63a732b9d05cf3c4,REGISTERED,3016,Amoxicillin + Clavulanic Acid,125 mg + 31.25 mg/5 ml,AMBIGUOUS,AMBIGUOUS_SHARED_DENOMINATOR
SRCR-e54795aca446723e6e013e41,REGISTERED,3018,Dexamethasone + Tobramycin,100 mg + 300 mg/100 ml,AMBIGUOUS,AMBIGUOUS_SHARED_DENOMINATOR
SRCR-3cd8c4c9ed205c9d8bf9c3f1,REGISTERED,3019,Cefuroxime + Clavulanic Acid,125 mg + 31.25 mg/5 ml,AMBIGUOUS,AMBIGUOUS_SHARED_DENOMINATOR
SRCR-d5c68ba505d7d75e520ffcee,REGISTERED,3064,Cetrimide + Chlorhexidine Gluconate,3 gm + 300 mg/100 ml,AMBIGUOUS,AMBIGUOUS_SHARED_DENOMINATOR
SRCR-9c9a0162cad88aba40574a22,REGISTERED,3069,Calcium Carbonate + Sodium Alginate + Sodium Bicarbonate,1.6 gm + 5 gm + 2.6 gm/100 ml,AMBIGUOUS,AMBIGUOUS_SHARED_DENOMINATOR
SRCR-58a2d1caaccf9168b50c8867,REGISTERED,3077,Nicotinamide + Pyridoxine Hydrochloride + Riboflavin + Vitamin B1,20 mg + 2 mg + 2 mg + 5 mg/5 ml,AMBIGUOUS,AMBIGUOUS_SHARED_DENOMINATOR
SRCR-9f2b04067ed59ba0359b46c3,REGISTERED,3080,Aluminium Oxide + Magnesium Hydroxide,175 mg + 225 mg/5 ml,AMBIGUOUS,AMBIGUOUS_SHARED_DENOMINATOR
SRCR-10138ddcbcf40f01e0d2fcc3,REGISTERED,3090,Aluminium Oxide + Magnesium Hydroxide,200 mg + 125 mg/5 ml,AMBIGUOUS,AMBIGUOUS_SHARED_DENOMINATOR
SRCR-e4a6673c565db5585476fe91,REGISTERED,3092,Sulphamethoxazole + Trimethoprim,200 mg + 40 mg/5 ml,AMBIGUOUS,AMBIGUOUS_SHARED_DENOMINATOR
SRCR-e0ab1e71fca93fa60b88157d,REGISTERED,3111,Nicotinamide + Pantothenic acid + Pyridoxine Hydrochloride + Riboflavin + Vitamin A + Vitamin B1 + Vitamin C + Vitamin D,10 mg + 5 mg + 1 mg + 1 mg + 5000 IU + 1.6 mg + 50 mg + 1000 IU/ml,AMBIGUOUS,AMBIGUOUS_SHARED_DENOMINATOR
SRCR-4a8da66f335d037b0e32cbf3,REGISTERED,3137,Nicotinamide + Pyridoxine Hydrochloride + Riboflavin + Vitamin B1 + Zinc,400 mg + 40 mg + 50 mg + 100 mg + 200 mg/100 ml,AMBIGUOUS,AMBIGUOUS_SHARED_DENOMINATOR
SRCR-00630532b565459ac74e1c24,REGISTERED,3174,Ethyl Alcohol + Isopropyl Alcohol,66 ml + 3.5 ml/100 ml,AMBIGUOUS,AMBIGUOUS_SHARED_DENOMINATOR
SRCR-d9505ee94759bc16000b0da1,REGISTERED,3214,Ciprofloxacin + Hydrocortisone Acetate,300 mg + 1 gm/100 ml,AMBIGUOUS,AMBIGUOUS_SHARED_DENOMINATOR
SRCR-33338901b81d13c2712ae1bb,REGISTERED,3215,Ciprofloxacin + Dexamethasone,300 mg + 100 mg/100 ml,AMBIGUOUS,AMBIGUOUS_SHARED_DENOMINATOR
SRCR-69ecadf81b216a0727367dc0,REGISTERED,3222,Betamethasone Sodium Phosphate + Neomycin Sulphate,100 mg + 500 mg/100 ml,AMBIGUOUS,AMBIGUOUS_SHARED_DENOMINATOR
SRCR-d3da02d1348b50d0546d849e,REGISTERED,3223,Betamethasone + Neomycin Sulphate,100 mg + 500 mg/100 gm,AMBIGUOUS,AMBIGUOUS_SHARED_DENOMINATOR
SRCR-3934c556d9e142aca16b1355,REGISTERED,3264,Sulphamethoxazole + Trimethoprim,200 mg + 40 mg/5 ml,AMBIGUOUS,AMBIGUOUS_SHARED_DENOMINATOR
SRCR-ea8d17c76e3602407f7c2f38,REGISTERED,3282,Aluminium Oxide + Magnesium Hydroxide,175 mg + 225 mg/5 ml,AMBIGUOUS,AMBIGUOUS_SHARED_DENOMINATOR
SRCR-8f0f0213ba8b4262861069bc,REGISTERED,3288,Diclofenac + Lidocaine Hydrochloride,75 mg + 20 mg/2 ml,AMBIGUOUS,AMBIGUOUS_SHARED_DENOMINATOR
SRCR-ffbe8af5fb786858093f79cc,REGISTERED,3303,Fusidic Acid + Hydrocortisone Acetate,2 gm + 1 gm/100 gm,AMBIGUOUS,AMBIGUOUS_SHARED_DENOMINATOR
SRCR-86408d8e30ea7b1fb38874e6,REGISTERED,3338,Naphazoline Nitrate + Zinc Sulphate,5 mg + 20 mg/100 ml,AMBIGUOUS,AMBIGUOUS_SHARED_DENOMINATOR
SRCR-e66c47b479e30743f3d2e652,REGISTERED,3359,Dexamethasone + Neomycin + Polymixin B Sulphate,100 mg + 350 mg + 6000 IU/100 ml,AMBIGUOUS,AMBIGUOUS_SHARED_DENOMINATOR
SRCR-ffb9a96e42011ac1aeb2407a,REGISTERED,3360,Dexamethasone + Neomycin + Polymixin,100 mg + 350 mg + 6000 IU/100 gm,AMBIGUOUS,AMBIGUOUS_SHARED_DENOMINATOR
SRCR-76338b5d02516edb1e322172,REGISTERED,3361,Dextran 70 + Hypromellose,100 mg + 300 mg/100 ml,AMBIGUOUS,AMBIGUOUS_SHARED_DENOMINATOR
SRCR-c066ddf7671243080dc2dd77,REGISTERED,3375,Chlorpheniramine Maleate + Dexamethasone,500 mg + 100 mg/100 ml,AMBIGUOUS,AMBIGUOUS_SHARED_DENOMINATOR
SRCR-da04258af5957d478765f65f,REGISTERED,3396,Phenylepherine Hydrochloride + Tropicamide,50 mg + 8 mg/ml,AMBIGUOUS,AMBIGUOUS_SHARED_DENOMINATOR
SRCR-717c773d47ef5e054dcc1217,REGISTERED,3398,Nicotinamide + Pyridoxine Hydrochloride + Riboflavin + Vitamin B1,20 mg + 2 mg + 2 mg + 5 mg/5 ml,AMBIGUOUS,AMBIGUOUS_SHARED_DENOMINATOR
SRCR-382f8e48bd9a7164bee7fc18,REGISTERED,3414,Dexamethasone + Tobramycin,100 mg + 300 mg/100 ml,AMBIGUOUS,AMBIGUOUS_SHARED_DENOMINATOR
SRCR-1b55bf7242bf1765f4c08910,REGISTERED,3415,Dexamethasone + Tobramycin,100 mg + 300 mg/100 gm,AMBIGUOUS,AMBIGUOUS_SHARED_DENOMINATOR
SRCR-1bd06016595d41951ce8d9c8,REGISTERED,3421,Elemental Iron + Nicotinamide + Pyridoxine Hydrochloride + Riboflavin + Vitamin B1 + Zinc,50 mg + 20 mg + 2 mg + 2 mg + 5 mg + 10 mg/5 ml,AMBIGUOUS,AMBIGUOUS_SHARED_DENOMINATOR
SRCR-9efc6f05ba8940bb35bd19c8,REGISTERED,3430,Cyanocobalamin + Pyridoxine Hydrochloride + Vitamin B1,1 mg + 100 mg + 100 mg/3 ml,AMBIGUOUS,AMBIGUOUS_SHARED_DENOMINATOR
SRCR-d155364e68c24fb86a08cc8f,REGISTERED,3435,Nicotinamide + Pyridoxine Hydrochloride + Riboflavin + Vitamin B1 + Zinc,20 mg + 2 mg + 2 mg + 5 mg + 10 mg/5 ml,AMBIGUOUS,AMBIGUOUS_SHARED_DENOMINATOR
SRCR-d138e47843befea86088911e,REGISTERED,3466,Ascorbic Acid + Cod Liver Oil + Nicotinamide + Pyridoxine Hydrochloride + Riboflavin + Vitamin A + Vitamin B1 + Vitamin D3 + Vitamin E,17.5 mg + 100 mg + 9 mg + .35 mg + .85 mg + 2000 IU + .7 mg + 200 IU + 1.5 mg/5 ml,AMBIGUOUS,AMBIGUOUS_SHARED_DENOMINATOR
SRCR-80f58b1cfd03be77d7f5c012,REGISTERED,3467,Adenosine + Cytochrome C + Nicotinamide + Sodium Succinate,200 mg + 50 mg + 1 gm + 60 mg/100 ml,AMBIGUOUS,AMBIGUOUS_SHARED_DENOMINATOR
SRCR-cf05e133480c612cf3d7c105,REGISTERED,3470,Dexamethasone + Tobramycin,100 mg + 300 mg/100 ml,AMBIGUOUS,AMBIGUOUS_SHARED_DENOMINATOR
SRCR-ec2872b548e0df5d4ecbb862,REGISTERED,3474,Bacitracin Zinc + Neomycin Sulphate + Polymixin B Sulphate,400 IU + 3.5 mg + 5000 IU/gm,AMBIGUOUS,AMBIGUOUS_SHARED_DENOMINATOR
SRCR-e2339833393c0fb40771e22b,REGISTERED,3485,Econazole Nitrate + Triamcinolone Acetonide,1 gm + 100 mg/100 gm,AMBIGUOUS,AMBIGUOUS_SHARED_DENOMINATOR
SRCR-b02bedcb7909e7d6123e0c89,REGISTERED,3490,Polyethylene Glycol 400 + Propylene Glycol,400 mg + 300 mg/100 ml,AMBIGUOUS,AMBIGUOUS_SHARED_DENOMINATOR
SRCR-06a6567a388b17b80298c009,REGISTERED,3493,Fluorometholone + Gentamicin,100 mg + 300 mg/100 ml,AMBIGUOUS,AMBIGUOUS_SHARED_DENOMINATOR
SRCR-6ac3f158ff1b912391019df4,REGISTERED,3494,Fluorometholone + Gentamicin,100 mg + 300 mg/100 ml,AMBIGUOUS,AMBIGUOUS_SHARED_DENOMINATOR
SRCR-a72e040f93844697d12e79fa,REGISTERED,3500,Eucalypytol + Menthol + Methyl Salicylate + Thymol,92 mg + 42 mg + 60 mg + 64 mg/100 ml,AMBIGUOUS,AMBIGUOUS_SHARED_DENOMINATOR
SRCR-09a0417d06175c7958a592b1,REGISTERED,3501,Eucalypytol + Menthol + Methyl Salicylate + Thymol,92 mg + 42 mg + 60 mg + 64 mg/100 ml,AMBIGUOUS,AMBIGUOUS_SHARED_DENOMINATOR
SRCR-9f01a9cbbc272e3899161c58,REGISTERED,3505,Clindamycin Phosphate + Tretinoin,1.2 gm + .025 gm/100 gm,AMBIGUOUS,AMBIGUOUS_SHARED_DENOMINATOR
SRCR-1fb920511bc51d84aa9c1787,REGISTERED,3531,Aluminium Oxide + Magnesium Hydroxide + Simethicone,200 mg + 400 mg + 30 mg/5 ml,AMBIGUOUS,AMBIGUOUS_SHARED_DENOMINATOR
SRCR-6ced57a49419fac044ef8508,REGISTERED,3532,Magaldrate + Simethicone,480 mg + 20 mg/5 ml,AMBIGUOUS,AMBIGUOUS_SHARED_DENOMINATOR
SRCR-85a4ef16165718e20e36b188,REGISTERED,3550,Loteprednol Etabonate + Tobramycin,.5 gm + .3 gm/100 ml,AMBIGUOUS,AMBIGUOUS_SHARED_DENOMINATOR
SRCR-f08cf740de4ae98a9d926002,REGISTERED,3551,Clioquinol + Flumetasone Pivalate,1 gm + .02 gm/100 ml,AMBIGUOUS,AMBIGUOUS_SHARED_DENOMINATOR
SRCR-5f05fabc60b641bf44bbfcc4,REGISTERED,3565,Carboxymethylcellulose Sodium + Glycerine,5 mg + 9 mg/ml,AMBIGUOUS,AMBIGUOUS_SHARED_DENOMINATOR
SRCR-94a576fe2606532535038f3d,REGISTERED,3566,Brimonidine Tartrate + Timolol Maleate,200 mg + 500 mg/100 ml,AMBIGUOUS,AMBIGUOUS_SHARED_DENOMINATOR
SRCR-0a1f3f7a637a67f9178f1700,REGISTERED,3579,Enoxaprin,40 mg/.4 ml,FAILED,UNSUPPORTED_STRENGTH_PATTERN
SRCR-fe7e7c563b99e2314dc1313f,REGISTERED,3580,Enoxaprin,60 mg/.6 ml,FAILED,UNSUPPORTED_STRENGTH_PATTERN
SRCR-d5d9a23178196f2a6cd28232,REGISTERED,3581,Enoxaprin,80 mg/.8 ml,FAILED,UNSUPPORTED_STRENGTH_PATTERN
SRCR-81457f60c43171733e58218b,REGISTERED,3586,Ipratropium Bromide + Salbutamol,20 mcg + 100 mcg/Metered Inhalation,AMBIGUOUS,AMBIGUOUS_SHARED_DENOMINATOR
SRCR-8766146b72aa2a175f884897,REGISTERED,3588,Fluticasone Propionate + Salmeterol,50 mcg + 25 mcg/Metered Inhalation,AMBIGUOUS,AMBIGUOUS_SHARED_DENOMINATOR
SRCR-37b929a6faf390c6aa67ae03,REGISTERED,3589,Fluticasone Propionate + Salmeterol,125 mcg + 25 mcg/Metered Inhalation,AMBIGUOUS,AMBIGUOUS_SHARED_DENOMINATOR
SRCR-25913534064614d50ed96278,REGISTERED,3590,Fluticasone Propionate + Salmeterol,250 mcg + 25 mcg/Metered Inhalation,AMBIGUOUS,AMBIGUOUS_SHARED_DENOMINATOR
SRCR-68ae7093c01f875c06d2ec22,REGISTERED,3591,Budesonide + Formoterol Fumarate,80 mcg + 4.5 mcg/Puff,AMBIGUOUS,AMBIGUOUS_SHARED_DENOMINATOR
SRCR-a269c523dd4f1608b7dac868,REGISTERED,3592,Budesonide + Formoterol Fumarate,160 mcg + 4.5 mcg/Puff,AMBIGUOUS,AMBIGUOUS_SHARED_DENOMINATOR
SRCR-5005acb8997fe0ae4b63f880,REGISTERED,3614,Fluorometholone + Tetrahydrozoline Hydrochloride,100 mg + 25 mg/100 ml,AMBIGUOUS,AMBIGUOUS_SHARED_DENOMINATOR
SRCR-fada74f4032b13d48ed0bea1,REGISTERED,3659,Timolol Maleate + Travoprost,5 mg + .04 mg/ml,AMBIGUOUS,AMBIGUOUS_SHARED_DENOMINATOR
SRCR-134337ed436b7b97a8e05a0d,REGISTERED,3660,Dexamethasone + Gatifloxacin,100 mg + 300 mg/100 ml,AMBIGUOUS,AMBIGUOUS_SHARED_DENOMINATOR
SRCR-223a881850a1448ac9f5cdbb,REGISTERED,3665,Erythropoietin,2000 IU/.5 ml,FAILED,UNSUPPORTED_STRENGTH_PATTERN
SRCR-2808e1e517a419df5b15d7d7,REGISTERED,3666,Erythropoietin,3000 IU/.75 ml,FAILED,UNSUPPORTED_STRENGTH_PATTERN
SRCR-4ae8f49d3e51ea2f5d39c28b,REGISTERED,3667,Erythropoietin,4000 IU/.4 ml,FAILED,UNSUPPORTED_STRENGTH_PATTERN
SRCR-890b8b10a895150534c86426,REGISTERED,3668,Ascorbic Acid + Biotin + Cyanocobalamin + Folic Acid + Nicotinamide + Pantothenic acid + Pyridoxine + Riboflavin + Thiamine,100 mg + .06 mg + .005 mg + .4 mg + 40 mg + 15 mg + 4 mg + 3.6 mg + 2.5 mg/vial,AMBIGUOUS,AMBIGUOUS_SHARED_DENOMINATOR
SRCR-1a8ebb95f1963cb862f566db,REGISTERED,3669,Dorzolamide + Timolol,2 gm + 500 mg/100 ml,AMBIGUOUS,AMBIGUOUS_SHARED_DENOMINATOR
SRCR-56cfbb00790c70d8c2009b64,REGISTERED,3680,Potassium Bicarbonate + Sodium Alginate,100 mg + 500 mg/5 ml,AMBIGUOUS,AMBIGUOUS_SHARED_DENOMINATOR
SRCR-fe4de28bf5db0416c6c52956,REGISTERED,3681,Neomycin Sulphate + Polymixin B Sulphate + Prednisolone,350 mg + 127 mg + 500 mg/100 ml,AMBIGUOUS,AMBIGUOUS_SHARED_DENOMINATOR
SRCR-35d077a1bf3ad4f6e29a2c2e,REGISTERED,3683,Erythropoietin,5000 IU/.5 ml,FAILED,UNSUPPORTED_STRENGTH_PATTERN
SRCR-dc989373ac8bd0b02e726b3e,REGISTERED,3703,Clobetasol Propionate + Salicylic Acid,.05 gm + 3 gm/100 gm,AMBIGUOUS,AMBIGUOUS_SHARED_DENOMINATOR
SRCR-8d485e8debb5e1dab74d5ffb,REGISTERED,3704,Cinchocaine Hydrochloride + Esculin + Hydrocortisone + Neomycin Sulphate,500 mg + 1 gm + 500 mg + 1 gm/100 gm,AMBIGUOUS,AMBIGUOUS_SHARED_DENOMINATOR
SRCR-2f4be3206ac94e1d44ec597c,REGISTERED,3712,Brimonidine Tartrate + Brinzolamide,200 mg + 1 gm/100 ml,AMBIGUOUS,AMBIGUOUS_SHARED_DENOMINATOR
SRCR-899a07daefcbb3fb8c836f25,REGISTERED,3717,Betamethasone + Clotrimazole + Gentamicin,50 mg + 1 gm + 100 mg/100 gm,AMBIGUOUS,AMBIGUOUS_SHARED_DENOMINATOR
SRCR-6f5a11bd92fdb7b6fadd8724,REGISTERED,3731,Filgrastim,30 MIU/.5 ml,FAILED,UNSUPPORTED_STRENGTH_PATTERN
SRCR-55de3a540781f3e6529e28a1,REGISTERED,3747,Amprolium + Ascorbic Acid + Ethopabate + Mendione Sodium Bisulphite (Vitamin-K) + Sulphaquinoxaline,100 mg + 20 mg + 5 mg + 2 mg + 60 mg/gm,AMBIGUOUS,AMBIGUOUS_SHARED_DENOMINATOR
SRCR-17ad84d139c92f359ea7c35d,REGISTERED,3752,Amoxicillin + Clavulanic Acid,125 mg + 31.25 mg/5 ml,AMBIGUOUS,AMBIGUOUS_SHARED_DENOMINATOR
SRCR-0103f8f07c2e39065400ad59,REGISTERED,3753,Amoxicillin + Clavulanic Acid,400 mg + 57.5 mg/5 ml,AMBIGUOUS,AMBIGUOUS_SHARED_DENOMINATOR
SRCR-0344c14e54aa0d08294f00c3,REGISTERED,3758,Antazoline Hydrochloride + Tetryzoline Hydrochloride,50 mg + 40 mg/100 ml,AMBIGUOUS,AMBIGUOUS_SHARED_DENOMINATOR
SRCR-3f42977fea1cf2ed7df5baaa,REGISTERED,3763,Dexamethasone + Moxifloxacin,100 mg + 500 mg/100 ml,AMBIGUOUS,AMBIGUOUS_SHARED_DENOMINATOR
SRCR-15bb675b071b251b371322a7,REGISTERED,3773,Fluocinolone + Hydroquinone + Tretinoin,.01 gm + 4 gm + .05 gm/100 gm,AMBIGUOUS,AMBIGUOUS_SHARED_DENOMINATOR
SRCR-b148dcef29675c166917eb47,REGISTERED,3776,Darbepoetin,40 mcg/.4 ml,FAILED,UNSUPPORTED_STRENGTH_PATTERN
SRCR-32c781893d159ec0219dc827,REGISTERED,3777,Darbepoetin,60 mcg/.3 ml,FAILED,UNSUPPORTED_STRENGTH_PATTERN
SRCR-325577f5a6015279abb8d548,REGISTERED,3778,Darbepoetin,100 mcg/.5 ml,FAILED,UNSUPPORTED_STRENGTH_PATTERN
SRCR-fc3feba798aa8b33780dc3f2,REGISTERED,3789,Dextromethorphan Hydrobromide + Phenylephrine Hydrochloride + Triprolidine Hydrochloride,400 mg + 200 mg + 50 mg/100 ml,AMBIGUOUS,AMBIGUOUS_SHARED_DENOMINATOR
SRCR-dbe80612f58d26324fdb60ee,REGISTERED,3817,Cetrimide + Chlorhexidine Gluconate,3 gm + 300 mg/100 ml,AMBIGUOUS,AMBIGUOUS_SHARED_DENOMINATOR
SRCR-3c0b2609bf5b58fbf7d2a685,REGISTERED,3818,Cetrimide + Chlorhexidine Gluconate,15 gm + 1.5 gm/100 ml,AMBIGUOUS,AMBIGUOUS_SHARED_DENOMINATOR
SRCR-200e198f7da5006e488d6472,REGISTERED,3827,Betamethasone + Neomycin Sulphate,100 mg + 500 mg/100 gm,AMBIGUOUS,AMBIGUOUS_SHARED_DENOMINATOR
SRCR-2f8632faf87660dfeea78a9f,REGISTERED,3828,Betamethasone + Clotrimazole,100 mg + 1 gm/100 gm,AMBIGUOUS,AMBIGUOUS_SHARED_DENOMINATOR
SRCR-832ff3535abe1eae7c9a752d,REGISTERED,3839,Latanoprost + Netarsudil,5 mg + 20 mg/100 ml,AMBIGUOUS,AMBIGUOUS_SHARED_DENOMINATOR
SRCR-b25b7241dc031049e4426123,REGISTERED,3840,Ipratropium Bromide + Salbutamol,500 mcg + 2.5 mg/3 ml,AMBIGUOUS,AMBIGUOUS_SHARED_DENOMINATOR
SRCR-94de828557fac2fc64efaba3,REGISTERED,3842,Calcium Carbonate + Sodium Alginate + Sodium Bicarbonate,1.6 gm + 5 gm + 2.6 gm/100 ml,AMBIGUOUS,AMBIGUOUS_SHARED_DENOMINATOR
SRCR-e59756b90c58ded8d0c1fc8e,REGISTERED,3863,Darbepoetin,60 mcg/.5 ml,FAILED,UNSUPPORTED_STRENGTH_PATTERN
SRCR-6ee72a7f36354d812adc46fe,REGISTERED,3864,Budesonide + Formoterol Fumarate + Glycopyrronium,160 mcg + 4.8 mcg + 9 mcg/Puff,AMBIGUOUS,AMBIGUOUS_SHARED_DENOMINATOR
SRCR-e2226455d7687d0388a92165,REGISTERED,3875,Semaglutide,250 mcg/.5 ml,FAILED,UNSUPPORTED_STRENGTH_PATTERN
SRCR-47c486f6c7e53ddd7b1766ec,REGISTERED,3876,Semaglutide,500 mcg/.5 ml,FAILED,UNSUPPORTED_STRENGTH_PATTERN
SRCR-07edf5757c4eec0204dd9c7f,REGISTERED,3890,Tirzepatide,2.5 mg/.5 ml,FAILED,UNSUPPORTED_STRENGTH_PATTERN
SRCR-8caff5ff08d1a8f6acc72633,REGISTERED,3891,Tirzepatide,5 mg/.5 ml,FAILED,UNSUPPORTED_STRENGTH_PATTERN
SRCR-af20e11fcd7d5ad5ea5b9797,REGISTERED,3892,Tirzepatide,7.5 mg/.5 ml,FAILED,UNSUPPORTED_STRENGTH_PATTERN
SRCR-1c8eed708b1fb569d7b0bdf1,REGISTERED,3894,Beclomethasone Dipropionate + Clotrimazole + Lidocaine Hydrochloride + Ofloxacin,250 mcg + 10 mg + 20 mg + 3 mg/ml,AMBIGUOUS,AMBIGUOUS_SHARED_DENOMINATOR
SRCR-c8bc412cac932f9ee8b9fbc6,REGISTERED,3956,Cefuroxime + Clavulanic Acid,125 mg + 31.25 mg/5 ml,AMBIGUOUS,AMBIGUOUS_SHARED_DENOMINATOR
SRCR-4fba9b6dfbb2e77ef985fec4,REGISTERED,3961,Fluorometholone + Gentamicin,100 mg + 300 mg/100 ml,AMBIGUOUS,AMBIGUOUS_SHARED_DENOMINATOR
SRCR-b2734916f3e0ff47f1737431,REGISTERED,3965,Chloramphenicol + Dexamethasone,5 mg + 1 mg/ml,AMBIGUOUS,AMBIGUOUS_SHARED_DENOMINATOR
SRCR-44fcf5a959b6a060de1a0077,REGISTERED,3966,Dexamethasone + Moxifloxacin,100 mg + 500 mg/100 ml,AMBIGUOUS,AMBIGUOUS_SHARED_DENOMINATOR
SRCR-66ff4be4e37bc5a555f43600,REGISTERED,3968,Polyethylene Glycol 400 + Propylene Glycol,400 mg + 300 mg/100 ml,AMBIGUOUS,AMBIGUOUS_SHARED_DENOMINATOR
SRCR-695524f5f19943659cf3d47a,REGISTERED,3969,Fluorometholone + Tetrahydrozoline Hydrochloride,100 mg + 25 mg/100 ml,AMBIGUOUS,AMBIGUOUS_SHARED_DENOMINATOR
SRCR-b0cb915246c72b8965bd679c,REGISTERED,3971,Dexamethasone + Gatifloxacin,100 mg + 300 mg/100 ml,AMBIGUOUS,AMBIGUOUS_SHARED_DENOMINATOR
SRCR-08f541bb8f432130a0449c0e,REGISTERED,3974,Gatifloxacin + Loteprednol Etabonate,300 mg + 500 mg/100 ml,AMBIGUOUS,AMBIGUOUS_SHARED_DENOMINATOR
SRCR-7585eaccb70a5b9819a823fb,REGISTERED,3976,Brimonidine Tartrate + Timolol Maleate,200 mg + 500 mg/100 ml,AMBIGUOUS,AMBIGUOUS_SHARED_DENOMINATOR
SRCR-dbbd36510e3d137997645b09,REGISTERED,3977,Fluorometholone + Gentamicin,100 mg + 300 mg/100 ml,AMBIGUOUS,AMBIGUOUS_SHARED_DENOMINATOR
SRCR-dd4564c5c6e2372d49e330de,REGISTERED,3981,Dexamethasone + Neomycin + Polymixin,100 mg + 350 mg + 6000 IU/100 gm,AMBIGUOUS,AMBIGUOUS_SHARED_DENOMINATOR
SRCR-d8f127b763de127d3e6ed5a9,REGISTERED,3987,Loteprednol Etabonate + Tobramycin,.5 gm + .3 gm/100 ml,AMBIGUOUS,AMBIGUOUS_SHARED_DENOMINATOR
SRCR-37e320f94c728a339328e271,REGISTERED,3989,Carboxymethylcellulose Sodium + Glycerine,5 mg + 9 mg/ml,AMBIGUOUS,AMBIGUOUS_SHARED_DENOMINATOR
SRCR-66fab2cc8fee597be8d1a9b3,REGISTERED,4004,Ciprofloxacin + Dexamethasone,300 mg + 100 mg/100 ml,AMBIGUOUS,AMBIGUOUS_SHARED_DENOMINATOR
SRCR-05cbd6db93af41c14ed2059c,REGISTERED,4005,Dexamethasone + Neomycin + Polymixin B Sulphate,100 mg + 350 mg + 6000 IU/100 ml,AMBIGUOUS,AMBIGUOUS_SHARED_DENOMINATOR
SRCR-e1ff6932f76ce08724836c52,REGISTERED,4013,Brimonidine Tartrate + Brinzolamide,200 mg + 1 gm/100 ml,AMBIGUOUS,AMBIGUOUS_SHARED_DENOMINATOR
SRCR-6b9c1e0b129a7f6687720c60,REGISTERED,4014,Dexamethasone + Tobramycin,100 mg + 300 mg/100 gm,AMBIGUOUS,AMBIGUOUS_SHARED_DENOMINATOR
SRCR-28cb0e1d8421578c184cbb4f,REGISTERED,4016,Avibactam + Ceftazidime,250 mg + 1 gm/vial,AMBIGUOUS,AMBIGUOUS_SHARED_DENOMINATOR
SRCR-ffe8cf56a6756d76d2b202c2,REGISTERED,4019,Phenylepherine Hydrochloride + Tropicamide,50 mg + 8 mg/ml,AMBIGUOUS,AMBIGUOUS_SHARED_DENOMINATOR
SRCR-5ead235075c3db01ef59b2f6,REGISTERED,4020,Adenosine + Cytochrome C + Nicotinamide + Sodium Succinate,200 mg + 50 mg + 1 gm + 60 mg/100 ml,AMBIGUOUS,AMBIGUOUS_SHARED_DENOMINATOR
SRCR-068aff25b17460bd12be7dd2,REGISTERED,4088,Nicotinamide + Pyridoxine Hydrochloride + Riboflavin + Vitamin B1,20 mg + 2 mg + 2 mg + 5 mg/5 ml,AMBIGUOUS,AMBIGUOUS_SHARED_DENOMINATOR
SRCR-1ebbb739b53f13b03cd05feb,REGISTERED,4091,Dextrose Anhydrous + Potassium Chloride + Sodium Chloride + Trisodium Citrate,10 gm + 750 gm + 1.75 gm + 1.45 gm/500 ml,AMBIGUOUS,AMBIGUOUS_SHARED_DENOMINATOR
SRCR-a4e53be5e380eaa321f66b8f,REGISTERED,4097,Sulphamethoxazole + Trimethoprim,200 mg + 40 mg/5 ml,AMBIGUOUS,AMBIGUOUS_SHARED_DENOMINATOR
SRCR-90f32662eb6e63fe19482cf6,REGISTERED,4108,Benzoic Acid + Salicylic Acid,60 mg + 30 mg/gm,AMBIGUOUS,AMBIGUOUS_SHARED_DENOMINATOR
SRCR-ae553c5771e8c34307fc1434,REGISTERED,4126,Fusidic Acid + Hydrocortisone Acetate,2 gm + 1 gm/100 gm,AMBIGUOUS,AMBIGUOUS_SHARED_DENOMINATOR
SRCR-67fdea634ccc088676fe031a,REGISTERED,4128,Econazole Nitrate + Triamcinolone Acetonide,1 gm + 100 mg/100 gm,AMBIGUOUS,AMBIGUOUS_SHARED_DENOMINATOR
SRCR-a19d13783ab9460f50811667,REGISTERED,4139,Chlorpheniramine Maleate + Dexamethasone,500 mg + 100 mg/100 ml,AMBIGUOUS,AMBIGUOUS_SHARED_DENOMINATOR
SRCR-ab13b898309a720f9d947484,REGISTERED,4140,Betamethasone Sodium Phosphate + Neomycin Sulphate,100 mg + 500 mg/100 ml,AMBIGUOUS,AMBIGUOUS_SHARED_DENOMINATOR
SRCR-ea1159392f16afd82dde650b,REGISTERED,4145,Betamethasone + Neomycin Sulphate,100 mg + 500 mg/100 gm,AMBIGUOUS,AMBIGUOUS_SHARED_DENOMINATOR
SRCR-e8c06c8fc951a12c3a189f95,REGISTERED,4146,Betamethasone + Neomycin Sulphate,100 mg + 500 mg/100 gm,AMBIGUOUS,AMBIGUOUS_SHARED_DENOMINATOR
SRCR-bd1a30b6d2eb13f6005ede7e,REGISTERED,4155,Bacitracin Zinc + Neomycin Sulphate,500 IU + 5 mg/gm,AMBIGUOUS,AMBIGUOUS_SHARED_DENOMINATOR
SRCR-92dc1062c0d0a1c409631ba9,REGISTERED,4156,Bacitracin Zinc + Neomycin Sulphate,250 IU + 5 mg/gm,AMBIGUOUS,AMBIGUOUS_SHARED_DENOMINATOR
SRCR-f471971ff90babf57b8b84e1,REGISTERED,4165,Ciprofloxacin + Dexamethasone,300 mg + 100 mg/100 ml,AMBIGUOUS,AMBIGUOUS_SHARED_DENOMINATOR
SRCR-aafe648ff914d64ffc9c9153,REGISTERED,4172,Dexamethasone + Tobramycin,100 mg + 300 mg/100 ml,AMBIGUOUS,AMBIGUOUS_SHARED_DENOMINATOR
SRCR-8c0d5b3373f13120af6d8f49,REGISTERED,4203,Fluorometholone + Gentamicin,100 mg + 300 mg/100 ml,AMBIGUOUS,AMBIGUOUS_SHARED_DENOMINATOR
SRCR-00928f1653ab2cae94f36bde,REGISTERED,4238,Phenylepherine Hydrochloride + Tropicamide,50 mg + 8 mg/ml,AMBIGUOUS,AMBIGUOUS_SHARED_DENOMINATOR
SRCR-39bcdb4bc1392fcfb8349776,REGISTERED,4254,Loteprednol Etabonate + Tobramycin,.5 gm + .3 gm/100 ml,AMBIGUOUS,AMBIGUOUS_SHARED_DENOMINATOR
SRCR-dd8e2fbede6fe08d620488e4,REGISTERED,4273,Cyanocobalamin + Pyridoxine Hydrochloride + Vitamin B1,1 mg + 100 mg + 100 mg/3 ml,AMBIGUOUS,AMBIGUOUS_SHARED_DENOMINATOR
SRCR-c1bad79e0fda4d2767c2d7d1,REGISTERED,4277,Elemental Iron + Nicotinamide + Pyridoxine Hydrochloride + Riboflavin + Vitamin B1 + Zinc,50 mg + 20 mg + 2 mg + 2 mg + 5 mg + 10 mg/5 ml,AMBIGUOUS,AMBIGUOUS_SHARED_DENOMINATOR
SRCR-93be8ba410d45fdd92f9a29e,REGISTERED,4278,Ascorbic Acid + Cod Liver Oil + Nicotinamide + Pyridoxine Hydrochloride + Riboflavin + Vitamin A + Vitamin B1 + Vitamin D3 + Vitamin E,17.5 mg + 100 mg + 9 mg + .35 mg + .85 mg + 2000 IU + .7 mg + 200 IU + 1.5 mg/5 ml,AMBIGUOUS,AMBIGUOUS_SHARED_DENOMINATOR
SRCR-a7fa41c310eb41cbdb3a50ed,REGISTERED,4322,Glycerol + Hydrogen Peroxide Solution + Isopropyl Alcohol,1.45 ml + 4.17 ml + 75 ml/100 ml,AMBIGUOUS,AMBIGUOUS_SHARED_DENOMINATOR
SRCR-bc8653e2ae04172504f49707,REGISTERED,4326,Calcium Carbonate + Sodium Alginate + Sodium Bicarbonate,1.6 gm + 5 gm + 2.6 gm/100 ml,AMBIGUOUS,AMBIGUOUS_SHARED_DENOMINATOR
SRCR-d39d6985c08f071b09d96094,REGISTERED,4347,Sulphamethoxazole + Trimethoprim,200 mg + 40 mg/5 ml,AMBIGUOUS,AMBIGUOUS_SHARED_DENOMINATOR
SRCR-2e5d860db07be6e1435167be,REGISTERED,4383,Nicotinamide + Pyridoxine Hydrochloride + Riboflavin + Vitamin B1,20 mg + 2 mg + 2 mg + 5 mg/5 ml,AMBIGUOUS,AMBIGUOUS_SHARED_DENOMINATOR
SRCR-7903751c7f4ce80a665afbad,REGISTERED,4396,Ascorbic Acid + Cod Liver Oil + Nicotinamide + Pyridoxine Hydrochloride + Riboflavin + Vitamin A + Vitamin B1 + Vitamin D3 + Vitamin E,17.5 mg + 100 mg + 9 mg + .35 mg + .85 mg + 2000 IU + .7 mg + 200 IU + 1.5 mg/5 ml,AMBIGUOUS,AMBIGUOUS_SHARED_DENOMINATOR
SRCR-44d2e8204c6a3bfc687692b4,REGISTERED,4405,Bacitracin Zinc + Neomycin Sulphate,500 IU + 5 mg/gm,AMBIGUOUS,AMBIGUOUS_SHARED_DENOMINATOR
SRCR-22158c0b81c595fda112117b,REGISTERED,4406,Benzoic Acid + Salicylic Acid,60 mg + 30 mg/gm,AMBIGUOUS,AMBIGUOUS_SHARED_DENOMINATOR
SRCR-2d4ffc1e31945d92cdd2a828,REGISTERED,4465,Cefuroxime + Clavulanic Acid,125 mg + 31.25 mg/5 ml,AMBIGUOUS,AMBIGUOUS_SHARED_DENOMINATOR
SRCR-43195566b41ec27fa1796651,REGISTERED,4471,Ethyl Alcohol + Isopropyl Alcohol,66 ml + 3.5 ml/100 ml,AMBIGUOUS,AMBIGUOUS_SHARED_DENOMINATOR
SRCR-82d9864670d061de11758013,REGISTERED,4510,Nicotinamide + Pyridoxine Hydrochloride + Riboflavin + Vitamin B1 + Zinc,20 mg + 2 mg + 2 mg + 5 mg + 10 mg/5 ml,AMBIGUOUS,AMBIGUOUS_SHARED_DENOMINATOR
SRCR-39294625269f14edae3a4bc8,REGISTERED,4513,Nicotinamide + Pyridoxine Hydrochloride + Riboflavin + Vitamin B1,20 mg + 2 mg + 2 mg + 5 mg/5 ml,AMBIGUOUS,AMBIGUOUS_SHARED_DENOMINATOR
SRCR-187419fc2c5a991830321019,REGISTERED,4535,Ascorbic Acid + Cod Liver Oil + Nicotinamide + Pyridoxine Hydrochloride + Riboflavin + Vitamin A + Vitamin B1 + Vitamin D3 + Vitamin E,17.5 mg + 100 mg + 9 mg + .35 mg + .85 mg + 2000 IU + .7 mg + 200 IU + 1.5 mg/5 ml,AMBIGUOUS,AMBIGUOUS_SHARED_DENOMINATOR
SRCR-6ccf15eedb36a670f016f09f,REGISTERED,4545,Chlorhexidine Gluconate + Isopropyl Alcohol,500 mg + 70 gm/100 ml,AMBIGUOUS,AMBIGUOUS_SHARED_DENOMINATOR
SRCR-5e96273f689fb32a8f406ff5,REGISTERED,4546,Ethyl Alcohol + Isopropyl Alcohol,66 ml + 3.5 ml/100 ml,AMBIGUOUS,AMBIGUOUS_SHARED_DENOMINATOR
SRCR-e1eae599ad8b154c9458f02d,REGISTERED,4570,Aluminium Oxide + Magnesium Hydroxide,175 mg + 225 mg/5 ml,AMBIGUOUS,AMBIGUOUS_SHARED_DENOMINATOR
SRCR-0c1ec4147a0c82f5741b3abb,REGISTERED,4585,Nicotinamide + Pyridoxine Hydrochloride + Riboflavin + Vitamin B1,20 mg + 2 mg + 2 mg + 5 mg/5 ml,AMBIGUOUS,AMBIGUOUS_SHARED_DENOMINATOR
SRCR-42e11069473228013887a714,REGISTERED,4588,Sulphamethoxazole + Trimethoprim,200 mg + 40 mg/5 ml,AMBIGUOUS,AMBIGUOUS_SHARED_DENOMINATOR
SRCR-5bd45304e42f09ca337bb3af,REGISTERED,4590,Nicotinamide + Pantothenic acid + Pyridoxine Hydrochloride + Riboflavin + Vitamin A + Vitamin B1 + Vitamin C + Vitamin D,10 mg + 5 mg + 1 mg + 1 mg + 5000 IU + 1.6 mg + 50 mg + 1000 IU/ml,AMBIGUOUS,AMBIGUOUS_SHARED_DENOMINATOR
SRCR-6dfdf814edb3f916fe3b3fbe,REGISTERED,4647,Cefuroxime + Clavulanic Acid,125 mg + 31.25 mg/5 ml,AMBIGUOUS,AMBIGUOUS_SHARED_DENOMINATOR
SRCR-c8758dfa39954f85d5285e9e,REGISTERED,4696,Cyanocobalamin + Pyridoxine Hydrochloride + Vitamin B1,1 mg + 100 mg + 100 mg/3 ml,AMBIGUOUS,AMBIGUOUS_SHARED_DENOMINATOR
SRCR-89e58cc92e21b22c1a96e180,REGISTERED,4723,Enoxaprin,60 mg/.6 ml,FAILED,UNSUPPORTED_STRENGTH_PATTERN
SRCR-426ed3534ec25e25ed60abfc,REGISTERED,4733,Erythropoietin,2000 IU/.5 ml,FAILED,UNSUPPORTED_STRENGTH_PATTERN
SRCR-88b66536424c5a783c6fb2cd,REGISTERED,4741,Filgrastim,30 MIU/.5 ml,FAILED,UNSUPPORTED_STRENGTH_PATTERN
SRCR-3393745cf6edf6b08dc3c8d3,REGISTERED,4742,Docetaxel,20 mg/.5 ml,FAILED,UNSUPPORTED_STRENGTH_PATTERN
SRCR-5af1a7c01c3e7fa52d814fd6,REGISTERED,4744,Poly (0-2 Hydroxyethyl Starch (Hydroxyethyl 130/0.4) + Sodium Chloride,60 gm + 9 gm/1000 ml,AMBIGUOUS,AMBIGUOUS_SHARED_DENOMINATOR
SRCR-a88824738aa6b9659c0b8ca2,REGISTERED,4748,Inferferon Alfa-2a,4.5 MIU/.5 ml,FAILED,UNSUPPORTED_STRENGTH_PATTERN
SRCR-b95cd1b621eaed9e78300c06,REGISTERED,4761,Erythropoietin,3000 IU/.75 ml,FAILED,UNSUPPORTED_STRENGTH_PATTERN
SRCR-2357d2ce6b441d1fe7722ae1,REGISTERED,4762,Erythropoietin,5000 IU/.5 ml,FAILED,UNSUPPORTED_STRENGTH_PATTERN
SRCR-03efc3739dafc79c89eb32a7,REGISTERED,4829,Erythropoietin,4000 IU/.4 ml,FAILED,UNSUPPORTED_STRENGTH_PATTERN
SRCR-e51296f58cf3d7147ebcc7c7,REGISTERED,4858,Dextrose + Sodium Chloride,5 gm + 900 mg/100 ml,AMBIGUOUS,AMBIGUOUS_SHARED_DENOMINATOR
SRCR-73468d0483a6ebe0460740df,REGISTERED,4866,Pegfilgrastim,6 mg/.6 ml,FAILED,UNSUPPORTED_STRENGTH_PATTERN
SRCR-b1b2f55a41db812f860544e4,REGISTERED,4887,Ascorbic Acid + Cod Liver Oil + Nicotinamide + Pyridoxine Hydrochloride + Riboflavin + Vitamin A + Vitamin B1 + Vitamin D3 + Vitamin E,17.5 mg + 100 mg + 9 mg + .35 mg + .85 mg + 2000 IU + .7 mg + 200 IU + 1.5 mg/5 ml,AMBIGUOUS,AMBIGUOUS_SHARED_DENOMINATOR
SRCR-7c5e0102545da0a52f73a457,REGISTERED,4924,Potassium Bicarbonate + Sodium Alginate,100 mg + 500 mg/5 ml,AMBIGUOUS,AMBIGUOUS_SHARED_DENOMINATOR
SRCR-15290010d6594b9545d777b7,REGISTERED,4961,Magaldrate + Simethicone,480 mg + 20 mg/5 ml,AMBIGUOUS,AMBIGUOUS_SHARED_DENOMINATOR
SRCR-5dcff21db4bb157661503c77,REGISTERED,4990,Dextromethorphan Hydrobromide + Phenylephrine Hydrochloride + Triprolidine Hydrochloride,400 mg + 200 mg + 50 mg/100 ml,AMBIGUOUS,AMBIGUOUS_SHARED_DENOMINATOR
SRCR-e6035fc1d4865d6b589954a4,REGISTERED,4992,Darbepoetin,40 mcg/.4 ml,FAILED,UNSUPPORTED_STRENGTH_PATTERN
SRCR-29fc29bf55f910922f8b48de,REGISTERED,4993,Darbepoetin,60 mcg/.5 ml,FAILED,UNSUPPORTED_STRENGTH_PATTERN
SRCR-9475f50ba5aa6d71f0dc88f7,REGISTERED,4994,Diphenhydramine Hydrochloride + Guaiphenesin + Levomenthol,280 mg + 2000 mg + 22 mg/100 ml,AMBIGUOUS,AMBIGUOUS_SHARED_DENOMINATOR
SRCR-6986611ed75c01d14930528c,REGISTERED,5028,Chlorhexidine Gluconate + Isopropyl Alcohol,500 mg + 70 gm/100 ml,AMBIGUOUS,AMBIGUOUS_SHARED_DENOMINATOR
SRCR-fa019069694d6514a9109d88,REGISTERED,5050,Niacinamide + Pyridoxine Hydrochloride + Riboflavin + Thiamine Hydrochloride + Zinc,400 mg + 40 mg + 40 mg + 100 mg + 200 mg/100 ml,AMBIGUOUS,AMBIGUOUS_SHARED_DENOMINATOR
SRCR-f1eb6116f35a9bb32c70befa,REGISTERED,5053,Enoxaprin,40 mg/.4 ml,FAILED,UNSUPPORTED_STRENGTH_PATTERN
SRCR-0d0e31de29335a59acfbe428,REGISTERED,5070,Calcium Carbonate + Sodium Alginate + Sodium Bicarbonate,1.6 gm + 5 gm + 2.6 gm/100 ml,AMBIGUOUS,AMBIGUOUS_SHARED_DENOMINATOR
SRCR-05f149c54b67eac019d993e6,REGISTERED,5074,Dextromethorphan Hydrobromide + Guaiphenesin + Menthol,300 mg + 4 gm + 300 mg/100 ml,AMBIGUOUS,AMBIGUOUS_SHARED_DENOMINATOR
SRCR-fba67f5a2fd1069fa091050d,REGISTERED,5195,Calcium Carbonate + Sodium Alginate + Sodium Bicarbonate,3.25 gm + 5 gm + 2.13 gm/100 ml,AMBIGUOUS,AMBIGUOUS_SHARED_DENOMINATOR
SRCR-4bcbb9a87d6fda535f76aa63,REGISTERED,5199,Tirzepatide,2.5 mg/.5 ml,FAILED,UNSUPPORTED_STRENGTH_PATTERN
SRCR-3120d615c0f0893640618e50,REGISTERED,5200,Tirzepatide,5 mg/.5 ml,FAILED,UNSUPPORTED_STRENGTH_PATTERN
SRCR-f022652c41f5e461afd21bba,REGISTERED,5207,Semaglutide,250 mcg/.5 ml,FAILED,UNSUPPORTED_STRENGTH_PATTERN
SRCR-db751f330b5deeb19a0369b1,REGISTERED,5208,Semaglutide,500 mcg/.5 ml,FAILED,UNSUPPORTED_STRENGTH_PATTERN
SRCR-3573debec1e3ea3bbd535d87,REGISTERED,5209,Semaglutide,1 mg/.5 ml,FAILED,UNSUPPORTED_STRENGTH_PATTERN
SRCR-dab33c5782c95d9ba9c9df21,REGISTERED,5210,Adalimumab,40 mg/.8 ml,FAILED,UNSUPPORTED_STRENGTH_PATTERN
SRCR-67ca22b01ce97428a18d42bb,REGISTERED,5214,Tirzepatide,7.5 mg/.5 ml,FAILED,UNSUPPORTED_STRENGTH_PATTERN
SRCR-90d49bbf5418520c04a36bcb,REGISTERED,5225,Semaglutide,1.7 mg/.75 ml,FAILED,UNSUPPORTED_STRENGTH_PATTERN
SRCR-cb65928625543a5d847d1779,REGISTERED,5227,Semaglutide,2.4 mg/.75 ml,FAILED,UNSUPPORTED_STRENGTH_PATTERN
SRCR-58e1966e407f58ce47fe0c9a,REGISTERED,5229,Ascorbic Acid + Biotin + Cyanocobalamin + Dexpanthanol + Folic Acid + Nicotinamide + Pyridoxine Hydrochloride + Riboflavine Sodium Phosphate + Thiamine Nitrate,100 mg + 60 mcg + 5 mcg + 15 mg + 400 mcg + 40 mg + 4 mg + 3.6 mg + 2.5 mg/vial,AMBIGUOUS,AMBIGUOUS_SHARED_DENOMINATOR
SRCR-ab40e4d8721300251987c2f7,REGISTERED,5231,Aluminium Oxide + Magnesium Trisilicate,200 mg + 250 mg/5 ml,AMBIGUOUS,AMBIGUOUS_SHARED_DENOMINATOR
SRCR-5002ac5bf089a560e41fbfb9,REGISTERED,5233,Nicotinamide + Pyridoxine Hydrochloride + Riboflavin + Vitamin B1,20 mg + 2 mg + 2 mg + 5 mg/5 ml,AMBIGUOUS,AMBIGUOUS_SHARED_DENOMINATOR
SRCR-89410e03fe58dec1521f764a,REGISTERED,5288,Sulphamethoxazole + Trimethoprim,200 mg + 40 mg/5 ml,AMBIGUOUS,AMBIGUOUS_SHARED_DENOMINATOR
SRCR-cf7e2f01cbbcd2741a14a8f2,REGISTERED,5317,Nicotinamide + Pyridoxine Hydrochloride + Riboflavin + Vitamin B1,20 mg + 2 mg + 2 mg + 5 mg/5 ml,AMBIGUOUS,AMBIGUOUS_SHARED_DENOMINATOR
SRCR-66a404a4ff01c1561d6dfb3c,REGISTERED,5331,Ammonium Bicarbonate + Gentian + Ginger + Nux vomica + Sodium Bicarbonate,25 gm + 1.5 gm + 1.5 gm + 7 gm + 65 gm/100 gm,AMBIGUOUS,AMBIGUOUS_SHARED_DENOMINATOR
SRCR-fc69cf5bf26dcf1a4b5b6bdb,REGISTERED,5336,Amprolium + Sulfaquinoxaline Sodium + Vitamin K,170 gm + 170 gm + 1 gm/KG,AMBIGUOUS,AMBIGUOUS_SHARED_DENOMINATOR
SRCR-bf84d843d08bf6f4b811db0f,REGISTERED,5344,Vitamin A + Vitamin D3 + Vitamin E,1 Lac IU + 20000 IU + 20 mg/ml,AMBIGUOUS,AMBIGUOUS_SHARED_DENOMINATOR
SRCR-6004dba7464cce53f59ce832,REGISTERED,5349,Doxycycline Hydrochloride + Tylosin Tartrate,250 mg + 200 mg/gm,AMBIGUOUS,AMBIGUOUS_SHARED_DENOMINATOR
SRCR-6118017fb4b3dda688b610d6,REGISTERED,5352,Calcium Gluconate + Dextrose + Magnesium Hypophosphite,208 mg + 200 mg + 50 mg/ml,AMBIGUOUS,AMBIGUOUS_SHARED_DENOMINATOR
SRCR-350be534a81f1b04a730d1db,REGISTERED,5369,Bromhexine Hydrochloride + Phenylbutazone,1 gm + 5 gm/100 ml,AMBIGUOUS,AMBIGUOUS_SHARED_DENOMINATOR
SRCR-d425a91eba0967acd9615931,REGISTERED,5372,Cyanocobalamin + Toldimfos Sodium,5 mg + 20 gm/100 ml,AMBIGUOUS,AMBIGUOUS_SHARED_DENOMINATOR
SRCR-2065c986bcc81f3654753c5c,REGISTERED,5373,Calcium d-Pantothenate + DL-Methionine + Inositol + Nicotinamide + Vitamin B1 + Vitamin B12 + Vitamin B2 + Vitamin B6,10 mg + 5 mg + 2 mg + 100 mg + 50 mg + 2 mcg + 5 mg + 5 mg/ml,AMBIGUOUS,AMBIGUOUS_SHARED_DENOMINATOR
SRCR-7883ed80cc63bd4d2de808b8,REGISTERED,5374,Vitamin A + Vitamin D3 + Vitamin E,500000 IU + 75000 IU + 50 mg/100 ml,AMBIGUOUS,AMBIGUOUS_SHARED_DENOMINATOR
SRCR-6434093f04bc4b53f4c5efcc,REGISTERED,5386,Nicotinamide + Pyridoxine Hydrochloride + Riboflavin + Vitamin B1,20 mg + 2 mg + 2 mg + 5 mg/5 ml,AMBIGUOUS,AMBIGUOUS_SHARED_DENOMINATOR
SRCR-7ede62ee4f7e75bcb3562ea7,REGISTERED,5444,Potassium Bicarbonate + Sodium Alginate,100 mg + 500 mg/5 ml,AMBIGUOUS,AMBIGUOUS_SHARED_DENOMINATOR
SRCR-409785ae4ebfbbb357bd4b2c,REGISTERED,5479,Nicotinamide + Pyridoxine Hydrochloride + Riboflavin + Vitamin B1 + Zinc,20 mg + 2 mg + 2 mg + 5 mg + 10 mg/5 ml,AMBIGUOUS,AMBIGUOUS_SHARED_DENOMINATOR
SRCR-51d1c01f89f61d07944dda87,REGISTERED,5496,Dextromethorphan Hydrobromide + Phenylephrine Hydrochloride + Triprolidine Hydrochloride,400 mg + 200 mg + 50 mg/100 ml,AMBIGUOUS,AMBIGUOUS_SHARED_DENOMINATOR
SRCR-973bb49e4ff89ae0348ebb7f,REGISTERED,5526,Diphenhydramine Hydrochloride + Guaiphenesin + Levomenthol,280 mg + 2000 mg + 22 mg/100 ml,AMBIGUOUS,AMBIGUOUS_SHARED_DENOMINATOR
SRCR-529d390fe232921e48318625,REGISTERED,5530,Cefuroxime + Clavulanic Acid,125 mg + 31.25 mg/5 ml,AMBIGUOUS,AMBIGUOUS_SHARED_DENOMINATOR
SRCR-ecf6ce27019b4ed445197c45,REGISTERED,5535,Cetrimide + Chlorhexidine Gluconate,3 gm + 300 mg/100 ml,AMBIGUOUS,AMBIGUOUS_SHARED_DENOMINATOR
SRCR-0ff1e03cb4194d57c03f5e71,REGISTERED,5536,Cetrimide + Chlorhexidine Gluconate,15 gm + 1.5 gm/100 ml,AMBIGUOUS,AMBIGUOUS_SHARED_DENOMINATOR
SRCR-23ac1a50c4a7411386d8884f,REGISTERED,5540,Citric Acid Monohydrate + Potassium Citrate,5 gm + 30 gm/100 ml,AMBIGUOUS,AMBIGUOUS_SHARED_DENOMINATOR
SRCR-3a1ffc924aeaf6eb33661d6c,REGISTERED,5556,Dextrose + Sodium Chloride,5 gm + 900 mg/100 ml,AMBIGUOUS,AMBIGUOUS_SHARED_DENOMINATOR
SRCR-c44cf6c6084afdfe2d7e9f1a,REGISTERED,5571,Cinchocaine Hydrochloride + Esculin + Hydrocortisone + Neomycin Sulphate,500 mg + 1 gm + 500 mg + 1 gm/100 gm,AMBIGUOUS,AMBIGUOUS_SHARED_DENOMINATOR
SRCR-d7b87655e77e6687a0183e04,REGISTERED,5578,Nicotinamide + Pyridoxine Hydrochloride + Riboflavin + Vitamin B1,20 mg + 2 mg + 2 mg + 5 mg/5 ml,AMBIGUOUS,AMBIGUOUS_SHARED_DENOMINATOR
SRCR-7be79336365e3bfa83418b7d,REGISTERED,5657,Econazole Nitrate + Triamcinolone Acetonide,1 gm + 100 mg/100 gm,AMBIGUOUS,AMBIGUOUS_SHARED_DENOMINATOR
SRCR-6d89812aa2dfad649cd60b38,REGISTERED,5682,Aluminium Oxide + Magnesium Hydroxide + Simethicone,200 mg + 400 mg + 30 mg/5 ml,AMBIGUOUS,AMBIGUOUS_SHARED_DENOMINATOR
SRCR-346af5cc4c019e573ef55173,REGISTERED,5690,Nystatin,1 Lac Unit/ml,FAILED,UNSUPPORTED_STRENGTH_PATTERN
SRCR-3aece731e970d0cddf2797a7,REGISTERED,5693,Fusidic Acid + Hydrocortisone Acetate,2 gm + 1 gm/100 gm,AMBIGUOUS,AMBIGUOUS_SHARED_DENOMINATOR
SRCR-30d3afd6348272c07beac90c,REGISTERED,5716,Aluminium Oxide + Magnesium Hydroxide,175 mg + 225 mg/5 ml,AMBIGUOUS,AMBIGUOUS_SHARED_DENOMINATOR
SRCR-ae44da309e5867d2161e4695,REGISTERED,5727,Sulphamethoxazole + Trimethoprim,200 mg + 40 mg/5 ml,AMBIGUOUS,AMBIGUOUS_SHARED_DENOMINATOR
SRCR-5374d32357f2213415aa9b54,REGISTERED,5841,Nicotinamide + Pantothenic acid + Pyridoxine Hydrochloride + Riboflavin + Vitamin A + Vitamin B1 + Vitamin C + Vitamin D,10 mg + 5 mg + 1 mg + 1 mg + 5000 IU + 1.6 mg + 50 mg + 1000 IU/ml,AMBIGUOUS,AMBIGUOUS_SHARED_DENOMINATOR
SRCR-e8f932a88dfc38a8cd898e47,REGISTERED,5850,Diclofenac + Lidocaine Hydrochloride,75 mg + 20 mg/2 ml,AMBIGUOUS,AMBIGUOUS_SHARED_DENOMINATOR
SRCR-aa795622e960a12fccfc5ab5,REGISTERED,5879,Fluticasone Propionate + Salmeterol,125 mcg + 25 mcg/Metered Inhalation,AMBIGUOUS,AMBIGUOUS_SHARED_DENOMINATOR
SRCR-2c020ca9623dc9c59764dec1,REGISTERED,5880,Fluticasone Propionate + Salmeterol,50 mcg + 25 mcg/Metered Inhalation,AMBIGUOUS,AMBIGUOUS_SHARED_DENOMINATOR
SRCR-65e5941530c092f915e43160,REGISTERED,5904,Fluticasone Propionate + Salmeterol,250 mcg + 25 mcg/Metered Inhalation,AMBIGUOUS,AMBIGUOUS_SHARED_DENOMINATOR
SRCR-04c61b257cb336619a38061e,REGISTERED,5907,Ipratropium Bromide + Salbutamol,20 mcg + 100 mcg/Metered Inhalation,AMBIGUOUS,AMBIGUOUS_SHARED_DENOMINATOR
SRCR-836d33b1a1c334be5212b235,REGISTERED,5911,Clotrimazole + Hydrocortisone,1 gm + 1 gm/100 gm,AMBIGUOUS,AMBIGUOUS_SHARED_DENOMINATOR
SRCR-f917209fec5394abbb8de906,REGISTERED,5932,Menthol + Methyl Salicylate,10 gm + 15 gm/100 gm,AMBIGUOUS,AMBIGUOUS_SHARED_DENOMINATOR
SRCR-955725da913f8a5dd5aaa149,REGISTERED,5933,Clobetasol Propionate + Neomycin Sulphate + Nystatin,50 mg + 500 mg + 100 Lac IU/100 gm,AMBIGUOUS,AMBIGUOUS_SHARED_DENOMINATOR
SRCR-5ac3e052104e5ab69cfa2b17,REGISTERED,5934,Bacitracin Zinc + Neomycin Sulphate,500 IU + 5 mg/gm,AMBIGUOUS,AMBIGUOUS_SHARED_DENOMINATOR
SRCR-c89d3732489683456b15be61,REGISTERED,5935,Elemental Iron + Nicotinamide + Pyridoxine Hydrochloride + Riboflavin + Vitamin B1 + Zinc,50 mg + 20 mg + 2 mg + 2 mg + 5 mg + 10 mg/5 ml,AMBIGUOUS,AMBIGUOUS_SHARED_DENOMINATOR
SRCR-5f9813940a3c29fbff8622e3,REGISTERED,5989,Niacinamide + Pyridoxine Hydrochloride + Riboflavin + Vitamin B1 + Zinc,20 mg + 2 mg + 2 mg + 5 mg + 10 mg/5 ml,AMBIGUOUS,AMBIGUOUS_SHARED_DENOMINATOR
SRCR-e1f7ea575ff241acfdc061e3,REGISTERED,5995,Betamethasone + Lidocaine Hydrochloride + Phenylephrine Hydrochloride,50 mg + 2.5 gm + 100 mg/100 gm,AMBIGUOUS,AMBIGUOUS_SHARED_DENOMINATOR
SRCR-a4185e891574c58f1e67942f,REGISTERED,6035,Fluticasone Propionate + Salmeterol,50 mcg + 25 mcg/Metered Inhalation,AMBIGUOUS,AMBIGUOUS_SHARED_DENOMINATOR
SRCR-62c0883d090a1ce56ed8496f,REGISTERED,6036,Fluticasone Propionate + Salmeterol,125 mcg + 25 mcg/Metered Inhalation,AMBIGUOUS,AMBIGUOUS_SHARED_DENOMINATOR
SRCR-a97cd2cb6069e51a25fdfc68,REGISTERED,6037,Fluticasone Propionate + Salmeterol,250 mcg + 25 mcg/Metered Inhalation,AMBIGUOUS,AMBIGUOUS_SHARED_DENOMINATOR
SRCR-fbf6006f9c875a5eaabc59ec,REGISTERED,6038,Ipratropium Bromide + Salbutamol,20 mcg + 100 mcg/Metered Inhalation,AMBIGUOUS,AMBIGUOUS_SHARED_DENOMINATOR
SRCR-a59b4ac47275f03a394843d7,REGISTERED,6074,Polyethylene Glycol 400 + Propylene Glycol,400 mg + 300 mg/100 ml,AMBIGUOUS,AMBIGUOUS_SHARED_DENOMINATOR
SRCR-656d7ccf88e694c1cf099f5e,REGISTERED,6090,Chloramphenicol + Dexamethasone,5 mg + 1 mg/ml,AMBIGUOUS,AMBIGUOUS_SHARED_DENOMINATOR
SRCR-47a3cb60f0521e5fc2dab86e,REGISTERED,6105,Latanoprost + Timolol,.05 mg + 5 mg/ml,AMBIGUOUS,AMBIGUOUS_SHARED_DENOMINATOR
SRCR-f3d2d4d2f91645b47d4ef209,REGISTERED,6144,Budesonide + Formoterol Fumarate,80 mcg + 4.5 mcg/Puff,AMBIGUOUS,AMBIGUOUS_SHARED_DENOMINATOR
SRCR-ff3887e91fb301eb3855da1f,REGISTERED,6145,Budesonide + Formoterol Fumarate,160 mcg + 4.5 mcg/Puff,AMBIGUOUS,AMBIGUOUS_SHARED_DENOMINATOR
SRCR-a1a6b986c581ec2f8ea60448,REGISTERED,6146,Enoxaprin,20 mg/.2 ml,FAILED,UNSUPPORTED_STRENGTH_PATTERN
SRCR-050c1f2b080b94e1546022ad,REGISTERED,6147,Enoxaprin,40 mg/.4 ml,FAILED,UNSUPPORTED_STRENGTH_PATTERN
SRCR-ae5e0a59a8a0366de73bb0ad,REGISTERED,6148,Enoxaprin,60 mg/.6 ml,FAILED,UNSUPPORTED_STRENGTH_PATTERN
SRCR-e61556e6ed59769b989a6ca2,REGISTERED,6149,Enoxaprin,80 mg/.8 ml,FAILED,UNSUPPORTED_STRENGTH_PATTERN
SRCR-d16449ba4165971f3feba53b,REGISTERED,6158,Potassium Bicarbonate + Sodium Alginate,100 mg + 500 mg/5 ml,AMBIGUOUS,AMBIGUOUS_SHARED_DENOMINATOR
SRCR-2b6d2751abdb00fb434605ed,REGISTERED,6160,Ciprofloxacin + Dexamethasone,300 mg + 100 mg/100 ml,AMBIGUOUS,AMBIGUOUS_SHARED_DENOMINATOR
SRCR-78ddb04f9f1574d36a184911,REGISTERED,6161,Dexamethasone + Tobramycin,100 mg + 300 mg/100 ml,AMBIGUOUS,AMBIGUOUS_SHARED_DENOMINATOR
SRCR-15f2ddafcbdb70fbdf12b18c,REGISTERED,6182,Dexpanthanol + Nicotinamide + Pyridoxine Hydrochloride + Riboflavin + Vitamin B1,25 mg + 500 mg + 50 mg + 20 mg + 250 mg/10 ml,AMBIGUOUS,AMBIGUOUS_SHARED_DENOMINATOR
SRCR-9d6247ec16e6c2a00f730282,REGISTERED,6199,Amoxicillin + Clavulanic Acid,125 mg + 31.25 mg/5 ml,AMBIGUOUS,AMBIGUOUS_SHARED_DENOMINATOR
SRCR-3d818b43583ebae4738d0c94,REGISTERED,6200,Amoxicillin + Clavulanic Acid,400 mg + 57.5 mg/5 ml,AMBIGUOUS,AMBIGUOUS_SHARED_DENOMINATOR
SRCR-f4014a6761476901ccaf3200,REGISTERED,6224,Magaldrate + Simethicone,480 mg + 20 mg/5 ml,AMBIGUOUS,AMBIGUOUS_SHARED_DENOMINATOR
SRCR-3d56e8153a7569a6679fa60e,REGISTERED,6230,Clindamycin Phosphate + Tretinoin,1.2 gm + .025 gm/100 gm,AMBIGUOUS,AMBIGUOUS_SHARED_DENOMINATOR
SRCR-59986c340bd9f6ead52dc7aa,REGISTERED,6246,Loteprednol Etabonate + Tobramycin,.5 gm + .3 gm/100 ml,AMBIGUOUS,AMBIGUOUS_SHARED_DENOMINATOR
SRCR-76be3290fdb6556805b20abc,REGISTERED,6271,Adapalene + Benzoyl Peroxide,.1 gm + 2.5 gm/100 gm,AMBIGUOUS,AMBIGUOUS_SHARED_DENOMINATOR
SRCR-cdde792e7e2146357eec0759,REGISTERED,6281,Ciprofloxacin + Dexamethasone,300 mg + 100 mg/100 ml,AMBIGUOUS,AMBIGUOUS_SHARED_DENOMINATOR
SRCR-452b565d6829bf9c51aef2f0,REGISTERED,6338,Liquid Paraffin + Magnesium Hydroxide,25 ml + 6 gm/100 ml,AMBIGUOUS,AMBIGUOUS_SHARED_DENOMINATOR
SRCR-31a959328a3ab8d8718f44ed,REGISTERED,6340,Menthol + Methyl Salicylate,8 gm + 30 gm/100 gm,AMBIGUOUS,AMBIGUOUS_SHARED_DENOMINATOR
SRCR-b6d8b27a933d5d379aa00953,REGISTERED,6341,Ipratropium Bromide + Salbutamol,500 mcg + 2.5 mg/3 ml,AMBIGUOUS,AMBIGUOUS_SHARED_DENOMINATOR
SRCR-97fef301a8c89a05a56cdb6e,REGISTERED,6360,Carboxymethylcellulose Sodium + Glycerine,5 mg + 9 mg/ml,AMBIGUOUS,AMBIGUOUS_SHARED_DENOMINATOR
SRCR-a7bd142b499e1663e917b9ae,REGISTERED,6362,Calcium Chloride + Magnessium Chloride + Potassium Chloride + Sodium Acetate + Sodium Chloride + Sodium Citrate,48 mg + 30 mg + 75 mg + 390 mg + 490 mg + 170 mg/100 ml,AMBIGUOUS,AMBIGUOUS_SHARED_DENOMINATOR
SRCR-65dda408bafa7deb798d67d2,REGISTERED,6363,Calcium Chloride + Potassium Chloride + Sodium Chloride + Sodium Lactate,27 mg + 40 mg + 600 mg + 320 mg/100 ml,AMBIGUOUS,AMBIGUOUS_SHARED_DENOMINATOR
SRCR-b9aabac526a0422ec16a3929,REGISTERED,6365,Adenosine + Cytochrome C + Nicotinamide + Sodium Succinate,200 mg + 50 mg + 1 gm + 60 mg/100 ml,AMBIGUOUS,AMBIGUOUS_SHARED_DENOMINATOR
SRCR-286a66f4dfb1eb73454b3ce8,REGISTERED,6366,Potassium Chloride + Sodium Acetate + Sodium Chloride,100 mg + 650 mg + 500 mg/100 ml,AMBIGUOUS,AMBIGUOUS_SHARED_DENOMINATOR
SRCR-2a5099b98f09eb1ca3d35e10,REGISTERED,6368,Dextrose + Sodium Chloride,4.3 gm + 180 mg/100 ml,AMBIGUOUS,AMBIGUOUS_SHARED_DENOMINATOR
SRCR-d27fe5a97cb4ed2499fd54fe,REGISTERED,6373,Dextrose + Sodium Chloride,5 gm + 225 mg/100 ml,AMBIGUOUS,AMBIGUOUS_SHARED_DENOMINATOR
SRCR-75bf8d511fa7fff9fac1c68a,REGISTERED,6374,Dextrose + Sodium Chloride,5 gm + 450 mg/100 ml,AMBIGUOUS,AMBIGUOUS_SHARED_DENOMINATOR
SRCR-cd6a6435b0b4643e5795219e,REGISTERED,6383,Dextromethorphan Hydrobromide + Phenylephrine Hydrochloride + Triprolidine Hydrochloride,400 mg + 200 mg + 50 mg/100 ml,AMBIGUOUS,AMBIGUOUS_SHARED_DENOMINATOR
SRCR-b9a39cef4431e2a049461743,REGISTERED,6384,Dextromethorphan Hydrobromide + Guaiphenesin + Menthol,300 mg + 4 gm + 300 mg/100 ml,AMBIGUOUS,AMBIGUOUS_SHARED_DENOMINATOR
SRCR-ae9135485e909f83d7ed701f,REGISTERED,6393,Fluticasone Propionate + Formoterol Fumarate Dihydrate,50 mcg + 5 mcg/Puff,AMBIGUOUS,AMBIGUOUS_SHARED_DENOMINATOR
SRCR-fd7c97f585e4189810df9ee2,REGISTERED,6394,Fluticasone Propionate + Formoterol Fumarate Dihydrate,125 mcg + 5 mcg/Puff,AMBIGUOUS,AMBIGUOUS_SHARED_DENOMINATOR
SRCR-66c55566d09857fe5f0df386,REGISTERED,6395,Fluticasone Propionate + Formoterol Fumarate Dihydrate,250 mcg + 10 mcg/Puff,AMBIGUOUS,AMBIGUOUS_SHARED_DENOMINATOR
SRCR-b0c72b4638b2c90570d256b8,REGISTERED,6410,Citric Acid Monohydrate + Potassium Citrate,5 gm + 30 gm/100 ml,AMBIGUOUS,AMBIGUOUS_SHARED_DENOMINATOR
SRCR-60a7bbfdea33a1ac0b423642,REGISTERED,6434,Brimonidine Tartrate + Brinzolamide,200 mg + 1 gm/100 ml,AMBIGUOUS,AMBIGUOUS_SHARED_DENOMINATOR
SRCR-7120000f8e4f5d48b3590b66,REGISTERED,6473,Azelastine + Fluticasone Propionate,125 mcg + 50 mcg/Metered Inhalation,AMBIGUOUS,AMBIGUOUS_SHARED_DENOMINATOR
SRCR-170649ba1bfba77e53a6cb9a,REGISTERED,6474,Calcium Carbonate + Sodium Alginate + Sodium Bicarbonate,3.25 gm + 5 gm + 2.13 gm/100 ml,AMBIGUOUS,AMBIGUOUS_SHARED_DENOMINATOR
SRCR-c07722e37f42217c8d9e3a1a,REGISTERED,6511,Betamethasone + Neomycin Sulphate,100 mg + 500 mg/100 gm,AMBIGUOUS,AMBIGUOUS_SHARED_DENOMINATOR
SRCR-d824ec4886ea3eb1fa5a0000,REGISTERED,6527,Piperacillin + Tazobactam,4 gm + .5 gm/vial,AMBIGUOUS,AMBIGUOUS_SHARED_DENOMINATOR
SRCR-9afa2922193813d07f779a61,REGISTERED,6565,Tirzepatide,2.5 mg/.5 ml,FAILED,UNSUPPORTED_STRENGTH_PATTERN
SRCR-15f6ddf097eaaeb2521387bb,REGISTERED,6566,Tirzepatide,5 mg/.5 ml,FAILED,UNSUPPORTED_STRENGTH_PATTERN
SRCR-8dbb5941268e71a8af0b9146,REGISTERED,6567,Tirzepatide,7.5 mg/.5 ml,FAILED,UNSUPPORTED_STRENGTH_PATTERN
SRCR-b16c4758d2ae1881bfc859a6,REGISTERED,6586,Ciprofloxacin + Dexamethasone,300 mg + 100 mg/100 ml,AMBIGUOUS,AMBIGUOUS_SHARED_DENOMINATOR
SRCR-f36b9293254691581f64950b,REGISTERED,6587,Dexamethasone + Tobramycin,100 mg + 300 mg/100 ml,AMBIGUOUS,AMBIGUOUS_SHARED_DENOMINATOR
SRCR-b3b97da993b242f15fcbf240,REGISTERED,6588,Carboxymethylcellulose Sodium + Glycerine,5 mg + 9 mg/ml,AMBIGUOUS,AMBIGUOUS_SHARED_DENOMINATOR
SRCR-9fafeff0dcbe067b02609074,REGISTERED,6593,Liquid Paraffin + White Soft Paraffin,50 gm + 50 gm/100 gm,AMBIGUOUS,AMBIGUOUS_SHARED_DENOMINATOR
SRCR-07518ed03aa99bf50f83e0a5,REGISTERED,6595,Dexamethasone + Moxifloxacin,100 mg + 500 mg/100 ml,AMBIGUOUS,AMBIGUOUS_SHARED_DENOMINATOR
SRCR-eae1a556d13b151677388b61,REGISTERED,6632,Aluminium Oxide + Magnesium Hydroxide,175 mg + 225 mg/5 ml,AMBIGUOUS,AMBIGUOUS_SHARED_DENOMINATOR
SRCR-9c70982e29ce6ebd4be42dd9,REGISTERED,6637,Sulphamethoxazole + Trimethoprim,200 mg + 40 mg/5 ml,AMBIGUOUS,AMBIGUOUS_SHARED_DENOMINATOR
SRCR-23ca6c8f49a37d9789a7ebc7,REGISTERED,6638,Benzoic Acid + Salicylic Acid,60 mg + 30 mg/gm,AMBIGUOUS,AMBIGUOUS_SHARED_DENOMINATOR
SRCR-a8483a2076610d5187c8cd48,REGISTERED,6648,Benzoic Acid + Salicylic Acid,60 mg + 30 mg/gm,AMBIGUOUS,AMBIGUOUS_SHARED_DENOMINATOR
SRCR-d7b2b1e7622bd24634d67e5b,REGISTERED,6670,Nicotinamide + Pyridoxine Hydrochloride + Riboflavin + Vitamin B1,20 mg + 2 mg + 2 mg + 5 mg/5 ml,AMBIGUOUS,AMBIGUOUS_SHARED_DENOMINATOR
SRCR-6d20450a7522f9120e1340f7,REGISTERED,6672,Glycerol + Hydrogen Peroxide Solution + Isopropyl Alcohol,1.45 ml + 4.17 ml + 75 ml/100 ml,AMBIGUOUS,AMBIGUOUS_SHARED_DENOMINATOR
SRCR-42da25c74dce8255b7192016,REGISTERED,6673,Chlorhexidine Gluconate + Isopropyl Alcohol,500 mg + 70 gm/100 ml,AMBIGUOUS,AMBIGUOUS_SHARED_DENOMINATOR
SRCR-f8f447a6572fbd870ad6c6fd,REGISTERED,6684,Dextrose Anhydrous + Fructose + Potassium Chloride + Sodium Bicarbonate + Sodium Chloride + Sucrose,4.09 gm + 70 mg + 380 mg + 420 mg + 440 mg + 8.07 gm/250 ml,AMBIGUOUS,AMBIGUOUS_SHARED_DENOMINATOR
SRCR-910fb4a1990818054fa08f34,REGISTERED,6708,Docetaxel,20 mg/.5 ml,FAILED,UNSUPPORTED_STRENGTH_PATTERN
SRCR-c826c44cfca5883fb1a70de6,REGISTERED,6756,Calcium Carbonate + Cyanocobalamin + Diabasic Calcium Phosphate + Magnesium + Vitamin D3,1.356 gm + 100 mg + 4.6 gm + 100 mg + 800 IU/100 ml,AMBIGUOUS,AMBIGUOUS_SHARED_DENOMINATOR
SRCR-27ca9af1a7aafc336236b911,REGISTERED,6770,Aluminium Oxide + Magnesium Hydroxide,175 mg + 225 mg/5 ml,AMBIGUOUS,AMBIGUOUS_SHARED_DENOMINATOR
SRCR-edcecd385ea974ca845ec719,REGISTERED,6778,Sulphamethoxazole + Trimethoprim,200 mg + 40 mg/5 ml,AMBIGUOUS,AMBIGUOUS_SHARED_DENOMINATOR
SRCR-13437791637c6de8e99c9306,REGISTERED,6779,Nicotinamide + Pyridoxine Hydrochloride + Riboflavin + Vitamin B1,20 mg + 2 mg + 2 mg + 5 mg/5 ml,AMBIGUOUS,AMBIGUOUS_SHARED_DENOMINATOR
SRCR-b29e5dea6665784e48d19127,REGISTERED,6780,Nicotinamide + Pantothenic acid + Pyridoxine Hydrochloride + Riboflavin + Vitamin A + Vitamin B1 + Vitamin C + Vitamin D,10 mg + 5 mg + 1 mg + 1 mg + 5000 IU + 1.6 mg + 50 mg + 1000 IU/ml,AMBIGUOUS,AMBIGUOUS_SHARED_DENOMINATOR
SRCR-d02b90cabeeb9cd2c8fe6dfa,REGISTERED,6793,Econazole Nitrate + Triamcinolone Acetonide,1 gm + 100 mg/100 gm,AMBIGUOUS,AMBIGUOUS_SHARED_DENOMINATOR
SRCR-dc5a634e441b40f85c9bdd27,REGISTERED,6816,Betamethasone + Neomycin Sulphate,100 mg + 500 mg/100 gm,AMBIGUOUS,AMBIGUOUS_SHARED_DENOMINATOR
SRCR-f6ab80864b7a925978fcc7fd,REGISTERED,6817,Betamethasone + Neomycin Sulphate,100 mg + 500 mg/100 gm,AMBIGUOUS,AMBIGUOUS_SHARED_DENOMINATOR
SRCR-995e7dc335f55e9f5617d954,REGISTERED,6821,Bacitracin Zinc + Neomycin Sulphate,500 IU + 5 mg/gm,AMBIGUOUS,AMBIGUOUS_SHARED_DENOMINATOR
SRCR-79589f1948475aa70d5c1e31,REGISTERED,6869,Aluminium Oxide + Magnesium Hydroxide + Simethicone,200 mg + 400 mg + 30 mg/5 ml,AMBIGUOUS,AMBIGUOUS_SHARED_DENOMINATOR
SRCR-ff559ef9bd391a1c39d911ef,REGISTERED,6907,Elemental Iron + Nicotinamide + Pyridoxine Hydrochloride + Riboflavin + Vitamin B1 + Zinc,50 mg + 20 mg + 2 mg + 2 mg + 5 mg + 10 mg/5 ml,AMBIGUOUS,AMBIGUOUS_SHARED_DENOMINATOR
SRCR-995d587378cb66db1e35861b,REGISTERED,6915,Bacitracin Zinc + Neomycin Sulphate + Polymixin B Sulphate,400 IU + 3.5 mg + 5000 IU/gm,AMBIGUOUS,AMBIGUOUS_SHARED_DENOMINATOR
SRCR-aff9234826e53a91c76dfffb,REGISTERED,6916,Clotrimazole + Hydrocortisone,1 gm + 1 gm/100 gm,AMBIGUOUS,AMBIGUOUS_SHARED_DENOMINATOR
SRCR-251bc85e9ca4b90628f372e0,REGISTERED,6947,Diclofenac + Lidocaine Hydrochloride,75 mg + 20 mg/2 ml,AMBIGUOUS,AMBIGUOUS_SHARED_DENOMINATOR
SRCR-660cff14b9444c1758ba23f5,REGISTERED,6976,Ciprofloxacin + Dexamethasone,300 mg + 100 mg/100 ml,AMBIGUOUS,AMBIGUOUS_SHARED_DENOMINATOR
SRCR-d2744bd8f6496613599c02a9,REGISTERED,6978,Dexamethasone + Tobramycin,100 mg + 300 mg/100 ml,AMBIGUOUS,AMBIGUOUS_SHARED_DENOMINATOR
SRCR-5c113ea69de820f2c05ed8a4,REGISTERED,6991,Brimonidine Tartrate + Timolol Maleate,200 mg + 500 mg/100 ml,AMBIGUOUS,AMBIGUOUS_SHARED_DENOMINATOR
SRCR-0ae92ecb44936239e8b5c2cc,REGISTERED,7000,Nystatin,1 Lac Unit/ml,FAILED,UNSUPPORTED_STRENGTH_PATTERN
SRCR-c84d3958814bf0c1738db3ee,REGISTERED,7008,Sulphadiazine + Trimethoprim,40 gm + 8 gm/100 ml,AMBIGUOUS,AMBIGUOUS_SHARED_DENOMINATOR
SRCR-58ef39424ca4b630575acfcb,REGISTERED,7054,Ascorbic Acid + Cod Liver Oil + Nicotinamide + Pyridoxine Hydrochloride + Riboflavin + Vitamin A + Vitamin B1 + Vitamin D3 + Vitamin E,17.5 mg + 100 mg + 9 mg + .35 mg + .85 mg + 2000 IU + .7 mg + 200 IU + 1.5 mg/5 ml,AMBIGUOUS,AMBIGUOUS_SHARED_DENOMINATOR
SRCR-c00d1528a755d4c9c16a4f04,REGISTERED,7057,Dexamethasone + Tobramycin,100 mg + 300 mg/100 gm,AMBIGUOUS,AMBIGUOUS_SHARED_DENOMINATOR
SRCR-bbf87cb04b8a523e1fd25c81,REGISTERED,7059,Polyethylene Glycol 400 + Propylene Glycol,400 mg + 300 mg/100 ml,AMBIGUOUS,AMBIGUOUS_SHARED_DENOMINATOR
SRCR-79762cda77cdd475bf11b3ad,REGISTERED,7070,Dexamethasone + Gatifloxacin,100 mg + 300 mg/100 ml,AMBIGUOUS,AMBIGUOUS_SHARED_DENOMINATOR
SRCR-f19cf22abd7675e5a00ec02a,REGISTERED,7072,Betamethasone + Fusidic Acid,100 mg + 2 gm/100 gm,AMBIGUOUS,AMBIGUOUS_SHARED_DENOMINATOR
SRCR-290b9b27bba48ad8aaabfd20,REGISTERED,7073,Clobetasol Propionate + Neomycin Sulphate + Nystatin,50 mg + 500 mg + 100 Lac IU/100 gm,AMBIGUOUS,AMBIGUOUS_SHARED_DENOMINATOR
SRCR-048a1b98f76f86d28a93dbf7,REGISTERED,7074,Clobetasol Propionate + Neomycin Sulphate + Nystatin,50 mg + 500 mg + 100 Lac IU/100 gm,AMBIGUOUS,AMBIGUOUS_SHARED_DENOMINATOR
SRCR-276d2316a80413666460e3d8,REGISTERED,7078,Loteprednol Etabonate + Tobramycin,.5 gm + .3 gm/100 ml,AMBIGUOUS,AMBIGUOUS_SHARED_DENOMINATOR
SRCR-a882f9a139097fefd04cce29,REGISTERED,7080,Clobetasol Propionate + Salicylic Acid,.05 gm + 3 gm/100 gm,AMBIGUOUS,AMBIGUOUS_SHARED_DENOMINATOR
SRCR-2884b62d00399f61091ccd11,REGISTERED,7107,Glycerol + Hydrogen Peroxide Solution + Isopropyl Alcohol,1.45 ml + 4.17 ml + 75 ml/100 ml,AMBIGUOUS,AMBIGUOUS_SHARED_DENOMINATOR
SRCR-306dd6e2a48f82743f5ccc2b,REGISTERED,7116,Eucalypytol + Menthol + Thymol,.091 gm + .042 gm + .063 gm/100 ml,AMBIGUOUS,AMBIGUOUS_SHARED_DENOMINATOR
SRCR-ea0ae96524ec571362cf657a,REGISTERED,7117,Cetrimide + Chlorhexidine Gluconate,3 gm + 300 mg/100 ml,AMBIGUOUS,AMBIGUOUS_SHARED_DENOMINATOR
SRCR-ef6408b20c6c4a9b2c6ecd6e,REGISTERED,7118,Cetrimide + Chlorhexidine Gluconate,15 gm + 1.5 gm/100 ml,AMBIGUOUS,AMBIGUOUS_SHARED_DENOMINATOR
SRCR-69aa17c957e23d2356f60578,REGISTERED,7119,Cetrimide + Chlorhexidine Hydrochloride,500 mg + 100 mg/100 gm,AMBIGUOUS,AMBIGUOUS_SHARED_DENOMINATOR
SRCR-10792ec87bea8a3601c699c1,REGISTERED,7131,Potassium Bicarbonate + Sodium Alginate,100 mg + 500 mg/5 ml,AMBIGUOUS,AMBIGUOUS_SHARED_DENOMINATOR
SRCR-11a54234d0abf15439e62c89,REGISTERED,7137,Amoxicillin + Clavulanic Acid,125 mg + 31.25 mg/5 ml,AMBIGUOUS,AMBIGUOUS_SHARED_DENOMINATOR
SRCR-d541c65789c08dccaf462e83,REGISTERED,7142,Enoxaprin,40 mg/.4 ml,FAILED,UNSUPPORTED_STRENGTH_PATTERN
SRCR-3219b0308325d5b1911ffcf0,REGISTERED,7143,Enoxaprin,60 mg/.6 ml,FAILED,UNSUPPORTED_STRENGTH_PATTERN
SRCR-a97282e27b9ab6b2a6c541d2,REGISTERED,7160,Nicotinamide + Pyridoxine Hydrochloride + Riboflavin + Vitamin B1 + Zinc,400 mg + 40 mg + 50 mg + 100 mg + 200 mg/100 ml,AMBIGUOUS,AMBIGUOUS_SHARED_DENOMINATOR
SRCR-06122ce87cb0a3932b5d8b40,REGISTERED,7163,Liquid Paraffin + Magnesium Hydroxide,25 ml + 6 gm/100 ml,AMBIGUOUS,AMBIGUOUS_SHARED_DENOMINATOR
SRCR-621e4842fc904091d599811d,REGISTERED,7167,Calcium Carbonate + Sodium Alginate + Sodium Bicarbonate,1.6 gm + 5 gm + 2.6 gm/100 ml,AMBIGUOUS,AMBIGUOUS_SHARED_DENOMINATOR
SRCR-8ee3d712c8b1b15166be2107,REGISTERED,7168,Calcium Carbonate + Sodium Alginate + Sodium Bicarbonate,3.25 gm + 5 gm + 2.13 gm/100 ml,AMBIGUOUS,AMBIGUOUS_SHARED_DENOMINATOR
SRCR-a4a1825285b69fd9b52ed22f,REGISTERED,7181,Dexamethasone + Moxifloxacin,100 mg + 500 mg/100 ml,AMBIGUOUS,AMBIGUOUS_SHARED_DENOMINATOR
SRCR-edf03104194fb26ec04064e8,REGISTERED,7182,Chloramphenicol + Dexamethasone,5 mg + 1 mg/ml,AMBIGUOUS,AMBIGUOUS_SHARED_DENOMINATOR
SRCR-01c93d02a34eeed633bf8585,REGISTERED,7183,Brimonidine Tartrate + Brinzolamide,200 mg + 1 gm/100 ml,AMBIGUOUS,AMBIGUOUS_SHARED_DENOMINATOR
SRCR-4dd9d68afe666c70fc895a67,REGISTERED,7196,Cyanocobalamin + Iron Dextran,100 mcg + 100 mg/ml,AMBIGUOUS,AMBIGUOUS_SHARED_DENOMINATOR
SRCR-2dac1c96c77744a0709e0c77,REGISTERED,7201,Ammonium Bicarbonate + Gentian + Ginger + Nux vomica + Sodium Bicarbonate,25 gm + 1.5 gm + 1.5 gm + 7 gm + 65 gm/100 gm,AMBIGUOUS,AMBIGUOUS_SHARED_DENOMINATOR
SRCR-80aab247b135b382d59958e5,REGISTERED,7202,Doxycycline Hydrochloride + Tylosin Tartrate,250 mg + 200 mg/gm,AMBIGUOUS,AMBIGUOUS_SHARED_DENOMINATOR
SRCR-aed87f080ac90ec70d9f2341,REGISTERED,7205,Vitamin A + Vitamin D3 + Vitamin E,5 Lac IU + 75000 IU + 50 mg/ml,AMBIGUOUS,AMBIGUOUS_SHARED_DENOMINATOR
SRCR-54656fc9f13f663f4725f3bc,REGISTERED,7206,Amprolium + Sulfaquinoxaline Sodium + Vitamin K,170 gm + 170 gm + 1 gm/KG,AMBIGUOUS,AMBIGUOUS_SHARED_DENOMINATOR
SRCR-f3c93503553b2df5857d6ef6,REGISTERED,7207,Acetylsalicylic Acid + Ascorbic Acid,60 gm + 6.65 gm/100 gm,AMBIGUOUS,AMBIGUOUS_SHARED_DENOMINATOR
SRCR-c50f5f008bc2933d22ef7024,REGISTERED,7209,Closantel + Levamisole,75 mg + 100 mg/100 ml,AMBIGUOUS,AMBIGUOUS_SHARED_DENOMINATOR
SRCR-a8cd93d3482cb41341ddbb87,REGISTERED,7210,Clorsulon + Ivermectin,500 mg + 50 mg/5 ml,AMBIGUOUS,AMBIGUOUS_SHARED_DENOMINATOR
SRCR-32fdef1880b188b1ec98428b,REGISTERED,7212,Calcium Propionate + Cobalt Carbonate + DL-Methionine + Gentian + Pyridoxine Hydrochloride + Silicon Dioxide,500 gm + 100 mg + 40 gm + 80 gm + 380 mg + 12.5 gm/KG,AMBIGUOUS,AMBIGUOUS_SHARED_DENOMINATOR
SRCR-78e28965c80edf07f913cfc0,REGISTERED,7213,Tonophosphan + Vitamin B12,100 mg + 20 mcg/ml,AMBIGUOUS,AMBIGUOUS_SHARED_DENOMINATOR
SRCR-b5d3812805b2c3defec64e59,REGISTERED,7221,Lincomycin + Spectinomycin,50 mg + 100 mg/ml,AMBIGUOUS,AMBIGUOUS_SHARED_DENOMINATOR
SRCR-7bcb92ad376a8240b7c4932b,REGISTERED,7360,Benzoic Acid + Salicylic Acid,60 mg + 30 mg/gm,AMBIGUOUS,AMBIGUOUS_SHARED_DENOMINATOR
SRCR-0cee6a902deb1de3eb81cabe,REGISTERED,7367,Sulphamethoxazole + Trimethoprim,200 mg + 40 mg/5 ml,AMBIGUOUS,AMBIGUOUS_SHARED_DENOMINATOR
SRCR-750733ee17f6f60d31860598,REGISTERED,7373,Nicotinamide + Pyridoxine Hydrochloride + Riboflavin + Vitamin B1,20 mg + 2 mg + 2 mg + 5 mg/5 ml,AMBIGUOUS,AMBIGUOUS_SHARED_DENOMINATOR
SRCR-2d6042acc04727554ca26482,REGISTERED,7374,Nicotinamide + Pantothenic acid + Pyridoxine Hydrochloride + Riboflavin + Vitamin A + Vitamin B1 + Vitamin C + Vitamin D,10 mg + 5 mg + 1 mg + 1 mg + 5000 IU + 1.6 mg + 50 mg + 1000 IU/ml,AMBIGUOUS,AMBIGUOUS_SHARED_DENOMINATOR
SRCR-b13bee9a96472800bb5ca16e,REGISTERED,7376,Aluminium Oxide + Magnesium Hydroxide,175 mg + 225 mg/5 ml,AMBIGUOUS,AMBIGUOUS_SHARED_DENOMINATOR
SRCR-c57f747b2b679cb3b46755eb,REGISTERED,7409,Nicotinamide + Pyridoxine Hydrochloride + Riboflavin + Vitamin B1 + Zinc,400 mg + 40 mg + 50 mg + 100 mg + 200 mg/100 ml,AMBIGUOUS,AMBIGUOUS_SHARED_DENOMINATOR
SRCR-08f99758929220762cd5b29d,REGISTERED,7411,Dextrose Anhydrous + Potassium Chloride + Sodium Chloride + Trisodium Citrate,6.75 gm + 750 mg + 1.3 gm + 1.45 gm/500 ml,AMBIGUOUS,AMBIGUOUS_SHARED_DENOMINATOR
SRCR-f35a9f95253f22a796ff8676,REGISTERED,7412,Potassium Chloride + Rice Powder (Pregelatineized) + Sodium Chloride + Trisodium Citrate,.75 gm + 25 gm + 1.3 gm + 1.45 gm/500 ml,AMBIGUOUS,AMBIGUOUS_SHARED_DENOMINATOR
SRCR-69e8eac197ae0fdde4cadd31,REGISTERED,7437,Diclofenac + Lidocaine Hydrochloride,75 mg + 20 mg/2 ml,AMBIGUOUS,AMBIGUOUS_SHARED_DENOMINATOR
SRCR-510e4dcac9b31b727a52199b,REGISTERED,7454,Nicotinamide + Pantothenic acid + Pyridoxine Hydrochloride + Riboflavin + Vitamin A + Vitamin B1 + Vitamin C + Vitamin D,10 mg + 5 mg + 1 mg + 1 mg + 5000 IU + 1.6 mg + 50 mg + 1000 IU/ml,AMBIGUOUS,AMBIGUOUS_SHARED_DENOMINATOR
SRCR-a5d86fe9cdaf66663eed7453,REGISTERED,7458,Lidocaine Hydrochloride + Oxytetracycline,2 gm + 10 gm/100 ml,AMBIGUOUS,AMBIGUOUS_SHARED_DENOMINATOR
SRCR-4bdc439175e3a39fee74c19d,REGISTERED,7468,Aluminium Oxide + Magnesium Hydroxide,175 mg + 225 mg/5 ml,AMBIGUOUS,AMBIGUOUS_SHARED_DENOMINATOR
SRCR-bbd44884db2e20f978a08087,REGISTERED,7471,Benzoic Acid + Salicylic Acid,60 mg + 30 mg/gm,AMBIGUOUS,AMBIGUOUS_SHARED_DENOMINATOR
SRCR-7e3da00bd4c3d4d2e4c76ada,REGISTERED,7473,Bacitracin Zinc + Neomycin Sulphate,500 IU + 5 mg/gm,AMBIGUOUS,AMBIGUOUS_SHARED_DENOMINATOR
SRCR-b3aceb086c38b81691f05cbc,REGISTERED,7481,Sulphamethoxazole + Trimethoprim,200 mg + 40 mg/5 ml,AMBIGUOUS,AMBIGUOUS_SHARED_DENOMINATOR
SRCR-676f5cd2d258bc61975c511d,REGISTERED,7488,D-Panthenol + Nicotinamide + Pyridoxine Hydrochloride + Riboflavin + Vitamin B1,5 mg + 100 mg + 10 mg + 4 mg + 50 mg/2 ml,AMBIGUOUS,AMBIGUOUS_SHARED_DENOMINATOR
SRCR-a4ecfb565aac2b1d20238824,REGISTERED,7511,D-Panthenol + Nicotinamide + Pyridoxine Hydrochloride + Riboflavin + Vitamin B1,5 mg + 100 mg + 10 mg + 4 mg + 50 mg/2 ml,AMBIGUOUS,AMBIGUOUS_SHARED_DENOMINATOR
SRCR-bdecc501be52f2312d82b540,REGISTERED,7512,Nicotinamide + Pyridoxine Hydrochloride + Riboflavin + Vitamin B1,20 mg + 2 mg + 2 mg + 5 mg/5 ml,AMBIGUOUS,AMBIGUOUS_SHARED_DENOMINATOR
SRCR-66cfba4858012a9dab78502a,REGISTERED,7516,Cyanocobalamin + Nicotinamide + Pantothenic acid + Pyridoxine Hydrochloride + Riboflavin + Vitamin A + Vitamin B1 + Vitamin D + Vitamin E,50 mcg + 35 mg + 25 mg + 3 mg + 5 mg + 15 Lac IU + 10 mg + 1 Lac IU + 20 mg/100 ml,AMBIGUOUS,AMBIGUOUS_SHARED_DENOMINATOR
SRCR-3e9393dda3450444139ab911,REGISTERED,7520,Benzalkonium Chloride + Glutaraldehyde,100 mg + 150 mg/100 ml,AMBIGUOUS,AMBIGUOUS_SHARED_DENOMINATOR
SRCR-c16a07848f828d2948bbcc22,REGISTERED,7521,Levamisole + Oxyclozanide,15 mg + 30 mg/ml,AMBIGUOUS,AMBIGUOUS_SHARED_DENOMINATOR
SRCR-203e6ab8fd3d60609b171f2c,REGISTERED,7544,Econazole Nitrate + Triamcinolone Acetonide,1 gm + 100 mg/100 gm,AMBIGUOUS,AMBIGUOUS_SHARED_DENOMINATOR
SRCR-2c1b8c9e0ea81ab82fd50c71,REGISTERED,7567,Cyanocobalamin + Pyridoxine Hydrochloride + Vitamin B1,1 mg + 100 mg + 100 mg/3 ml,AMBIGUOUS,AMBIGUOUS_SHARED_DENOMINATOR
SRCR-cedabb6d92a641a90ecdc378,REGISTERED,7576,Bupivacaine + Dextrose,20 mg + 320 mg/4 ml,AMBIGUOUS,AMBIGUOUS_SHARED_DENOMINATOR
SRCR-613f5ba0cf503aea58ccdf06,REGISTERED,7612,Butaphosphan + Cyanocobalamin,10 gm + 5 mg/100 ml,AMBIGUOUS,AMBIGUOUS_SHARED_DENOMINATOR
SRCR-939dc3af0647f62e94a37d0d,REGISTERED,7624,Nicotinamide + Pyridoxine Hydrochloride + Riboflavin + Vitamin B1 + Zinc,400 mg + 40 mg + 50 mg + 100 mg + 200 mg/100 ml,AMBIGUOUS,AMBIGUOUS_SHARED_DENOMINATOR
SRCR-c9696360300ceb2144347dd0,REGISTERED,7625,Vitamin A + Vitamin D3 + Vitamin E,5 Lac IU + 75000 IU + 50 mg/ml,AMBIGUOUS,AMBIGUOUS_SHARED_DENOMINATOR
SRCR-4ffe979f7b9227266483fbae,REGISTERED,7630,Calcium Gluconate + Dextrose Anhydrous + Magnessium Chloride,25 gm + 5 gm + 3 gm/100 ml,AMBIGUOUS,AMBIGUOUS_SHARED_DENOMINATOR
SRCR-45a1c62498adb65153633b62,REGISTERED,7632,Ascorbic Acid + Cod Liver Oil + Nicotinamide + Pyridoxine Hydrochloride + Riboflavin + Vitamin A + Vitamin B1 + Vitamin D3 + Vitamin E,17.5 mg + 100 mg + 9 mg + .35 mg + .85 mg + 2000 IU + .7 mg + 200 IU + 1.5 mg/5 ml,AMBIGUOUS,AMBIGUOUS_SHARED_DENOMINATOR
SRCR-5afa20c5f79b5f2da9f39f71,REGISTERED,7634,Fusidic Acid + Hydrocortisone Acetate,2 gm + 1 gm/100 gm,AMBIGUOUS,AMBIGUOUS_SHARED_DENOMINATOR
SRCR-59f969ec53c47edb8297e3ac,REGISTERED,7635,Meloxicam + Paracetamol,20 mg + 150 mg/ml,AMBIGUOUS,AMBIGUOUS_SHARED_DENOMINATOR
SRCR-0f986a010f5c83b3fc371b87,REGISTERED,7640,Clorsulon + Ivermectin,500 mg + 50 mg/5 ml,AMBIGUOUS,AMBIGUOUS_SHARED_DENOMINATOR
SRCR-1d652ef2f06a3c31d1906216,REGISTERED,7643,Chloramphenicol + Dexamethasone,5 mg + 1 mg/ml,AMBIGUOUS,AMBIGUOUS_SHARED_DENOMINATOR
SRCR-12cbb95de571855c3eafd11b,REGISTERED,7648,Fluocinolone + Hydroquinone + Tretinoin,.01 gm + 4 gm + .05 gm/100 gm,AMBIGUOUS,AMBIGUOUS_SHARED_DENOMINATOR
SRCR-3524ddb83fddcdd44fa2fa4e,REGISTERED,7668,Adrenaline + Lidocaine Hydrochloride,5 mcg + 20 mg/ml,AMBIGUOUS,AMBIGUOUS_SHARED_DENOMINATOR
SRCR-f0d79410e4aff6c37d30d3d7,REGISTERED,7684,Cobalt + Copper + Cyanocobalamin + Iron + Zinc,10 mg + 20 mg + 10 mg + 50 mg + 20 mg/100 ml,AMBIGUOUS,AMBIGUOUS_SHARED_DENOMINATOR
SRCR-d78e1edfbba439f01b7ff3f8,REGISTERED,7694,Cetrimide + Chlorhexidine Gluconate,3 gm + 300 mg/100 ml,AMBIGUOUS,AMBIGUOUS_SHARED_DENOMINATOR
SRCR-6d5624595008c22e3d4bb80c,REGISTERED,7695,Cetrimide + Chlorhexidine Gluconate,15 gm + 1.5 gm/100 ml,AMBIGUOUS,AMBIGUOUS_SHARED_DENOMINATOR
SRCR-5fdc8199ab16a167840d07e3,REGISTERED,7697,Dextrose Anhydrous + Potassium Chloride + Sodium Chloride + Trisodium Citrate,10 gm + 750 gm + 1.75 gm + 1.45 gm/500 ml,AMBIGUOUS,AMBIGUOUS_SHARED_DENOMINATOR
SRCR-9cb29ee2c8c26b70567ccb29,REGISTERED,7698,Dextrose Anhydrous + Fructose + Potassium Chloride + Sodium Bicarbonate + Sodium Chloride + Sucrose,4.09 gm + 70 mg + 380 mg + 420 mg + 440 mg + 8.07 gm/250 ml,AMBIGUOUS,AMBIGUOUS_SHARED_DENOMINATOR
SRCR-966f743fde738160eb22326c,REGISTERED,7699,Dextromethorphan Hydrobromide + Diphenhydramine Hydrochloride + Levomenthol,130 mg + 280 mg + 40 mg/100 ml,AMBIGUOUS,AMBIGUOUS_SHARED_DENOMINATOR
SRCR-b6c74ac2742299174b171335,REGISTERED,7715,Clobetasol Propionate + Salicylic Acid,.05 gm + 3 gm/100 gm,AMBIGUOUS,AMBIGUOUS_SHARED_DENOMINATOR
SRCR-2cc2230b108e9b7da41fd214,REGISTERED,7720,Calcium Chloride + D-Pantothenol + DL-Methionine + Dextrose + L-Arginine Hcl + L-Cysteine Hcl + L-Histidine Hcl + L-Isolencine + L-Leucine + L-Lysine HCl + L-Phenylalamine + L-Threonine + L-Tryptophane + L-Valine + Magnesium Sulphate + Monosodium Glutamate + Nicotinamide + Potassium Chloride + Pyridoxine + Riboflavin + Sodium Acetate + Thiamine Hydrochloride,2 mg + .1 mg + .525 mg + 50 mg + 1.425 mg + .02 mg + .02 mg + .525 mg + .6 mg + .525 mg + .35 mg + .35 mg + .175 mg + .525 mg + 2 mg + .08 mg + 3 mg + 2 mg + .1 mg + .05 mg + 7.5 mg + .1 mg/ml,AMBIGUOUS,AMBIGUOUS_SHARED_DENOMINATOR
SRCR-9b73aa605d95eaafa2a0aa16,REGISTERED,7738,Ciprofloxacin + Dexamethasone,300 mg + 100 mg/100 ml,AMBIGUOUS,AMBIGUOUS_SHARED_DENOMINATOR
SRCR-0a8237dda370c1d0197671d5,REGISTERED,7741,Aluminium Oxide + Magnesium Hydroxide,175 mg + 225 mg/5 ml,AMBIGUOUS,AMBIGUOUS_SHARED_DENOMINATOR
SRCR-979fd98aa3d7a2239efecf13,REGISTERED,7753,Nicotinamide + Pyridoxine Hydrochloride + Riboflavin + Vitamin B1,20 mg + 2 mg + 2 mg + 5 mg/5 ml,AMBIGUOUS,AMBIGUOUS_SHARED_DENOMINATOR
SRCR-61b246c72237685cd9e60bee,REGISTERED,7759,Sulphamethoxazole + Trimethoprim,200 mg + 40 mg/5 ml,AMBIGUOUS,AMBIGUOUS_SHARED_DENOMINATOR
SRCR-72f7f0503c3b3202590fc071,REGISTERED,7772,Nicotinamide + Pantothenic acid + Pyridoxine Hydrochloride + Riboflavin + Vitamin A + Vitamin B1 + Vitamin C + Vitamin D,10 mg + 5 mg + 1 mg + 1 mg + 5000 IU + 1.6 mg + 50 mg + 1000 IU/ml,AMBIGUOUS,AMBIGUOUS_SHARED_DENOMINATOR
SRCR-7758d3d19c51f9fb076782b7,REGISTERED,7776,Benzoic Acid + Salicylic Acid,60 mg + 30 mg/gm,AMBIGUOUS,AMBIGUOUS_SHARED_DENOMINATOR
SRCR-6a7e1ff3b4293cd076d51417,REGISTERED,7782,Benzoic Acid + Salicylic Acid,60 mg + 30 mg/gm,AMBIGUOUS,AMBIGUOUS_SHARED_DENOMINATOR
SRCR-5eefad0a891bed95f3493039,REGISTERED,7785,Sulphamethoxazole + Trimethoprim,200 mg + 40 mg/5 ml,AMBIGUOUS,AMBIGUOUS_SHARED_DENOMINATOR
SRCR-66454b6c6b1f4a3927e09b08,REGISTERED,7859,Nicotinamide + Pyridoxine Hydrochloride + Riboflavin + Vitamin B1,20 mg + 2 mg + 2 mg + 5 mg/5 ml,AMBIGUOUS,AMBIGUOUS_SHARED_DENOMINATOR
SRCR-2bac0e6748746935ecd020ae,REGISTERED,7873,Nicotinamide + Pyridoxine Hydrochloride + Riboflavin + Vitamin B1 + Zinc,400 mg + 40 mg + 50 mg + 100 mg + 200 mg/100 ml,AMBIGUOUS,AMBIGUOUS_SHARED_DENOMINATOR
SRCR-004e21140045ef8ca89dd0a6,REGISTERED,7904,Ascorbic Acid + Cod Liver Oil + Nicotinamide + Pyridoxine Hydrochloride + Riboflavin + Vitamin A + Vitamin B1 + Vitamin D3 + Vitamin E,17.5 mg + 100 mg + 9 mg + .35 mg + .85 mg + 2000 IU + .7 mg + 200 IU + 1.5 mg/5 ml,AMBIGUOUS,AMBIGUOUS_SHARED_DENOMINATOR
SRCR-c6c27d697632fa4135a706ee,REGISTERED,7907,Cefuroxime + Clavulanic Acid,125 mg + 31.25 mg/5 ml,AMBIGUOUS,AMBIGUOUS_SHARED_DENOMINATOR
SRCR-e43c08e36e4b5b90a10cbb8d,REGISTERED,7912,Cetrimide + Chlorhexidine Gluconate,3 gm + 300 mg/100 ml,AMBIGUOUS,AMBIGUOUS_SHARED_DENOMINATOR
SRCR-56e6a30863548c19b5ccca52,REGISTERED,7913,Cetrimide + Chlorhexidine Gluconate,15 gm + 1.5 gm/100 ml,AMBIGUOUS,AMBIGUOUS_SHARED_DENOMINATOR
SRCR-179b4084e0dedcfcc6c512ad,REGISTERED,7935,Aluminium Oxide + Magnesium Hydroxide,175 mg + 225 mg/5 ml,AMBIGUOUS,AMBIGUOUS_SHARED_DENOMINATOR
SRCR-721f474320a3aa2f6ea08132,REGISTERED,7937,Benzoic Acid + Salicylic Acid,60 mg + 30 mg/gm,AMBIGUOUS,AMBIGUOUS_SHARED_DENOMINATOR
SRCR-608c16bd357a9c4175f2bced,REGISTERED,7943,Betamethasone + Fusidic Acid,100 mg + 2 gm/100 gm,AMBIGUOUS,AMBIGUOUS_SHARED_DENOMINATOR
SRCR-9e3a1fa7146a51fc3983bc07,REGISTERED,7948,Sulphamethoxazole + Trimethoprim,200 mg + 40 mg/5 ml,AMBIGUOUS,AMBIGUOUS_SHARED_DENOMINATOR
SRCR-99fb463a28d0f920db72b6e1,REGISTERED,7951,Econazole Nitrate + Triamcinolone Acetonide,1 gm + 100 mg/100 gm,AMBIGUOUS,AMBIGUOUS_SHARED_DENOMINATOR
SRCR-4fd97a87d4b73ddc84460d7e,REGISTERED,7963,Nicotinamide + Pyridoxine Hydrochloride + Riboflavin + Vitamin B1,20 mg + 2 mg + 2 mg + 5 mg/5 ml,AMBIGUOUS,AMBIGUOUS_SHARED_DENOMINATOR
SRCR-064ea08cd806cc94d41189d4,REGISTERED,7965,Camphor + Menthol + Oil Clove + Oil Eucalyptus + Oil Turpentine,2.5 gm + 2 gm + 2.5 gm + 1.25 gm + 1 gm/100 gm,AMBIGUOUS,AMBIGUOUS_SHARED_DENOMINATOR
SRCR-5b5d20cfe770ba96cf142bbc,REGISTERED,7969,Aluminium Oxide + Magnesium Hydroxide,175 mg + 225 mg/5 ml,AMBIGUOUS,AMBIGUOUS_SHARED_DENOMINATOR
SRCR-e03c9e06e937ac2b517dd85a,REGISTERED,8002,Ascorbic Acid + Cod Liver Oil + Nicotinamide + Pyridoxine Hydrochloride + Riboflavin + Vitamin A + Vitamin B1 + Vitamin D3 + Vitamin E,17.5 mg + 100 mg + 9 mg + .35 mg + .85 mg + 2000 IU + .7 mg + 200 IU + 1.5 mg/5 ml,AMBIGUOUS,AMBIGUOUS_SHARED_DENOMINATOR
SRCR-0169e4a1e3b87c846217b13c,REGISTERED,8003,Bacitracin Zinc + Neomycin Sulphate,500 IU + 5 mg/gm,AMBIGUOUS,AMBIGUOUS_SHARED_DENOMINATOR
SRCR-7d463a3e795c28f1bc1b8d0a,REGISTERED,8024,Nicotinamide + Pyridoxine Hydrochloride + Riboflavin + Vitamin B1 + Zinc,400 mg + 40 mg + 50 mg + 100 mg + 200 mg/100 ml,AMBIGUOUS,AMBIGUOUS_SHARED_DENOMINATOR
SRCR-14877c805aad9625b80e8a04,REGISTERED,8030,Fluocinolone + Hydroquinone + Tretinoin,.01 gm + 4 gm + .05 gm/100 gm,AMBIGUOUS,AMBIGUOUS_SHARED_DENOMINATOR
SRCR-3416896d97af33d0cdbc824a,REGISTERED,8034,Camphor + Menthol + Methyl Salicylate,4 gm + 10 gm + 30 gm/100 gm,AMBIGUOUS,AMBIGUOUS_SHARED_DENOMINATOR
SRCR-129db5448842d8364d9ed38c,REGISTERED,8040,Glycerol + Hydrogen Peroxide Solution + Isopropyl Alcohol,1.45 ml + 4.17 ml + 75 ml/100 ml,AMBIGUOUS,AMBIGUOUS_SHARED_DENOMINATOR
SRCR-da5b59d7447249ff7f192b50,REGISTERED,8072,Dextromethorphan Hydrobromide + Phenylephrine Hydrochloride + Triprolidine Hydrochloride,400 mg + 200 mg + 50 mg/100 ml,AMBIGUOUS,AMBIGUOUS_SHARED_DENOMINATOR
SRCR-1d25ebb90ce88b3e79c48a22,REGISTERED,8080,Betamethasone + Neomycin Sulphate,100 mg + 500 mg/100 gm,AMBIGUOUS,AMBIGUOUS_SHARED_DENOMINATOR
SRCR-3047f957c0b1b02dd0e21f7b,REGISTERED,8081,Betamethasone + Clotrimazole,100 mg + 1 gm/100 gm,AMBIGUOUS,AMBIGUOUS_SHARED_DENOMINATOR
SRCR-68cade42cfbadd4dfb963884,REGISTERED,8093,Bacitracin Zinc + Neomycin Sulphate,500 IU + 5 mg/gm,AMBIGUOUS,AMBIGUOUS_SHARED_DENOMINATOR
SRCR-44cb93191864143669fa4cd2,REGISTERED,8155,Econazole Nitrate + Triamcinolone Acetonide,1 gm + 100 mg/100 gm,AMBIGUOUS,AMBIGUOUS_SHARED_DENOMINATOR
SRCR-c363e5d9593255ce08a824f4,REGISTERED,8167,Sulphamethoxazole + Trimethoprim,200 mg + 40 mg/5 ml,AMBIGUOUS,AMBIGUOUS_SHARED_DENOMINATOR
SRCR-edef3a48704efb46889448b3,REGISTERED,8181,Nicotinamide + Pyridoxine Hydrochloride + Riboflavin + Vitamin B1,20 mg + 2 mg + 2 mg + 5 mg/5 ml,AMBIGUOUS,AMBIGUOUS_SHARED_DENOMINATOR
SRCR-b49d2c941875a4bfad98ae31,REGISTERED,8244,Nicotinamide + Pyridoxine Hydrochloride + Riboflavin + Vitamin B1 + Zinc,20 mg + 2 mg + 2 mg + 5 mg + 10 mg/5 ml,AMBIGUOUS,AMBIGUOUS_SHARED_DENOMINATOR
SRCR-397018e7ba3764f6c33bad39,REGISTERED,8245,Nicotinamide + Pyridoxine Hydrochloride + Riboflavin + Vitamin B1,20 mg + 2 mg + 2 mg + 5 mg/5 ml,AMBIGUOUS,AMBIGUOUS_SHARED_DENOMINATOR
SRCR-03c629d2aa431a048c4c5cdb,REGISTERED,8302,Elemental Iron + Nicotinamide + Pyridoxine Hydrochloride + Riboflavin + Vitamin B1 + Zinc,50 mg + 20 mg + 2 mg + 2 mg + 5 mg + 10 mg/5 ml,AMBIGUOUS,AMBIGUOUS_SHARED_DENOMINATOR
SRCR-d1cffad2cc903b2225df632f,REGISTERED,8348,Cyanocobalamin + Pyridoxine Hydrochloride + Vitamin B1,1 mg + 100 mg + 100 mg/3 ml,AMBIGUOUS,AMBIGUOUS_SHARED_DENOMINATOR
SRCR-0854d69daefcbd8cb389f717,REGISTERED,8458,Citric Acid Monohydrate + Potassium Citrate,5 gm + 30 gm/100 ml,AMBIGUOUS,AMBIGUOUS_SHARED_DENOMINATOR
SRCR-17a17ed2c21fb7ab8b7d803b,REGISTERED,8463,Ascorbic Acid + Cod Liver Oil + Nicotinamide + Pyridoxine Hydrochloride + Riboflavin + Vitamin A + Vitamin B1 + Vitamin D3 + Vitamin E,17.5 mg + 100 mg + 9 mg + .35 mg + .85 mg + 2000 IU + .7 mg + 200 IU + 1.5 mg/5 ml,AMBIGUOUS,AMBIGUOUS_SHARED_DENOMINATOR
SRCR-b86b98d8409697d4081a2a51,REGISTERED,8485,Dextromethorphan Hydrobromide + Phenylephrine Hydrochloride + Triprolidine Hydrochloride,400 mg + 200 mg + 50 mg/100 ml,AMBIGUOUS,AMBIGUOUS_SHARED_DENOMINATOR
SRCR-0858809374d8fcfbfc33fd89,REGISTERED,8486,Ethyl Alcohol + Isopropyl Alcohol,66 ml + 3.5 ml/100 ml,AMBIGUOUS,AMBIGUOUS_SHARED_DENOMINATOR
SRCR-69f0ea7779b6cf08c32c8926,REGISTERED,8557,Calcium Carbonate + Sodium Alginate + Sodium Bicarbonate,3.25 gm + 5 gm + 2.13 gm/100 ml,AMBIGUOUS,AMBIGUOUS_SHARED_DENOMINATOR
SRCR-37935ddc49662493e4ce1b9b,REGISTERED,8558,Calcium Carbonate + Sodium Alginate + Sodium Bicarbonate,1.6 gm + 5 gm + 2.6 gm/100 ml,AMBIGUOUS,AMBIGUOUS_SHARED_DENOMINATOR
SRCR-e8c4d9dec539ab5e1cc190bf,REGISTERED,8579,Sulphamethoxazole + Trimethoprim,200 mg + 40 mg/5 ml,AMBIGUOUS,AMBIGUOUS_SHARED_DENOMINATOR
SRCR-5cb0fea05c403bc7c05d2c8d,REGISTERED,8590,Nicotinamide + Pyridoxine Hydrochloride + Riboflavin + Vitamin B1,20 mg + 2 mg + 2 mg + 5 mg/5 ml,AMBIGUOUS,AMBIGUOUS_SHARED_DENOMINATOR
SRCR-261dc472cad9e19212048a8f,REGISTERED,8639,Niacinamide + Pyridoxine Hydrochloride + Riboflavin + Thiamine Hydrochloride + Zinc,400 mg + 40 mg + 40 mg + 100 mg + 200 mg/100 ml,AMBIGUOUS,AMBIGUOUS_SHARED_DENOMINATOR
SRCR-fab24d6e516fe83120f96e99,REGISTERED,8640,Ascorbic Acid + Cod Liver Oil + Nicotinamide + Pyridoxine Hydrochloride + Riboflavin + Vitamin A + Vitamin B1 + Vitamin D3 + Vitamin E,17.5 mg + 100 mg + 9 mg + .35 mg + .85 mg + 2000 IU + .7 mg + 200 IU + 1.5 mg/5 ml,AMBIGUOUS,AMBIGUOUS_SHARED_DENOMINATOR
SRCR-97b576a96599e5f19d6857c1,REGISTERED,8672,Liquid Paraffin + Magnesium Hydroxide,25 ml + 6 gm/100 ml,AMBIGUOUS,AMBIGUOUS_SHARED_DENOMINATOR
SRCR-a09600685c35346de15ec644,REGISTERED,8695,Aluminium Oxide + Magnesium Hydroxide,175 mg + 225 mg/5 ml,AMBIGUOUS,AMBIGUOUS_SHARED_DENOMINATOR
SRCR-d15bbf12062f9f36b5794e76,REGISTERED,8698,Sulphamethoxazole + Trimethoprim,200 mg + 40 mg/5 ml,AMBIGUOUS,AMBIGUOUS_SHARED_DENOMINATOR
SRCR-cf500f0f2e3fd91dc7237394,REGISTERED,8700,Nicotinamide + Pyridoxine Hydrochloride + Riboflavin + Vitamin B1,20 mg + 2 mg + 2 mg + 5 mg/5 ml,AMBIGUOUS,AMBIGUOUS_SHARED_DENOMINATOR
SRCR-b38bc09d06579cbe0645b67e,REGISTERED,8711,Sulphamethoxazole + Trimethoprim,200 mg + 40 mg/5 ml,AMBIGUOUS,AMBIGUOUS_SHARED_DENOMINATOR
SRCR-7fdd617453a450682d97af31,REGISTERED,8714,Nicotinamide + Pyridoxine Hydrochloride + Riboflavin + Vitamin B1,20 mg + 2 mg + 2 mg + 5 mg/5 ml,AMBIGUOUS,AMBIGUOUS_SHARED_DENOMINATOR
SRCR-4a4e39c6c71cfa0fa7af89ff,REGISTERED,8721,Aluminium Oxide + Magnesium Hydroxide,175 mg + 225 mg/5 ml,AMBIGUOUS,AMBIGUOUS_SHARED_DENOMINATOR
SRCR-bd6e061d3b58fa4e0f3a0d8a,REGISTERED,8799,Cefuroxime + Clavulanic Acid,125 mg + 31.25 mg/5 ml,AMBIGUOUS,AMBIGUOUS_SHARED_DENOMINATOR
SRCR-61a3e54ca8fa02d973ee848a,REGISTERED,8800,Aluminium Oxide + Magnesium Hydroxide,175 mg + 225 mg/5 ml,AMBIGUOUS,AMBIGUOUS_SHARED_DENOMINATOR
SRCR-da1fc5d680f2e9b0ef1ab852,REGISTERED,8810,Nicotinamide + Pyridoxine Hydrochloride + Riboflavin + Vitamin B1,20 mg + 2 mg + 2 mg + 5 mg/5 ml,AMBIGUOUS,AMBIGUOUS_SHARED_DENOMINATOR
SRCR-e4e4dd4fd130547d2ea2d763,REGISTERED,8834,Sulphamethoxazole + Trimethoprim,200 mg + 40 mg/5 ml,AMBIGUOUS,AMBIGUOUS_SHARED_DENOMINATOR
SRCR-e657b352553ca1e841c25f3d,REGISTERED,8857,Bacitracin Zinc + Neomycin Sulphate,500 IU + 5 mg/gm,AMBIGUOUS,AMBIGUOUS_SHARED_DENOMINATOR
SRCR-57b6cacfa5ee6112cc8d87fa,REGISTERED,8858,Bacitracin Zinc + Neomycin Sulphate,250 IU + 5 mg/gm,AMBIGUOUS,AMBIGUOUS_SHARED_DENOMINATOR
SRCR-8a51498cf83a0eb749fb1aab,REGISTERED,8894,Nicotinamide + Pantothenic acid + Pyridoxine Hydrochloride + Riboflavin + Vitamin A + Vitamin B1 + Vitamin C + Vitamin D,10 mg + 5 mg + 1 mg + 1 mg + 5000 IU + 1.6 mg + 50 mg + 1000 IU/ml,AMBIGUOUS,AMBIGUOUS_SHARED_DENOMINATOR
SRCR-2d7a1f0f15c049902ff6c677,REGISTERED,8907,Nicotinamide + Pyridoxine Hydrochloride + Riboflavin + Vitamin B1 + Zinc,20 mg + 2 mg + 2 mg + 5 mg + 10 mg/5 ml,AMBIGUOUS,AMBIGUOUS_SHARED_DENOMINATOR
SRCR-d42ab8487460932b97bbecb1,REGISTERED,8916,Iron + Nicotinamide + Pyridoxine Hydrochloride + Riboflavin + Vitamin B1 + Zinc,50 mg + 20 mg + 2 mg + 2 mg + 5 mg + 10 mg/5 ml,AMBIGUOUS,AMBIGUOUS_SHARED_DENOMINATOR
SRCR-d54a2b71679d9c93ae2ce808,REGISTERED,8950,Betamethasone + Neomycin Sulphate,100 mg + 500 mg/100 gm,AMBIGUOUS,AMBIGUOUS_SHARED_DENOMINATOR
SRCR-81bd87b6321ff3083b471cb3,REGISTERED,8951,Betamethasone + Clotrimazole,100 mg + 1 gm/100 gm,AMBIGUOUS,AMBIGUOUS_SHARED_DENOMINATOR
SRCR-e9aa25f162c81025c13180a4,REGISTERED,8960,Enoxaprin,60 mg/.6 ml,FAILED,UNSUPPORTED_STRENGTH_PATTERN
SRCR-9ee3f54105b95a708c569c64,REGISTERED,8961,Enoxaprin,40 mg/.4 ml,FAILED,UNSUPPORTED_STRENGTH_PATTERN
SRCR-be10f36ea67dd93b0082c6cb,REGISTERED,8962,Enoxaprin,80 mg/.8 ml,FAILED,UNSUPPORTED_STRENGTH_PATTERN
SRCR-3ce8789cbfa8bc34ad390e63,REGISTERED,8980,Ciprofloxacin + Hydrocortisone Acetate,300 mg + 1 gm/100 ml,AMBIGUOUS,AMBIGUOUS_SHARED_DENOMINATOR
SRCR-20560a1066a7353c025c49eb,REGISTERED,8986,Ciprofloxacin + Dexamethasone,300 mg + 100 mg/100 ml,AMBIGUOUS,AMBIGUOUS_SHARED_DENOMINATOR
SRCR-883975aa3ade5afbb8ada6d3,REGISTERED,9007,Amoxicillin + Clavulanic Acid,125 mg + 31.25 mg/5 ml,AMBIGUOUS,AMBIGUOUS_SHARED_DENOMINATOR
SRCR-cea3962deb8ec6532899256a,REGISTERED,9013,Amoxicillin + Clavulanic Acid,400 mg + 57.5 mg/5 ml,AMBIGUOUS,AMBIGUOUS_SHARED_DENOMINATOR
SRCR-6d3326bf717bf0654840308d,REGISTERED,9032,Econazole Nitrate + Triamcinolone Acetonide,1 gm + 100 mg/100 gm,AMBIGUOUS,AMBIGUOUS_SHARED_DENOMINATOR
SRCR-fdef46a6717d6edf8082af60,REGISTERED,9043,Sulphamethoxazole + Trimethoprim,200 mg + 40 mg/5 ml,AMBIGUOUS,AMBIGUOUS_SHARED_DENOMINATOR
SRCR-451165f3c66fd2a96aae2331,REGISTERED,9065,Gramicidin + Neomycin Sulphate + Nystatin + Triamcinolone Acetonide,25 mg + 250 mg + 100 Lac IU + 100 mg/100 gm,AMBIGUOUS,AMBIGUOUS_SHARED_DENOMINATOR
SRCR-e0664f3bcf029a77275b289d,REGISTERED,9066,Gramicidin + Neomycin Sulphate + Nystatin + Triamcinolone Acetonide,25 mg + 250 mg + 100 Lac IU + 100 mg/100 gm,AMBIGUOUS,AMBIGUOUS_SHARED_DENOMINATOR
SRCR-53cec610f10a17108928af26,REGISTERED,9070,Fusidic Acid + Hydrocortisone Acetate,2 gm + 1 gm/100 gm,AMBIGUOUS,AMBIGUOUS_SHARED_DENOMINATOR
SRCR-4326efad5214700a803d38de,REGISTERED,9072,Aluminium Oxide + Magnesium Hydroxide + Simethicone,200 mg + 400 mg + 30 mg/5 ml,AMBIGUOUS,AMBIGUOUS_SHARED_DENOMINATOR
SRCR-7ed9235760aac49235ef259b,REGISTERED,9099,Bacitracin Zinc + Neomycin Sulphate,500 IU + 5 mg/gm,AMBIGUOUS,AMBIGUOUS_SHARED_DENOMINATOR
SRCR-e77ac56a3810f1127fdb373e,REGISTERED,9113,Diclofenac + Lidocaine Hydrochloride,75 mg + 20 mg/2 ml,AMBIGUOUS,AMBIGUOUS_SHARED_DENOMINATOR
SRCR-00a67949cdc7d3d9ca07789f,REGISTERED,9138,Betamethasone + Lidocaine Hydrochloride + Phenylephrine Hydrochloride,50 mg + 2.5 gm + 100 mg/100 gm,AMBIGUOUS,AMBIGUOUS_SHARED_DENOMINATOR
SRCR-16fce6cf16f15ee0082fd343,REGISTERED,9148,Chlorpheniramine Maleate + Dexamethasone,500 mg + 100 mg/100 ml,AMBIGUOUS,AMBIGUOUS_SHARED_DENOMINATOR
SRCR-c16d66a112d69c576ddd521f,REGISTERED,9150,Nicotinamide + Pyridoxine Hydrochloride + Riboflavin + Vitamin B1,20 mg + 2 mg + 2 mg + 5 mg/5 ml,AMBIGUOUS,AMBIGUOUS_SHARED_DENOMINATOR
SRCR-4d4422d9f17e5ba3327e8819,REGISTERED,9193,Antazoline Hydrochloride + Tetryzoline Hydrochloride,50 mg + 40 mg/100 ml,AMBIGUOUS,AMBIGUOUS_SHARED_DENOMINATOR
SRCR-4126e3dc4190104e2a4787ba,REGISTERED,9200,Cyanocobalamin + Pyridoxine Hydrochloride + Vitamin B1,1 mg + 100 mg + 100 mg/3 ml,AMBIGUOUS,AMBIGUOUS_SHARED_DENOMINATOR
SRCR-c69b49f1a5b046c7773359b8,REGISTERED,9211,Phenylepherine Hydrochloride + Tropicamide,50 mg + 8 mg/ml,AMBIGUOUS,AMBIGUOUS_SHARED_DENOMINATOR
SRCR-e0ea6870578babe5a5b409b6,REGISTERED,9230,Elemental Iron + Nicotinamide + Pyridoxine Hydrochloride + Riboflavin + Vitamin B1 + Zinc,50 mg + 20 mg + 2 mg + 2 mg + 5 mg + 10 mg/5 ml,AMBIGUOUS,AMBIGUOUS_SHARED_DENOMINATOR
SRCR-b7679dd7b88e2b3cab18ffd9,REGISTERED,9253,Dexamethasone + Neomycin + Polymixin B Sulphate,100 mg + 350 mg + 6000 IU/100 ml,AMBIGUOUS,AMBIGUOUS_SHARED_DENOMINATOR
SRCR-cb6df3fd2c2f381096ac7698,REGISTERED,9291,Phytomenadione,2 mg/.2 ml,FAILED,UNSUPPORTED_STRENGTH_PATTERN
SRCR-00930e3e23347a495bed280c,REGISTERED,9292,Dextran 70 + Hypromellose,100 mg + 300 mg/100 ml,AMBIGUOUS,AMBIGUOUS_SHARED_DENOMINATOR
SRCR-4d6aa43a1288c29082e47556,REGISTERED,9363,Clindamycin Phosphate + Tretinoin,1.2 gm + .025 gm/100 gm,AMBIGUOUS,AMBIGUOUS_SHARED_DENOMINATOR
SRCR-bca4048bf4b0d5bc857248dc,REGISTERED,9408,Cefuroxime + Clavulanic Acid,125 mg + 31.25 mg/5 ml,AMBIGUOUS,AMBIGUOUS_SHARED_DENOMINATOR
SRCR-b6204676bed52d9c41d923a9,REGISTERED,9428,Camphor + Menthol + Methyl Salicylate,4 gm + 10 gm + 30 gm/100 gm,AMBIGUOUS,AMBIGUOUS_SHARED_DENOMINATOR
SRCR-6ef703ab924a889ea4af2ba5,REGISTERED,9460,Fluticasone Propionate + Salmeterol,250 mcg + 25 mcg/Metered Inhalation,AMBIGUOUS,AMBIGUOUS_SHARED_DENOMINATOR
SRCR-1d2f2cb976c4803399a7a2a7,REGISTERED,9462,Ipratropium Bromide + Salbutamol,20 mcg + 100 mcg/Metered Inhalation,AMBIGUOUS,AMBIGUOUS_SHARED_DENOMINATOR
SRCR-cb27b1be3f598a0bb19dcdc0,REGISTERED,9482,Hydrocortisone + Miconazole Nitrate,1 gm + 2 gm/100 gm,AMBIGUOUS,AMBIGUOUS_SHARED_DENOMINATOR
SRCR-55bf33f9bccce2232a1c4212,REGISTERED,9504,Adapalene + Benzoyl Peroxide,.1 gm + 2.5 gm/100 gm,AMBIGUOUS,AMBIGUOUS_SHARED_DENOMINATOR
SRCR-35d15212c9e6cabc8f6d196b,REGISTERED,9517,Adenosine + Cytochrome C + Nicotinamide + Sodium Succinate,200 mg + 50 mg + 1 gm + 60 mg/100 ml,AMBIGUOUS,AMBIGUOUS_SHARED_DENOMINATOR
SRCR-565550d376b29edef9bc618f,REGISTERED,9530,Polyethylene Glycol 400 + Propylene Glycol,400 mg + 300 mg/100 ml,AMBIGUOUS,AMBIGUOUS_SHARED_DENOMINATOR
SRCR-32a68be4b5e74e93b5cffed6,REGISTERED,9535,Fluticasone Propionate + Salmeterol,125 mcg + 25 mcg/Metered Inhalation,AMBIGUOUS,AMBIGUOUS_SHARED_DENOMINATOR
SRCR-0bf7d46677832423edd1175d,REGISTERED,9536,Acyclovir + Hydrocortisone,5 gm + 1 gm/100 gm,AMBIGUOUS,AMBIGUOUS_SHARED_DENOMINATOR
SRCR-afbef2d2068641ceabd5d16b,REGISTERED,9538,Betamethasone + Calcipotriol,.05 gm + .005 gm/100 gm,AMBIGUOUS,AMBIGUOUS_SHARED_DENOMINATOR
SRCR-886db70a88e8360d3e4b50bd,REGISTERED,9539,Cinchocaine Hydrochloride + Esculin + Hydrocortisone + Neomycin Sulphate,500 mg + 1 gm + 500 mg + 1 gm/100 gm,AMBIGUOUS,AMBIGUOUS_SHARED_DENOMINATOR
SRCR-305caf422760917a39986958,REGISTERED,9545,Fluorometholone + Tetrahydrozoline Hydrochloride,100 mg + 25 mg/100 ml,AMBIGUOUS,AMBIGUOUS_SHARED_DENOMINATOR
SRCR-a57bf4545fac5a73cd7fbc3c,REGISTERED,9546,Bacitracin Zinc + Neomycin Sulphate + Polymixin B Sulphate,400 IU + 3.5 mg + 5000 IU/gm,AMBIGUOUS,AMBIGUOUS_SHARED_DENOMINATOR
SRCR-2c2bc40c3ff8e5562f823478,REGISTERED,9562,Citric Acid Monohydrate + Potassium Citrate,5 gm + 30 gm/100 ml,AMBIGUOUS,AMBIGUOUS_SHARED_DENOMINATOR
SRCR-40a89112a86c5d588d9fd383,REGISTERED,9564,Ascorbic Acid + Cod Liver Oil + Nicotinamide + Pyridoxine Hydrochloride + Riboflavin + Vitamin A + Vitamin B1 + Vitamin D3 + Vitamin E,17.5 mg + 100 mg + 9 mg + .35 mg + .85 mg + 2000 IU + .7 mg + 200 IU + 1.5 mg/5 ml,AMBIGUOUS,AMBIGUOUS_SHARED_DENOMINATOR
SRCR-eadc90919b6433986381adac,REGISTERED,9565,Dexamethasone + Tobramycin,100 mg + 300 mg/100 ml,AMBIGUOUS,AMBIGUOUS_SHARED_DENOMINATOR
SRCR-3ad67ca98c7fc3de406f2d1f,REGISTERED,9574,Enoxaprin,20 mg/.2 ml,FAILED,UNSUPPORTED_STRENGTH_PATTERN
SRCR-493986b8e6f012118ffc527a,REGISTERED,9589,Dextromethorphan Hydrobromide + Phenylephrine Hydrochloride + Triprolidine Hydrochloride,400 mg + 200 mg + 50 mg/100 ml,AMBIGUOUS,AMBIGUOUS_SHARED_DENOMINATOR
SRCR-787c7f417eb22ad4fd8ef749,REGISTERED,9590,Clobetasol Propionate + Ofloxacin + Ornidazole + Terbinafine Hydrochloride,.05 gm + .75 gm + 2 gm + 1 gm/100 gm,AMBIGUOUS,AMBIGUOUS_SHARED_DENOMINATOR
SRCR-f3ea580b999bc93b6358a714,REGISTERED,9615,Dexamethasone + Moxifloxacin,100 mg + 500 mg/100 ml,AMBIGUOUS,AMBIGUOUS_SHARED_DENOMINATOR
SRCR-3482ae8a75a6ce5d5dcffa01,REGISTERED,9623,Azelastine + Fluticasone Propionate,125 mcg + 50 mcg/Metered Inhalation,AMBIGUOUS,AMBIGUOUS_SHARED_DENOMINATOR
SRCR-d85a12e40128996dec4b5155,REGISTERED,9625,Fondaparinux Sodium,2.5 mg/.5 ml,FAILED,UNSUPPORTED_STRENGTH_PATTERN
SRCR-e1ea32d8353ea9a03eeb4279,REGISTERED,9646,Aluminium Oxide + Magnesium Hydroxide + Simethicone,200 mg + 400 mg + 30 mg/5 ml,AMBIGUOUS,AMBIGUOUS_SHARED_DENOMINATOR
SRCR-527c25e3e2960429c62382de,REGISTERED,9648,Ascorbic Acid + Cod Liver Oil + Nicotinamide + Pyridoxine Hydrochloride + Riboflavin + Vitamin A + Vitamin B1 + Vitamin D3 + Vitamin E,17.5 mg + 100 mg + 9 mg + .35 mg + .85 mg + 2000 IU + .7 mg + 200 IU + 1.5 mg/5 ml,AMBIGUOUS,AMBIGUOUS_SHARED_DENOMINATOR
SRCR-3ac0c8742d71743a077ac8c6,REGISTERED,9655,Econazole Nitrate + Triamcinolone Acetonide,1 gm + 100 mg/100 gm,AMBIGUOUS,AMBIGUOUS_SHARED_DENOMINATOR
SRCR-77709337ff11550ae89b1a5c,REGISTERED,9658,Cinchocaine Hydrochloride + Esculin + Hydrocortisone + Neomycin Sulphate,500 mg + 1 gm + 500 mg + 1 gm/100 gm,AMBIGUOUS,AMBIGUOUS_SHARED_DENOMINATOR
SRCR-888032ad3223c77bdd422d60,REGISTERED,9664,Citric Acid Monohydrate + Potassium Citrate,5 gm + 30 gm/100 ml,AMBIGUOUS,AMBIGUOUS_SHARED_DENOMINATOR
SRCR-ba6b61fbae8bca69660a593a,REGISTERED,9676,Magaldrate + Simethicone,480 mg + 20 mg/5 ml,AMBIGUOUS,AMBIGUOUS_SHARED_DENOMINATOR
SRCR-7a46cfd151d541db9151a38f,REGISTERED,9702,Betamethasone + Neomycin Sulphate,100 mg + 500 mg/100 gm,AMBIGUOUS,AMBIGUOUS_SHARED_DENOMINATOR
SRCR-379a101ba6a5375430e702b3,REGISTERED,9703,Camphor + Menthol + Methyl Salicylate,4 gm + 10 gm + 30 gm/100 gm,AMBIGUOUS,AMBIGUOUS_SHARED_DENOMINATOR
SRCR-1dc7f2065b4b3c2d0f0cbdc3,REGISTERED,9705,Fusidic Acid + Hydrocortisone Acetate,2 gm + 1 gm/100 gm,AMBIGUOUS,AMBIGUOUS_SHARED_DENOMINATOR
SRCR-aed1eca5d488d27b8901ec96,REGISTERED,9706,Acyclovir + Hydrocortisone,5 gm + 1 gm/100 gm,AMBIGUOUS,AMBIGUOUS_SHARED_DENOMINATOR
SRCR-05c39b36588e9e9196d881fb,REGISTERED,9711,Hydrocortisone + Miconazole Nitrate,1 gm + 2 gm/100 gm,AMBIGUOUS,AMBIGUOUS_SHARED_DENOMINATOR
SRCR-7168da12d11cf78a63e054f8,REGISTERED,9726,Adapalene + Benzoyl Peroxide,.1 gm + 2.5 gm/100 gm,AMBIGUOUS,AMBIGUOUS_SHARED_DENOMINATOR
SRCR-41be6b7ef090771349872113,REGISTERED,9727,Clindamycin Phosphate + Tretinoin,1.2 gm + .025 gm/100 gm,AMBIGUOUS,AMBIGUOUS_SHARED_DENOMINATOR
SRCR-0cef9a818c0ae5976434ef94,REGISTERED,9728,Betamethasone + Lidocaine Hydrochloride + Phenylephrine Hydrochloride,50 mg + 2.5 gm + 100 mg/100 gm,AMBIGUOUS,AMBIGUOUS_SHARED_DENOMINATOR
SRCR-dfc853352c628bbb70be24bb,REGISTERED,9729,Betamethasone + Calcipotriol,.05 gm + .005 gm/100 gm,AMBIGUOUS,AMBIGUOUS_SHARED_DENOMINATOR
SRCR-d200b2aa17c33cf315247d0b,REGISTERED,9730,Betamethasone + Clotrimazole,100 mg + 1 gm/100 gm,AMBIGUOUS,AMBIGUOUS_SHARED_DENOMINATOR
SRCR-ad26dc929eed6f907f09f911,REGISTERED,9733,Bacitracin Zinc + Neomycin Sulphate,500 IU + 5 mg/gm,AMBIGUOUS,AMBIGUOUS_SHARED_DENOMINATOR
SRCR-7a597ebe6217a0e6711dd907,REGISTERED,9803,Ethyl Alcohol + Isopropyl Alcohol,66 ml + 3.5 ml/100 ml,AMBIGUOUS,AMBIGUOUS_SHARED_DENOMINATOR
SRCR-3242c690e775d2ca8d6421cb,REGISTERED,9844,Glycerol + Hydrogen Peroxide Solution + Isopropyl Alcohol,1.45 ml + 4.17 ml + 75 ml/100 ml,AMBIGUOUS,AMBIGUOUS_SHARED_DENOMINATOR
SRCR-2c8ec27bddbcc26b2af05ee0,REGISTERED,9893,Eucalypytol + Menthol + Methyl Salicylate + Thymol,92 mg + 42 mg + 60 mg + 64 mg/100 ml,AMBIGUOUS,AMBIGUOUS_SHARED_DENOMINATOR
SRCR-5a81aec5214a53d9f24b010f,REGISTERED,9932,Iron + Nicotinamide + Pyridoxine Hydrochloride + Riboflavin + Vitamin B1 + Zinc,50 mg + 20 mg + 2 mg + 2 mg + 5 mg + 10 mg/5 ml,AMBIGUOUS,AMBIGUOUS_SHARED_DENOMINATOR
SRCR-6d9581e3c088ccf7855194e7,REGISTERED,9976,Enoxaprin,40 mg/.4 ml,FAILED,UNSUPPORTED_STRENGTH_PATTERN
SRCR-baadcf003a83ca413c52212d,REGISTERED,9977,Enoxaprin,60 mg/.6 ml,FAILED,UNSUPPORTED_STRENGTH_PATTERN
SRCR-30062c6a1ac86fe2031037a4,REGISTERED,9978,Enoxaprin,80 mg/.8 ml,FAILED,UNSUPPORTED_STRENGTH_PATTERN
SRCR-a7d58ec960307778a3dfc8d5,REGISTERED,9984,Dextran 70 + Hypromellose,100 mg + 300 mg/100 ml,AMBIGUOUS,AMBIGUOUS_SHARED_DENOMINATOR
SRCR-34ffeae46737064b617e0b20,REGISTERED,10027,Amoxicillin + Clavulanic Acid,125 mg + 31.25 mg/5 ml,AMBIGUOUS,AMBIGUOUS_SHARED_DENOMINATOR
SRCR-c652453256ab542d14234371,REGISTERED,10033,Cefuroxime + Clavulanic Acid,125 mg + 31.25 mg/5 ml,AMBIGUOUS,AMBIGUOUS_SHARED_DENOMINATOR
SRCR-2d39e36093d6724e4a22eda5,REGISTERED,10041,Amoxicillin + Clavulanic Acid,400 mg + 57.5 mg/5 ml,AMBIGUOUS,AMBIGUOUS_SHARED_DENOMINATOR
SRCR-5489c97086aacd42c7bcca0a,REGISTERED,10100,Insulin Aspart Protamine & Mixture,100 IU/ml,AMBIGUOUS,AMBIGUOUS_INGREDIENT_SEPARATOR
SRCR-7359cca6d913c528dc6bdef4,REGISTERED,10125,Erythropoietin,5000 IU/.5 ml,FAILED,UNSUPPORTED_STRENGTH_PATTERN
SRCR-1ca53edbdbcd1ef22c646648,REGISTERED,10127,Filgrastim,30 MIU/.5 ml,FAILED,UNSUPPORTED_STRENGTH_PATTERN
SRCR-d96e25c151aa80665fd8543d,REGISTERED,10166,Erythropoietin,3000 IU/.75 ml,FAILED,UNSUPPORTED_STRENGTH_PATTERN
SRCR-2461bdd59d99799834c75256,REGISTERED,10181,Erythropoietin,2000 IU/.5 ml,FAILED,UNSUPPORTED_STRENGTH_PATTERN
SRCR-58491cb40ff1f16e5f9a90d8,REGISTERED,10286,Cetrimide + Chlorhexidine Gluconate,15 gm + 1.5 gm/100 ml,AMBIGUOUS,AMBIGUOUS_SHARED_DENOMINATOR
SRCR-b168a4bcf84ef9138f91f492,REGISTERED,10296,Sulphamethoxazole + Trimethoprim,200 mg + 40 mg/5 ml,AMBIGUOUS,AMBIGUOUS_SHARED_DENOMINATOR
SRCR-7123fe3a5897c603fa0f6e52,REGISTERED,10298,Benzoic Acid + Salicylic Acid,60 mg + 30 mg/gm,AMBIGUOUS,AMBIGUOUS_SHARED_DENOMINATOR
SRCR-b9b183353ef120ec42e3ddb6,REGISTERED,10341,Bacitracin Zinc + Neomycin Sulphate,500 IU + 5 mg/gm,AMBIGUOUS,AMBIGUOUS_SHARED_DENOMINATOR
SRCR-4451dc5a47c4a9d570b74695,REGISTERED,10342,Dextrose Anhydrous + Potassium Chloride + Sodium Chloride + Trisodium Citrate,10 gm + 750 gm + 1.75 gm + 1.45 gm/500 ml,AMBIGUOUS,AMBIGUOUS_SHARED_DENOMINATOR
SRCR-0e9e69cca2e1a41b2aea5492,REGISTERED,10365,Nicotinamide + Pyridoxine Hydrochloride + Riboflavin + Vitamin B1,20 mg + 2 mg + 2 mg + 5 mg/5 ml,AMBIGUOUS,AMBIGUOUS_SHARED_DENOMINATOR
SRCR-e8c410343a318f60f99406cb,REGISTERED,10370,Bacitracin Zinc + Neomycin Sulphate,500 IU + 5 mg/gm,AMBIGUOUS,AMBIGUOUS_SHARED_DENOMINATOR
SRCR-217dab62b58d8b5c7052fabc,REGISTERED,10379,Cetrimide + Chlorhexidine Gluconate,3 gm + 300 mg/100 ml,AMBIGUOUS,AMBIGUOUS_SHARED_DENOMINATOR
SRCR-7542475aa462e3a81720ab0f,REGISTERED,10388,Dextrose Anhydrous + Potassium Chloride + Sodium Chloride + Trisodium Citrate,10 gm + 750 gm + 1.75 gm + 1.45 gm/500 ml,AMBIGUOUS,AMBIGUOUS_SHARED_DENOMINATOR
SRCR-6ea0e247ae321a09a743a5ea,REGISTERED,10409,Dextrose Anhydrous + Fructose + Potassium Chloride + Sodium Bicarbonate + Sodium Chloride + Sucrose,4.09 gm + 70 mg + 380 mg + 420 mg + 440 mg + 8.07 gm/250 ml,AMBIGUOUS,AMBIGUOUS_SHARED_DENOMINATOR
SRCR-df1651358398f02fa33a1456,REGISTERED,10487,Glycerol + Hydrogen Peroxide Solution + Isopropyl Alcohol,1.45 ml + 4.17 ml + 75 ml/100 ml,AMBIGUOUS,AMBIGUOUS_SHARED_DENOMINATOR
SRCR-62538b886e052d1093bb8845,REGISTERED,10503,Benzoic Acid + Salicylic Acid,60 mg + 30 mg/gm,AMBIGUOUS,AMBIGUOUS_SHARED_DENOMINATOR
SRCR-38d42c0b00dc43e0848ba7b3,REGISTERED,10525,Diclofenac + Lidocaine Hydrochloride,75 mg + 20 mg/2 ml,AMBIGUOUS,AMBIGUOUS_SHARED_DENOMINATOR
SRCR-aa5124cbd66a45cfc254be11,REGISTERED,10527,Nicotinamide + Pyridoxine Hydrochloride + Riboflavin + Vitamin B1,20 mg + 2 mg + 2 mg + 5 mg/5 ml,AMBIGUOUS,AMBIGUOUS_SHARED_DENOMINATOR
SRCR-283114c888ee457d2dbf5f98,REGISTERED,10529,Sulphamethoxazole + Trimethoprim,200 mg + 40 mg/5 ml,AMBIGUOUS,AMBIGUOUS_SHARED_DENOMINATOR
SRCR-1c2f7f2858da1a9f7d013b75,REGISTERED,10534,Nicotinamide + Pantothenic acid + Pyridoxine Hydrochloride + Riboflavin + Vitamin A + Vitamin B1 + Vitamin C + Vitamin D,10 mg + 5 mg + 1 mg + 1 mg + 5000 IU + 1.6 mg + 50 mg + 1000 IU/ml,AMBIGUOUS,AMBIGUOUS_SHARED_DENOMINATOR
SRCR-3ba0a4665b58fc61b1d0c5df,REGISTERED,10540,Aluminium Oxide + Magnesium Hydroxide,175 mg + 225 mg/5 ml,AMBIGUOUS,AMBIGUOUS_SHARED_DENOMINATOR
SRCR-cb548ef17f6ea9ec11d34d05,REGISTERED,10577,Cyanocobalamin + Pyridoxine Hydrochloride + Vitamin B1,1 mg + 100 mg + 100 mg/3 ml,AMBIGUOUS,AMBIGUOUS_SHARED_DENOMINATOR
SRCR-0cd482a389067d2fcea4b86f,REGISTERED,10581,Chloramphenicol + Lidocaine Hydrochloride,500 mg + 100 mg/100 ml,AMBIGUOUS,AMBIGUOUS_SHARED_DENOMINATOR
SRCR-c89e25cd648400b9387b0eaf,REGISTERED,10597,Ascorbic Acid + Cod Liver Oil + Nicotinamide + Pyridoxine Hydrochloride + Riboflavin + Vitamin A + Vitamin B1 + Vitamin D3 + Vitamin E,17.5 mg + 100 mg + 9 mg + .35 mg + .85 mg + 2000 IU + .7 mg + 200 IU + 1.5 mg/5 ml,AMBIGUOUS,AMBIGUOUS_SHARED_DENOMINATOR
SRCR-4f107b6e4241b4de78ece92c,REGISTERED,10600,Betamethasone + Neomycin Sulphate,100 mg + 500 mg/100 gm,AMBIGUOUS,AMBIGUOUS_SHARED_DENOMINATOR
SRCR-7a5397a9ff6808e9c627786e,REGISTERED,10601,Econazole Nitrate + Triamcinolone Acetonide,1 gm + 100 mg/100 gm,AMBIGUOUS,AMBIGUOUS_SHARED_DENOMINATOR
SRCR-bd8f2393c59987aedf41569f,REGISTERED,10620,Aluminium Oxide + Magnesium Hydroxide + Simethicone,200 mg + 400 mg + 30 mg/5 ml,AMBIGUOUS,AMBIGUOUS_SHARED_DENOMINATOR
SRCR-d4fbdf96d2ab4de7ad34999b,REGISTERED,10621,Bacitracin Zinc + Neomycin Sulphate,500 IU + 5 mg/gm,AMBIGUOUS,AMBIGUOUS_SHARED_DENOMINATOR
SRCR-133cb0566f9a1dbfe1d49d91,REGISTERED,10622,Bacitracin Zinc + Neomycin Sulphate,250 IU + 5 mg/gm,AMBIGUOUS,AMBIGUOUS_SHARED_DENOMINATOR
SRCR-76c2d872c00d2f3e5b07430f,REGISTERED,10626,Hydrocortisone + Miconazole Nitrate,1 gm + 2 gm/100 gm,AMBIGUOUS,AMBIGUOUS_SHARED_DENOMINATOR
SRCR-8bf21fb01668eb661bee5a64,REGISTERED,10627,Betamethasone + Neomycin Sulphate,100 mg + 500 mg/100 gm,AMBIGUOUS,AMBIGUOUS_SHARED_DENOMINATOR
SRCR-3ef636aea909b289167afe05,REGISTERED,10631,Nystatin,1 Lac Unit/ml,FAILED,UNSUPPORTED_STRENGTH_PATTERN
SRCR-99f9645805eb9512941d282a,REGISTERED,10633,Dextrose Anhydrous + Potassium Chloride + Sodium Chloride + Trisodium Citrate,6.75 gm + 750 mg + 1.3 gm + 1.45 gm/500 ml,AMBIGUOUS,AMBIGUOUS_SHARED_DENOMINATOR
SRCR-21fd66996e7f820a222dd967,REGISTERED,10648,Amoxicillin + Clavulanic Acid,125 mg + 31.25 mg/5 ml,AMBIGUOUS,AMBIGUOUS_SHARED_DENOMINATOR
SRCR-53dbc1501e1b60051d89962d,REGISTERED,10651,Amoxicillin + Clavulanic Acid,400 mg + 57.5 mg/5 ml,AMBIGUOUS,AMBIGUOUS_SHARED_DENOMINATOR
SRCR-62f9575d7b3400d90ef8a66e,REGISTERED,10671,Fluocinolone + Hydroquinone + Tretinoin,.01 gm + 4 gm + .05 gm/100 gm,AMBIGUOUS,AMBIGUOUS_SHARED_DENOMINATOR
SRCR-13caebac5f17516d0db873ad,REGISTERED,10672,Cefuroxime + Clavulanic Acid,125 mg + 31.25 mg/5 ml,AMBIGUOUS,AMBIGUOUS_SHARED_DENOMINATOR
SRCR-ce1b34dbb595ee48dbef4371,REGISTERED,10688,Liquid Paraffin + Magnesium Hydroxide,1.25 ml + 300 mg/5 ml,AMBIGUOUS,AMBIGUOUS_SHARED_DENOMINATOR
SRCR-0614986c889f6c3cba06e915,REGISTERED,10702,Polyethylene Glycol 400 + Propylene Glycol,400 mg + 300 mg/100 ml,AMBIGUOUS,AMBIGUOUS_SHARED_DENOMINATOR
SRCR-458042d3812d77f8ae4c915e,REGISTERED,10704,Dexamethasone + Moxifloxacin,100 mg + 500 mg/100 ml,AMBIGUOUS,AMBIGUOUS_SHARED_DENOMINATOR
SRCR-39b2aa787bc7089d5dc167ff,REGISTERED,10708,Citric Acid Monohydrate + Potassium Citrate,5 gm + 30 gm/100 ml,AMBIGUOUS,AMBIGUOUS_SHARED_DENOMINATOR
SRCR-7bb4c33e419a384c39195ad7,REGISTERED,10709,Diphenhydramine Hydrochloride + Guaiphenesin + Levomenthol,280 mg + 2000 mg + 22 mg/100 ml,AMBIGUOUS,AMBIGUOUS_SHARED_DENOMINATOR
SRCR-46eed378b36aa5fc3946e67e,REGISTERED,10710,Dextromethorphan Hydrobromide + Phenylephrine Hydrochloride + Triprolidine Hydrochloride,400 mg + 200 mg + 50 mg/100 ml,AMBIGUOUS,AMBIGUOUS_SHARED_DENOMINATOR
SRCR-05243d1a973693ffb4300d34,REGISTERED,10711,Phytomenadione,2 mg/.2 ml,FAILED,UNSUPPORTED_STRENGTH_PATTERN
SRCR-8df0849330189fbb1879d0ca,REGISTERED,10716,Calcium Carbonate + Sodium Alginate + Sodium Bicarbonate,1.6 gm + 5 gm + 2.6 gm/100 ml,AMBIGUOUS,AMBIGUOUS_SHARED_DENOMINATOR
SRCR-7646196a2bc682424f6bbb51,REGISTERED,10718,Potassium Chloride + Rice Powder (Pregelatineized) + Sodium Chloride + Trisodium Citrate,.75 gm + 25 gm + 1.3 gm + 1.45 gm/500 ml,AMBIGUOUS,AMBIGUOUS_SHARED_DENOMINATOR
SRCR-23f5720e11e88ebb72d8f16a,REGISTERED,10722,Ammonium Bicarbonate + Gentian + Ginger + Nux vomica + Sodium Bicarbonate,25 gm + 1.5 gm + 1.5 gm + 7 gm + 65 gm/100 gm,AMBIGUOUS,AMBIGUOUS_SHARED_DENOMINATOR
SRCR-3af040012d4262249aa4b7c7,REGISTERED,10724,Sulphamethoxazole + Trimethoprim,10 gm + 2 gm/100 ml,AMBIGUOUS,AMBIGUOUS_SHARED_DENOMINATOR
SRCR-068a213164bbb1847ea4da98,REGISTERED,10740,Butaphosphan + Cyanocobalamin,10 gm + 5 mg/100 ml,AMBIGUOUS,AMBIGUOUS_SHARED_DENOMINATOR
SRCR-cabc74b7c2edf9cab8dfeb37,REGISTERED,10741,Cobalt Gluconate + Copper Gluconate + Cyanocobalamin + D-Pantothenol + Ferric Ammonium Citrate + Nicotinamide + Pyridoxine Hydrochloride + Riboflavine-5-Phosphate + Vitamin B1,7 mg + 2 mg + 1.2 mg + 200 mg + 150 mg + 1000 mg + 50 mg + 20 mg + 750 mg/10 ml,AMBIGUOUS,AMBIGUOUS_SHARED_DENOMINATOR
SRCR-b39d35ee04e13d5efe748502,REGISTERED,10742,Boric Acid + Calcium Gluconate + Dextrose Anhydrous + Magnesium Hypophosphite,4.2 gm + 20.8 gm + 22 gm + 5 gm/100 ml,AMBIGUOUS,AMBIGUOUS_SHARED_DENOMINATOR
SRCR-7c1768f33a47a452cf89357b,REGISTERED,10748,Erythromycin + Sulphadiazine + Trimethoprim,18 gm + 15 gm + 3 gm/100 gm,AMBIGUOUS,AMBIGUOUS_SHARED_DENOMINATOR
SRCR-577854fb47a5bb76b6194522,REGISTERED,10755,Clobetasol Propionate + Neomycin Sulphate + Nystatin,50 mg + 500 mg + 100 Lac IU/100 gm,AMBIGUOUS,AMBIGUOUS_SHARED_DENOMINATOR
SRCR-0b1677dcb166cb2d57949bd4,REGISTERED,10756,Clobetasol Propionate + Salicylic Acid,.05 gm + 3 gm/100 gm,AMBIGUOUS,AMBIGUOUS_SHARED_DENOMINATOR
SRCR-26d1846f6a339f345b8768a6,REGISTERED,10757,Betamethasone + Clotrimazole,100 mg + 1 gm/100 gm,AMBIGUOUS,AMBIGUOUS_SHARED_DENOMINATOR
SRCR-bc181788f205d07e827ec449,REGISTERED,10758,Econazole Nitrate + Triamcinolone Acetonide,1 gm + 100 mg/100 gm,AMBIGUOUS,AMBIGUOUS_SHARED_DENOMINATOR
SRCR-07b64653d22388679bfa4a7c,REGISTERED,10800,Amoxicillin + Clavulanic Acid,125 mg + 31.25 mg/5 ml,AMBIGUOUS,AMBIGUOUS_SHARED_DENOMINATOR
SRCR-3786dd59ee36e57e0e8da537,REGISTERED,10805,Sulphamethoxazole + Trimethoprim,200 mg + 40 mg/5 ml,AMBIGUOUS,AMBIGUOUS_SHARED_DENOMINATOR
SRCR-1e420f99ade3751055b063e3,REGISTERED,10827,Fusidic Acid + Hydrocortisone Acetate,2 gm + 1 gm/100 gm,AMBIGUOUS,AMBIGUOUS_SHARED_DENOMINATOR
SRCR-6602479eb91e7f6e033fe229,REGISTERED,10919,Nicotinamide + Pyridoxine Hydrochloride + Riboflavin + Vitamin B1,20 mg + 2 mg + 2 mg + 5 mg/5 ml,AMBIGUOUS,AMBIGUOUS_SHARED_DENOMINATOR
SRCR-d97275c7d4f62b3b15a1a5db,REGISTERED,10923,Aluminium Oxide + Magnesium Hydroxide + Simethicone,200 mg + 400 mg + 30 mg/5 ml,AMBIGUOUS,AMBIGUOUS_SHARED_DENOMINATOR
SRCR-4012db6984a494e8ec2d0a2e,REGISTERED,10988,Cyanocobalamin + Pyridoxine Hydrochloride + Vitamin B1,1 mg + 100 mg + 100 mg/3 ml,AMBIGUOUS,AMBIGUOUS_SHARED_DENOMINATOR
SRCR-48e3174ad14ad434602e3965,REGISTERED,11011,Betamethasone + Gentamicin,50 mg + 100 mg/100 gm,AMBIGUOUS,AMBIGUOUS_SHARED_DENOMINATOR
SRCR-688f21103ccfb2022f8d539d,REGISTERED,11013,Betamethasone + Fusidic Acid,100 mg + 2 gm/100 gm,AMBIGUOUS,AMBIGUOUS_SHARED_DENOMINATOR
SRCR-5d52b714bea1f83ec84f8a29,REGISTERED,11019,Betamethasone + Clotrimazole,100 mg + 1 gm/100 gm,AMBIGUOUS,AMBIGUOUS_SHARED_DENOMINATOR
SRCR-a50681404f9bcb1c7132b170,REGISTERED,11021,Clobetasol Propionate + Salicylic Acid,.05 gm + 3 gm/100 gm,AMBIGUOUS,AMBIGUOUS_SHARED_DENOMINATOR
SRCR-f6430ea22538d70b46423ac6,REGISTERED,11022,Clobetasol Propionate + Neomycin Sulphate + Nystatin,50 mg + 500 mg + 100 Lac IU/100 gm,AMBIGUOUS,AMBIGUOUS_SHARED_DENOMINATOR
SRCR-1b5a24b79641ac9bb8afc79c,REGISTERED,11023,Hydrocortisone + Miconazole Nitrate,1 gm + 2 gm/100 gm,AMBIGUOUS,AMBIGUOUS_SHARED_DENOMINATOR
SRCR-252692b2883087ccdf50c322,REGISTERED,11024,Hydrocortisone + Miconazole Nitrate,1 gm + 2 gm/100 gm,AMBIGUOUS,AMBIGUOUS_SHARED_DENOMINATOR
SRCR-4349e0760312fb34e37876e3,REGISTERED,11031,Clobetasol Propionate + Neomycin Sulphate + Nystatin,50 mg + 500 mg + 100 Lac IU/100 gm,AMBIGUOUS,AMBIGUOUS_SHARED_DENOMINATOR
SRCR-c04858d1d77e04ae8bfc3434,REGISTERED,11036,Cetrimide + Chlorhexidine Gluconate,15 gm + 1.5 gm/100 ml,AMBIGUOUS,AMBIGUOUS_SHARED_DENOMINATOR
SRCR-23fa56fc96ee8b30d2f12f7e,REGISTERED,11037,Menthol + Methyl Salicylate,8 gm + 30 gm/100 gm,AMBIGUOUS,AMBIGUOUS_SHARED_DENOMINATOR
SRCR-8ee95798cc921adece76462e,REGISTERED,11041,Clindamycin Phosphate + Tretinoin,1.2 gm + .025 gm/100 gm,AMBIGUOUS,AMBIGUOUS_SHARED_DENOMINATOR
SRCR-ce3a65fefcd4d5fc8a61ca74,REGISTERED,11048,Fluocinolone + Hydroquinone + Tretinoin,.01 gm + 4 gm + .05 gm/100 gm,AMBIGUOUS,AMBIGUOUS_SHARED_DENOMINATOR
SRCR-0b9af088813d040bc3801fc5,REGISTERED,11054,Econazole Nitrate + Triamcinolone Acetonide,1 gm + 100 mg/100 gm,AMBIGUOUS,AMBIGUOUS_SHARED_DENOMINATOR
SRCR-99026e8ed124cd0b43034664,REGISTERED,11083,Amonium Bicarbonate + Gelatin + Ginger + Nux vomica + Sodium Bicarbonate,25 gm + 1.5 gm + 1.5 gm + 7 gm + 65 gm/100 gm,AMBIGUOUS,AMBIGUOUS_SHARED_DENOMINATOR
SRCR-36dfeca0d80550567fc7aab3,REGISTERED,11088,Amoxicillin + Clavulanic Acid,125 mg + 31.25 mg/5 ml,AMBIGUOUS,AMBIGUOUS_SHARED_DENOMINATOR
SRCR-33c1829fa608d31039bbe215,REGISTERED,11151,Lincomycin + Neomycin,250 mg + 140 mg/ml,AMBIGUOUS,AMBIGUOUS_SHARED_DENOMINATOR
SRCR-64925f62395e1fee109d04fc,REGISTERED,11172,Chloramphenicol + Dexamethasone,5 mg + 1 mg/ml,AMBIGUOUS,AMBIGUOUS_SHARED_DENOMINATOR
SRCR-b0f55357bc2ec3d4ea37bfcd,REGISTERED,11173,Polyethylene Glycol 400 + Propylene Glycol,400 mg + 300 mg/100 ml,AMBIGUOUS,AMBIGUOUS_SHARED_DENOMINATOR
SRCR-220872b7772d17c3fca2b1ee,REGISTERED,11176,Naphazoline Hydrochloride + Pheniramine Maleate,250 mcg + 3 mg/ml,AMBIGUOUS,AMBIGUOUS_SHARED_DENOMINATOR
SRCR-8e5e7ddd2f606b6280b19500,REGISTERED,11178,Dexamethasone + Moxifloxacin,100 mg + 500 mg/100 ml,AMBIGUOUS,AMBIGUOUS_SHARED_DENOMINATOR
SRCR-de8028ae18354758da066ebb,REGISTERED,11179,Brimonidine Tartrate + Brinzolamide,200 mg + 1 gm/100 ml,AMBIGUOUS,AMBIGUOUS_SHARED_DENOMINATOR
SRCR-27311b004f94cfca05020fa5,REGISTERED,11198,Sulphamethoxazole + Trimethoprim,200 mg + 40 mg/5 ml,AMBIGUOUS,AMBIGUOUS_SHARED_DENOMINATOR
SRCR-15e761f8e781e03bb00f6056,REGISTERED,11200,Ammonium Bicarbonate + Gentian + Ginger + Nux vomica + Sodium Bicarbonate,25 gm + 1.5 gm + 1.5 gm + 7 gm + 65 gm/100 gm,AMBIGUOUS,AMBIGUOUS_SHARED_DENOMINATOR
SRCR-38550c6b03b5c220cd645676,REGISTERED,11211,Sulphadiazine + Trimethoprim,40 gm + 8 gm/100 ml,AMBIGUOUS,AMBIGUOUS_SHARED_DENOMINATOR
SRCR-512713eab4638e688814fc8a,REGISTERED,11222,Gramicidin + Neomycin Sulphate + Nystatin + Triamcinolone Acetonide,25 mg + 250 mg + 100 Lac IU + 100 mg/100 gm,AMBIGUOUS,AMBIGUOUS_SHARED_DENOMINATOR
SRCR-bc0aedc842ea97ab0810971c,REGISTERED,11229,Dextrose Anhydrous + Potassium Chloride + Sodium Chloride + Trisodium Citrate,10 gm + 750 gm + 1.75 gm + 1.45 gm/500 ml,AMBIGUOUS,AMBIGUOUS_SHARED_DENOMINATOR
SRCR-664ba8b580b087738444e425,REGISTERED,11235,Nicotinamide + Pyridoxine Hydrochloride + Riboflavin + Vitamin B1,20 mg + 2 mg + 2 mg + 5 mg/5 ml,AMBIGUOUS,AMBIGUOUS_SHARED_DENOMINATOR
SRCR-7e7e045f52c67320c971bea9,REGISTERED,11265,Glycerine + Liquid Sugar,.75 ml + 1.93 ml/5 ml,AMBIGUOUS,AMBIGUOUS_SHARED_DENOMINATOR
SRCR-42f332fbc08253225080b5ab,REGISTERED,11266,Nicotinamide + Pyridoxine Hydrochloride + Riboflavin + Vitamin B1 + Zinc,20 mg + 2 mg + 2 mg + 5 mg + 10 mg/5 ml,AMBIGUOUS,AMBIGUOUS_SHARED_DENOMINATOR
SRCR-e19206fd679c433dfdfc16f1,REGISTERED,11292,Gramicidin + Neomycin Sulphate + Nystatin + Triamcinolone Acetonide,25 mg + 250 mg + 100 Lac IU + 100 mg/100 gm,AMBIGUOUS,AMBIGUOUS_SHARED_DENOMINATOR
SRCR-e92d760f80d0d5cf0ed1369f,REGISTERED,11293,Nystatin,1 Lac Unit/ml,FAILED,UNSUPPORTED_STRENGTH_PATTERN
SRCR-eb6a6564d79016b2a12428ab,REGISTERED,11294,Nystatin,1 Lac Unit/gm,FAILED,UNSUPPORTED_STRENGTH_PATTERN
SRCR-ba21903c8902c0d7a9ab95ed,REGISTERED,11295,Betamethasone + Neomycin Sulphate,100 mg + 500 mg/100 gm,AMBIGUOUS,AMBIGUOUS_SHARED_DENOMINATOR
SRCR-0413b02069cae3d73258f39f,REGISTERED,11303,Cetrimide + Chlorhexidine Gluconate,3 gm + 300 mg/100 ml,AMBIGUOUS,AMBIGUOUS_SHARED_DENOMINATOR
SRCR-4bb452be093b0de5879a05de,REGISTERED,11306,Betamethasone + Gentamicin,50 mg + 100 mg/100 gm,AMBIGUOUS,AMBIGUOUS_SHARED_DENOMINATOR
SRCR-4cfc1700050f462d205a7483,REGISTERED,11309,Betamethasone + Fusidic Acid,100 mg + 2 gm/100 gm,AMBIGUOUS,AMBIGUOUS_SHARED_DENOMINATOR
SRCR-d0e0d27018afee637afd77af,REGISTERED,11332,Ascorbic Acid + Cod Liver Oil + Nicotinamide + Pyridoxine Hydrochloride + Riboflavin + Vitamin A + Vitamin B1 + Vitamin D3 + Vitamin E,17.5 mg + 100 mg + 9 mg + .35 mg + .85 mg + 2000 IU + .7 mg + 200 IU + 1.5 mg/5 ml,AMBIGUOUS,AMBIGUOUS_SHARED_DENOMINATOR
SRCR-9dea388f74d5ee38ceebf17d,REGISTERED,11364,Ipratropium Bromide + Salbutamol,20 mcg + 100 mcg/Metered Inhalation,AMBIGUOUS,AMBIGUOUS_SHARED_DENOMINATOR
SRCR-0f1937660ec22ad58962aa5f,REGISTERED,11365,Fluticasone Propionate + Salmeterol,50 mcg + 25 mcg/Metered Inhalation,AMBIGUOUS,AMBIGUOUS_SHARED_DENOMINATOR
SRCR-4c3854732306ab37f05a40d2,REGISTERED,11366,Fluticasone Propionate + Salmeterol,125 mcg + 25 mcg/Metered Inhalation,AMBIGUOUS,AMBIGUOUS_SHARED_DENOMINATOR
SRCR-8f830ece603eab215dfcf5d6,REGISTERED,11367,Fluticasone Propionate + Salmeterol,250 mcg + 25 mcg/Metered Inhalation,AMBIGUOUS,AMBIGUOUS_SHARED_DENOMINATOR
SRCR-9e6b2d0f9c07feed1e235c29,REGISTERED,11374,Menthol + Methyl Salicylate,10 gm + 15 gm/100 gm,AMBIGUOUS,AMBIGUOUS_SHARED_DENOMINATOR
SRCR-0526176efd7a01838146c0bc,REGISTERED,11382,Cinchocaine Hydrochloride + Esculin + Hydrocortisone + Neomycin Sulphate,500 mg + 1 gm + 500 mg + 1 gm/100 gm,AMBIGUOUS,AMBIGUOUS_SHARED_DENOMINATOR
SRCR-35933c0b459878f98eaab2ae,REGISTERED,11386,Fusidic Acid + Hydrocortisone Acetate,2 gm + 1 gm/100 gm,AMBIGUOUS,AMBIGUOUS_SHARED_DENOMINATOR
SRCR-436f8b10b02e6f4a154a03d2,REGISTERED,11390,Folic Acid + Zinc,1.111 gm + 137.333 gm/KG,AMBIGUOUS,AMBIGUOUS_SHARED_DENOMINATOR
SRCR-daeb8ded4e11880dc7798455,REGISTERED,11402,Bacitracin Zinc + Neomycin Sulphate,500 IU + 5 mg/gm,AMBIGUOUS,AMBIGUOUS_SHARED_DENOMINATOR
SRCR-18a475983fa9c064840a2975,REGISTERED,11417,Eucalypytol + Menthol + Methyl Salicylate + Thymol,92 mg + 42 mg + 60 mg + 64 mg/100 ml,AMBIGUOUS,AMBIGUOUS_SHARED_DENOMINATOR
SRCR-c7660a3622fbe094f7040533,REGISTERED,11470,Cyanocobalamin + Pyridoxine Hydrochloride + Vitamin B1,1 mg + 100 mg + 100 mg/3 ml,AMBIGUOUS,AMBIGUOUS_SHARED_DENOMINATOR
SRCR-b672c805a0d0539f61ab5412,REGISTERED,11485,D-Panthenol + Nicotinamide + Pyridoxine Hydrochloride + Riboflavin + Vitamin B1,5 mg + 100 mg + 10 mg + 4 mg + 50 mg/2 ml,AMBIGUOUS,AMBIGUOUS_SHARED_DENOMINATOR
SRCR-8c815919571fd378e95ae168,REGISTERED,11490,Diclofenac + Lidocaine Hydrochloride,75 mg + 20 mg/2 ml,AMBIGUOUS,AMBIGUOUS_SHARED_DENOMINATOR
SRCR-27d274df3fcaaa07a018d0ae,REGISTERED,11527,Betamethasone + Clotrimazole,100 mg + 1 gm/100 gm,AMBIGUOUS,AMBIGUOUS_SHARED_DENOMINATOR
SRCR-cccef132b63b7ee64c1d4936,REGISTERED,11528,Betamethasone + Clotrimazole,100 mg + 1 gm/100 gm,AMBIGUOUS,AMBIGUOUS_SHARED_DENOMINATOR
SRCR-75c3775544aebe7b72a9b7b7,REGISTERED,11560,Clindamycin Phosphate + Tretinoin,1.2 gm + .025 gm/100 gm,AMBIGUOUS,AMBIGUOUS_SHARED_DENOMINATOR
SRCR-117fec0a797de8e230f083a5,REGISTERED,11579,Magaldrate + Simethicone,480 mg + 20 mg/5 ml,AMBIGUOUS,AMBIGUOUS_SHARED_DENOMINATOR
SRCR-d002a35dedb53b91c46810a3,REGISTERED,11595,Polyethylene Glycol 400 + Propylene Glycol,400 mg + 300 mg/100 ml,AMBIGUOUS,AMBIGUOUS_SHARED_DENOMINATOR
SRCR-a14ff7be0f298fd8e8158181,REGISTERED,11596,Chloramphenicol + Dexamethasone,5 mg + 1 mg/ml,AMBIGUOUS,AMBIGUOUS_SHARED_DENOMINATOR
SRCR-5f1058b8fd87575014c2278f,REGISTERED,11612,Potassium Bicarbonate + Sodium Alginate,100 mg + 500 mg/5 ml,AMBIGUOUS,AMBIGUOUS_SHARED_DENOMINATOR
SRCR-5f7ec4972090f1630c31ebec,REGISTERED,11617,Dexamethasone + Tobramycin,100 mg + 300 mg/100 ml,AMBIGUOUS,AMBIGUOUS_SHARED_DENOMINATOR
SRCR-2820cc13424bb0ec968cf20d,REGISTERED,11638,Loteprednol Etabonate + Tobramycin,.5 gm + .3 gm/100 ml,AMBIGUOUS,AMBIGUOUS_SHARED_DENOMINATOR
SRCR-1d2183ed9d4bc1d78c605076,REGISTERED,11639,Brinzolamide + Timolol,1 gm + 500 mg/100 ml,AMBIGUOUS,AMBIGUOUS_SHARED_DENOMINATOR
SRCR-f97d03b4c9092a7ef58cc693,REGISTERED,11642,Citric Acid Monohydrate + Potassium Citrate,5 gm + 30 gm/100 ml,AMBIGUOUS,AMBIGUOUS_SHARED_DENOMINATOR
SRCR-71e31004dd69efd707c6cc74,REGISTERED,11678,Cefuroxime + Clavulanic Acid,125 mg + 31.25 mg/5 ml,AMBIGUOUS,AMBIGUOUS_SHARED_DENOMINATOR
SRCR-7ed8107b2d7b83e5d01eebf4,REGISTERED,11689,Gatifloxacin + Loteprednol Etabonate,300 mg + 500 mg/100 ml,AMBIGUOUS,AMBIGUOUS_SHARED_DENOMINATOR
SRCR-c8fe5b52fad81a5afe9ab8e1,REGISTERED,11711,Brimonidine Tartrate + Brinzolamide,200 mg + 1 gm/100 ml,AMBIGUOUS,AMBIGUOUS_SHARED_DENOMINATOR
SRCR-c9cfeab0f8270e3954782a81,REGISTERED,11726,Clobetasol Propionate + Neomycin Sulphate + Nystatin,50 mg + 500 mg + 100 Lac IU/100 gm,AMBIGUOUS,AMBIGUOUS_SHARED_DENOMINATOR
SRCR-cf2f13a8cf05f3793e02d8a5,REGISTERED,11727,Clobetasol Propionate + Salicylic Acid,.05 gm + 3 gm/100 gm,AMBIGUOUS,AMBIGUOUS_SHARED_DENOMINATOR
SRCR-72be04b0f3f120f1cdcbeda9,REGISTERED,11732,Dextromethorphan Hydrobromide + Phenylephrine Hydrochloride + Triprolidine Hydrochloride,400 mg + 200 mg + 50 mg/100 ml,AMBIGUOUS,AMBIGUOUS_SHARED_DENOMINATOR
SRCR-4a91b3191a3272129cb13034,REGISTERED,11734,Dexamethasone + Moxifloxacin,100 mg + 500 mg/100 ml,AMBIGUOUS,AMBIGUOUS_SHARED_DENOMINATOR
SRCR-1ac017634047194102fe37e3,REGISTERED,11736,Fluocinolone + Hydroquinone + Tretinoin,.01 gm + 4 gm + .05 gm/100 gm,AMBIGUOUS,AMBIGUOUS_SHARED_DENOMINATOR
SRCR-442c692d611e4d42c2dea403,REGISTERED,11737,Econazole Nitrate + Triamcinolone Acetonide,1 gm + 100 mg/100 gm,AMBIGUOUS,AMBIGUOUS_SHARED_DENOMINATOR
SRCR-38e5b793275de671855593d3,REGISTERED,11746,Dextromethorphan Hydrobromide + Guaiphenesin + Menthol,300 mg + 4 gm + 300 mg/100 ml,AMBIGUOUS,AMBIGUOUS_SHARED_DENOMINATOR
SRCR-94278646626bf6c18b198ceb,REGISTERED,11774,Dextromethorphan Hydrobromide + Diphenhydramine Hydrochloride + Levomenthol,130 mg + 280 mg + 40 mg/100 ml,AMBIGUOUS,AMBIGUOUS_SHARED_DENOMINATOR
SRCR-57df29868a96425f482e77d2,REGISTERED,11775,Diphenhydramine Hydrochloride + Guaiphenesin + Levomenthol,280 mg + 2000 mg + 22 mg/100 ml,AMBIGUOUS,AMBIGUOUS_SHARED_DENOMINATOR
SRCR-44f8a93d5a037d65ae6a40cf,REGISTERED,11783,Naphazoline Hydrochloride + Pheniramine Maleate,250 mcg + 3 mg/ml,AMBIGUOUS,AMBIGUOUS_SHARED_DENOMINATOR
SRCR-db654059b79ba3e1a31fa663,REGISTERED,11790,Calamine + Pramoxine Hydrochloride,3 gm + 1 gm/100 gm,AMBIGUOUS,AMBIGUOUS_SHARED_DENOMINATOR
SRCR-6f4b72d6a5995bde790e1338,REGISTERED,11809,Glycerine + Hydroxy Ethyl Cellulose,1.3 gm + 1 gm/50 gm,AMBIGUOUS,AMBIGUOUS_SHARED_DENOMINATOR
SRCR-c7431029865275ef9d83abd8,REGISTERED,11811,Enoxaprin,20 mg/.2 ml,FAILED,UNSUPPORTED_STRENGTH_PATTERN
SRCR-d2b52d0f2a8dfd7dc5ce1808,REGISTERED,11812,Enoxaprin,40 mg/.4 ml,FAILED,UNSUPPORTED_STRENGTH_PATTERN
SRCR-122c48098a26944c058d7113,REGISTERED,11813,Enoxaprin,60 mg/.6 ml,FAILED,UNSUPPORTED_STRENGTH_PATTERN
SRCR-a927155e81f41f19a084d2a6,REGISTERED,11814,Enoxaprin,80 mg/.8 ml,FAILED,UNSUPPORTED_STRENGTH_PATTERN
SRCR-9f5c56a11dfefef670ced11f,REGISTERED,11850,Calcium Carbonate + Sodium Alginate + Sodium Bicarbonate,3.25 gm + 5 gm + 2.13 gm/100 ml,AMBIGUOUS,AMBIGUOUS_SHARED_DENOMINATOR
SRCR-9a93c5a2540d096714039bc3,REGISTERED,11883,Filgrastim,30 MIU/.5 ml,FAILED,UNSUPPORTED_STRENGTH_PATTERN
SRCR-fbe530db41f395953e785145,REGISTERED,11902,Azelastine + Fluticasone Propionate,125 mcg + 50 mcg/Metered Inhalation,AMBIGUOUS,AMBIGUOUS_SHARED_DENOMINATOR
SRCR-74bb107a5dffffb1c49b5cd4,REGISTERED,11925,Budesonide + Formoterol Fumarate,160 mcg + 4.5 mcg/Puff,AMBIGUOUS,AMBIGUOUS_SHARED_DENOMINATOR
SRCR-724ec31243d7246dfdd06cf4,REGISTERED,11930,Vitamin A + Vitamin D + Vitamin E,80000 IU + 40000 IU + 20 mg/ml,AMBIGUOUS,AMBIGUOUS_SHARED_DENOMINATOR
SRCR-348098e68803e5d6d1e7ac0f,REGISTERED,11934,Pyrimethamine + Sodium Salicylate + Sulphaquinoxaline + Vitamin K,1 gm + 5 gm + 5 gm + 320 mg/100 ml,AMBIGUOUS,AMBIGUOUS_SHARED_DENOMINATOR
SRCR-64339c50d65bddf9e873347a,REGISTERED,11935,Diaverdin + Nicotinamide + Sulphadimethoxine Sodium + Sulphadimidine + Vitamin K,3 gm + 3 gm + 2 gm + 20 gm + 2 gm/100 gm,AMBIGUOUS,AMBIGUOUS_SHARED_DENOMINATOR
SRCR-2a23fbba3e793ee70578b8e3,REGISTERED,11957,Aluminium Oxide + Magnesium Hydroxide,175 mg + 225 mg/5 ml,AMBIGUOUS,AMBIGUOUS_SHARED_DENOMINATOR
SRCR-6795d4f65f3cc7f7d3ce07fa,REGISTERED,11960,Nicotinamide + Pyridoxine Hydrochloride + Riboflavin + Vitamin B1,20 mg + 2 mg + 2 mg + 5 mg/5 ml,AMBIGUOUS,AMBIGUOUS_SHARED_DENOMINATOR
SRCR-96d3577b5749acfc22e70a94,REGISTERED,11961,Nystatin,1 Lac Unit/ml,FAILED,UNSUPPORTED_STRENGTH_PATTERN
SRCR-22133c4cb6e09f537033f2e0,REGISTERED,11962,Sulphamethoxazole + Trimethoprim,200 mg + 40 mg/5 ml,AMBIGUOUS,AMBIGUOUS_SHARED_DENOMINATOR
SRCR-a93eff6ab6659fd5cc43fc22,REGISTERED,11967,Lidocaine Hydrochloride + Oxytetracycline,2 gm + 10 gm/100 ml,AMBIGUOUS,AMBIGUOUS_SHARED_DENOMINATOR
SRCR-e363b3ff27eb34edb8fc461b,REGISTERED,11973,Cyanocobalamin + DL-Methionine + Inositol + Nicotinamide + Pantothenic acid + Pyridoxine Hydrochloride + Riboflavin + Vitamin B1,2 mcg + 5 mg + 2 mg + 100 mg + 10 mg + 5 mg + 5 mg + 50 mg/ml,AMBIGUOUS,AMBIGUOUS_SHARED_DENOMINATOR
SRCR-66a6afc95c1d769c28dce1a6,REGISTERED,11981,Nicotinamide + Pantothenic acid + Pyridoxine Hydrochloride + Riboflavin + Vitamin A + Vitamin B1 + Vitamin C + Vitamin D,10 mg + 5 mg + 1 mg + 1 mg + 5000 IU + 1.6 mg + 50 mg + 1000 IU/ml,AMBIGUOUS,AMBIGUOUS_SHARED_DENOMINATOR
SRCR-ea56db051385276b6cfa23eb,REGISTERED,12002,Azelastine + Fluticasone Propionate,125 mcg + 50 mcg/Metered Inhalation,AMBIGUOUS,AMBIGUOUS_SHARED_DENOMINATOR
SRCR-045e1ddce02f69933103762b,REGISTERED,12025,Budesonide + Formoterol Fumarate,160 mcg + 4.5 mcg/Puff,AMBIGUOUS,AMBIGUOUS_SHARED_DENOMINATOR
SRCR-3337960df787d6cb4647a07a,REGISTERED,12030,Vitamin A + Vitamin D + Vitamin E,80000 IU + 40000 IU + 20 mg/ml,AMBIGUOUS,AMBIGUOUS_SHARED_DENOMINATOR
SRCR-11085d85f91644cbaa61b1d7,REGISTERED,12034,Pyrimethamine + Sodium Salicylate + Sulphaquinoxaline + Vitamin K,1 gm + 5 gm + 5 gm + 320 mg/100 ml,AMBIGUOUS,AMBIGUOUS_SHARED_DENOMINATOR
SRCR-a2b506f3e90adc3ef43ee36b,REGISTERED,12035,Diaverdin + Nicotinamide + Sulphadimethoxine Sodium + Sulphadimidine + Vitamin K,3 gm + 3 gm + 2 gm + 20 gm + 2 gm/100 gm,AMBIGUOUS,AMBIGUOUS_SHARED_DENOMINATOR
SRCR-6688dabc184106047b8cbea7,REGISTERED,12057,Aluminium Oxide + Magnesium Hydroxide,175 mg + 225 mg/5 ml,AMBIGUOUS,AMBIGUOUS_SHARED_DENOMINATOR
SRCR-653f623d5cff8b31f93a60e3,REGISTERED,12060,Nicotinamide + Pyridoxine Hydrochloride + Riboflavin + Vitamin B1,20 mg + 2 mg + 2 mg + 5 mg/5 ml,AMBIGUOUS,AMBIGUOUS_SHARED_DENOMINATOR
SRCR-56c4fce4b97497861a107549,REGISTERED,12061,Nystatin,1 Lac Unit/ml,FAILED,UNSUPPORTED_STRENGTH_PATTERN
SRCR-5b7375ea756b57a2302886b7,REGISTERED,12062,Sulphamethoxazole + Trimethoprim,200 mg + 40 mg/5 ml,AMBIGUOUS,AMBIGUOUS_SHARED_DENOMINATOR
SRCR-c4e9b101a4cedc0d150f05ce,REGISTERED,12067,Lidocaine Hydrochloride + Oxytetracycline,2 gm + 10 gm/100 ml,AMBIGUOUS,AMBIGUOUS_SHARED_DENOMINATOR
SRCR-339ba44afd386352307bcf46,REGISTERED,12073,Cyanocobalamin + DL-Methionine + Inositol + Nicotinamide + Pantothenic acid + Pyridoxine Hydrochloride + Riboflavin + Vitamin B1,2 mcg + 5 mg + 2 mg + 100 mg + 10 mg + 5 mg + 5 mg + 50 mg/ml,AMBIGUOUS,AMBIGUOUS_SHARED_DENOMINATOR
SRCR-ebbadb764df2be7f9ca4ab72,REGISTERED,12081,Nicotinamide + Pantothenic acid + Pyridoxine Hydrochloride + Riboflavin + Vitamin A + Vitamin B1 + Vitamin C + Vitamin D,10 mg + 5 mg + 1 mg + 1 mg + 5000 IU + 1.6 mg + 50 mg + 1000 IU/ml,AMBIGUOUS,AMBIGUOUS_SHARED_DENOMINATOR
SRCR-8f6121a2136d3ac70aa1eb50,REGISTERED,12102,Azelastine + Fluticasone Propionate,125 mcg + 50 mcg/Metered Inhalation,AMBIGUOUS,AMBIGUOUS_SHARED_DENOMINATOR
SRCR-af35e24a5487268f4b27730d,REGISTERED,12125,Budesonide + Formoterol Fumarate,160 mcg + 4.5 mcg/Puff,AMBIGUOUS,AMBIGUOUS_SHARED_DENOMINATOR
SRCR-75e1afbb468b6f46d00da471,REGISTERED,12130,Vitamin A + Vitamin D + Vitamin E,80000 IU + 40000 IU + 20 mg/ml,AMBIGUOUS,AMBIGUOUS_SHARED_DENOMINATOR
SRCR-3061264b978030b6d047ec17,REGISTERED,12134,Pyrimethamine + Sodium Salicylate + Sulphaquinoxaline + Vitamin K,1 gm + 5 gm + 5 gm + 320 mg/100 ml,AMBIGUOUS,AMBIGUOUS_SHARED_DENOMINATOR
SRCR-ac969ff933f048486b6c040e,REGISTERED,12135,Diaverdin + Nicotinamide + Sulphadimethoxine Sodium + Sulphadimidine + Vitamin K,3 gm + 3 gm + 2 gm + 20 gm + 2 gm/100 gm,AMBIGUOUS,AMBIGUOUS_SHARED_DENOMINATOR
SRCR-b9514a8c91e29a9154c711f1,REGISTERED,12157,Aluminium Oxide + Magnesium Hydroxide,175 mg + 225 mg/5 ml,AMBIGUOUS,AMBIGUOUS_SHARED_DENOMINATOR
SRCR-f8e745f1caa52fa54c088b56,REGISTERED,12160,Nicotinamide + Pyridoxine Hydrochloride + Riboflavin + Vitamin B1,20 mg + 2 mg + 2 mg + 5 mg/5 ml,AMBIGUOUS,AMBIGUOUS_SHARED_DENOMINATOR
SRCR-a9e72ea15da4072b6a633a84,REGISTERED,12161,Nystatin,1 Lac Unit/ml,FAILED,UNSUPPORTED_STRENGTH_PATTERN
SRCR-3c91184a96acce299f4489b1,REGISTERED,12162,Sulphamethoxazole + Trimethoprim,200 mg + 40 mg/5 ml,AMBIGUOUS,AMBIGUOUS_SHARED_DENOMINATOR
SRCR-1fed08830ca50cf55d92eadb,REGISTERED,12167,Lidocaine Hydrochloride + Oxytetracycline,2 gm + 10 gm/100 ml,AMBIGUOUS,AMBIGUOUS_SHARED_DENOMINATOR
SRCR-a7838815071e1166f63093f3,REGISTERED,12173,Cyanocobalamin + DL-Methionine + Inositol + Nicotinamide + Pantothenic acid + Pyridoxine Hydrochloride + Riboflavin + Vitamin B1,2 mcg + 5 mg + 2 mg + 100 mg + 10 mg + 5 mg + 5 mg + 50 mg/ml,AMBIGUOUS,AMBIGUOUS_SHARED_DENOMINATOR
SRCR-deac302c88edb8b1ac1966a1,REGISTERED,12181,Nicotinamide + Pantothenic acid + Pyridoxine Hydrochloride + Riboflavin + Vitamin A + Vitamin B1 + Vitamin C + Vitamin D,10 mg + 5 mg + 1 mg + 1 mg + 5000 IU + 1.6 mg + 50 mg + 1000 IU/ml,AMBIGUOUS,AMBIGUOUS_SHARED_DENOMINATOR
SRCR-35db7f702e7163ce18729d3c,REGISTERED,12244,Nicotinamide + Pyridoxine Hydrochloride + Riboflavin + Vitamin B1,20 mg + 2 mg + 2 mg + 5 mg/5 ml,AMBIGUOUS,AMBIGUOUS_SHARED_DENOMINATOR
SRCR-5976d32d94a4d469f2bede09,REGISTERED,12267,Fluocinolone + Hydroquinone + Tretinoin,.01 gm + 4 gm + .05 gm/100 gm,AMBIGUOUS,AMBIGUOUS_SHARED_DENOMINATOR
SRCR-f4cafeea7cebaaa9b6d87d9b,REGISTERED,12290,Ethyl Alcohol + Isopropyl Alcohol,66 ml + 3.5 ml/100 ml,AMBIGUOUS,AMBIGUOUS_SHARED_DENOMINATOR
SRCR-2b0c7490b332cdce54142440,REGISTERED,12295,Dextrose Anhydrous + Fructose + Potassium Chloride + Sodium Bicarbonate + Sodium Chloride + Sucrose,4.09 gm + 70 mg + 380 mg + 420 mg + 440 mg + 8.07 gm/250 ml,AMBIGUOUS,AMBIGUOUS_SHARED_DENOMINATOR
SRCR-4c164999e5d88d9c34bd5697,REGISTERED,12298,Cetrimide + Chlorhexidine Gluconate,3 gm + 300 mg/100 ml,AMBIGUOUS,AMBIGUOUS_SHARED_DENOMINATOR
SRCR-7b336225a19849d0eba062ce,REGISTERED,12300,Ascorbic Acid + Cod Liver Oil + Nicotinamide + Pyridoxine Hydrochloride + Riboflavin + Vitamin A + Vitamin B1 + Vitamin D3 + Vitamin E,17.5 mg + 100 mg + 9 mg + .35 mg + .85 mg + 2000 IU + .7 mg + 200 IU + 1.5 mg/5 ml,AMBIGUOUS,AMBIGUOUS_SHARED_DENOMINATOR
SRCR-ed8ad99a8b48546b6bc309c2,REGISTERED,12343,Fusidic Acid + Hydrocortisone Acetate,2 gm + 1 gm/100 gm,AMBIGUOUS,AMBIGUOUS_SHARED_DENOMINATOR
SRCR-f1e42d0504e46e8b37472525,REGISTERED,12344,Bacitracin Zinc + Neomycin Sulphate,500 IU + 5 mg/gm,AMBIGUOUS,AMBIGUOUS_SHARED_DENOMINATOR
SRCR-6d86ace7cde10015ee82734a,REGISTERED,12346,Hydrocortisone + Miconazole Nitrate,1 gm + 2 gm/100 gm,AMBIGUOUS,AMBIGUOUS_SHARED_DENOMINATOR
SRCR-1f384f5e283cdf7c82d271ad,REGISTERED,12362,Calcium Carbonate + Sodium Alginate + Sodium Bicarbonate,1.6 gm + 5 gm + 2.6 gm/100 ml,AMBIGUOUS,AMBIGUOUS_SHARED_DENOMINATOR
SRCR-c23fe149704bf540e70dc9df,REGISTERED,12366,Camphor + Menthol + Methyl Salicylate,4 gm + 10 gm + 30 gm/100 gm,AMBIGUOUS,AMBIGUOUS_SHARED_DENOMINATOR
SRCR-7ba8fe26c4a08e77f90af8da,REGISTERED,12367,Clobetasol Propionate + Neomycin Sulphate + Nystatin,50 mg + 500 mg + 100 Lac IU/100 gm,AMBIGUOUS,AMBIGUOUS_SHARED_DENOMINATOR
SRCR-b7ed6eb33f971c8dedefc922,REGISTERED,12397,Econazole Nitrate + Triamcinolone Acetonide,1 gm + 100 mg/100 gm,AMBIGUOUS,AMBIGUOUS_SHARED_DENOMINATOR
SRCR-cf2f5d872a0f3855688e486e,REGISTERED,12408,Ascorbic Acid + Cod Liver Oil + Nicotinamide + Pyridoxine Hydrochloride + Riboflavin + Vitamin A + Vitamin B1 + Vitamin D3 + Vitamin E,17.5 mg + 100 mg + 9 mg + .35 mg + .85 mg + 2000 IU + .7 mg + 200 IU + 1.5 mg/5 ml,AMBIGUOUS,AMBIGUOUS_SHARED_DENOMINATOR
SRCR-8a9425cba75810e34ebbcde6,REGISTERED,12411,Nicotinamide + Pyridoxine Hydrochloride + Riboflavin + Vitamin B1,20 mg + 2 mg + 2 mg + 5 mg/5 ml,AMBIGUOUS,AMBIGUOUS_SHARED_DENOMINATOR
SRCR-75c1a141aaa1102219b9cee7,REGISTERED,12536,Calcium Carbonate + Sodium Alginate + Sodium Bicarbonate,3.25 gm + 5 gm + 2.13 gm/100 ml,AMBIGUOUS,AMBIGUOUS_SHARED_DENOMINATOR
SRCR-f3e25c1142e8151787da3c66,REGISTERED,12661,Amonium Bicarbonate + Gentian Violet + Ginger + Nux vomica + Sodium Bicarbonate,25 gm + 1.5 gm + 1.5 gm + 7 gm + 65 gm/100 gm,AMBIGUOUS,AMBIGUOUS_SHARED_DENOMINATOR
SRCR-9225cd19b87416c4af3f9be0,REGISTERED,12668,Ammonium Bicarbonate + Gentian + Ginger + Nux vomica + Sodium Bicarbonate,25 gm + 1.5 gm + 1.5 gm + 7 gm + 65 gm/100 gm,AMBIGUOUS,AMBIGUOUS_SHARED_DENOMINATOR
SRCR-4e636c9a0bd67840799a0b37,REGISTERED,12676,Cyanocobalamin + Nicotinamide + Panthenol + Pyridoxine Hydrochloride + Riboflavin + Vitamin A + Vitamin B1 + Vitamin D3 + Vitamin E,50 mcg + 35 mg + 25 mg + 3 mg + 5 mg + 15000 IU + 10 mg + 1000 IU + 20 mg/100 ml,AMBIGUOUS,AMBIGUOUS_SHARED_DENOMINATOR
SRCR-fdb46540f0ebcfaa1dc59794,REGISTERED,12684,Cyanocobalamin + Nicotinamide + Pyridoxine Hydrochloride + Riboflavin + Vitamin B1,5 mg + 5 gm + 500 mg + 150 mg + 2.5 gm/100 ml,AMBIGUOUS,AMBIGUOUS_SHARED_DENOMINATOR
SRCR-e2c640361717c901c78b8226,REGISTERED,12686,Butaphosphan + Cyanocobalamin,10 gm + 5 mg/100 ml,AMBIGUOUS,AMBIGUOUS_SHARED_DENOMINATOR
SRCR-e1b0995c7e19050997cd7d08,REGISTERED,12689,Amprolium + Sulfaquinoxaline Sodium + Vitamin K,170 gm + 170 gm + 1 gm/KG,AMBIGUOUS,AMBIGUOUS_SHARED_DENOMINATOR
SRCR-249d3df87a41d344ede73c27,REGISTERED,12690,Catechu + Chalk,10 gm + 150 gm/160 gm,AMBIGUOUS,AMBIGUOUS_SHARED_DENOMINATOR
SRCR-39a5017fb5ff8831db2e1fba,REGISTERED,12703,Diclofenac + Lidocaine Hydrochloride,75 mg + 20 mg/2 ml,AMBIGUOUS,AMBIGUOUS_SHARED_DENOMINATOR
SRCR-fc4c36d695456d1af1a53b13,REGISTERED,12715,Vitamin A + Vitamin D3 + Vitamin E,50 Lac IU + 7.5 Lac IU + 500 mg/10 ml,AMBIGUOUS,AMBIGUOUS_SHARED_DENOMINATOR
SRCR-975c8695f811907337698013,REGISTERED,12725,Bacitracin Zinc + Neomycin Sulphate,500 IU + 5 mg/gm,AMBIGUOUS,AMBIGUOUS_SHARED_DENOMINATOR
SRCR-b13fc123de83b2e426d4ae11,REGISTERED,12729,Benzoic Acid + Salicylic Acid,60 mg + 30 mg/gm,AMBIGUOUS,AMBIGUOUS_SHARED_DENOMINATOR
SRCR-3ae19ee7a87e8a219871cb32,REGISTERED,12732,Bacitracin Zinc + Neomycin Sulphate + Polymixin B Sulphate,400 IU + 3.5 mg + 5000 IU/gm,AMBIGUOUS,AMBIGUOUS_SHARED_DENOMINATOR
SRCR-0178908440897badf75ccc18,REGISTERED,12745,Ciprofloxacin + Hydrocortisone Acetate,300 mg + 1 gm/100 ml,AMBIGUOUS,AMBIGUOUS_SHARED_DENOMINATOR
SRCR-e6b29e86cc396c6baf28f5a1,REGISTERED,12746,Nystatin,1 Lac Unit/ml,FAILED,UNSUPPORTED_STRENGTH_PATTERN
SRCR-e3290b41f52c712a18e44bfa,REGISTERED,12750,Chlorpheniramine Maleate + Dexamethasone,500 mg + 100 mg/100 ml,AMBIGUOUS,AMBIGUOUS_SHARED_DENOMINATOR
SRCR-60ae81a192fb852dc10eb58b,REGISTERED,12772,Bacitracin Zinc + Neomycin Sulphate,250 IU + 5 mg/gm,AMBIGUOUS,AMBIGUOUS_SHARED_DENOMINATOR
SRCR-c4e2dbfaf6731c64503966a2,REGISTERED,12778,Camphor + Menthol + Oil Eucalyptus + Oil Turpentine + Thymol,3 gm + 2.82 gm + 350 mg + 4.77 gm + 100 mg/100 gm,AMBIGUOUS,AMBIGUOUS_SHARED_DENOMINATOR
SRCR-50aabcce88bc7cce13994829,REGISTERED,12779,Boric Acid + Dithranol + Salicylic Acid,2 gm + 100 mg + 1 gm/100 gm,AMBIGUOUS,AMBIGUOUS_SHARED_DENOMINATOR
SRCR-b96ee40347eeb62612e510c6,REGISTERED,12780,Gramicidin + Neomycin Sulphate + Nystatin + Triamcinolone Acetonide,25 mg + 250 mg + 100 Lac IU + 100 mg/100 gm,AMBIGUOUS,AMBIGUOUS_SHARED_DENOMINATOR
SRCR-6dfba4c7f721021bfd2ea60d,REGISTERED,12784,Gentamicin + Hydrocortisone Acetate,300 mg + 100 mg/100 gm,AMBIGUOUS,AMBIGUOUS_SHARED_DENOMINATOR
SRCR-2e569f3eaceae59b4f2ae342,REGISTERED,12797,Nicotinamide + Pyridoxine Hydrochloride + Riboflavin + Vitamin B1,20 mg + 2 mg + 2 mg + 5 mg/5 ml,AMBIGUOUS,AMBIGUOUS_SHARED_DENOMINATOR
SRCR-68cea98641bb620b6da674d5,REGISTERED,12798,Cetrimide + Chlorhexidine Gluconate,3 gm + 300 mg/100 ml,AMBIGUOUS,AMBIGUOUS_SHARED_DENOMINATOR
SRCR-98ed5403cffa3cd54833bcb4,REGISTERED,12799,Cetrimide + Chlorhexidine Hydrochloride,500 mg + 100 mg/100 gm,AMBIGUOUS,AMBIGUOUS_SHARED_DENOMINATOR
SRCR-80fcf51c476894859f0a8de2,REGISTERED,12813,Aluminium Oxide + Magnesium Hydroxide + Simethicone,200 mg + 400 mg + 30 mg/5 ml,AMBIGUOUS,AMBIGUOUS_SHARED_DENOMINATOR
SRCR-36474a8c441b13a03b96818b,REGISTERED,12824,Betamethasone Sodium Phosphate + Neomycin Sulphate,100 mg + 500 mg/100 ml,AMBIGUOUS,AMBIGUOUS_SHARED_DENOMINATOR
SRCR-c47b86abfedb4053b499d964,REGISTERED,12825,Betamethasone Sodium Phosphate + Neomycin Sulphate,100 mg + 500 mg/100 gm,AMBIGUOUS,AMBIGUOUS_SHARED_DENOMINATOR
SRCR-a360bb1c151961913e08a5c2,REGISTERED,12827,Sulphamethoxazole + Trimethoprim,200 mg + 40 mg/5 ml,AMBIGUOUS,AMBIGUOUS_SHARED_DENOMINATOR
SRCR-366ca354ea07c962ca3159aa,REGISTERED,12829,Betamethasone + Lidocaine Hydrochloride + Phenylephrine Hydrochloride,50 mg + 2.5 gm + 100 mg/100 gm,AMBIGUOUS,AMBIGUOUS_SHARED_DENOMINATOR
SRCR-c1a93a9bbcb0ec4191e255a6,REGISTERED,12831,Betamethasone + Neomycin Sulphate,100 mg + 500 mg/100 gm,AMBIGUOUS,AMBIGUOUS_SHARED_DENOMINATOR
SRCR-8e4cec91e64bdd2e46b41f96,REGISTERED,12832,Betamethasone + Neomycin Sulphate,100 mg + 500 mg/100 gm,AMBIGUOUS,AMBIGUOUS_SHARED_DENOMINATOR
SRCR-0e8a17a27f8c34667bf0ded1,REGISTERED,12851,Hydrocortisone + Neomycin Sulphate + Polymixin B Sulphate,10 mg + 3400 IU + 10000 IU/ml,AMBIGUOUS,AMBIGUOUS_SHARED_DENOMINATOR
SRCR-e5a1ce4368c79cb532de07cf,REGISTERED,12882,Chloramphenicol + Lidocaine Hydrochloride,500 mg + 100 mg/100 ml,AMBIGUOUS,AMBIGUOUS_SHARED_DENOMINATOR
SRCR-c57234b934abafa36fbea024,REGISTERED,12893,Dexamethasone + Tobramycin,100 mg + 300 mg/100 gm,AMBIGUOUS,AMBIGUOUS_SHARED_DENOMINATOR
SRCR-9b21f9e03fc6aa0bb35c46db,REGISTERED,12894,Dexamethasone + Tobramycin,100 mg + 300 mg/100 ml,AMBIGUOUS,AMBIGUOUS_SHARED_DENOMINATOR
SRCR-f67aa03f059a7cb29c086d08,REGISTERED,12900,Hydrocortisone Acetate + Neomycin Sulphate,500 mg + 500 mg/100 gm,AMBIGUOUS,AMBIGUOUS_SHARED_DENOMINATOR
SRCR-5cf74da323c052eb6da4f3d6,REGISTERED,12908,Nicotinamide + Pantothenic acid + Pyridoxine Hydrochloride + Riboflavin + Vitamin A + Vitamin B1 + Vitamin C + Vitamin D,10 mg + 5 mg + 1 mg + 1 mg + 5000 IU + 1.6 mg + 50 mg + 1000 IU/ml,AMBIGUOUS,AMBIGUOUS_SHARED_DENOMINATOR
SRCR-508f0aab72a42617e58f4e7b,REGISTERED,12909,Adenosine + Cytochrome C + Nicotinamide + Sodium Succinate,200 mg + 50 mg + 1 gm + 60 mg/100 ml,AMBIGUOUS,AMBIGUOUS_SHARED_DENOMINATOR
SRCR-07d85806ef885febacf0e11e,REGISTERED,12921,Dextrose Anhydrous + Potassium Chloride + Sodium Chloride + Trisodium Citrate,10 gm + 750 gm + 1.75 gm + 1.45 gm/500 ml,AMBIGUOUS,AMBIGUOUS_SHARED_DENOMINATOR
SRCR-431d8e660e08f643a8c48d37,REGISTERED,12922,Aluminium Oxide + Magnesium Hydroxide,200 mg + 125 mg/5 ml,AMBIGUOUS,AMBIGUOUS_SHARED_DENOMINATOR
SRCR-f43aa54fca438d225db946f4,REGISTERED,12927,Gramacidin + Neomycin + Polymixin,2500 IU + 1.7 Lac IU + 5 Lac IU/100 ml,AMBIGUOUS,AMBIGUOUS_SHARED_DENOMINATOR
SRCR-b9f0ce122d1f90266a468fc0,REGISTERED,12939,D-Panthenol + Nicotinamide + Pyridoxine Hydrochloride + Riboflavin + Vitamin B1,5 mg + 100 mg + 10 mg + 4 mg + 50 mg/2 ml,AMBIGUOUS,AMBIGUOUS_SHARED_DENOMINATOR
SRCR-11852069eea8917eb5efb925,REGISTERED,12948,Hydrocortisone + Miconazole Nitrate,1 gm + 2 gm/100 gm,AMBIGUOUS,AMBIGUOUS_SHARED_DENOMINATOR
SRCR-af8a5810bc9aa1a39e5d7e44,REGISTERED,12954,Dexamethasone + Tobramycin,100 mg + 300 mg/100 gm,AMBIGUOUS,AMBIGUOUS_SHARED_DENOMINATOR
SRCR-f6d10951193026397355a509,REGISTERED,12961,Benzathine Penicillin,12 Lac Unit/vial,FAILED,UNSUPPORTED_STRENGTH_PATTERN
SRCR-1cc18dbcd17ace19aca62b54,REGISTERED,12962,Benzathine Penicillin,6 Lac Unit/vial,FAILED,UNSUPPORTED_STRENGTH_PATTERN
SRCR-740d1de2b536c618c070b98d,REGISTERED,12964,Benzyl Penicillin,10 Lac Unit,FAILED,UNSUPPORTED_STRENGTH_PATTERN
SRCR-bd62db1499dbf0dc5fd86fc1,REGISTERED,12965,Benzyl Penicillin,5 Lac Unit,FAILED,UNSUPPORTED_STRENGTH_PATTERN
SRCR-ff6017c4cd5ee7d983540bdf,REGISTERED,12983,Phenylepherine Hydrochloride + Tropicamide,50 mg + 8 mg/ml,AMBIGUOUS,AMBIGUOUS_SHARED_DENOMINATOR
SRCR-f0bd5b251f03bc396f13cefc,REGISTERED,12984,Ciprofloxacin + Dexamethasone,300 mg + 100 mg/100 ml,AMBIGUOUS,AMBIGUOUS_SHARED_DENOMINATOR
SRCR-b48a85f94a99556b5436b8de,REGISTERED,12985,Nicotinamide + Pantothenic acid + Pyridoxine Hydrochloride + Riboflavin + Vitamin A + Vitamin B1 + Vitamin C + Vitamin D,10 mg + 5 mg + 1 mg + 1 mg + 5000 IU + 1.6 mg + 50 mg + 1000 IU/ml,AMBIGUOUS,AMBIGUOUS_SHARED_DENOMINATOR
SRCR-8061470912571fdd456af5fa,REGISTERED,12994,Betamethasone + Fusidic Acid,100 mg + 2 gm/100 gm,AMBIGUOUS,AMBIGUOUS_SHARED_DENOMINATOR
SRCR-21df050de76b553d1f4f2275,REGISTERED,12995,Amoxicillin + Clavulanic Acid,125 mg + 31.25 mg/5 ml,AMBIGUOUS,AMBIGUOUS_SHARED_DENOMINATOR
SRCR-3c44b01b7a2fbb79b842df60,REGISTERED,13005,Nystatin,5 Lac Unit,FAILED,UNSUPPORTED_STRENGTH_PATTERN
SRCR-d16fe06cae036046832c9123,REGISTERED,13006,Gramicidin + Neomycin Sulphate + Nystatin + Triamcinolone Acetonide,25 mg + 250 mg + 100 Lac IU + 100 mg/100 gm,AMBIGUOUS,AMBIGUOUS_SHARED_DENOMINATOR
SRCR-7cb058e943f335a0c3b79813,REGISTERED,13037,Brimonidine Tartrate + Timolol Maleate,200 mg + 500 mg/100 ml,AMBIGUOUS,AMBIGUOUS_SHARED_DENOMINATOR
SRCR-13498241318aa5b23ca14a22,REGISTERED,13051,Dexamethasone + Moxifloxacin,100 mg + 500 mg/100 ml,AMBIGUOUS,AMBIGUOUS_SHARED_DENOMINATOR
SRCR-70f31b885a71fb589ff0f851,REGISTERED,13057,Fusidic Acid + Hydrocortisone Acetate,2 gm + 1 gm/100 gm,AMBIGUOUS,AMBIGUOUS_SHARED_DENOMINATOR
SRCR-7f2ca6ce72b76d4e137edd88,REGISTERED,13059,Diphenhydramine Hydrochloride + Guaiphenesin + Levomenthol,280 mg + 2000 mg + 22 mg/100 ml,AMBIGUOUS,AMBIGUOUS_SHARED_DENOMINATOR
SRCR-82d50461c675307077d8334f,REGISTERED,13065,Chloramphenicol + Dexamethasone,5 mg + 1 mg/ml,AMBIGUOUS,AMBIGUOUS_SHARED_DENOMINATOR
SRCR-24315024cbfdc111f46a1505,REGISTERED,13066,Dexamethasone + Tobramycin,100 mg + 300 mg/100 ml,AMBIGUOUS,AMBIGUOUS_SHARED_DENOMINATOR
SRCR-0852522fb9197afe150ab66f,REGISTERED,13067,Ciprofloxacin + Dexamethasone,300 mg + 100 mg/100 ml,AMBIGUOUS,AMBIGUOUS_SHARED_DENOMINATOR
SRCR-ba76ab1789881c6d75233030,REGISTERED,13070,Dexamethasone + Tobramycin,100 mg + 300 mg/100 gm,AMBIGUOUS,AMBIGUOUS_SHARED_DENOMINATOR
SRCR-cd3dab14100b51d7eefa4f02,REGISTERED,13071,Betamethasone Sodium Phosphate + Neomycin Sulphate,100 mg + 500 mg/100 gm,AMBIGUOUS,AMBIGUOUS_SHARED_DENOMINATOR
SRCR-b3c9036a2c1450044e567741,REGISTERED,13073,Diclofenac + Lidocaine Hydrochloride,75 mg + 20 mg/2 ml,AMBIGUOUS,AMBIGUOUS_SHARED_DENOMINATOR
SRCR-736bff8751bc34124faf5a86,REGISTERED,13074,Cyanocobalamin + Pyridoxine Hydrochloride + Vitamin B1,1 mg + 100 mg + 100 mg/3 ml,AMBIGUOUS,AMBIGUOUS_SHARED_DENOMINATOR
SRCR-8a8a6350a95f1c5dff30e245,REGISTERED,13080,Adenosine + Cytochrome C + Nicotinamide + Sodium Succinate,200 mg + 50 mg + 1 gm + 60 mg/100 ml,AMBIGUOUS,AMBIGUOUS_SHARED_DENOMINATOR
SRCR-732f0be07ea41b36575eb427,REGISTERED,13083,Brimonidine Tartrate + Timolol Maleate,200 mg + 500 mg/100 ml,AMBIGUOUS,AMBIGUOUS_SHARED_DENOMINATOR
SRCR-3998f903876955c47618679e,REGISTERED,13092,Phenylepherine Hydrochloride + Tropicamide,50 mg + 8 mg/ml,AMBIGUOUS,AMBIGUOUS_SHARED_DENOMINATOR
SRCR-240a62af25ed360c43020e57,REGISTERED,13093,Polyethylene Glycol 400 + Propylene Glycol,400 mg + 300 mg/100 ml,AMBIGUOUS,AMBIGUOUS_SHARED_DENOMINATOR
SRCR-503ffe0805e8eb9996dd9596,REGISTERED,13100,Enoxaprin,40 mg/.4 ml,FAILED,UNSUPPORTED_STRENGTH_PATTERN
SRCR-414bbac70f045f518a8cbf32,REGISTERED,13101,Enoxaprin,60 mg/.6 ml,FAILED,UNSUPPORTED_STRENGTH_PATTERN
SRCR-f36e9c9b6a6c4563d891cef8,REGISTERED,13112,Poly (0-2 Hydroxyethyl Starch (Hydroxyethyl 130/0.4) + Sodium Chloride,60 gm + 9 gm/1000 ml,AMBIGUOUS,AMBIGUOUS_SHARED_DENOMINATOR
SRCR-5e14fb9efb329d201783730b,REGISTERED,13116,Calcium Chloride + Magnessium Chloride + Potassium Chloride + Sodium Acetate + Sodium Chloride + Sodium Citrate,48 mg + 30 mg + 75 mg + 390 mg + 490 mg + 170 mg/100 ml,AMBIGUOUS,AMBIGUOUS_SHARED_DENOMINATOR
SRCR-b34d0f2242873e13073192cd,REGISTERED,13120,Potassium Chloride + Rice Powder (Pregelatineized) + Sodium Chloride + Trisodium Citrate,.75 gm + 25 gm + 1.3 gm + 1.45 gm/500 ml,AMBIGUOUS,AMBIGUOUS_SHARED_DENOMINATOR
SRCR-62000081b1085e00f7b98ed4,REGISTERED,13122,Naphazoline Nitrate + Zinc Sulphate,5 mg + 20 mg/100 ml,AMBIGUOUS,AMBIGUOUS_SHARED_DENOMINATOR
SRCR-4bf613d69c793a52621f56cc,REGISTERED,13127,Loteprednol Etabonate + Tobramycin,.5 gm + .3 gm/100 ml,AMBIGUOUS,AMBIGUOUS_SHARED_DENOMINATOR
SRCR-97e1030fcedd92e5902886ef,REGISTERED,13128,Dexamethasone + Gatifloxacin,100 mg + 300 mg/100 ml,AMBIGUOUS,AMBIGUOUS_SHARED_DENOMINATOR
SRCR-e7fc673e1b7ee71791886e48,REGISTERED,13136,Gentamicin + Hydrocortisone Acetate,300 mg + 1 gm/100 ml,AMBIGUOUS,AMBIGUOUS_SHARED_DENOMINATOR
SRCR-9d6e1d31652bf4639066204f,REGISTERED,13140,Brinzolamide + Timolol,1 gm + 500 mg/100 ml,AMBIGUOUS,AMBIGUOUS_SHARED_DENOMINATOR
SRCR-4b0d3c0c18a819019e12cbe2,REGISTERED,13142,Liquid Paraffin + White Soft Paraffin + Wool Alcohol,42.5 gm + 57.3 gm + 200 mg/100 gm,AMBIGUOUS,AMBIGUOUS_SHARED_DENOMINATOR
SRCR-4120b55d7534590d6c8ec58f,REGISTERED,13144,Brimonidine Tartrate + Brinzolamide,200 mg + 1 gm/100 ml,AMBIGUOUS,AMBIGUOUS_SHARED_DENOMINATOR
SRCR-45bc6f2a3a362e80f2884e1c,REGISTERED,13169,Dexamethasone + Moxifloxacin,100 mg + 500 mg/100 ml,AMBIGUOUS,AMBIGUOUS_SHARED_DENOMINATOR
SRCR-06c15efa73787cdfd0582469,REGISTERED,13171,Gatifloxacin + Loteprednol Etabonate,300 mg + 500 mg/100 ml,AMBIGUOUS,AMBIGUOUS_SHARED_DENOMINATOR
SRCR-d6b10f8dc7ca014a09a419b6,REGISTERED,13179,Lidocaine Hydrochloride + Phenylephrine Hydrochloride + Tropicamide,6 mg + 1.86 mg + 120 mcg/.6 ml,AMBIGUOUS,AMBIGUOUS_SHARED_DENOMINATOR
SRCR-2b2c478e681dde854b9976a5,REGISTERED,13193,Dexamethasone + Levofloxacin,100 mg + 500 mg/100 ml,AMBIGUOUS,AMBIGUOUS_SHARED_DENOMINATOR
SRCR-8d96f1b331bd9d94e890bc49,REGISTERED,13252,Hydrocortisone + Miconazole Nitrate,1 gm + 2 gm/100 gm,AMBIGUOUS,AMBIGUOUS_SHARED_DENOMINATOR
SRCR-5da6549aead91bcbb434c228,REGISTERED,13253,Aluminium Oxide + Magnesium Hydroxide,175 mg + 225 mg/5 ml,AMBIGUOUS,AMBIGUOUS_SHARED_DENOMINATOR
SRCR-1fcc7311bc8abe949def3197,REGISTERED,13256,Benzoic Acid + Salicylic Acid,60 mg + 30 mg/gm,AMBIGUOUS,AMBIGUOUS_SHARED_DENOMINATOR
SRCR-bd6f1c8a7da7882a9a89506c,REGISTERED,13261,Nicotinamide + Pyridoxine Hydrochloride + Riboflavin + Vitamin B1,20 mg + 2 mg + 2 mg + 5 mg/5 ml,AMBIGUOUS,AMBIGUOUS_SHARED_DENOMINATOR
SRCR-0eb511df9d2bb259f4edcf00,REGISTERED,13264,Sulphamethoxazole + Trimethoprim,200 mg + 40 mg/5 ml,AMBIGUOUS,AMBIGUOUS_SHARED_DENOMINATOR
SRCR-ce8b038217e7bddabe9fd569,REGISTERED,13288,Bacitracin Zinc + Neomycin Sulphate,500 IU + 5 mg/gm,AMBIGUOUS,AMBIGUOUS_SHARED_DENOMINATOR
SRCR-cfac7e208e951f2d8bd32af7,REGISTERED,13329,Econazole Nitrate + Triamcinolone Acetonide,1 gm + 100 mg/100 gm,AMBIGUOUS,AMBIGUOUS_SHARED_DENOMINATOR
SRCR-5aaf66fc0b98593a1150a8ac,REGISTERED,13350,Amoxicillin + Clavulanic Acid,125 mg + 31.25 mg/5 ml,AMBIGUOUS,AMBIGUOUS_SHARED_DENOMINATOR
SRCR-f05c6a03c71b6d2323210bb0,REGISTERED,13451,Menthol + Methyl Salicylate,10 gm + 15 gm/100 gm,AMBIGUOUS,AMBIGUOUS_SHARED_DENOMINATOR
SRCR-6d50e90624e8912ddddd16aa,REGISTERED,13453,Ascorbic Acid + Cod Liver Oil + Nicotinamide + Pyridoxine Hydrochloride + Riboflavin + Vitamin A + Vitamin B1 + Vitamin D3 + Vitamin E,17.5 mg + 100 mg + 9 mg + .35 mg + .85 mg + 2000 IU + .7 mg + 200 IU + 1.5 mg/5 ml,AMBIGUOUS,AMBIGUOUS_SHARED_DENOMINATOR
SRCR-ab396d329c23266000a43adb,REGISTERED,13455,Bacitracin Zinc + Neomycin Sulphate + Polymixin B Sulphate,400 IU + 3.5 mg + 5000 IU/gm,AMBIGUOUS,AMBIGUOUS_SHARED_DENOMINATOR
SRCR-72939bf68999357ffe22f0a8,REGISTERED,13472,Niacinamide + Pyridoxine Hydrochloride + Riboflavin + Vitamin B1 + Zinc,20 mg + 2 mg + 2 mg + 5 mg + 10 mg/5 ml,AMBIGUOUS,AMBIGUOUS_SHARED_DENOMINATOR
SRCR-3fa23fb87374401115a818aa,REGISTERED,13473,Eucalypytol + Menthol + Methyl Salicylate + Thymol,92 mg + 42 mg + 60 mg + 64 mg/100 ml,AMBIGUOUS,AMBIGUOUS_SHARED_DENOMINATOR
SRCR-07c03810db7f634f046f43b7,REGISTERED,13489,Benzocaine + Camphor + Menthol + Phenol,20 gm + 250 mg + 250 mg + 450 mg/100 ml,AMBIGUOUS,AMBIGUOUS_SHARED_DENOMINATOR
SRCR-db248048cea0fed39c55b983,REGISTERED,13490,Benzocaine + Camphor + Menthol + Phenol,6.5 gm + 250 mg + 250 mg + 450 mg/100 ml,AMBIGUOUS,AMBIGUOUS_SHARED_DENOMINATOR
SRCR-29ef80e9c9a626b54cc6f6af,REGISTERED,13506,Clobetasol Propionate + Salicylic Acid,.05 gm + 3 gm/100 gm,AMBIGUOUS,AMBIGUOUS_SHARED_DENOMINATOR
SRCR-a855899d6bab9142045d7ead,REGISTERED,13507,Potassium Chloride + Rice Powder (Pregelatineized) + Sodium Chloride + Trisodium Citrate,.75 gm + 25 gm + 1.3 gm + 1.45 gm/500 ml,AMBIGUOUS,AMBIGUOUS_SHARED_DENOMINATOR
SRCR-8385bd0e245a57fa82b1b6ce,REGISTERED,13522,Cetalkonium Chloride + Choline Salicylate,.01 gm + 8.714 gm/100 gm,AMBIGUOUS,AMBIGUOUS_SHARED_DENOMINATOR
SRCR-37a997fa205adb6fa2f9ce0b,REGISTERED,13544,Clindamycin Phosphate + Tretinoin,1.2 gm + .025 gm/100 gm,AMBIGUOUS,AMBIGUOUS_SHARED_DENOMINATOR
SRCR-b644390c88b8af6f659c1472,REGISTERED,13548,Eucalypytol + Menthol + Thymol,.091 gm + .042 gm + .063 gm/100 ml,AMBIGUOUS,AMBIGUOUS_SHARED_DENOMINATOR
SRCR-9c9e028d9cd5b0ffa01395ea,REGISTERED,13575,Condroitin Sulphate Sodium + Glucosamine Sulphate,3 gm + 2 gm/100 gm,AMBIGUOUS,AMBIGUOUS_SHARED_DENOMINATOR
SRCR-24867ae4680f2503dc703548,REGISTERED,13616,Eucalypytol + Menthol + Methyl Salicylate + Thymol,92 mg + 42 mg + 60 mg + 64 mg/100 ml,AMBIGUOUS,AMBIGUOUS_SHARED_DENOMINATOR
SRCR-cc3e6d6b493de6132f69423b,REGISTERED,13651,Diphenhydramine Hydrochloride + Guaiphenesin + Levomenthol,280 mg + 2000 mg + 22 mg/100 ml,AMBIGUOUS,AMBIGUOUS_SHARED_DENOMINATOR
SRCR-c5d0e09906fb3838b17dfcfc,REGISTERED,13652,Dextromethorphan Hydrobromide + Guaiphenesin + Menthol,300 mg + 4 gm + 300 mg/100 ml,AMBIGUOUS,AMBIGUOUS_SHARED_DENOMINATOR
SRCR-094fc338eb5c0b7a2dce0024,REGISTERED,13657,Ethyl Alcohol + Isopropyl Alcohol,66 ml + 3.5 ml/100 ml,AMBIGUOUS,AMBIGUOUS_SHARED_DENOMINATOR
SRCR-4fe778ac5614e0378465bdb0,REGISTERED,13666,Calcium Dobesilate + Dexamethasone Acetate + Lidocaine Hydrochloride,4 gm + 25 mg + 2 gm/100 gm,AMBIGUOUS,AMBIGUOUS_SHARED_DENOMINATOR
SRCR-0faaad00c81df13e0c84c807,REGISTERED,13669,Calcium Carbonate + Sodium Alginate + Sodium Bicarbonate,1.6 gm + 5 gm + 2.6 gm/100 ml,AMBIGUOUS,AMBIGUOUS_SHARED_DENOMINATOR
SRCR-06713b2108f85cb1205e038c,REGISTERED,13698,Citric Acid Monohydrate + Potassium Citrate,5 gm + 30 gm/100 ml,AMBIGUOUS,AMBIGUOUS_SHARED_DENOMINATOR
SRCR-788f0acea7998c38ac65f39e,REGISTERED,13699,Glycerol + Liquid Paraffin + White Soft Paraffin,10 gm + 10 gm + 5 gm/100 gm,AMBIGUOUS,AMBIGUOUS_SHARED_DENOMINATOR
SRCR-0cbfd05cddb71747b394fafc,REGISTERED,13713,Clobetasol Propionate + Ofloxacin + Ornidazole + Terbinafine Hydrochloride,.05 gm + .75 gm + 2 gm + 1 gm/100 gm,AMBIGUOUS,AMBIGUOUS_SHARED_DENOMINATOR
SRCR-3c71bd03654b667a2fc05d67,REGISTERED,13738,Benzydamine Hydrochloride + Chlorhexidine Gluconate,150 mg + 120 mg/100 ml,AMBIGUOUS,AMBIGUOUS_SHARED_DENOMINATOR
SRCR-5c26d67a6e106d17b16534b8,REGISTERED,13748,Benzoic Acid + Malic Acid + Salicylic Acid,50 mg + 700 mg + 13.3 mg/100 gm,AMBIGUOUS,AMBIGUOUS_SHARED_DENOMINATOR
SRCR-b0fdb18a067c761fbd5128d2,REGISTERED,13754,Clorsulon + Ivermectin,500 mg + 50 mg/5 ml,AMBIGUOUS,AMBIGUOUS_SHARED_DENOMINATOR
SRCR-51a4abacf7f233dfdc895a76,REGISTERED,13755,Clorsulon + Ivermectin,3 gm + 300 mg/30 ml,AMBIGUOUS,AMBIGUOUS_SHARED_DENOMINATOR
SRCR-78ac133bc4f6503a37b836ec,REGISTERED,13760,Butaphosphan + Cyanocobalamin,10 gm + 5 mg/100 ml,AMBIGUOUS,AMBIGUOUS_SHARED_DENOMINATOR
SRCR-7535f06401fd0174ffedc7be,REGISTERED,13762,Dexamethasone Sodium Phosphate + Prednisolone,40 mg + 200 mg/10 ml,AMBIGUOUS,AMBIGUOUS_SHARED_DENOMINATOR
SRCR-a3325d0761f96046ffa0058b,REGISTERED,13770,Vitamin A + Vitamin D3 + Vitamin E,1 Lac IU + 20000 IU + 20 mg/ml,AMBIGUOUS,AMBIGUOUS_SHARED_DENOMINATOR
SRCR-05ab781b781173cde543a034,REGISTERED,13775,Amprolium + Sulfaquinoxaline Sodium + Vitamin K,170 gm + 170 gm + 1 gm/KG,AMBIGUOUS,AMBIGUOUS_SHARED_DENOMINATOR
SRCR-df6f20d2eedfa110538dc3c1,REGISTERED,13780,Sulphadiazine + Trimethoprim,40 gm + 8 gm/100 ml,AMBIGUOUS,AMBIGUOUS_SHARED_DENOMINATOR
SRCR-0a05383c5335716f3877fbfd,REGISTERED,13782,Bromhexine Hydrochloride + Phenylbutazone,1 gm + 5 gm/100 ml,AMBIGUOUS,AMBIGUOUS_SHARED_DENOMINATOR
SRCR-09b27d202fcb7333520fce55,REGISTERED,13795,Butaphosphan + Cyanocobalamin,10 gm + 5 mg/100 ml,AMBIGUOUS,AMBIGUOUS_SHARED_DENOMINATOR
SRCR-e4c64a11f23b1083fd3c015a,REGISTERED,13858,Cefuroxime + Clavulanic Acid,125 mg + 31.25 mg/5 ml,AMBIGUOUS,AMBIGUOUS_SHARED_DENOMINATOR
SRCR-3879f2411ce3897f47921b37,REGISTERED,13861,Dextrose Anhydrous + Fructose + Potassium Chloride + Sodium Bicarbonate + Sodium Chloride + Sucrose,4.09 gm + 70 mg + 380 mg + 420 mg + 440 mg + 8.07 gm/250 ml,AMBIGUOUS,AMBIGUOUS_SHARED_DENOMINATOR
SRCR-5667017c03c10ebbe115ab95,REGISTERED,13862,Empty Hard Gelatin Capsule,0 Size,FAILED,UNSUPPORTED_STRENGTH_PATTERN
SRCR-f6bf010841946c4abbea74eb,REGISTERED,13863,Empty Hard Gelatin Capsule,1 Size,FAILED,UNSUPPORTED_STRENGTH_PATTERN
SRCR-ea9389bba3862cee6b16c82e,REGISTERED,13864,Empty Hard Gelatin Capsule,2 Size,FAILED,UNSUPPORTED_STRENGTH_PATTERN
SRCR-c1f2f6e9c67bccae27b4de7c,REGISTERED,13865,Empty Hard Gelatin Capsule,3 Size,FAILED,UNSUPPORTED_STRENGTH_PATTERN
SRCR-9f6c39733a484e83dec0f270,REGISTERED,13866,Empty Hard Gelatin Capsule,4 Size,FAILED,UNSUPPORTED_STRENGTH_PATTERN
SRCR-5f96de8690274e237a09b943,REGISTERED,13867,Empty Hard Gelatin Capsule,0 Size,FAILED,UNSUPPORTED_STRENGTH_PATTERN
SRCR-108aa32fd158e164cc09074c,REGISTERED,13878,Sulphamethoxazole + Trimethoprim,200 mg + 40 mg/5 ml,AMBIGUOUS,AMBIGUOUS_SHARED_DENOMINATOR
SRCR-f71913000444f814e31dd699,REGISTERED,13887,Ascorbic Acid + Biotin + Cyanocobalamin + Folic Acid + Nicotinamide + Pantothenic acid + Pyridoxine Hydrochloride + Riboflavin + Vitamin B1,5 mg + 15 mcg + 100 mcg + 250 mcg + 7.5 mg + 4.5 mg + 1.5 mg + 4 mg + 2 mg/gm,AMBIGUOUS,AMBIGUOUS_SHARED_DENOMINATOR
SRCR-471846558e492869eb5b0c5f,REGISTERED,13902,Ammonium Bicarbonate + Gentian + Ginger + Nux vomica + Sodium Bicarbonate,25 gm + 1.5 gm + 1.5 gm + 7 gm + 65 gm/100 gm,AMBIGUOUS,AMBIGUOUS_SHARED_DENOMINATOR
SRCR-8a8cc6de5770dc19aff84ee2,REGISTERED,13925,Diclofenac + Lidocaine Hydrochloride,75 mg + 20 mg/2 ml,AMBIGUOUS,AMBIGUOUS_SHARED_DENOMINATOR
SRCR-0c4c8e5642305d04498cc231,REGISTERED,13950,Hydrocortisone + Miconazole Nitrate,1 gm + 2 gm/100 gm,AMBIGUOUS,AMBIGUOUS_SHARED_DENOMINATOR
SRCR-32b3acae4efa1c86eb93feb8,REGISTERED,13956,Nicotinamide + Pantothenic acid + Pyridoxine Hydrochloride + Riboflavin + Vitamin A + Vitamin B1 + Vitamin C + Vitamin D,10 mg + 5 mg + 1 mg + 1 mg + 5000 IU + 1.6 mg + 50 mg + 1000 IU/ml,AMBIGUOUS,AMBIGUOUS_SHARED_DENOMINATOR
SRCR-1ca2b1c92b3c7b797add8c4f,REGISTERED,13968,Aluminium Oxide + Magnesium Trisilicate,200 mg + 250 mg/5 ml,AMBIGUOUS,AMBIGUOUS_SHARED_DENOMINATOR
SRCR-79e2aa8a3b84c23bed2c645b,REGISTERED,13970,Aluminium Oxide + Magnesium Hydroxide,175 mg + 225 mg/5 ml,AMBIGUOUS,AMBIGUOUS_SHARED_DENOMINATOR
SRCR-ee58e1b84d4a9790636617f5,REGISTERED,13971,Aluminium Oxide + Magnesium Hydroxide + Simethicone,200 mg + 400 mg + 30 mg/5 ml,AMBIGUOUS,AMBIGUOUS_SHARED_DENOMINATOR
SRCR-96af403fdd4138ce26f9f35b,REGISTERED,13988,Nicotinamide + Pyridoxine Hydrochloride + Riboflavin + Vitamin B1,20 mg + 2 mg + 2 mg + 5 mg/5 ml,AMBIGUOUS,AMBIGUOUS_SHARED_DENOMINATOR
SRCR-d88ec843ecf16a76cc2b1d05,REGISTERED,13989,D-Panthenol + Nicotinamide + Pyridoxine Hydrochloride + Riboflavin + Vitamin B1,5 mg + 100 mg + 10 mg + 4 mg + 50 mg/2 ml,AMBIGUOUS,AMBIGUOUS_SHARED_DENOMINATOR
SRCR-c562b21db0e6b407da1b4a72,REGISTERED,14001,Sulphamethoxazole + Trimethoprim,10 gm + 2 gm/100 ml,AMBIGUOUS,AMBIGUOUS_SHARED_DENOMINATOR
SRCR-aaaa2c9fcf6c385902723974,REGISTERED,14059,Cyanocobalamin + Nicotinamide + Pyridoxine Hydrochloride + Riboflavin + Vitamin B1,5 mg + 5 gm + 500 mg + 150 mg + 2.5 gm/100 ml,AMBIGUOUS,AMBIGUOUS_SHARED_DENOMINATOR
SRCR-1ffd2e275a527b7a5a425e60,REGISTERED,14060,Cyanocobalamin + Pyridoxine Hydrochloride + Vitamin B1,1 mg + 100 mg + 100 mg/3 ml,AMBIGUOUS,AMBIGUOUS_SHARED_DENOMINATOR
SRCR-e9bc35e728ed15ea4625398e,REGISTERED,14218,Dexamethasone + Tobramycin,100 mg + 300 mg/100 ml,AMBIGUOUS,AMBIGUOUS_SHARED_DENOMINATOR
SRCR-128379ce2e0652624d970d92,REGISTERED,14224,Chloramphenicol + Dexamethasone,5 mg + 1 mg/ml,AMBIGUOUS,AMBIGUOUS_SHARED_DENOMINATOR
SRCR-d0c9f17747f0a69ca68c60dd,REGISTERED,14226,Ciprofloxacin + Dexamethasone,300 mg + 100 mg/100 ml,AMBIGUOUS,AMBIGUOUS_SHARED_DENOMINATOR
SRCR-e26497f28d117150c341e78b,REGISTERED,14229,Polyethylene Glycol 400 + Propylene Glycol,400 mg + 300 mg/100 ml,AMBIGUOUS,AMBIGUOUS_SHARED_DENOMINATOR
SRCR-df4a6d3fac3f7ac0d394ae9e,REGISTERED,14241,Doxycycline Hydrochloride + Tylosin Tartrate,250 mg + 200 mg/gm,AMBIGUOUS,AMBIGUOUS_SHARED_DENOMINATOR
SRCR-73faf15077148fe9267be590,REGISTERED,14248,Cefuroxime + Clavulanic Acid,125 mg + 31.25 mg/5 ml,AMBIGUOUS,AMBIGUOUS_SHARED_DENOMINATOR
SRCR-134dcb9d6db447bb3b2a1f82,REGISTERED,14266,Calcium Chloride + D-Pantothenol + DL-Methionine + Dextrose + L-Arginine Hcl + L-Cysteine Hcl + L-Histidine Hcl + L-Isolencine + L-Leucine + L-Lysine HCl + L-Phenylalamine + L-Threonine + L-Tryptophane + L-Valine + Magnesium Sulphate + Monosodium Glutamate + Nicotinamide + Potassium Chloride + Pyridoxine + Riboflavin + Sodium Acetate + Thiamine Hydrochloride,2 mg + .1 mg + .525 mg + 50 mg + 1.425 mg + .02 mg + .02 mg + .525 mg + .6 mg + .525 mg + .35 mg + .35 mg + .175 mg + .525 mg + 2 mg + .08 mg + 3 mg + 2 mg + .1 mg + .05 mg + 7.5 mg + .1 mg/ml,AMBIGUOUS,AMBIGUOUS_SHARED_DENOMINATOR
SRCR-8cebef634075e485e9024c81,REGISTERED,14270,Brimonidine Tartrate + Timolol Maleate,200 mg + 500 mg/100 ml,AMBIGUOUS,AMBIGUOUS_SHARED_DENOMINATOR
SRCR-d2511d8ffa8e73b045fbbea7,REGISTERED,14272,Dexamethasone + Gatifloxacin,100 mg + 300 mg/100 ml,AMBIGUOUS,AMBIGUOUS_SHARED_DENOMINATOR
SRCR-4e5b99773e6bcb0baf5ff248,REGISTERED,14281,Loteprednol Etabonate + Tobramycin,.5 gm + .3 gm/100 ml,AMBIGUOUS,AMBIGUOUS_SHARED_DENOMINATOR
SRCR-d414b42b07a16b50814623d3,REGISTERED,14303,Econazole Nitrate + Triamcinolone Acetonide,1 gm + 100 mg/100 gm,AMBIGUOUS,AMBIGUOUS_SHARED_DENOMINATOR
SRCR-5b79bc3f364f92b5f2e0c4b7,REGISTERED,14322,Enoxaprin,40 mg/.4 ml,FAILED,UNSUPPORTED_STRENGTH_PATTERN
SRCR-f8936ae5cc21709c68dd4ad3,REGISTERED,14323,Enoxaprin,60 mg/.6 ml,FAILED,UNSUPPORTED_STRENGTH_PATTERN
SRCR-a5e0a25dbd5f4eb50492d58f,REGISTERED,14328,Potassium Bicarbonate + Sodium Alginate,100 mg + 500 mg/5 ml,AMBIGUOUS,AMBIGUOUS_SHARED_DENOMINATOR
SRCR-2ff7e6ba14e67883528fe2c9,REGISTERED,14338,Diphenhydramine Hydrochloride + L-Menthol,280 mg + 40 mg/100 ml,AMBIGUOUS,AMBIGUOUS_SHARED_DENOMINATOR
SRCR-559310ca0a14ac861321c23f,REGISTERED,14340,Betamethasone + Salicylic Acid,50 mg + 3 gm/100 gm,AMBIGUOUS,AMBIGUOUS_SHARED_DENOMINATOR
SRCR-f8893d3c75cc59c1015b5cf7,REGISTERED,14344,Menthol + Methyl Salicylate,10 gm + 15 gm/100 gm,AMBIGUOUS,AMBIGUOUS_SHARED_DENOMINATOR
SRCR-a0dbe50e4999e742c7c18f1c,REGISTERED,14345,Menthol + Methyl Salicylate,8 gm + 30 gm/100 gm,AMBIGUOUS,AMBIGUOUS_SHARED_DENOMINATOR
SRCR-d3dc6cf125fb936968622f9d,REGISTERED,14358,Fluorometholone + Gentamicin,100 mg + 300 mg/100 ml,AMBIGUOUS,AMBIGUOUS_SHARED_DENOMINATOR
SRCR-822c9121026345aa53a177e2,REGISTERED,14360,Elemental Iron + Nicotinamide + Pyridoxine Hydrochloride + Riboflavin + Vitamin B1 + Zinc,50 mg + 20 mg + 2 mg + 2 mg + 5 mg + 10 mg/5 ml,AMBIGUOUS,AMBIGUOUS_SHARED_DENOMINATOR
SRCR-18cacf36e8cd5c0a8e5d0a21,REGISTERED,14364,Ascorbic Acid + Cod Liver Oil + Nicotinamide + Pyridoxine Hydrochloride + Riboflavin + Vitamin A + Vitamin B1 + Vitamin D3 + Vitamin E,17.5 mg + 100 mg + 9 mg + .35 mg + .85 mg + 2000 IU + .7 mg + 200 IU + 1.5 mg/5 ml,AMBIGUOUS,AMBIGUOUS_SHARED_DENOMINATOR
SRCR-6599e817486c05edcf095ee0,REGISTERED,14367,Cyanocobalamin + Toldimfos Sodium,5 mg + 20 gm/100 ml,AMBIGUOUS,AMBIGUOUS_SHARED_DENOMINATOR
SRCR-e4c4f661f93e61393035213b,REGISTERED,14379,Dextromethorphan Hydrobromide + Guaiphenesin + Menthol,300 mg + 4 gm + 300 mg/100 ml,AMBIGUOUS,AMBIGUOUS_SHARED_DENOMINATOR
SRCR-62ca788a2574d70c0427d4ce,REGISTERED,14381,Calcium Carbonate + Sodium Alginate + Sodium Bicarbonate,1.6 gm + 5 gm + 2.6 gm/100 ml,AMBIGUOUS,AMBIGUOUS_SHARED_DENOMINATOR
SRCR-77eedf2f6200ba86323a3896,REGISTERED,14384,Calcium Carbonate + Sodium Alginate + Sodium Bicarbonate,3.25 gm + 5 gm + 2.13 gm/100 ml,AMBIGUOUS,AMBIGUOUS_SHARED_DENOMINATOR
SRCR-bd34cf3448099c39ee6e6772,REGISTERED,14394,Sulphamethoxazole + Trimethoprim,200 mg + 40 mg/5 ml,AMBIGUOUS,AMBIGUOUS_SHARED_DENOMINATOR
SRCR-f9f71bbe3a6276086a941645,REGISTERED,14395,Nicotinamide + Pyridoxine Hydrochloride + Riboflavin + Vitamin B1,20 mg + 2 mg + 2 mg + 5 mg/5 ml,AMBIGUOUS,AMBIGUOUS_SHARED_DENOMINATOR
SRCR-ad540f546b77df78326d9594,REGISTERED,14440,Cyanocobalamin + Pyridoxine Hydrochloride + Vitamin B1,1 mg + 100 mg + 100 mg/3 ml,AMBIGUOUS,AMBIGUOUS_SHARED_DENOMINATOR
SRCR-6711c7b8be5d77cf201b4578,REGISTERED,14450,Diclofenac + Lidocaine Hydrochloride,75 mg + 20 mg/2 ml,AMBIGUOUS,AMBIGUOUS_SHARED_DENOMINATOR
SRCR-275e5b7798a70748449d8789,REGISTERED,14454,Ascorbic Acid + Cod Liver Oil + Nicotinamide + Pyridoxine Hydrochloride + Riboflavin + Vitamin A + Vitamin B1 + Vitamin D3 + Vitamin E,17.5 mg + 100 mg + 9 mg + .35 mg + .85 mg + 2000 IU + .7 mg + 200 IU + 1.5 mg/5 ml,AMBIGUOUS,AMBIGUOUS_SHARED_DENOMINATOR
SRCR-e71dac1fbab2ba1c8bf25e97,REGISTERED,14465,Nicotinamide + Pyridoxine Hydrochloride + Riboflavin + Vitamin B1 + Zinc,400 mg + 40 mg + 50 mg + 100 mg + 200 mg/100 ml,AMBIGUOUS,AMBIGUOUS_SHARED_DENOMINATOR
SRCR-1500ec09951fb4d2e2526a03,REGISTERED,14480,Dextrose Anhydrous + Potassium Chloride + Sodium Chloride + Trisodium Citrate,20 gm + 1.5 gm + 3.5 gm + 2.9 gm/Litres,AMBIGUOUS,AMBIGUOUS_SHARED_DENOMINATOR
SRCR-82510474a4a8d80b5c1946c1,REGISTERED,14500,Aluminium Oxide + Magnesium Trisilicate,200 mg + 250 mg/5 ml,AMBIGUOUS,AMBIGUOUS_SHARED_DENOMINATOR
SRCR-620c9c895224e9bb3d4e5901,REGISTERED,14503,Cetrimide + Chlorhexidine Gluconate,3 gm + 300 mg/100 ml,AMBIGUOUS,AMBIGUOUS_SHARED_DENOMINATOR
SRCR-15296832c9cf532a29c758b8,REGISTERED,14509,Benzathine Penicillin,12 Lac Unit/vial,FAILED,UNSUPPORTED_STRENGTH_PATTERN
SRCR-977d1080222982f75b28399e,REGISTERED,14510,Benzathine Penicillin,6 Lac Unit/vial,FAILED,UNSUPPORTED_STRENGTH_PATTERN
SRCR-5d933c4ae3d970bfe74b57a0,REGISTERED,14511,Benzoic Acid + Salicylic Acid,60 mg + 30 mg/gm,AMBIGUOUS,AMBIGUOUS_SHARED_DENOMINATOR
SRCR-99f4604a3255b2168f62cb87,REGISTERED,14513,Dextrose Anhydrous + Potassium Chloride + Sodium Chloride + Trisodium Citrate,10 gm + 750 gm + 1.75 gm + 1.45 gm/500 ml,AMBIGUOUS,AMBIGUOUS_SHARED_DENOMINATOR
SRCR-aaca6dd5c659df57f9ee400e,REGISTERED,14530,Potassium Chloride + Sodium Acetate + Sodium Chloride,100 mg + 650 mg + 500 mg/100 ml,AMBIGUOUS,AMBIGUOUS_SHARED_DENOMINATOR
SRCR-a8ec1cadd32cf41025bd9296,REGISTERED,14537,Sulphamethoxazole + Trimethoprim,200 mg + 40 mg/5 ml,AMBIGUOUS,AMBIGUOUS_SHARED_DENOMINATOR
SRCR-11cc06a2c7386d55a0ec813c,REGISTERED,14552,Dextrose + Sodium Chloride,5 gm + 900 mg/100 ml,AMBIGUOUS,AMBIGUOUS_SHARED_DENOMINATOR
SRCR-6898857b53e53afee5b93704,REGISTERED,14561,Adrenaline + Lidocaine Hydrochloride,18 mcg + 20 mg/ml,AMBIGUOUS,AMBIGUOUS_SHARED_DENOMINATOR
SRCR-84402d0d44c362bda9911292,REGISTERED,14611,Calcium Chloride + Dextrose Anhydrous + Magnessium Chloride + Potassium Chloride + Sodium Acetate + Sodium Chloride,9 mg + 70 mg + 1.189 mg + 594.57 mg + .03 mg + 5.94 mg/100 ml,AMBIGUOUS,AMBIGUOUS_SHARED_DENOMINATOR
SRCR-5f96b85e6859abd4b208e558,REGISTERED,14612,Calcium Chloride + Potassium Chloride + Sodium Chloride,33 mg + 30 mg + 860 mg/100 ml,AMBIGUOUS,AMBIGUOUS_SHARED_DENOMINATOR
SRCR-883f5da2872da8aa58d34e6a,REGISTERED,14613,Dextrose Anhydrous + Potassium Chloride + Sodium Chloride + Trisodium Citrate,20 gm + 1.5 gm + 3.5 gm + 2.9 gm/Litres,AMBIGUOUS,AMBIGUOUS_SHARED_DENOMINATOR
SRCR-a35cf592ec6219ab2d923542,REGISTERED,14614,Potassium Chloride + Sodium Chloride + Sodium Lactate,2.7 mg + 4 mg + 7.3382 mg/100 ml,AMBIGUOUS,AMBIGUOUS_SHARED_DENOMINATOR
SRCR-f1f7045e7923adb3822f1120,REGISTERED,14643,Aluminium Oxide + Magnesium Hydroxide + Simethicone,200 mg + 400 mg + 30 mg/5 ml,AMBIGUOUS,AMBIGUOUS_SHARED_DENOMINATOR
SRCR-d7df692333675faebbb7f170,REGISTERED,14672,Nicotinamide + Pantothenic acid + Pyridoxine Hydrochloride + Riboflavin + Vitamin A + Vitamin B1 + Vitamin C + Vitamin D,10 mg + 5 mg + 1 mg + 1 mg + 5000 IU + 1.6 mg + 50 mg + 1000 IU/ml,AMBIGUOUS,AMBIGUOUS_SHARED_DENOMINATOR
SRCR-0dc2c3a066a24dc8091bd7da,REGISTERED,14691,Nicotinamide + Pyridoxine Hydrochloride + Riboflavin + Vitamin B1,20 mg + 2 mg + 2 mg + 5 mg/5 ml,AMBIGUOUS,AMBIGUOUS_SHARED_DENOMINATOR
SRCR-466f58771a124fedc60920ad,REGISTERED,14699,Bacitracin Zinc + Neomycin Sulphate,250 IU + 5 mg/gm,AMBIGUOUS,AMBIGUOUS_SHARED_DENOMINATOR
SRCR-cd8030cc7788721c295ec901,REGISTERED,14836,Dextromethorphan Hydrobromide + Guaiphenesin + Menthol,300 mg + 4 gm + 300 mg/100 ml,AMBIGUOUS,AMBIGUOUS_SHARED_DENOMINATOR
SRCR-5de5132959dbfd855cfe122f,REGISTERED,14850,Diphenhydramine Hydrochloride + Guaiphenesin + Levomenthol,280 mg + 2000 mg + 22 mg/100 ml,AMBIGUOUS,AMBIGUOUS_SHARED_DENOMINATOR
SRCR-782884a84392702903881776,REGISTERED,14851,Dextromethorphan Hydrobromide + Phenylephrine Hydrochloride + Triprolidine Hydrochloride,400 mg + 200 mg + 50 mg/100 ml,AMBIGUOUS,AMBIGUOUS_SHARED_DENOMINATOR
SRCR-313338ca7fc572a6aff270cc,REGISTERED,14862,Sulphamethoxazole + Trimethoprim,200 mg + 40 mg/5 ml,AMBIGUOUS,AMBIGUOUS_SHARED_DENOMINATOR
SRCR-c8e9779c2923ed443d57cc00,REGISTERED,14868,Cetrimide + Chlorhexidine Gluconate,3 gm + 300 mg/100 ml,AMBIGUOUS,AMBIGUOUS_SHARED_DENOMINATOR
SRCR-b23ea689b40fc0bd299667c8,REGISTERED,14869,Cetrimide + Chlorhexidine Gluconate,15 gm + 1.5 gm/100 ml,AMBIGUOUS,AMBIGUOUS_SHARED_DENOMINATOR
SRCR-ebe57c7c88209cac623bf467,REGISTERED,14873,Nicotinamide + Pyridoxine Hydrochloride + Riboflavin + Vitamin B1,20 mg + 2 mg + 2 mg + 5 mg/5 ml,AMBIGUOUS,AMBIGUOUS_SHARED_DENOMINATOR
SRCR-be857d299e2b14495d6e402f,REGISTERED,14874,Calcium Chloride + Glacial Acetic Acid + Magnessium Chloride + Potassium Chloride + Sodium Chloride,9.74 gm + 8.84 gm + 3.74 gm + 5.5 gm + 161.43 gm/1000 ml,AMBIGUOUS,AMBIGUOUS_SHARED_DENOMINATOR
SRCR-54efcd7bc986caba812731d9,REGISTERED,14876,Sodium Bicarbonate + Sodium Chloride,66 gm + 30.5 gm/Litres,AMBIGUOUS,AMBIGUOUS_SHARED_DENOMINATOR
SRCR-04933c92aa868608173a2e95,REGISTERED,14891,Calcium Chloride + Glacial Acetic Acid + Magnessium Chloride + Potassium Chloride + Sodium Chloride,9.74 gm + 8.84 gm + 3.74 gm + 5.5 gm + 161.43 gm/1000 ml,AMBIGUOUS,AMBIGUOUS_SHARED_DENOMINATOR
SRCR-136b2237824a0071b1d4f088,REGISTERED,14892,Sodium Bicarbonate + Sodium Chloride,66 gm + 30.5 gm/Litres,AMBIGUOUS,AMBIGUOUS_SHARED_DENOMINATOR
SRCR-fc172293fa3912ac370b420a,REGISTERED,14894,Acetylsalicylic Acid + Ascorbic Acid,60 gm + 6.65 gm/100 gm,AMBIGUOUS,AMBIGUOUS_SHARED_DENOMINATOR
SRCR-73fb630d484a599ccb7f0e20,REGISTERED,14898,Ammonium Bicarbonate + Gentian + Ginger + Nux vomica + Sodium Bicarbonate,25 gm + 1.5 gm + 1.5 gm + 7 gm + 65 gm/100 gm,AMBIGUOUS,AMBIGUOUS_SHARED_DENOMINATOR
SRCR-409fba736a8d5761320f8056,REGISTERED,14899,Erythromycin + Sulphadiazine + Trimethoprim,18 gm + 15 gm + 3 gm/100 gm,AMBIGUOUS,AMBIGUOUS_SHARED_DENOMINATOR
SRCR-cced6bfdc456d35de6227429,REGISTERED,14903,Sulphadiazine + Trimethoprim,40 gm + 8 gm/100 ml,AMBIGUOUS,AMBIGUOUS_SHARED_DENOMINATOR
SRCR-c136a701699515d3b4f7f76b,REGISTERED,14905,Diaverdin + Nicotinamide + Sulphadimethoxine Sodium + Sulphadimidine + Vitamin K,3 gm + 3 gm + 2 gm + 20 gm + 2 gm/100 gm,AMBIGUOUS,AMBIGUOUS_SHARED_DENOMINATOR
SRCR-6c7fd88097d888f888654574,REGISTERED,14906,Calcium Gluconate + Dextrose + Magnesium Hypophosphite,208 mg + 200 mg + 50 mg/ml,AMBIGUOUS,AMBIGUOUS_SHARED_DENOMINATOR
SRCR-3444f9aa1ab8f8ec2c11f0c7,REGISTERED,14908,Vitamin A + Vitamin D3 + Vitamin E,500000 IU + 75000 IU + 50 mg/100 ml,AMBIGUOUS,AMBIGUOUS_SHARED_DENOMINATOR
SRCR-69ad60b49747bb150eb8760b,REGISTERED,14912,Butaphosphan + Cyanocobalamin,10 gm + 5 mg/100 ml,AMBIGUOUS,AMBIGUOUS_SHARED_DENOMINATOR
SRCR-016fd3976eec6de7c0eccd4b,REGISTERED,14914,Cobalt Gluconate + Copper Gluconate + Cyanocobalamin + D-Pantothenol + Ferric Ammonium Citrate + Nicotinamide + Pyridoxine Hydrochloride + Riboflavine-5-Phosphate + Vitamin B1,7 mg + 2 mg + 1.2 mg + 200 mg + 150 mg + 1000 mg + 50 mg + 20 mg + 750 mg/10 ml,AMBIGUOUS,AMBIGUOUS_SHARED_DENOMINATOR
SRCR-91552739c6b17e73de8818fa,REGISTERED,14917,Calcium Chloride + D-Pantothenol + DL-Methionine + Dextrose + L-Arginine Hcl + L-Cysteine Hcl + L-Histidine Hcl + L-Isolencine + L-Leucine + L-Lysine HCl + L-Phenylalamine + L-Threonine + L-Tryptophane + L-Valine + Magnesium Sulphate + Monosodium Glutamate + Nicotinamide + Potassium Chloride + Pyridoxine + Riboflavin + Sodium Acetate + Thiamine Hydrochloride,2 mg + .1 mg + .525 mg + 50 mg + 1.425 mg + .02 mg + .02 mg + .525 mg + .6 mg + .525 mg + .35 mg + .35 mg + .175 mg + .525 mg + 2 mg + .08 mg + 3 mg + 2 mg + .1 mg + .05 mg + 7.5 mg + .1 mg/ml,AMBIGUOUS,AMBIGUOUS_SHARED_DENOMINATOR
SRCR-30566c68ed5cb9ef3eeceb6d,REGISTERED,14940,Nicotinamide + Pyridoxine Hydrochloride + Riboflavin + Vitamin B1,20 mg + 2 mg + 2 mg + 5 mg/5 ml,AMBIGUOUS,AMBIGUOUS_SHARED_DENOMINATOR
SRCR-817c4f046fad22d034318a4f,REGISTERED,14965,Clindamycin Phosphate + Tretinoin,1.2 gm + .025 gm/100 gm,AMBIGUOUS,AMBIGUOUS_SHARED_DENOMINATOR
SRCR-05556766f9f173c9876366f0,REGISTERED,14966,Benzoic Acid + Salicylic Acid,60 mg + 30 mg/gm,AMBIGUOUS,AMBIGUOUS_SHARED_DENOMINATOR
SRCR-769c1743cc1d033b0d90579b,REGISTERED,14970,Adapalene + Benzoyl Peroxide,.1 gm + 2.5 gm/100 gm,AMBIGUOUS,AMBIGUOUS_SHARED_DENOMINATOR
SRCR-3ccca301b16cda511d27494a,REGISTERED,14976,Glycerine + Liquid Sugar,.75 ml + 1.93 ml/5 ml,AMBIGUOUS,AMBIGUOUS_SHARED_DENOMINATOR
SRCR-596a9fcac8301e768f1b4f8a,REGISTERED,14977,Diabasic Sodium Phosphate + Monobasic Sodium Phosphate,7 gm + 19 gm/118 ml,AMBIGUOUS,AMBIGUOUS_SHARED_DENOMINATOR
SRCR-12a912dab576ec41be56b9de,REGISTERED,14978,Cetrimide + Chlorhexidine Gluconate,3 gm + 300 mg/100 ml,AMBIGUOUS,AMBIGUOUS_SHARED_DENOMINATOR
SRCR-54b78a031fa6fac9f6f80bdd,REGISTERED,15120,Cyanocobalamin + Pyridoxine Hydrochloride + Vitamin B1,1 mg + 100 mg + 100 mg/3 ml,AMBIGUOUS,AMBIGUOUS_SHARED_DENOMINATOR
SRCR-f35da99891e3bb7555eaf8a1,REGISTERED,15136,Econazole Nitrate + Triamcinolone Acetonide,1 gm + 100 mg/100 gm,AMBIGUOUS,AMBIGUOUS_SHARED_DENOMINATOR
SRCR-58fde65f680f8188aa205715,REGISTERED,15138,Bacitracin Zinc + Neomycin Sulphate,500 IU + 5 mg/gm,AMBIGUOUS,AMBIGUOUS_SHARED_DENOMINATOR
SRCR-0b17d3765263006a9b2cedb0,REGISTERED,15139,Bacitracin Zinc + Neomycin Sulphate + Polymixin B Sulphate,400 IU + 3.5 mg + 5000 IU/gm,AMBIGUOUS,AMBIGUOUS_SHARED_DENOMINATOR
SRCR-d1d19103c8489d5172e0949c,REGISTERED,15143,Clobetasol Propionate + Neomycin Sulphate + Nystatin,50 mg + 500 mg + 100 Lac IU/100 gm,AMBIGUOUS,AMBIGUOUS_SHARED_DENOMINATOR
SRCR-598dd4ec32be3003ed0276be,REGISTERED,15146,Betamethasone + Neomycin Sulphate,100 mg + 500 mg/100 gm,AMBIGUOUS,AMBIGUOUS_SHARED_DENOMINATOR
SRCR-af04e2a7d996fa40914b16fa,REGISTERED,15150,Phytomenadione,2 mg/.2 ml,FAILED,UNSUPPORTED_STRENGTH_PATTERN
SRCR-979e52426f89b561c55884ec,REGISTERED,15169,Betamethasone + Neomycin Sulphate,100 mg + 500 mg/100 gm,AMBIGUOUS,AMBIGUOUS_SHARED_DENOMINATOR
SRCR-6007b078eee5bb794ffb7e3f,REGISTERED,15188,Lidocaine + Prilocaine,2.5 gm + 2.5 gm/100 gm,AMBIGUOUS,AMBIGUOUS_SHARED_DENOMINATOR
SRCR-e63d7e2b2944a1baf79f8004,REGISTERED,15191,Menthol + Methyl Salicylate,10 gm + 15 gm/100 gm,AMBIGUOUS,AMBIGUOUS_SHARED_DENOMINATOR
SRCR-82d5ef0e8ddef5c74862d8dd,REGISTERED,15195,Menthol + Methyl Salicylate,8 gm + 30 gm/100 gm,AMBIGUOUS,AMBIGUOUS_SHARED_DENOMINATOR
SRCR-c886b6b0df0ab9130a601a46,REGISTERED,15208,Ascorbic Acid + Cod Liver Oil + Nicotinamide + Pyridoxine Hydrochloride + Riboflavin + Vitamin A + Vitamin B1 + Vitamin D3 + Vitamin E,17.5 mg + 100 mg + 9 mg + .35 mg + .85 mg + 2000 IU + .7 mg + 200 IU + 1.5 mg/5 ml,AMBIGUOUS,AMBIGUOUS_SHARED_DENOMINATOR
SRCR-c227b84a69b2dac737c4e685,REGISTERED,15267,Diclofenac + Lidocaine Hydrochloride,75 mg + 20 mg/2 ml,AMBIGUOUS,AMBIGUOUS_SHARED_DENOMINATOR
SRCR-bc7c5761e0d9eefffe70d391,REGISTERED,15272,Filgrastim,30 MIU/.5 ml,FAILED,UNSUPPORTED_STRENGTH_PATTERN
SRCR-7cde2c1181835d4b6be31a98,REGISTERED,15282,Bupivacaine + Dextrose,20 mg + 320 mg/4 ml,AMBIGUOUS,AMBIGUOUS_SHARED_DENOMINATOR
SRCR-a09487364e5116488b64cb12,REGISTERED,15283,Erythropoietin,2000 IU/.5 ml,FAILED,UNSUPPORTED_STRENGTH_PATTERN
SRCR-c5c16e32dbb1bcb4c01dfbd1,REGISTERED,15284,Erythropoietin,5000 IU/.5 ml,FAILED,UNSUPPORTED_STRENGTH_PATTERN
SRCR-1d693add54e38ac3bca5bb95,REGISTERED,15288,Pegfilgrastim,6 mg/.6 ml,FAILED,UNSUPPORTED_STRENGTH_PATTERN
SRCR-c9e0e499248d5c6f90277b47,REGISTERED,15296,Enoxaprin,20 mg/.2 ml,FAILED,UNSUPPORTED_STRENGTH_PATTERN
SRCR-9a9ed68dcaea0a820c312864,REGISTERED,15297,Enoxaprin,40 mg/.4 ml,FAILED,UNSUPPORTED_STRENGTH_PATTERN
SRCR-088bbba1e2c1b1948d47e218,REGISTERED,15298,Enoxaprin,60 mg/.6 ml,FAILED,UNSUPPORTED_STRENGTH_PATTERN
SRCR-db4e872806fe9000adee294a,REGISTERED,15299,Enoxaprin,80 mg/.8 ml,FAILED,UNSUPPORTED_STRENGTH_PATTERN
SRCR-f0736c15279e93529bbff149,REGISTERED,15300,Dexamethasone + Tobramycin,100 mg + 300 mg/100 ml,AMBIGUOUS,AMBIGUOUS_SHARED_DENOMINATOR
SRCR-a8536e8b33b0cb5176d525e7,REGISTERED,15301,Chloramphenicol + Dexamethasone,5 mg + 1 mg/ml,AMBIGUOUS,AMBIGUOUS_SHARED_DENOMINATOR
SRCR-c8df4a11ff76edd5a84f3514,REGISTERED,15302,Ciprofloxacin + Dexamethasone,300 mg + 100 mg/100 ml,AMBIGUOUS,AMBIGUOUS_SHARED_DENOMINATOR
SRCR-a3c1fd552444c59d99b4a2c7,REGISTERED,15306,Fluticasone Propionate + Salmeterol,250 mcg + 25 mcg/Metered Inhalation,AMBIGUOUS,AMBIGUOUS_SHARED_DENOMINATOR
SRCR-497ec091173cacf583f51a2f,REGISTERED,15316,Brimonidine Tartrate + Timolol Maleate,200 mg + 500 mg/100 ml,AMBIGUOUS,AMBIGUOUS_SHARED_DENOMINATOR
SRCR-444bf4e5fe5f689ddf6c0dbf,REGISTERED,15319,Erythropoietin,3000 IU/.75 ml,FAILED,UNSUPPORTED_STRENGTH_PATTERN
SRCR-50819c95404f18ffb3ec62a2,REGISTERED,15320,Fluticasone Propionate + Salmeterol,125 mcg + 25 mcg/Metered Inhalation,AMBIGUOUS,AMBIGUOUS_SHARED_DENOMINATOR
SRCR-c55dff7a225f755afd060608,REGISTERED,15321,Ipratropium Bromide + Salbutamol,20 mcg + 100 mcg/Metered Inhalation,AMBIGUOUS,AMBIGUOUS_SHARED_DENOMINATOR
SRCR-803e03d9084e9e5f2c5adf41,REGISTERED,15346,Filgrastim,120 mcg/.2 ml,FAILED,UNSUPPORTED_STRENGTH_PATTERN
SRCR-4a7a61c50243e51f1c3a53bc,REGISTERED,15369,Erythropoietin,1000 IU/.5 ml,FAILED,UNSUPPORTED_STRENGTH_PATTERN
SRCR-df54abc68e5a12715b436ebd,REGISTERED,15371,Darbepoetin,40 mcg/.4 ml,FAILED,UNSUPPORTED_STRENGTH_PATTERN
SRCR-ef1668c862b38badabe4cc33,REGISTERED,15372,Darbepoetin,60 mcg/.3 ml,FAILED,UNSUPPORTED_STRENGTH_PATTERN
SRCR-7f18fe05275e232246477b6b,REGISTERED,15373,Darbepoetin,60 mcg/.5 ml,FAILED,UNSUPPORTED_STRENGTH_PATTERN
SRCR-9bf91b51220d5f063259b439,REGISTERED,15401,Citric Acid Monohydrate + Potassium Citrate,5 gm + 30 gm/100 ml,AMBIGUOUS,AMBIGUOUS_SHARED_DENOMINATOR
SRCR-b832149b73c2461cbada0c6f,REGISTERED,15404,Budesonide + Formoterol Fumarate,80 mcg + 4.5 mcg/Puff,AMBIGUOUS,AMBIGUOUS_SHARED_DENOMINATOR
SRCR-d9e34e8ca6dde70ce6292286,REGISTERED,15405,Budesonide + Formoterol Fumarate,160 mcg + 4.5 mcg/Puff,AMBIGUOUS,AMBIGUOUS_SHARED_DENOMINATOR
SRCR-fe112f5b8f9cf796c8f89701,REGISTERED,15506,Dexamethasone + Moxifloxacin,100 mg + 500 mg/100 ml,AMBIGUOUS,AMBIGUOUS_SHARED_DENOMINATOR
SRCR-e66e5571cfe0fcedc60e49c4,REGISTERED,15508,Potassium Bicarbonate + Sodium Alginate,100 mg + 500 mg/5 ml,AMBIGUOUS,AMBIGUOUS_SHARED_DENOMINATOR
SRCR-24ce05984a69baf3e919f07c,REGISTERED,15552,Calcium Carbonate + Sodium Alginate + Sodium Bicarbonate,3.25 gm + 5 gm + 2.13 gm/100 ml,AMBIGUOUS,AMBIGUOUS_SHARED_DENOMINATOR
SRCR-e6006a140767f74091376d32,REGISTERED,15553,Calcium Carbonate + Sodium Alginate + Sodium Bicarbonate,1.6 gm + 5 gm + 2.6 gm/100 ml,AMBIGUOUS,AMBIGUOUS_SHARED_DENOMINATOR
SRCR-190bd793dcf277b1ca9290a1,REGISTERED,15569,Nicotinamide + Pyridoxine Hydrochloride + Riboflavin + Vitamin B1,20 mg + 2 mg + 2 mg + 5 mg/5 ml,AMBIGUOUS,AMBIGUOUS_SHARED_DENOMINATOR
SRCR-f21b4e4147ed9865be72d651,REGISTERED,15592,Aluminium Oxide + Magnesium Hydroxide,175 mg + 225 mg/5 ml,AMBIGUOUS,AMBIGUOUS_SHARED_DENOMINATOR
SRCR-5dfe9870fe59d237b9e2ea45,REGISTERED,15595,Dextrose Anhydrous + Potassium Chloride + Sodium Chloride + Trisodium Citrate,10 gm + 750 gm + 1.75 gm + 1.45 gm/500 ml,AMBIGUOUS,AMBIGUOUS_SHARED_DENOMINATOR
SRCR-eb9dfa8d4da39713ef240f8d,REGISTERED,15604,Sulphamethoxazole + Trimethoprim,200 mg + 40 mg/5 ml,AMBIGUOUS,AMBIGUOUS_SHARED_DENOMINATOR
SRCR-97c54ff29b3eb43f83dbc469,REGISTERED,15618,Sulphamethoxazole + Trimethoprim,200 mg + 40 mg/5 ml,AMBIGUOUS,AMBIGUOUS_SHARED_DENOMINATOR
SRCR-228e8eccdad0c15ce9ddf0db,REGISTERED,15619,Aluminium Oxide + Magnesium Hydroxide,175 mg + 225 mg/5 ml,AMBIGUOUS,AMBIGUOUS_SHARED_DENOMINATOR
SRCR-33e5d6893978efb64e4166fa,REGISTERED,15653,Ascorbic Acid + Cod Liver Oil + Nicotinamide + Pyridoxine Hydrochloride + Riboflavin + Vitamin A + Vitamin B1 + Vitamin D3 + Vitamin E,17.5 mg + 100 mg + 9 mg + .35 mg + .85 mg + 2000 IU + .7 mg + 200 IU + 1.5 mg/5 ml,AMBIGUOUS,AMBIGUOUS_SHARED_DENOMINATOR
SRCR-ec3023ab2d3f0900ce60064e,REGISTERED,15663,Dextromethorphan Hydrobromide + Phenylephrine Hydrochloride + Triprolidine Hydrochloride,400 mg + 200 mg + 50 mg/100 ml,AMBIGUOUS,AMBIGUOUS_SHARED_DENOMINATOR
SRCR-216032ec2ddd6e2d3ddca686,REGISTERED,15664,Diphenhydramine Hydrochloride + Guaiphenesin + Levomenthol,280 mg + 2000 mg + 22 mg/100 ml,AMBIGUOUS,AMBIGUOUS_SHARED_DENOMINATOR
SRCR-57affeb946a9085aa65ba094,REGISTERED,15670,Diclofenac + Lidocaine Hydrochloride,75 mg + 20 mg/2 ml,AMBIGUOUS,AMBIGUOUS_SHARED_DENOMINATOR
SRCR-a4d9fb30a18a684bc27eecc1,REGISTERED,15674,Aluminium Oxide + Magnesium Hydroxide,200 mg + 125 mg/5 ml,AMBIGUOUS,AMBIGUOUS_SHARED_DENOMINATOR
SRCR-4554265b353d8da03005f8ab,REGISTERED,15676,Aluminium Oxide + Magnesium Hydroxide + Simethicone,200 mg + 400 mg + 30 mg/5 ml,AMBIGUOUS,AMBIGUOUS_SHARED_DENOMINATOR
SRCR-b3d3583cb401bf3f5900fdf3,REGISTERED,15681,Betamethasone Sodium Phosphate + Neomycin Sulphate,100 mg + 500 mg/100 ml,AMBIGUOUS,AMBIGUOUS_SHARED_DENOMINATOR
SRCR-9d52273b2aec94ac34691135,REGISTERED,15696,Dexamethasone + Tobramycin,100 mg + 300 mg/100 ml,AMBIGUOUS,AMBIGUOUS_SHARED_DENOMINATOR
SRCR-230045ffaa1c34e248004a2d,REGISTERED,15708,Fluorometholone + Tetrahydrozoline Hydrochloride,100 mg + 25 mg/100 ml,AMBIGUOUS,AMBIGUOUS_SHARED_DENOMINATOR
SRCR-d4259c837082b1e94f178977,REGISTERED,15709,Betamethasone + Clotrimazole,100 mg + 1 gm/100 gm,AMBIGUOUS,AMBIGUOUS_SHARED_DENOMINATOR
SRCR-791c535f7ac8428d2754127a,REGISTERED,15710,Dextran 70 + Hypromellose,100 mg + 300 mg/100 ml,AMBIGUOUS,AMBIGUOUS_SHARED_DENOMINATOR
SRCR-dcc8f44040bde405f44a19cb,REGISTERED,15716,Dextrose Anhydrous + Potassium Chloride + Sodium Chloride + Trisodium Citrate,10 gm + 750 gm + 1.75 gm + 1.45 gm/500 ml,AMBIGUOUS,AMBIGUOUS_SHARED_DENOMINATOR
SRCR-e5d29e193eca3f1366a62503,REGISTERED,15725,Nystatin,1 Lac Unit/ml,FAILED,UNSUPPORTED_STRENGTH_PATTERN
SRCR-8d970410aab84dbb6bc9cfa8,REGISTERED,15726,Nystatin,5 Lac Unit,FAILED,UNSUPPORTED_STRENGTH_PATTERN
SRCR-506cf63e05873604316902aa,REGISTERED,15728,Betamethasone + Neomycin Sulphate,100 mg + 500 mg/100 gm,AMBIGUOUS,AMBIGUOUS_SHARED_DENOMINATOR
SRCR-f2e211b6add9271eaa5d7f9c,REGISTERED,15733,Bacitracin Zinc + Polymixin B Sulphate,500 IU + 10000 IU/gm,AMBIGUOUS,AMBIGUOUS_SHARED_DENOMINATOR
SRCR-b0e93d7b069449327b7eaec1,REGISTERED,15761,D-Panthenol + Nicotinamide + Pyridoxine Hydrochloride + Riboflavin + Vitamin B1,5 mg + 100 mg + 10 mg + 4 mg + 50 mg/2 ml,AMBIGUOUS,AMBIGUOUS_SHARED_DENOMINATOR
SRCR-f52c6e4e8dbd440a0ea1421a,REGISTERED,15771,Sulphamethoxazole + Trimethoprim,200 mg + 40 mg/5 ml,AMBIGUOUS,AMBIGUOUS_SHARED_DENOMINATOR
SRCR-efe8882e56b7443cfccad873,REGISTERED,15774,Nicotinamide + Pyridoxine Hydrochloride + Riboflavin + Vitamin B1,20 mg + 2 mg + 2 mg + 5 mg/5 ml,AMBIGUOUS,AMBIGUOUS_SHARED_DENOMINATOR
SRCR-ebacf97e22e0c182b7dbbd26,REGISTERED,15806,Betamethasone + Neomycin Sulphate,100 mg + 500 mg/100 gm,AMBIGUOUS,AMBIGUOUS_SHARED_DENOMINATOR
SRCR-7e3fccab35b1383b3f942b52,REGISTERED,15807,Chlorpheniramine Maleate + Dexamethasone,500 mg + 100 mg/100 ml,AMBIGUOUS,AMBIGUOUS_SHARED_DENOMINATOR
SRCR-536a73ff80fda4b60a6b7c39,REGISTERED,15809,Dextrose Anhydrous + Potassium Chloride + Sodium Chloride + Trisodium Citrate,10 gm + 750 gm + 1.75 gm + 1.45 gm/500 ml,AMBIGUOUS,AMBIGUOUS_SHARED_DENOMINATOR
SRCR-e5d119d445e23d83092859e4,REGISTERED,15843,Cyanocobalamin + Pyridoxine Hydrochloride + Vitamin B1,1 mg + 100 mg + 100 mg/3 ml,AMBIGUOUS,AMBIGUOUS_SHARED_DENOMINATOR
SRCR-145c08dfa5fc8bb40d300e63,REGISTERED,15846,Ciprofloxacin + Dexamethasone,300 mg + 100 mg/100 ml,AMBIGUOUS,AMBIGUOUS_SHARED_DENOMINATOR
SRCR-ef8fbc7fa783b4d3d38ceae4,REGISTERED,15861,Ascorbic Acid + Cod Liver Oil + Nicotinamide + Pyridoxine Hydrochloride + Riboflavin + Vitamin A + Vitamin B1 + Vitamin D3 + Vitamin E,17.5 mg + 100 mg + 9 mg + .35 mg + .85 mg + 2000 IU + .7 mg + 200 IU + 1.5 mg/5 ml,AMBIGUOUS,AMBIGUOUS_SHARED_DENOMINATOR
SRCR-ca016a2b38f7d6de73f6704d,REGISTERED,15888,Nicotinamide + Pyridoxine Hydrochloride + Riboflavin + Vitamin B1 + Zinc,400 mg + 40 mg + 50 mg + 100 mg + 200 mg/100 ml,AMBIGUOUS,AMBIGUOUS_SHARED_DENOMINATOR
SRCR-fd13dc17900370eb748357c1,REGISTERED,15889,Elemental Iron + Nicotinamide + Pyridoxine Hydrochloride + Riboflavin + Vitamin B1 + Zinc,50 mg + 20 mg + 2 mg + 2 mg + 5 mg + 10 mg/5 ml,AMBIGUOUS,AMBIGUOUS_SHARED_DENOMINATOR
SRCR-f2603c09069c84e6994600e4,REGISTERED,15902,Adenosine + Cytochrome C + Nicotinamide + Sodium Succinate,200 mg + 50 mg + 1 gm + 60 mg/100 ml,AMBIGUOUS,AMBIGUOUS_SHARED_DENOMINATOR
SRCR-6ec834772591296d10c55dc7,REGISTERED,15940,Dextrose Anhydrous + Fructose + Potassium Chloride + Sodium Bicarbonate + Sodium Chloride + Sucrose,4.09 gm + 70 mg + 380 mg + 420 mg + 440 mg + 8.07 gm/250 ml,AMBIGUOUS,AMBIGUOUS_SHARED_DENOMINATOR
SRCR-6368394f294d693dd47f2319,REGISTERED,15947,Betamethasone Sodium Phosphate + Neomycin Sulphate,100 mg + 500 mg/100 gm,AMBIGUOUS,AMBIGUOUS_SHARED_DENOMINATOR
SRCR-f1e0dbffa6ff793a5ee29752,REGISTERED,15958,Clindamycin Phosphate + Tretinoin,1.2 gm + .025 gm/100 gm,AMBIGUOUS,AMBIGUOUS_SHARED_DENOMINATOR
SRCR-8ddbcb7549c78792e546d4aa,REGISTERED,15985,Magaldrate + Simethicone,480 mg + 20 mg/5 ml,AMBIGUOUS,AMBIGUOUS_SHARED_DENOMINATOR
SRCR-594da60a2e1a13741ecdc145,REGISTERED,15986,Polyethylene Glycol 400 + Propylene Glycol,400 mg + 300 mg/100 ml,AMBIGUOUS,AMBIGUOUS_SHARED_DENOMINATOR
SRCR-9b1d4de0391f8ee2dc9e1612,REGISTERED,15987,Dexamethasone + Tobramycin,100 mg + 300 mg/100 gm,AMBIGUOUS,AMBIGUOUS_SHARED_DENOMINATOR
SRCR-17589d6e958d91a186d639e9,REGISTERED,15988,Econazole Nitrate + Triamcinolone Acetonide,1 gm + 100 mg/100 gm,AMBIGUOUS,AMBIGUOUS_SHARED_DENOMINATOR
SRCR-df4c622adbe0a804896e691b,REGISTERED,16004,Carboxymethylcellulose Sodium + Glycerine,5 mg + 9 mg/ml,AMBIGUOUS,AMBIGUOUS_SHARED_DENOMINATOR
SRCR-e5bea390f9c7845ae419acfd,REGISTERED,16012,Potassium Bicarbonate + Sodium Alginate,100 mg + 500 mg/5 ml,AMBIGUOUS,AMBIGUOUS_SHARED_DENOMINATOR
SRCR-55539f82d8e8520b1a6d8129,REGISTERED,16018,Brimonidine Tartrate + Timolol Maleate,200 mg + 500 mg/100 ml,AMBIGUOUS,AMBIGUOUS_SHARED_DENOMINATOR
SRCR-1b023bdbee0ae14936963181,REGISTERED,16020,Ascorbic Acid + Biotin + Cyanocobalamin + Dexpanthanol + Folic Acid + Nicotinamide + Pyridoxine Hydrochloride + Riboflavine Sodium Phosphate + Thiamine Nitrate,100 mg + 60 mcg + 5 mcg + 15 mg + 400 mcg + 40 mg + 4 mg + 3.6 mg + 2.5 mg/vial,AMBIGUOUS,AMBIGUOUS_SHARED_DENOMINATOR
SRCR-07641791acdfce14fb7cfbdb,REGISTERED,16023,Dorzolamide + Timolol,2 gm + 500 mg/100 ml,AMBIGUOUS,AMBIGUOUS_SHARED_DENOMINATOR
SRCR-6d8cac7849ea449b4eee4d5a,REGISTERED,16024,Diabasic Sodium Phosphate + Monobasic Sodium Phosphate,7 gm + 19 gm/118 ml,AMBIGUOUS,AMBIGUOUS_SHARED_DENOMINATOR
SRCR-592c5092b76622be91346fef,REGISTERED,16027,Dexamethasone + Gatifloxacin,100 mg + 300 mg/100 ml,AMBIGUOUS,AMBIGUOUS_SHARED_DENOMINATOR
SRCR-c2babd62338bab365d94aebf,REGISTERED,16044,Fluocinolone + Hydroquinone + Tretinoin,.01 gm + 4 gm + .05 gm/100 gm,AMBIGUOUS,AMBIGUOUS_SHARED_DENOMINATOR
SRCR-8d22ee8126872348c24e7917,REGISTERED,16045,Glycerol + Hypromellose + Polyethylene Glycol 400,200 mg + 360 mg + 1 gm/100 ml,AMBIGUOUS,AMBIGUOUS_SHARED_DENOMINATOR
SRCR-83ea43623d728d6d4cdff396,REGISTERED,16046,Ciprofloxacin + Hydrocortisone Acetate,300 mg + 1 gm/100 ml,AMBIGUOUS,AMBIGUOUS_SHARED_DENOMINATOR
SRCR-667729813c6fcd0ba3c3c4ea,REGISTERED,16056,Timolol Maleate + Travoprost,5 mg + .04 mg/ml,AMBIGUOUS,AMBIGUOUS_SHARED_DENOMINATOR
SRCR-3d6f832a4b148c9e0720e485,REGISTERED,16087,Hydrocortisone + Miconazole Nitrate,1 gm + 2 gm/100 gm,AMBIGUOUS,AMBIGUOUS_SHARED_DENOMINATOR
SRCR-f0f1e9b2c8de9d64aef18bdf,REGISTERED,16088,Citric Acid Monohydrate + Potassium Citrate,5 gm + 30 gm/100 ml,AMBIGUOUS,AMBIGUOUS_SHARED_DENOMINATOR
SRCR-8532a0ee4b96de3b7c91edf7,REGISTERED,16093,Clobetasol Propionate + Neomycin Sulphate + Nystatin,50 mg + 500 mg + 100 Lac IU/100 gm,AMBIGUOUS,AMBIGUOUS_SHARED_DENOMINATOR
SRCR-a036bd96cab1875cee351dcb,REGISTERED,16094,Clobetasol Propionate + Neomycin Sulphate + Nystatin,50 mg + 500 mg + 100 Lac IU/100 gm,AMBIGUOUS,AMBIGUOUS_SHARED_DENOMINATOR
SRCR-159cbbba459f51b7c4915d4c,REGISTERED,16102,Bacitracin Zinc + Neomycin Sulphate,500 IU + 5 mg/gm,AMBIGUOUS,AMBIGUOUS_SHARED_DENOMINATOR
SRCR-1d0be9bbfb9cebffb1e25608,REGISTERED,16103,Bacitracin Zinc + Neomycin Sulphate,250 IU + 5 mg/gm,AMBIGUOUS,AMBIGUOUS_SHARED_DENOMINATOR
SRCR-13155af51a73c9a479bd7b5d,REGISTERED,16104,Liquid Paraffin + White Soft Paraffin + Wool Alcohol,42.5 gm + 57.3 gm + 200 mg/100 gm,AMBIGUOUS,AMBIGUOUS_SHARED_DENOMINATOR
SRCR-2ecdfc0f43d9de860ca1bd55,REGISTERED,16120,Loteprednol Etabonate + Tobramycin,.5 gm + .3 gm/100 ml,AMBIGUOUS,AMBIGUOUS_SHARED_DENOMINATOR
SRCR-504024ab325ab35aa3c4e977,REGISTERED,16145,Gatifloxacin + Loteprednol Etabonate,300 mg + 500 mg/100 ml,AMBIGUOUS,AMBIGUOUS_SHARED_DENOMINATOR
SRCR-ec8d1479ca6914a40f89b804,REGISTERED,16148,Glycerol + Hydrogen Peroxide Solution + Isopropyl Alcohol,1.45 ml + 4.17 ml + 75 ml/100 ml,AMBIGUOUS,AMBIGUOUS_SHARED_DENOMINATOR
SRCR-4eed9af204293dd21595b60d,REGISTERED,16157,Dexamethasone + Moxifloxacin,100 mg + 500 mg/100 ml,AMBIGUOUS,AMBIGUOUS_SHARED_DENOMINATOR
SRCR-558f46aad4d98f6fef096a9d,REGISTERED,16172,Brimonidine Tartrate + Brinzolamide,200 mg + 1 gm/100 ml,AMBIGUOUS,AMBIGUOUS_SHARED_DENOMINATOR
SRCR-989c777be8253855ebafaefe,REGISTERED,16175,Gentamicin + Hydrocortisone Acetate,300 mg + 1 gm/100 ml,AMBIGUOUS,AMBIGUOUS_SHARED_DENOMINATOR
SRCR-5d711770626296d7e96f1f8b,REGISTERED,16183,Calcium Dobesilate + Dexamethasone Acetate + Lidocaine Hydrochloride,4 gm + 25 mg + 2 gm/100 gm,AMBIGUOUS,AMBIGUOUS_SHARED_DENOMINATOR
SRCR-6265380c66f2614bd3e56e26,REGISTERED,16198,Nicotinamide + Pantothenic acid + Pyridoxine Hydrochloride + Riboflavin + Vitamin A + Vitamin B1 + Vitamin C + Vitamin D,10 mg + 5 mg + 1 mg + 1 mg + 5000 IU + 1.6 mg + 50 mg + 1000 IU/ml,AMBIGUOUS,AMBIGUOUS_SHARED_DENOMINATOR
SRCR-ff48f045e17c52fe23f0b2e5,REGISTERED,16199,Sulphamethoxazole + Trimethoprim,200 mg + 40 mg/5 ml,AMBIGUOUS,AMBIGUOUS_SHARED_DENOMINATOR
SRCR-4236e3b840e8d1a11ee32801,REGISTERED,16207,Aluminium Oxide + Magnesium Hydroxide,175 mg + 225 mg/5 ml,AMBIGUOUS,AMBIGUOUS_SHARED_DENOMINATOR
SRCR-cceaa135c99976965bef0854,REGISTERED,16216,Amoxicillin + Clavulanic Acid,125 mg + 31.25 mg/5 ml,AMBIGUOUS,AMBIGUOUS_SHARED_DENOMINATOR
SRCR-1a3cb8d46ef55e64a66060f3,REGISTERED,16219,Amoxicillin + Clavulanic Acid,400 mg + 57.5 mg/5 ml,AMBIGUOUS,AMBIGUOUS_SHARED_DENOMINATOR
SRCR-000eafcdd6921cf597835a8b,REGISTERED,16222,Nicotinamide + Pyridoxine Hydrochloride + Riboflavin + Vitamin B1,20 mg + 2 mg + 2 mg + 5 mg/5 ml,AMBIGUOUS,AMBIGUOUS_SHARED_DENOMINATOR
SRCR-22a188ac1e2ea57b845f3180,REGISTERED,16258,Econazole Nitrate + Triamcinolone Acetonide,1 gm + 100 mg/100 gm,AMBIGUOUS,AMBIGUOUS_SHARED_DENOMINATOR
SRCR-9707c13edf8818dfbed5d19c,REGISTERED,16279,Benzoyl Peroxide + Erythromycin,50 mg + 30 mg/gm,AMBIGUOUS,AMBIGUOUS_SHARED_DENOMINATOR
SRCR-d279f46e4349029543522971,REGISTERED,16288,Fusidic Acid + Hydrocortisone Acetate,2 gm + 1 gm/100 gm,AMBIGUOUS,AMBIGUOUS_SHARED_DENOMINATOR
SRCR-2302d1d95777d4c2e53c7808,REGISTERED,16295,Diclofenac + Lidocaine Hydrochloride,75 mg + 20 mg/2 ml,AMBIGUOUS,AMBIGUOUS_SHARED_DENOMINATOR
SRCR-5ae4411ee237ecea5d0c2e69,REGISTERED,16406,Dioxybenzone + Hydroquinone + Octyldimethyl p-aminobenzoate + Oxybenzone,300 mg + 400 mg + 800 mg + 200 mg/100 gm,AMBIGUOUS,AMBIGUOUS_SHARED_DENOMINATOR
SRCR-443aae9aabd42241377cf5eb,REGISTERED,16466,Clobetasol Propionate + Neomycin Sulphate + Nystatin,50 mg + 500 mg + 100 Lac IU/100 gm,AMBIGUOUS,AMBIGUOUS_SHARED_DENOMINATOR
SRCR-e436ad9d64e15a486b9c7fde,REGISTERED,16472,Elemental Iron + Nicotinamide + Pyridoxine Hydrochloride + Riboflavin + Vitamin B1 + Zinc,50 mg + 20 mg + 2 mg + 2 mg + 5 mg + 10 mg/5 ml,AMBIGUOUS,AMBIGUOUS_SHARED_DENOMINATOR
SRCR-d9250080013c51a9694dcdc9,REGISTERED,16498,Cyanocobalamin + Pyridoxine Hydrochloride + Vitamin B1,1 mg + 100 mg + 100 mg/3 ml,AMBIGUOUS,AMBIGUOUS_SHARED_DENOMINATOR
SRCR-7141ac1121a9c1b96c228410,REGISTERED,16515,Menthol + Methyl Salicylate,10 gm + 15 gm/100 gm,AMBIGUOUS,AMBIGUOUS_SHARED_DENOMINATOR
SRCR-02fe15cae3faa4ef9241e52f,REGISTERED,16518,Nicotinamide + Pyridoxine Hydrochloride + Riboflavin + Vitamin B1 + Zinc,20 mg + 2 mg + 2 mg + 5 mg + 10 mg/5 ml,AMBIGUOUS,AMBIGUOUS_SHARED_DENOMINATOR
SRCR-b854fc30e5503fa661a4c035,REGISTERED,16554,Nicotinamide + Pyridoxine Hydrochloride + Riboflavin + Vitamin B1,20 mg + 2 mg + 2 mg + 5 mg/5 ml,AMBIGUOUS,AMBIGUOUS_SHARED_DENOMINATOR
SRCR-bff8b1bbdd7a369d147fbf10,REGISTERED,16625,Betamethasone Sodium Phosphate + Neomycin Sulphate,100 mg + 350 mg/100 ml,AMBIGUOUS,AMBIGUOUS_SHARED_DENOMINATOR
SRCR-8b8a84013e5b225d61fa2613,REGISTERED,16626,Betamethasone Sodium Phosphate + Neomycin Sulphate,100 mg + 500 mg/100 ml,AMBIGUOUS,AMBIGUOUS_SHARED_DENOMINATOR
SRCR-358b77b639b8b8bc12961ea8,REGISTERED,16632,Gramacidin + Neomycin + Polymixin,2500 IU + 1.7 Lac IU + 5 Lac IU/100 ml,AMBIGUOUS,AMBIGUOUS_SHARED_DENOMINATOR
SRCR-70a41ba7bbeb792bfece2c9a,REGISTERED,16633,Dexamethasone + Neomycin + Polymixin B Sulphate,100 mg + 350 mg + 6000 IU/100 ml,AMBIGUOUS,AMBIGUOUS_SHARED_DENOMINATOR
SRCR-35ac53e8b0baf7c98afffaaa,REGISTERED,16638,Dexamethasone + Tobramycin,100 mg + 300 mg/100 ml,AMBIGUOUS,AMBIGUOUS_SHARED_DENOMINATOR
SRCR-bb00c73083e824750191c039,REGISTERED,16639,Ciprofloxacin + Dexamethasone,300 mg + 100 mg/100 ml,AMBIGUOUS,AMBIGUOUS_SHARED_DENOMINATOR
SRCR-1532f8ba176f977dd8022f75,REGISTERED,16645,Chlorpheniramine Maleate + Dexamethasone,500 mg + 100 mg/100 ml,AMBIGUOUS,AMBIGUOUS_SHARED_DENOMINATOR
SRCR-ed759a899f80921f1d1bfb3e,REGISTERED,16662,Erythropoietin,3000 IU/.75 ml,FAILED,UNSUPPORTED_STRENGTH_PATTERN
SRCR-6f826d816546ef659d406bc9,REGISTERED,16663,Erythropoietin,2000 IU/.5 ml,FAILED,UNSUPPORTED_STRENGTH_PATTERN
SRCR-472ec0c6d1d520adfb5b22c2,REGISTERED,16664,Erythropoietin,5000 IU/.5 ml,FAILED,UNSUPPORTED_STRENGTH_PATTERN
SRCR-6a6faa48c62c9fa03d2fe59f,REGISTERED,16666,Enoxaprin,60 mg/.6 ml,FAILED,UNSUPPORTED_STRENGTH_PATTERN
SRCR-cf3234c96c97f0449c3af83e,REGISTERED,16667,Enoxaprin,80 mg/.8 ml,FAILED,UNSUPPORTED_STRENGTH_PATTERN
SRCR-ea2a1602af486731e7b03e1b,REGISTERED,16673,Enoxaprin,20 mg/.2 ml,FAILED,UNSUPPORTED_STRENGTH_PATTERN
SRCR-55b273aa429affef23d802a9,REGISTERED,16674,Enoxaprin,40 mg/.4 ml,FAILED,UNSUPPORTED_STRENGTH_PATTERN
SRCR-75c76046e27f1ba70909b673,REGISTERED,16708,Clobetasol Propionate + Neomycin Sulphate + Nystatin,50 mg + 500 mg + 100 Lac IU/100 gm,AMBIGUOUS,AMBIGUOUS_SHARED_DENOMINATOR
SRCR-e83d1730a5abf2402166089b,REGISTERED,16794,Adenosine + Cytochrome C + Nicotinamide + Sodium Succinate,200 mg + 50 mg + 1 gm + 60 mg/100 ml,AMBIGUOUS,AMBIGUOUS_SHARED_DENOMINATOR
SRCR-eedeace0dcf5278d00674d59,REGISTERED,16799,Bacitracin Zinc + Neomycin Sulphate,500 IU + 5 mg/gm,AMBIGUOUS,AMBIGUOUS_SHARED_DENOMINATOR
SRCR-94a55dd8af32bd16bdb80465,REGISTERED,16802,Cinchocaine Hydrochloride + Esculin + Hydrocortisone + Neomycin Sulphate,500 mg + 1 gm + 500 mg + 1 gm/100 gm,AMBIGUOUS,AMBIGUOUS_SHARED_DENOMINATOR
SRCR-60ab0a96a870b1f50931aac2,REGISTERED,16812,Sodium Cromoglycate + Xylometazoline Hydrochloride,2 gm + 25 mg/100 ml,AMBIGUOUS,AMBIGUOUS_SHARED_DENOMINATOR
SRCR-da59d76ba60c772f8656dd56,REGISTERED,16818,Neomycin Sulphate + Polymixin B Sulphate + Prednisolone,350 mg + 127 mg + 500 mg/100 ml,AMBIGUOUS,AMBIGUOUS_SHARED_DENOMINATOR
SRCR-1b037685fc83d0c73b028f8d,REGISTERED,16826,Phytomenadione,2 mg/.2 ml,FAILED,UNSUPPORTED_STRENGTH_PATTERN
SRCR-0d3d3a064f44b28910d9feff,REGISTERED,16831,Magaldrate + Simethicone,480 mg + 20 mg/5 ml,AMBIGUOUS,AMBIGUOUS_SHARED_DENOMINATOR
SRCR-ec2f34445b569f915651fd8a,REGISTERED,16833,Aluminium Oxide + Magnesium Hydroxide + Simethicone,200 mg + 400 mg + 30 mg/5 ml,AMBIGUOUS,AMBIGUOUS_SHARED_DENOMINATOR
SRCR-ca4d6ae5dfb37c0a3c321745,REGISTERED,16836,Eucalypytol + Menthol + Methyl Salicylate + Thymol,92 mg + 42 mg + 60 mg + 64 mg/100 ml,AMBIGUOUS,AMBIGUOUS_SHARED_DENOMINATOR
SRCR-68ef7fb4338d10111e14c012,REGISTERED,16839,Timolol Maleate + Travoprost,5 mg + .04 mg/ml,AMBIGUOUS,AMBIGUOUS_SHARED_DENOMINATOR
SRCR-13d88118b1ff098b0c019e9b,REGISTERED,16854,Crotamiton + Permethrin,10 gm + 5 gm/100 ml,AMBIGUOUS,AMBIGUOUS_SHARED_DENOMINATOR
SRCR-195318b36413c16eea4d83e7,REGISTERED,16855,Bupivacaine + Dextrose,20 mg + 320 mg/4 ml,AMBIGUOUS,AMBIGUOUS_SHARED_DENOMINATOR
SRCR-83a4a8dafe088de543b8f1d2,REGISTERED,16859,Hydrocortisone + Miconazole Nitrate,1 gm + 2 gm/100 gm,AMBIGUOUS,AMBIGUOUS_SHARED_DENOMINATOR
SRCR-a1e83051748b75f259344a03,REGISTERED,16873,Ipratropium Bromide + Salbutamol,500 mcg + 2.5 mg/2.5 ml,AMBIGUOUS,AMBIGUOUS_SHARED_DENOMINATOR
SRCR-d57ae738060742f32090a90c,REGISTERED,16874,Betamethasone + Neomycin Sulphate,100 mg + 500 mg/100 gm,AMBIGUOUS,AMBIGUOUS_SHARED_DENOMINATOR
SRCR-7b3afa42ff6eb5fd2c572aa0,REGISTERED,16877,Benzoic Acid + Salicylic Acid,60 mg + 30 mg/gm,AMBIGUOUS,AMBIGUOUS_SHARED_DENOMINATOR
SRCR-8b06479a6014f33b94c3dd37,REGISTERED,16886,Filgrastim,30 MIU/.5 ml,FAILED,UNSUPPORTED_STRENGTH_PATTERN
SRCR-76853e0d053729a83dde75e4,REGISTERED,16906,Clindamycin Phosphate + Tretinoin,1.2 gm + .025 gm/100 gm,AMBIGUOUS,AMBIGUOUS_SHARED_DENOMINATOR
SRCR-6732cd08fed645d48c71d528,REGISTERED,16919,Rhubarb + Salicylic Acid,.5 gm + .1 gm/10 ml,AMBIGUOUS,AMBIGUOUS_SHARED_DENOMINATOR
SRCR-35616007f39e65d9aa09c3b9,REGISTERED,16928,Phenylepherine Hydrochloride + Tropicamide,50 mg + 8 mg/ml,AMBIGUOUS,AMBIGUOUS_SHARED_DENOMINATOR
SRCR-89488a1798e4dd5fd0cb7749,REGISTERED,16932,Clioquinol + Flumetasone Pivalate,1 gm + .02 gm/100 ml,AMBIGUOUS,AMBIGUOUS_SHARED_DENOMINATOR
SRCR-50641ca7e35cf6c09a34a2ac,REGISTERED,16933,Betamethasone + Salicylic Acid,.05 gm + 2 gm/100 ml,AMBIGUOUS,AMBIGUOUS_SHARED_DENOMINATOR
SRCR-d58baecffef7db5b335629c5,REGISTERED,16946,Loteprednol Etabonate + Tobramycin,.5 gm + .3 gm/100 ml,AMBIGUOUS,AMBIGUOUS_SHARED_DENOMINATOR
SRCR-84583dd71f58074d2cfc8edc,REGISTERED,16948,Polyethylene Glycol 400 + Propylene Glycol,400 mg + 300 mg/100 ml,AMBIGUOUS,AMBIGUOUS_SHARED_DENOMINATOR
SRCR-d99ec6d4845026ca3f2c6e6d,REGISTERED,16954,Interferon Alfa-2a,3 MIU/.5 ml,FAILED,UNSUPPORTED_STRENGTH_PATTERN
SRCR-adba1bc79ab8216cc76c1693,REGISTERED,16955,Interferon Alfa-2a,4.5 MIU/.5 ml,FAILED,UNSUPPORTED_STRENGTH_PATTERN
SRCR-30a62503fdddff0883453bf6,REGISTERED,16960,"Liquid Paraffin + Magnesium Hydroxide Dried Gel, 96% + Magnesium Hydroxide Paste, 34%",30 ml + 5 gm + 7.06 gm/120 ml,AMBIGUOUS,AMBIGUOUS_SHARED_DENOMINATOR
SRCR-1731bcfd34952804173377e7,REGISTERED,16996,Glycerine + Liquid Sugar,.75 ml + 1.93 ml/5 ml,AMBIGUOUS,AMBIGUOUS_SHARED_DENOMINATOR
SRCR-20aee9b74bca4caaa7a0ced6,REGISTERED,16999,Brimonidine Tartrate + Timolol Maleate,200 mg + 500 mg/100 ml,AMBIGUOUS,AMBIGUOUS_SHARED_DENOMINATOR
SRCR-0680552a82693f665d499a42,REGISTERED,17013,Potassium Bicarbonate + Sodium Alginate,100 mg + 500 mg/5 ml,AMBIGUOUS,AMBIGUOUS_SHARED_DENOMINATOR
SRCR-44ae8623851699b75fb91dd4,REGISTERED,17014,Citric Acid Monohydrate + Potassium Citrate,5 gm + 30 gm/100 ml,AMBIGUOUS,AMBIGUOUS_SHARED_DENOMINATOR
SRCR-30cafdd653000f34ba406fce,REGISTERED,17015,Avobenzone + Oxybenzone + Padimate O + Titanium Dioxide,2 gm + 3 gm + 8 gm + 2 gm/100 ml,AMBIGUOUS,AMBIGUOUS_SHARED_DENOMINATOR
SRCR-78147542cfe7462c88b9c85f,REGISTERED,17021,Fluorometholone + Tetrahydrozoline Hydrochloride,100 mg + 25 mg/100 ml,AMBIGUOUS,AMBIGUOUS_SHARED_DENOMINATOR
SRCR-736e57641b2df67cc0de062a,REGISTERED,17048,Ascorbic Acid + Biotin + Cholecalciferol (Vit. D3) + Cyanocobalamin + Dl-Alpha Tocoferol (Vitamin E) + Folic Acid + Nicotinamide + Pantothenic acid + Pyridoxine Hydrochloride + Retinol Palmitate + Riboflavin + Thiamine Mononitrate (B1),125 mg + 69 mcg + 220 IU + 6 mcg + 11.2 IU + 414 mcg + 46 mg + 17.25 mg + 5.5 mg + 3500 IU + 4.14 mg + 3.51 mg/vial,AMBIGUOUS,AMBIGUOUS_SHARED_DENOMINATOR
SRCR-08e9c74ea8fdc452b6e12ae8,REGISTERED,17051,Cefuroxime + Clavulanic Acid,125 mg + 31.25 mg/5 ml,AMBIGUOUS,AMBIGUOUS_SHARED_DENOMINATOR
SRCR-bfe45fda509dd2222701ad9f,REGISTERED,17057,Fluocinolone + Hydroquinone + Tretinoin,.01 gm + 4 gm + .05 gm/100 gm,AMBIGUOUS,AMBIGUOUS_SHARED_DENOMINATOR
SRCR-68fee8844b1cc356d811285b,REGISTERED,17069,Ascorbic Acid + Biotin + Cyanocobalamin + Folic Acid + Nicotinamide + Pantothenic acid + Pyridoxine + Riboflavin + Thiamine,100 mg + .06 mg + .005 mg + .4 mg + 40 mg + 15 mg + 4 mg + 3.6 mg + 2.5 mg/vial,AMBIGUOUS,AMBIGUOUS_SHARED_DENOMINATOR
SRCR-f425d319e50fb77df46b1b21,REGISTERED,17073,Cilastatin + Imipenem,750 mg + 750 mg/vial,AMBIGUOUS,AMBIGUOUS_SHARED_DENOMINATOR
SRCR-070093f495e9972b43721a21,REGISTERED,17074,Cilastatin + Imipenem,250 mg + 250 mg/vial,AMBIGUOUS,AMBIGUOUS_SHARED_DENOMINATOR
SRCR-e720505240c5ab63aedcc0f8,REGISTERED,17095,Carboxymethylcellulose Sodium + Hypromellose,250 mg + 300 mg/100 ml,AMBIGUOUS,AMBIGUOUS_SHARED_DENOMINATOR
SRCR-8f6c1686f125eaa361fa90de,REGISTERED,17098,Camphor + Menthol + Methyl Salicylate,4 gm + 10 gm + 30 gm/100 gm,AMBIGUOUS,AMBIGUOUS_SHARED_DENOMINATOR
SRCR-2797c1597c6c8abcf1bd669f,REGISTERED,17101,Dextran 70 + Hypromellose,100 mg + 300 mg/100 ml,AMBIGUOUS,AMBIGUOUS_SHARED_DENOMINATOR
SRCR-f8fe47800df097f2969dd7fa,REGISTERED,17121,Glycerol + Hypromellose + Polyethylene Glycol 400,200 mg + 360 mg + 1 gm/100 ml,AMBIGUOUS,AMBIGUOUS_SHARED_DENOMINATOR
SRCR-2c30877a647b9a4a4ef7848b,REGISTERED,17129,Hydrocortisone Acetate + Lidocaine Hydrochloride,5 mg + 30 mg/gm,AMBIGUOUS,AMBIGUOUS_SHARED_DENOMINATOR
SRCR-28a0e4957281e958042a216a,REGISTERED,17138,Ipratropium Bromide + Salbutamol,500 mcg + 2.5 mg/3 ml,AMBIGUOUS,AMBIGUOUS_SHARED_DENOMINATOR
SRCR-be795efa9fd6c5f48fb84c8c,REGISTERED,17163,Betamethasone + Calcipotriol,.05 gm + .005 gm/100 gm,AMBIGUOUS,AMBIGUOUS_SHARED_DENOMINATOR
SRCR-d1439a41c07567a433277cad,REGISTERED,17166,Adalimumab,40 mg/.8 ml,FAILED,UNSUPPORTED_STRENGTH_PATTERN
SRCR-3966f7953ef98639ed6cf387,REGISTERED,17182,Pegfilgrastim,6 mg/.6 ml,FAILED,UNSUPPORTED_STRENGTH_PATTERN
SRCR-9dd0497b271e2422bd72f08a,REGISTERED,17199,Lidocaine + Prilocaine,2.5 gm + 2.5 gm/100 gm,AMBIGUOUS,AMBIGUOUS_SHARED_DENOMINATOR
SRCR-ddd292c7334e971b282371a9,REGISTERED,17231,Racepinephrine,11.25 mg/.5 ml,FAILED,UNSUPPORTED_STRENGTH_PATTERN
SRCR-28a2d267a43ee3f2ac4057d0,REGISTERED,17234,Brimonidine Tartrate + Brinzolamide,200 mg + 1 gm/100 ml,AMBIGUOUS,AMBIGUOUS_SHARED_DENOMINATOR
SRCR-7351293f3461a9936545fcc1,REGISTERED,17244,Gatifloxacin + Loteprednol Etabonate,300 mg + 500 mg/100 ml,AMBIGUOUS,AMBIGUOUS_SHARED_DENOMINATOR
SRCR-12ff5420accf9d963a2b7160,REGISTERED,17255,Betamethasone + Salicylic Acid,50 mg + 3 gm/100 gm,AMBIGUOUS,AMBIGUOUS_SHARED_DENOMINATOR
SRCR-18005b0a75337b599555720c,REGISTERED,17277,Liquid Paraffin + White Soft Paraffin,50 gm + 50 gm/100 gm,AMBIGUOUS,AMBIGUOUS_SHARED_DENOMINATOR
SRCR-f5c4b01e6416298e7a3cac5a,REGISTERED,17305,Erythropoietin,4000 IU/.4 ml,FAILED,UNSUPPORTED_STRENGTH_PATTERN
SRCR-be10f0000090bef4936f934a,REGISTERED,17321,Dexamethasone + Moxifloxacin,100 mg + 500 mg/100 ml,AMBIGUOUS,AMBIGUOUS_SHARED_DENOMINATOR
SRCR-69c464776cbb8140c42532c0,REGISTERED,17363,Ethyl Alcohol + Isopropyl Alcohol,66 ml + 3.5 ml/100 ml,AMBIGUOUS,AMBIGUOUS_SHARED_DENOMINATOR
SRCR-53791ded5f8d05a302005a35,REGISTERED,17411,Dextromethorphan Hydrobromide + Guaiphenesin + Menthol,300 mg + 4 gm + 300 mg/100 ml,AMBIGUOUS,AMBIGUOUS_SHARED_DENOMINATOR
SRCR-d01bb52da1631009ebc01408,REGISTERED,17427,Lidocaine Hydrochloride + Phenylephrine Hydrochloride + Tropicamide,6 mg + 1.86 mg + 120 mcg/.6 ml,AMBIGUOUS,AMBIGUOUS_SHARED_DENOMINATOR
SRCR-edf5ff9df097b47b667e33c5,REGISTERED,17465,Phenylephrine Hydrochloride + Promethazine Hydrochloride,100 mg + 125 mg/100 ml,AMBIGUOUS,AMBIGUOUS_SHARED_DENOMINATOR
SRCR-84226c493e2e242747126ec4,REGISTERED,17469,Semaglutide,250 mcg/.5 ml,FAILED,UNSUPPORTED_STRENGTH_PATTERN
SRCR-1e643a4fce975d0c33656252,REGISTERED,17470,Semaglutide,500 mcg/.5 ml,FAILED,UNSUPPORTED_STRENGTH_PATTERN
SRCR-090cd1f946c7350f0c4409ab,REGISTERED,17471,Semaglutide,1 mg/.5 ml,FAILED,UNSUPPORTED_STRENGTH_PATTERN
SRCR-9cc207604fd207a271255eda,REGISTERED,17472,Semaglutide,1.7 mg/.75 ml,FAILED,UNSUPPORTED_STRENGTH_PATTERN
SRCR-b65271bf8bcdd6afe02d34ad,REGISTERED,17473,Semaglutide,2.4 mg/.75 ml,FAILED,UNSUPPORTED_STRENGTH_PATTERN
SRCR-ffb138abb4926c8d044827ef,REGISTERED,17478,Beclomethasone Dipropionate + Clotrimazole + Lidocaine Hydrochloride + Ofloxacin,250 mcg + 10 mg + 20 mg + 3 mg/ml,AMBIGUOUS,AMBIGUOUS_SHARED_DENOMINATOR
SRCR-e8a288a6bec42ada482c0617,REGISTERED,17519,Dextromethorphan Hydrobromide + Diphenhydramine Hydrochloride + Levomenthol,130 mg + 280 mg + 40 mg/100 ml,AMBIGUOUS,AMBIGUOUS_SHARED_DENOMINATOR
SRCR-7b81fc7120298b2395977e7a,REGISTERED,17524,Sodium Chloride + Sodium Citrate,900 mg + 200 mg/100 ml,AMBIGUOUS,AMBIGUOUS_SHARED_DENOMINATOR
SRCR-24448af6ed1252c79a80ee9f,REGISTERED,17574,Sulphamethoxazole + Trimethoprim,10 gm + 2 gm/100 ml,AMBIGUOUS,AMBIGUOUS_SHARED_DENOMINATOR
SRCR-24ffbd6a70e94a4859cfe5fc,REGISTERED,17578,Vitamin A + Vitamin D3 + Vitamin E,1 Lac IU + 20000 IU + 20 mg/ml,AMBIGUOUS,AMBIGUOUS_SHARED_DENOMINATOR
SRCR-c3451499666ec321c35a3914,REGISTERED,17579,Sodium Selenate + Vitamin E,50 mg + 10 gm/100 ml,AMBIGUOUS,AMBIGUOUS_SHARED_DENOMINATOR
SRCR-c4631be32eb7bf65724f9167,REGISTERED,17600,Eucalypytol + Menthol + Methyl Salicylate + Thymol,92 mg + 42 mg + 60 mg + 64 mg/100 ml,AMBIGUOUS,AMBIGUOUS_SHARED_DENOMINATOR
SRCR-6eb7c4731fc2fa0d1b96bcdd,REGISTERED,17602,Crotamiton + Permethrin,10 gm + 5 gm/100 ml,AMBIGUOUS,AMBIGUOUS_SHARED_DENOMINATOR
SRCR-976984b6acb60af9fd6d9446,REGISTERED,17604,Betamethasone + Salicylic Acid,.05 gm + 2 gm/100 ml,AMBIGUOUS,AMBIGUOUS_SHARED_DENOMINATOR
SRCR-f783c1745b2a97c129cc6d1f,REGISTERED,17607,Avobenzone + Oxybenzone + Padimate O + Titanium Dioxide,2 gm + 3 gm + 8 gm + 2 gm/100 ml,AMBIGUOUS,AMBIGUOUS_SHARED_DENOMINATOR
SRCR-1205e5a283b7b465cbd280d0,REGISTERED,17608,Clobetasol Propionate + Neomycin Sulphate + Nystatin,50 mg + 500 mg + 100 Lac IU/100 gm,AMBIGUOUS,AMBIGUOUS_SHARED_DENOMINATOR
SRCR-cfedb02a017bca89b6aaacb4,REGISTERED,17610,Econazole Nitrate + Triamcinolone Acetonide,1 gm + 100 mg/100 gm,AMBIGUOUS,AMBIGUOUS_SHARED_DENOMINATOR
SRCR-c3d4ee1220cee3419e31ab44,REGISTERED,17623,Fusidic Acid + Hydrocortisone Acetate,2 gm + 1 gm/100 gm,AMBIGUOUS,AMBIGUOUS_SHARED_DENOMINATOR
SRCR-a8d637f2c12f862573cd42b5,REGISTERED,17624,Clindamycin Phosphate + Tretinoin,1.2 gm + .025 gm/100 gm,AMBIGUOUS,AMBIGUOUS_SHARED_DENOMINATOR
SRCR-3788fe6f72bb2cb12c07e6f9,REGISTERED,17626,Fluocinolone + Hydroquinone + Tretinoin,.01 gm + 4 gm + .05 gm/100 gm,AMBIGUOUS,AMBIGUOUS_SHARED_DENOMINATOR
SRCR-42359efc5b8d64095628e321,REGISTERED,17634,Medroxyprogesterone Acetate,104 mg/.65 ml,FAILED,UNSUPPORTED_STRENGTH_PATTERN
SRCR-591bdab85c98f32878daab59,REGISTERED,17636,Hydrocortisone Acetate + Lidocaine Hydrochloride,5 mg + 30 mg/gm,AMBIGUOUS,AMBIGUOUS_SHARED_DENOMINATOR
SRCR-dadc34f134b305b274770fda,REGISTERED,17637,Hydrocortisone + Miconazole Nitrate,1 gm + 2 gm/100 gm,AMBIGUOUS,AMBIGUOUS_SHARED_DENOMINATOR
SRCR-3ce941be684da4f60b8b4628,REGISTERED,17638,Camphor + Menthol + Methyl Salicylate,4 gm + 10 gm + 30 gm/100 gm,AMBIGUOUS,AMBIGUOUS_SHARED_DENOMINATOR
SRCR-7e521bbcf759109e23f6e65c,REGISTERED,17649,Ipratropium Bromide + Salbutamol,500 mcg + 2.5 mg/2.5 ml,AMBIGUOUS,AMBIGUOUS_SHARED_DENOMINATOR
SRCR-1359165634913561bc183cab,REGISTERED,17660,Betamethasone + Salicylic Acid,50 mg + 3 gm/100 gm,AMBIGUOUS,AMBIGUOUS_SHARED_DENOMINATOR
SRCR-492a12661b6ae03ce8d89ab2,REGISTERED,17662,Bacitracin Zinc + Neomycin Sulphate,500 IU + 5 mg/gm,AMBIGUOUS,AMBIGUOUS_SHARED_DENOMINATOR
SRCR-46ceb5b64ebb8e079520e62c,REGISTERED,17663,Betamethasone + Calcipotriol,.05 gm + .005 gm/100 gm,AMBIGUOUS,AMBIGUOUS_SHARED_DENOMINATOR
SRCR-515df15cb76892db2c8c84dd,REGISTERED,17664,Diphenhydramine Hydrochloride + Zinc Acetate,20 mg + 1 mg/gm,AMBIGUOUS,AMBIGUOUS_SHARED_DENOMINATOR
SRCR-755dfc18628ef9175f3b064d,REGISTERED,17673,Clobetasol Propionate + Salicylic Acid,.05 gm + 3 gm/100 gm,AMBIGUOUS,AMBIGUOUS_SHARED_DENOMINATOR
SRCR-8074cab6184cbddae58bce0c,REGISTERED,17675,Clorsulon + Ivermectin,500 mg + 50 mg/5 ml,AMBIGUOUS,AMBIGUOUS_SHARED_DENOMINATOR
SRCR-88bf0c4fc83c5a942e1311cf,REGISTERED,17676,Clorsulon + Ivermectin,3 gm + 300 mg/30 ml,AMBIGUOUS,AMBIGUOUS_SHARED_DENOMINATOR
SRCR-14b2153c92dd1581a9411f27,REGISTERED,17680,Clobetasol Propionate + Ofloxacin + Ornidazole + Terbinafine Hydrochloride,.05 gm + .75 gm + 2 gm + 1 gm/100 gm,AMBIGUOUS,AMBIGUOUS_SHARED_DENOMINATOR
SRCR-2848a60904f933d53dd9c55f,REGISTERED,17688,Betamethasone + Clotrimazole + Gentamicin,50 mg + 1 gm + 100 mg/100 gm,AMBIGUOUS,AMBIGUOUS_SHARED_DENOMINATOR
SRCR-e8977a530952dfdabb9cf9e6,REGISTERED,17693,Butaphosphan + Cyanocobalamin,10 gm + 5 mg/100 ml,AMBIGUOUS,AMBIGUOUS_SHARED_DENOMINATOR
SRCR-b9d4ad3b108124fdc031a20d,REGISTERED,17698,Ethyl Alcohol + Isopropyl Alcohol,66 ml + 3.5 ml/100 ml,AMBIGUOUS,AMBIGUOUS_SHARED_DENOMINATOR
SRCR-676b6738ff70153598eb3a04,REGISTERED,17699,Cetrimide + Chlorhexidine Gluconate,3 gm + 300 mg/100 ml,AMBIGUOUS,AMBIGUOUS_SHARED_DENOMINATOR
SRCR-01a746e3d04dd1b9ad9fa14c,REGISTERED,17709,Calcium Dobesilate + Dexamethasone Acetate + Lidocaine Hydrochloride,4 gm + 25 mg + 2 gm/100 gm,AMBIGUOUS,AMBIGUOUS_SHARED_DENOMINATOR
SRCR-70682251619979d7a94c5e11,REGISTERED,17740,Diclofenac Sodium + Lidocaine Hydrochloride,250 mg + 200 mcg/10 ml,AMBIGUOUS,AMBIGUOUS_SHARED_DENOMINATOR
SRCR-a6b9a18a0faf3ded335baeba,REGISTERED,17751,Chlorhexidine Hydrochloride + Nystatin,1 gm + 2 gm/100 gm,AMBIGUOUS,AMBIGUOUS_SHARED_DENOMINATOR
SRCR-d965edca30e49f6258a841ad,REGISTERED,17766,Clotrimazole + Hydrocortisone,1 gm + 1 gm/100 gm,AMBIGUOUS,AMBIGUOUS_SHARED_DENOMINATOR
SRCR-9e47d652d1c84d714c662b5e,REGISTERED,17773,Chloramphenicol + Dexamethasone,5 mg + 1 mg/ml,AMBIGUOUS,AMBIGUOUS_SHARED_DENOMINATOR
SRCR-a1a7b55744c32d12c9fbdb39,REGISTERED,17776,Benzalkonium Chloride + Chlorhexidine Hydrochloride + Isopropyl Myristate + Liquid Paraffin,100 mg + 100 mg + 2.5 gm + 2.5 gm/100 gm,AMBIGUOUS,AMBIGUOUS_SHARED_DENOMINATOR
SRCR-152f827ee3805797be96d303,REGISTERED,17777,Benzalkonium Chloride + Chlorhexidine Hydrochloride + Isopropyl Myristate + Liquid Paraffin,1 mg + 1 mg + 100 mg + 100 mg/gm,AMBIGUOUS,AMBIGUOUS_SHARED_DENOMINATOR
SRCR-4b9813f04aeb3298f008758b,REGISTERED,17778,Halobetasol Propionate + Tazarotene,.01 gm + .045 gm/100 gm,AMBIGUOUS,AMBIGUOUS_SHARED_DENOMINATOR
SRCR-319b5419a50256c4e60bc166,REGISTERED,17793,Mucopolysaccharide Polysulphate + Salicylic Acid,200 mg + 2 gm/100 gm,AMBIGUOUS,AMBIGUOUS_SHARED_DENOMINATOR
SRCR-8509598b6c3de639dd1f0594,REGISTERED,17796,Carboxymethylcellulose Sodium + Hypromellose,250 mg + 300 mg/100 ml,AMBIGUOUS,AMBIGUOUS_SHARED_DENOMINATOR
SRCR-04433bd953e2cfffe681dd49,REGISTERED,17797,Glycerol + Hypromellose + Polyethylene Glycol 400,200 mg + 360 mg + 1 gm/100 ml,AMBIGUOUS,AMBIGUOUS_SHARED_DENOMINATOR
SRCR-7825fb5fd7c9a0e2e0f1ee5e,REGISTERED,17809,Calcium Dobesilate + Dexamethasone Acetate + Lidocaine Hydrochloride,4 gm + 25 mg + 2 gm/100 gm,AMBIGUOUS,AMBIGUOUS_SHARED_DENOMINATOR
SRCR-58f74ea6a4ada8ae94b6e6fb,REGISTERED,17840,Diclofenac Sodium + Lidocaine Hydrochloride,250 mg + 200 mcg/10 ml,AMBIGUOUS,AMBIGUOUS_SHARED_DENOMINATOR
SRCR-e9304624c924274c722660fb,REGISTERED,17851,Chlorhexidine Hydrochloride + Nystatin,1 gm + 2 gm/100 gm,AMBIGUOUS,AMBIGUOUS_SHARED_DENOMINATOR
SRCR-a253742d6249bc200221580a,REGISTERED,17866,Clotrimazole + Hydrocortisone,1 gm + 1 gm/100 gm,AMBIGUOUS,AMBIGUOUS_SHARED_DENOMINATOR
SRCR-73f0388b52a8f1ca43cbfc02,REGISTERED,17873,Chloramphenicol + Dexamethasone,5 mg + 1 mg/ml,AMBIGUOUS,AMBIGUOUS_SHARED_DENOMINATOR
SRCR-8a8e1f23d4cdbbe0ec3ad116,REGISTERED,17876,Benzalkonium Chloride + Chlorhexidine Hydrochloride + Isopropyl Myristate + Liquid Paraffin,100 mg + 100 mg + 2.5 gm + 2.5 gm/100 gm,AMBIGUOUS,AMBIGUOUS_SHARED_DENOMINATOR
SRCR-e1f09e27ab7368ca208f7798,REGISTERED,17877,Benzalkonium Chloride + Chlorhexidine Hydrochloride + Isopropyl Myristate + Liquid Paraffin,1 mg + 1 mg + 100 mg + 100 mg/gm,AMBIGUOUS,AMBIGUOUS_SHARED_DENOMINATOR
SRCR-ee841ce41ce75268622ab38a,REGISTERED,17878,Halobetasol Propionate + Tazarotene,.01 gm + .045 gm/100 gm,AMBIGUOUS,AMBIGUOUS_SHARED_DENOMINATOR
SRCR-fd5c95179e73bde69bb54cdc,REGISTERED,17893,Mucopolysaccharide Polysulphate + Salicylic Acid,200 mg + 2 gm/100 gm,AMBIGUOUS,AMBIGUOUS_SHARED_DENOMINATOR
SRCR-615750dfd430b70bd8cd66bd,REGISTERED,17896,Carboxymethylcellulose Sodium + Hypromellose,250 mg + 300 mg/100 ml,AMBIGUOUS,AMBIGUOUS_SHARED_DENOMINATOR
SRCR-59a75dce9765dd3d05c41647,REGISTERED,17897,Glycerol + Hypromellose + Polyethylene Glycol 400,200 mg + 360 mg + 1 gm/100 ml,AMBIGUOUS,AMBIGUOUS_SHARED_DENOMINATOR
SRCR-a27172153024f19d283287ae,REGISTERED,17974,Medical Oxygen & Medical Nitrogen,20.4 %,AMBIGUOUS,AMBIGUOUS_INGREDIENT_SEPARATOR
SRCR-1b594de463c59287a5ff3db4,REGISTERED,17996,Nystatin,1 Lac Unit/ml,FAILED,UNSUPPORTED_STRENGTH_PATTERN
SRCR-3e930f6d51b1ccb15429dd4c,REGISTERED,17997,Nystatin,5 Lac Unit,FAILED,UNSUPPORTED_STRENGTH_PATTERN
SRCR-3e5fb16916e3278cd83f46ef,REGISTERED,18007,Benzoic Acid + Salicylic Acid,60 mg + 30 mg/gm,AMBIGUOUS,AMBIGUOUS_SHARED_DENOMINATOR
SRCR-64bb04ec89d1e399fb48faf6,REGISTERED,18030,Nicotinamide + Pyridoxine Hydrochloride + Riboflavin + Vitamin B1,20 mg + 2 mg + 2 mg + 5 mg/5 ml,AMBIGUOUS,AMBIGUOUS_SHARED_DENOMINATOR
SRCR-414df399b20fa32ada566337,REGISTERED,18039,Dextrose + Lidocaine Hydrochloride,75 mg + 50 mg/ml,AMBIGUOUS,AMBIGUOUS_SHARED_DENOMINATOR
SRCR-849611d8b7e4cf204bf0b96c,REGISTERED,18048,Sulphamethoxazole + Trimethoprim,200 mg + 40 mg/5 ml,AMBIGUOUS,AMBIGUOUS_SHARED_DENOMINATOR
SRCR-586db5e2608ecbab96b74673,REGISTERED,18053,Aluminium Oxide + Magnesium Hydroxide,200 mg + 225 mg/5 ml,AMBIGUOUS,AMBIGUOUS_SHARED_DENOMINATOR
SRCR-d1070906dc3b0a105339e8eb,REGISTERED,18056,Aluminium Oxide + Magnesium Hydroxide,175 mg + 225 mg/5 ml,AMBIGUOUS,AMBIGUOUS_SHARED_DENOMINATOR
SRCR-cdf9df7f2fd440ff4a1ea5f0,REGISTERED,18059,Benzathine Penicillin,12 Lac Unit/vial,FAILED,UNSUPPORTED_STRENGTH_PATTERN
SRCR-88a043cb7a4cd66222862786,REGISTERED,18060,Benzathine Penicillin,6 Lac Unit/vial,FAILED,UNSUPPORTED_STRENGTH_PATTERN
SRCR-5f0166ac4171367af504b8b2,REGISTERED,18071,Diclofenac + Lidocaine Hydrochloride,75 mg + 20 mg/2 ml,AMBIGUOUS,AMBIGUOUS_SHARED_DENOMINATOR
SRCR-d10ddadb382e89232c9128dc,REGISTERED,18077,Benzyl Penicillin,10 Lac Unit,FAILED,UNSUPPORTED_STRENGTH_PATTERN
SRCR-461de7bdfa257717517015d4,REGISTERED,18078,Benzyl Penicillin,5 Lac Unit,FAILED,UNSUPPORTED_STRENGTH_PATTERN
SRCR-a601adc339c3f68155f71724,REGISTERED,18082,Cyanocobalamin + Pyridoxine Hydrochloride + Vitamin B1,1 mg + 100 mg + 100 mg/3 ml,AMBIGUOUS,AMBIGUOUS_SHARED_DENOMINATOR
SRCR-4ba8abe02177fbdd1b278e43,REGISTERED,18092,Dexpanthanol + Nicotinamide + Pyridoxine Hydrochloride + Riboflavin + Vitamin B1,25 mg + 500 mg + 50 mg + 20 mg + 250 mg/10 ml,AMBIGUOUS,AMBIGUOUS_SHARED_DENOMINATOR
SRCR-43442e8ab18100390173a46d,REGISTERED,18131,Bupivacaine + Dextrose,20 mg + 320 mg/4 ml,AMBIGUOUS,AMBIGUOUS_SHARED_DENOMINATOR
SRCR-ea141fb6434bb4444689532d,REGISTERED,18147,Adrenaline + Lidocaine Hydrochloride,5 mcg + 20 mg/ml,AMBIGUOUS,AMBIGUOUS_SHARED_DENOMINATOR
SRCR-d2eef36b9514c03c30b2e42c,REGISTERED,18182,Pyrimethamine + Sulfadoxine,25 mg + 500 mg/5 ml,AMBIGUOUS,AMBIGUOUS_SHARED_DENOMINATOR
SRCR-a6cf79c19f425f3893cdefd1,REGISTERED,18188,Chlorpheniramine Maleate + Dexamethasone,500 mg + 100 mg/100 ml,AMBIGUOUS,AMBIGUOUS_SHARED_DENOMINATOR
SRCR-cfec6e005c6950359a7440a7,REGISTERED,18189,Bacitracin Zinc + Neomycin Sulphate,500 IU + 5 mg/gm,AMBIGUOUS,AMBIGUOUS_SHARED_DENOMINATOR
SRCR-d0ff12ed79e3999f904f03c3,REGISTERED,18221,Adrenaline + Lidocaine Hydrochloride,18 mcg + 20 mg/ml,AMBIGUOUS,AMBIGUOUS_SHARED_DENOMINATOR
SRCR-d5ace06295a7fa574efb5769,REGISTERED,18230,Ascorbic Acid + Cod Liver Oil + Nicotinamide + Pyridoxine Hydrochloride + Riboflavin + Vitamin A + Vitamin B1 + Vitamin D3 + Vitamin E,17.5 mg + 100 mg + 9 mg + .35 mg + .85 mg + 2000 IU + .7 mg + 200 IU + 1.5 mg/5 ml,AMBIGUOUS,AMBIGUOUS_SHARED_DENOMINATOR
SRCR-76b5f3ecb90864bcc403d286,REGISTERED,18237,Articaine Hydrochloride + Epinephrine,4 gm + 1 mg/100 ml,AMBIGUOUS,AMBIGUOUS_SHARED_DENOMINATOR
SRCR-732fd4bcb2baa6aa4cc6bb90,REGISTERED,18239,Cetrimide + Chlorhexidine Gluconate,3 gm + 300 mg/100 ml,AMBIGUOUS,AMBIGUOUS_SHARED_DENOMINATOR
SRCR-5ecf21bb3814f922ba8371fd,REGISTERED,18242,Fluorometholone + Tetryzoline Hydrochloride,100 mg + 25 mg/100 ml,AMBIGUOUS,AMBIGUOUS_SHARED_DENOMINATOR
SRCR-b8b00d82da0f7c7a576e8725,REGISTERED,18248,Adrenaline + Lidocaine Hydrochloride,20 mcg + 20 mg/ml,AMBIGUOUS,AMBIGUOUS_SHARED_DENOMINATOR
SRCR-9f7eb961f845906689003196,REGISTERED,18263,Betamethasone + Neomycin Sulphate,100 mg + 500 mg/100 gm,AMBIGUOUS,AMBIGUOUS_SHARED_DENOMINATOR
SRCR-22b6e89bc57de94ce4043111,REGISTERED,18264,Clobetasol Propionate + Neomycin Sulphate + Nystatin,50 mg + 500 mg + 100 Lac IU/100 gm,AMBIGUOUS,AMBIGUOUS_SHARED_DENOMINATOR
SRCR-6e74b249a287f1127185a11b,REGISTERED,18359,Nicotinamide + Pyridoxine Hydrochloride + Riboflavin + Vitamin B1,20 mg + 2 mg + 2 mg + 5 mg/5 ml,AMBIGUOUS,AMBIGUOUS_SHARED_DENOMINATOR
SRCR-932315ceb87ac1a070c4496f,REGISTERED,18469,Docetaxel,20 mg/.5 ml,FAILED,UNSUPPORTED_STRENGTH_PATTERN
SRCR-d990630c8498dc1a40302449,REGISTERED,18525,Aluminium Oxide + Magnesium Hydroxide + Simethicone,200 mg + 400 mg + 30 mg/5 ml,AMBIGUOUS,AMBIGUOUS_SHARED_DENOMINATOR
SRCR-04f0d6a7852d920dadd7d2db,REGISTERED,18527,Bacitracin Zinc + Neomycin Sulphate,500 IU + 5 mg/gm,AMBIGUOUS,AMBIGUOUS_SHARED_DENOMINATOR
SRCR-fbc1418024da7a688fe739e5,REGISTERED,18536,Empty Hard Gelatin Capsule,0 Size,FAILED,UNSUPPORTED_STRENGTH_PATTERN
SRCR-141d502018d75abba839acbf,REGISTERED,18537,Empty Hard Gelatin Capsule,2 Size,FAILED,UNSUPPORTED_STRENGTH_PATTERN
SRCR-1157fc42295ebd2d62b189ad,REGISTERED,18548,Bacitracin Zinc + Neomycin Sulphate,500 IU + 5 mg/gm,AMBIGUOUS,AMBIGUOUS_SHARED_DENOMINATOR
SRCR-09e419c6a72988626a183e21,REGISTERED,18591,Sulphamethoxazole + Trimethoprim,200 mg + 40 mg/5 ml,AMBIGUOUS,AMBIGUOUS_SHARED_DENOMINATOR
SRCR-c78822d6af54429c9f90d9f5,REGISTERED,18596,Aluminium Oxide + Magnesium Hydroxide,175 mg + 225 mg/5 ml,AMBIGUOUS,AMBIGUOUS_SHARED_DENOMINATOR
SRCR-1694b8054c0a9b1d7c6031ee,REGISTERED,18611,Nicotinamide + Pyridoxine Hydrochloride + Riboflavin + Vitamin B1,20 mg + 2 mg + 2 mg + 5 mg/5 ml,AMBIGUOUS,AMBIGUOUS_SHARED_DENOMINATOR
SRCR-3ec1ac461495b3cf439a287b,REGISTERED,18614,Nicotinamide + Pantothenic acid + Pyridoxine Hydrochloride + Riboflavin + Vitamin A + Vitamin B1 + Vitamin C + Vitamin D,10 mg + 5 mg + 1 mg + 1 mg + 5000 IU + 1.6 mg + 50 mg + 1000 IU/ml,AMBIGUOUS,AMBIGUOUS_SHARED_DENOMINATOR
SRCR-d3cd5e0cbb844134a165f9e6,REGISTERED,18624,Bacitracin Zinc + Neomycin Sulphate,500 IU + 5 mg/gm,AMBIGUOUS,AMBIGUOUS_SHARED_DENOMINATOR
SRCR-705f42864d0930c343c1317a,REGISTERED,18632,Nystatin,1 Lac Unit/ml,FAILED,UNSUPPORTED_STRENGTH_PATTERN
SRCR-756b10993e5fadae07a8dd7b,REGISTERED,18638,Econazole Nitrate + Triamcinolone Acetonide,1 gm + 100 mg/100 gm,AMBIGUOUS,AMBIGUOUS_SHARED_DENOMINATOR
SRCR-9c15171d1b3fea0b0b4d2c8c,REGISTERED,18712,Nicotinamide + Pyridoxine Hydrochloride + Riboflavin + Vitamin B1 + Zinc,20 mg + 2 mg + 2 mg + 5 mg + 10 mg/5 ml,AMBIGUOUS,AMBIGUOUS_SHARED_DENOMINATOR
SRCR-bc06818562ee553b42d0b3c9,REGISTERED,18735,Cyanocobalamin + Pyridoxine Hydrochloride + Vitamin B1,1 mg + 100 mg + 100 mg/3 ml,AMBIGUOUS,AMBIGUOUS_SHARED_DENOMINATOR
SRCR-91f33982ad6811a7f1d4aefb,REGISTERED,18738,Diclofenac + Lidocaine Hydrochloride,75 mg + 20 mg/2 ml,AMBIGUOUS,AMBIGUOUS_SHARED_DENOMINATOR
SRCR-77720fd0d196443ea37398cc,REGISTERED,18745,Ascorbic Acid + Cod Liver Oil + Nicotinamide + Pyridoxine Hydrochloride + Riboflavin + Vitamin A + Vitamin B1 + Vitamin D3 + Vitamin E,17.5 mg + 100 mg + 9 mg + .35 mg + .85 mg + 2000 IU + .7 mg + 200 IU + 1.5 mg/5 ml,AMBIGUOUS,AMBIGUOUS_SHARED_DENOMINATOR
SRCR-ca5cd4adf5c4844873f093a3,REGISTERED,18752,Hydrocortisone + Miconazole Nitrate,1 gm + 2 gm/100 gm,AMBIGUOUS,AMBIGUOUS_SHARED_DENOMINATOR
SRCR-c38673703fd01da58d7f2418,REGISTERED,18753,Betamethasone + Clotrimazole,100 mg + 1 gm/100 gm,AMBIGUOUS,AMBIGUOUS_SHARED_DENOMINATOR
SRCR-9ecaf76a9cf9c31bf48b41a1,REGISTERED,18754,Betamethasone + Neomycin Sulphate,100 mg + 500 mg/100 gm,AMBIGUOUS,AMBIGUOUS_SHARED_DENOMINATOR
SRCR-719eddfac1c17d5adfc380ed,REGISTERED,18765,Dextrose Anhydrous + Potassium Chloride + Sodium Chloride + Trisodium Citrate,10 gm + 750 mg + 1.75 gm + 1.45 gm/500 ml,AMBIGUOUS,AMBIGUOUS_SHARED_DENOMINATOR
SRCR-2f61a99f674ac933d91edfd6,REGISTERED,18766,Dextrose Anhydrous + Fructose + Potassium Chloride + Sodium Bicarbonate + Sodium Chloride + Sucrose,4.09 gm + 70 mg + 380 mg + 420 mg + 440 mg + 8.07 gm/250 ml,AMBIGUOUS,AMBIGUOUS_SHARED_DENOMINATOR
SRCR-2508cdec4b8be11d55c71681,REGISTERED,18781,Magaldrate + Simethicone,480 mg + 20 mg/5 ml,AMBIGUOUS,AMBIGUOUS_SHARED_DENOMINATOR
SRCR-63452768d8ccbf01242bdeb0,REGISTERED,18793,Eucalypytol + Menthol + Methyl Salicylate + Thymol,92 mg + 42 mg + 60 mg + 64 mg/100 ml,AMBIGUOUS,AMBIGUOUS_SHARED_DENOMINATOR
SRCR-49450b270466e701348cd035,REGISTERED,18797,Polyethylene Glycol 400 + Propylene Glycol,400 mg + 300 mg/100 ml,AMBIGUOUS,AMBIGUOUS_SHARED_DENOMINATOR
SRCR-a6f7c068bdee116040042933,REGISTERED,18800,Chloramphenicol + Dexamethasone,5 mg + 1 mg/ml,AMBIGUOUS,AMBIGUOUS_SHARED_DENOMINATOR
SRCR-d61044b9dcc2dbaa406d701d,REGISTERED,18802,Ciprofloxacin + Dexamethasone,300 mg + 100 mg/100 ml,AMBIGUOUS,AMBIGUOUS_SHARED_DENOMINATOR
SRCR-96a607642fbe7f0ff89aeaa9,REGISTERED,18804,Sulphamethoxazole + Trimethoprim,10 gm + 2 gm/100 ml,AMBIGUOUS,AMBIGUOUS_SHARED_DENOMINATOR
SRCR-fef86ab3e1154add8819589d,REGISTERED,18811,D-Panthenol + Nicotinamide + Pyridoxine Hydrochloride + Riboflavin + Vitamin B1,5 mg + 100 mg + 10 mg + 4 mg + 50 mg/2 ml,AMBIGUOUS,AMBIGUOUS_SHARED_DENOMINATOR
SRCR-321fcdefcbb56027251d324b,REGISTERED,18814,Dextrose Anhydrous + Potassium Chloride + Sodium Chloride + Trisodium Citrate,6.75 gm + 750 mg + 1.3 gm + 1.45 gm/500 ml,AMBIGUOUS,AMBIGUOUS_SHARED_DENOMINATOR
SRCR-55cdec4be2fcf6725d426503,REGISTERED,18816,Diaverdin + Nicotinamide + Sulphadimethoxine Sodium + Sulphadimidine + Vitamin K,3 gm + 3 gm + 2 gm + 20 gm + 2 gm/100 gm,AMBIGUOUS,AMBIGUOUS_SHARED_DENOMINATOR
SRCR-016709f1cda6ca0bed01b9ff,REGISTERED,18818,Sulphadiazine + Trimethoprim,40 gm + 8 gm/100 ml,AMBIGUOUS,AMBIGUOUS_SHARED_DENOMINATOR
SRCR-4ae6d14fc989b84e8bdd4ea3,REGISTERED,18819,Sodium Selenate + Vitamin E,50 mg + 10 gm/100 ml,AMBIGUOUS,AMBIGUOUS_SHARED_DENOMINATOR
SRCR-d12c2c7b7d102b54147e3af3,REGISTERED,18825,Bupivacaine + Dextrose,20 mg + 320 mg/4 ml,AMBIGUOUS,AMBIGUOUS_SHARED_DENOMINATOR
SRCR-aebf4e3b8711ca4f06dcab0a,REGISTERED,18842,Clobetasol Propionate + Neomycin Sulphate + Nystatin,50 mg + 500 mg + 100 Lac IU/100 gm,AMBIGUOUS,AMBIGUOUS_SHARED_DENOMINATOR
SRCR-7163fd3bf574320697be2a68,REGISTERED,18843,Dexamethasone + Tobramycin,100 mg + 300 mg/100 ml,AMBIGUOUS,AMBIGUOUS_SHARED_DENOMINATOR
SRCR-e95f7542c27e385fee497d70,REGISTERED,18846,Cinchocaine Hydrochloride + Esculin + Hydrocortisone + Neomycin Sulphate,500 mg + 1 gm + 500 mg + 1 gm/100 gm,AMBIGUOUS,AMBIGUOUS_SHARED_DENOMINATOR
SRCR-f6a910a29ef28be05f678608,REGISTERED,18850,Ciprofloxacin + Dexamethasone,300 mg + 100 mg/100 ml,AMBIGUOUS,AMBIGUOUS_SHARED_DENOMINATOR
SRCR-46fde03107902604b238247e,REGISTERED,18887,Ammonium Bicarbonate + Gentian + Ginger + Nux vomica + Sodium Bicarbonate,25 gm + 1.5 gm + 1.5 gm + 7 gm + 65 gm/100 gm,AMBIGUOUS,AMBIGUOUS_SHARED_DENOMINATOR
SRCR-91828cfe507a4e8955a6726f,REGISTERED,18890,Liquid Paraffin + Magnesium Hydroxide,25 ml + 6 gm/100 ml,AMBIGUOUS,AMBIGUOUS_SHARED_DENOMINATOR
SRCR-b52cd1aac84513e130134d45,REGISTERED,18892,Glycerol + Hydrogen Peroxide Solution + Isopropyl Alcohol,1.45 ml + 4.17 ml + 75 ml/100 ml,AMBIGUOUS,AMBIGUOUS_SHARED_DENOMINATOR
SRCR-cc68f18585bc11fac67d6f4a,REGISTERED,18901,Nicotinamide + Pyridoxine Hydrochloride + Riboflavin + Vitamin B1,20 mg + 2 mg + 2 mg + 5 mg/5 ml,AMBIGUOUS,AMBIGUOUS_SHARED_DENOMINATOR
SRCR-094616f2ef4bc221794af7c0,REGISTERED,18932,Sulphamethoxazole + Trimethoprim,200 mg + 40 mg/5 ml,AMBIGUOUS,AMBIGUOUS_SHARED_DENOMINATOR
SRCR-26a609d219773ac227aa89d2,REGISTERED,18933,Aluminium Oxide + Magnesium Hydroxide,175 mg + 225 mg/5 ml,AMBIGUOUS,AMBIGUOUS_SHARED_DENOMINATOR
SRCR-dd06b4a88e8f3a6e02f857b4,REGISTERED,18999,Nicotinamide + Pyridoxine Hydrochloride + Riboflavin + Vitamin B1 + Zinc,400 mg + 40 mg + 50 mg + 100 mg + 200 mg/100 ml,AMBIGUOUS,AMBIGUOUS_SHARED_DENOMINATOR
SRCR-f51b69bd7e4baee082e52142,REGISTERED,19018,Clobetasol Propionate + Neomycin Sulphate + Nystatin,50 mg + 500 mg + 100 Lac IU/100 gm,AMBIGUOUS,AMBIGUOUS_SHARED_DENOMINATOR
SRCR-df67fac058a35c6f2ec7420d,REGISTERED,19024,Potassium Bicarbonate + Sodium Alginate,100 mg + 500 mg/5 ml,AMBIGUOUS,AMBIGUOUS_SHARED_DENOMINATOR
SRCR-7e4eb5eb085e698da87ad785,REGISTERED,19032,Citric Acid Monohydrate + Potassium Citrate,5 gm + 30 gm/100 ml,AMBIGUOUS,AMBIGUOUS_SHARED_DENOMINATOR
SRCR-8791e756a233e9ba98fb559a,REGISTERED,19035,Clindamycin Phosphate + Tretinoin,1.2 gm + .025 gm/100 gm,AMBIGUOUS,AMBIGUOUS_SHARED_DENOMINATOR
SRCR-05610461277a9ca5d2a8c542,REGISTERED,19072,Cefuroxime + Clavulanic Acid,125 mg + 31.25 mg/5 ml,AMBIGUOUS,AMBIGUOUS_SHARED_DENOMINATOR
SRCR-12bb29e4cb6badd6135e535b,REGISTERED,19119,Calcium Chloride + Glacial Acetic Acid + Magnessium Chloride + Potassium Chloride + Sodium Chloride,9.74 gm + 8.84 gm + 3.74 gm + 5.5 gm + 161.43 gm/1000 ml,AMBIGUOUS,AMBIGUOUS_SHARED_DENOMINATOR
SRCR-56f36004d66033387de3d38f,REGISTERED,19120,Sodium Chloride + Sodium Hydrogen Carbonate,66 gm + 30.5 gm/Litres,AMBIGUOUS,AMBIGUOUS_SHARED_DENOMINATOR
SRCR-cb22553235e28a0d6cffbbfa,REGISTERED,19121,Calcium Chloride Dihydrate + Magnessium Chloride + Potassium Chloride + Sodium Acetate + Sodium Chloride,5.1 gm + 3.56 gm + 5.2 gm + 181.01 gm + 198.4 gm/Litres,AMBIGUOUS,AMBIGUOUS_SHARED_DENOMINATOR
SRCR-0f02eef64a16b2198f1f3e71,REGISTERED,19158,Cefuroxime + Clavulanic Acid,125 mg + 31.25 mg/5 ml,AMBIGUOUS,AMBIGUOUS_SHARED_DENOMINATOR
SRCR-d173c9801c557e7200799f1d,REGISTERED,19192,Dextromethorphan Hydrobromide + Phenylephrine Hydrochloride + Triprolidine Hydrochloride,400 mg + 200 mg + 50 mg/100 ml,AMBIGUOUS,AMBIGUOUS_SHARED_DENOMINATOR
SRCR-a432a0f757878c701f775744,REGISTERED,19195,Magaldrate + Simethicone,480 mg + 20 mg/5 ml,AMBIGUOUS,AMBIGUOUS_SHARED_DENOMINATOR
SRCR-a3d7f5c4f995196e54ac21a4,REGISTERED,19196,Glycerol + Hydrogen Peroxide Solution + Isopropyl Alcohol,1.45 ml + 4.17 ml + 75 ml/100 ml,AMBIGUOUS,AMBIGUOUS_SHARED_DENOMINATOR
SRCR-287643abfba77a9207b312a1,REGISTERED,19199,Dextromethorphan Hydrobromide + Guaiphenesin + Menthol,300 mg + 4 gm + 300 mg/100 ml,AMBIGUOUS,AMBIGUOUS_SHARED_DENOMINATOR
SRCR-468f81c1a901317880be6e38,REGISTERED,19201,Calcium Carbonate + Sodium Alginate + Sodium Bicarbonate,1.6 gm + 5 gm + 2.6 gm/100 ml,AMBIGUOUS,AMBIGUOUS_SHARED_DENOMINATOR
SRCR-5052153953c27e83e735b7a9,REGISTERED,19228,Sulphadiazine + Trimethoprim,40 gm + 8 gm/100 ml,AMBIGUOUS,AMBIGUOUS_SHARED_DENOMINATOR
SRCR-1a4e9be454de80fca5c81590,REGISTERED,19233,Amprolium + Sulfaquinoxaline Sodium + Vitamin K,170 gm + 170 gm + 1 gm/KG,AMBIGUOUS,AMBIGUOUS_SHARED_DENOMINATOR
SRCR-9491aae62dea69714f9df64f,REGISTERED,19243,Sulphamethoxazole + Trimethoprim,200 mg + 40 mg/5 ml,AMBIGUOUS,AMBIGUOUS_SHARED_DENOMINATOR
SRCR-60b8d59343caabf4beefe3aa,REGISTERED,19270,Niacinamide + Pyridoxine Hydrochloride + Riboflavin + Vitamin B1 + Zinc,20 mg + 2 mg + 2 mg + 5 mg + 10 mg/5 ml,AMBIGUOUS,AMBIGUOUS_SHARED_DENOMINATOR
SRCR-9cfbdd167deb1e3008366361,REGISTERED,19317,Potassium Bicarbonate + Sodium Alginate,100 mg + 500 mg/5 ml,AMBIGUOUS,AMBIGUOUS_SHARED_DENOMINATOR
SRCR-8bc03fadd946209e9431d4d4,REGISTERED,19326,Cyanocobalamin + Pyridoxine Hydrochloride + Vitamin B1,1 mg + 100 mg + 100 mg/3 ml,AMBIGUOUS,AMBIGUOUS_SHARED_DENOMINATOR
SRCR-648e7ee30541dbf61abb034f,REGISTERED,19334,Ascorbic Acid + Cod Liver Oil + Nicotinamide + Pyridoxine Hydrochloride + Riboflavin + Vitamin A + Vitamin B1 + Vitamin D3 + Vitamin E,17.5 mg + 100 mg + 9 mg + .35 mg + .85 mg + 2000 IU + .7 mg + 200 IU + 1.5 mg/5 ml,AMBIGUOUS,AMBIGUOUS_SHARED_DENOMINATOR
SRCR-d8a659646752a008ca4fff6c,REGISTERED,19345,Magaldrate + Simethicone,480 mg + 20 mg/5 ml,AMBIGUOUS,AMBIGUOUS_SHARED_DENOMINATOR
SRCR-06be02153a5f110d30b92030,REGISTERED,19358,Citric Acid Monohydrate + Potassium Citrate,5 gm + 30 gm/100 ml,AMBIGUOUS,AMBIGUOUS_SHARED_DENOMINATOR
SRCR-c152f875d34a4a8708af3269,REGISTERED,19359,Dextrose + Sodium Chloride,5 % + .225 %/100 ml,AMBIGUOUS,AMBIGUOUS_SHARED_DENOMINATOR
SRCR-86384fdbdb4ed786bc9b0282,REGISTERED,19362,Potassium Chloride + Sodium Acetate + Sodium Chloride,100 mg + 650 mg + 500 mg/100 ml,AMBIGUOUS,AMBIGUOUS_SHARED_DENOMINATOR
SRCR-d37b1f441797ab8b24eaf236,REGISTERED,19363,Calcium Chloride + Potassium Chloride + Sodium Chloride + Sodium Lactate,27 mg + 40 mg + 600 mg + 320 mg/100 ml,AMBIGUOUS,AMBIGUOUS_SHARED_DENOMINATOR
SRCR-abb0c3005998f91b77b90291,REGISTERED,19368,Diabasic Sodium Phosphate + Monobasic Sodium Phosphate,7 gm + 19 gm/118 ml,AMBIGUOUS,AMBIGUOUS_SHARED_DENOMINATOR
SRCR-10c91a728e20101ae1dfc055,REGISTERED,19383,Pvc Bags For Iv Infusion,1 No's,FAILED,UNSUPPORTED_STRENGTH_PATTERN
SRCR-7a9c29f6acd59d57318528fc,REGISTERED,19386,Pvc Bags For Iv Infusion,1 No's,FAILED,UNSUPPORTED_STRENGTH_PATTERN
SRCR-72466aad101026e10c9393c4,REGISTERED,19399,Dextrose + Sodium Chloride,10 gm + 225 mg/100 ml,AMBIGUOUS,AMBIGUOUS_SHARED_DENOMINATOR
SRCR-7abff274d0ba587c45576fa6,REGISTERED,19400,Calcium Chloride + Dextrose Anhydrous + Potassium Chloride + Sodium Chloride + Sodium Lactate,20 mg + 5 gm + 30 mg + 600 mg + 310 mg/100 ml,AMBIGUOUS,AMBIGUOUS_SHARED_DENOMINATOR
SRCR-0514eb5ed2b91839e7667851,REGISTERED,19401,Dextrose + Sodium Chloride,4.3 gm + 180 mg/100 ml,AMBIGUOUS,AMBIGUOUS_SHARED_DENOMINATOR
SRCR-22a67988e43e80c6ae42950a,REGISTERED,19404,Dextran 40 + Dextrose,10 gm + 5 gm/100 ml,AMBIGUOUS,AMBIGUOUS_SHARED_DENOMINATOR
SRCR-98d200f86f22bdee46fa35f0,REGISTERED,19405,Dextran 40 + Sodium Chloride,10 gm + 900 mg/100 ml,AMBIGUOUS,AMBIGUOUS_SHARED_DENOMINATOR
SRCR-6094dfad7282cd911e814f78,REGISTERED,19419,Aluminium Oxide + Magnesium Hydroxide,175 mg + 225 mg/5 ml,AMBIGUOUS,AMBIGUOUS_SHARED_DENOMINATOR
SRCR-899705dc255554444ad1510d,REGISTERED,19420,Aluminium Oxide + Magnesium Hydroxide + Simethicone,200 mg + 400 mg + 30 mg/5 ml,AMBIGUOUS,AMBIGUOUS_SHARED_DENOMINATOR
SRCR-6620e31486e77e8dcc6ef044,REGISTERED,19431,Nicotinamide + Pyridoxine Hydrochloride + Riboflavin + Vitamin B1,20 mg + 2 mg + 2 mg + 5 mg/5 ml,AMBIGUOUS,AMBIGUOUS_SHARED_DENOMINATOR
SRCR-69326b24deab1b8b8ae51b1c,REGISTERED,19435,Benzoic Acid + Salicylic Acid,60 mg + 30 mg/gm,AMBIGUOUS,AMBIGUOUS_SHARED_DENOMINATOR
SRCR-a46429ea6bc07f03b1ef5b81,REGISTERED,19439,Sulphamethoxazole + Trimethoprim,200 mg + 40 mg/5 ml,AMBIGUOUS,AMBIGUOUS_SHARED_DENOMINATOR
SRCR-0dc6acb383b8e3b42a291e80,REGISTERED,19454,Ascorbic Acid + Cod Liver Oil + Nicotinamide + Pyridoxine Hydrochloride + Riboflavin + Vitamin A + Vitamin B1 + Vitamin D3 + Vitamin E,17.5 mg + 100 mg + 9 mg + .35 mg + .85 mg + 2000 IU + .7 mg + 200 IU + 1.5 mg/5 ml,AMBIGUOUS,AMBIGUOUS_SHARED_DENOMINATOR
SRCR-f4d1f8ab53b0f68594cb3f4e,REGISTERED,19480,Cyanocobalamin + Pyridoxine Hydrochloride + Vitamin B1,1 mg + 100 mg + 100 mg/3 ml,AMBIGUOUS,AMBIGUOUS_SHARED_DENOMINATOR
SRCR-396c3674f71178ea3bdf8677,REGISTERED,19504,Nicotinamide + Pyridoxine Hydrochloride + Riboflavin + Vitamin B1,20 mg + 2 mg + 2 mg + 5 mg/5 ml,AMBIGUOUS,AMBIGUOUS_SHARED_DENOMINATOR
SRCR-48d5397aef62816af86c281e,REGISTERED,19577,Aluminium Oxide + Magnesium Hydroxide,175 mg + 225 mg/5 ml,AMBIGUOUS,AMBIGUOUS_SHARED_DENOMINATOR
SRCR-b4d74247b1d3ca7ca58af6ba,REGISTERED,19578,Sulphamethoxazole + Trimethoprim,200 mg + 40 mg/5 ml,AMBIGUOUS,AMBIGUOUS_SHARED_DENOMINATOR
SRCR-1edc8a8476b04eaf99133748,REGISTERED,19594,Betamethasone + Clotrimazole,50 mg + 1 gm/100 gm,AMBIGUOUS,AMBIGUOUS_SHARED_DENOMINATOR
SRCR-3b3fc49b2e593646c0fd46d2,REGISTERED,19602,Dextrose Anhydrous + Potassium Chloride + Sodium Chloride + Trisodium Citrate,6.75 gm + 750 mg + 1.3 gm + 1.45 gm/500 ml,AMBIGUOUS,AMBIGUOUS_SHARED_DENOMINATOR
SRCR-31ac4a15b3d9efac79a15419,REGISTERED,19617,Benzoic Acid + Salicylic Acid,60 mg + 30 mg/gm,AMBIGUOUS,AMBIGUOUS_SHARED_DENOMINATOR
SRCR-ca710b0cde7c21285918d385,REGISTERED,19624,Iron + Nicotinamide + Pyridoxine Hydrochloride + Riboflavin + Vitamin B1 + Zinc,50 mg + 20 mg + 2 mg + 2 mg + 5 mg + 10 mg/5 ml,AMBIGUOUS,AMBIGUOUS_SHARED_DENOMINATOR
SRCR-ed0f6c787de6b2f7e7a5e9bd,REGISTERED,19625,Bacitracin Zinc + Neomycin Sulphate,250 IU + 5 mg/gm,AMBIGUOUS,AMBIGUOUS_SHARED_DENOMINATOR
SRCR-1141526b1b32282120c996b0,REGISTERED,19628,Nicotinamide + Pyridoxine Hydrochloride + Riboflavin + Vitamin B1,20 mg + 2 mg + 2 mg + 5 mg/5 ml,AMBIGUOUS,AMBIGUOUS_SHARED_DENOMINATOR
SRCR-c73157762886a6235968cf2a,REGISTERED,19635,Menthol + Methyl Salicylate,8 gm + 30 gm/100 gm,AMBIGUOUS,AMBIGUOUS_SHARED_DENOMINATOR
SRCR-3c97c272c5b5e5cd9503d7ff,REGISTERED,19640,Ammonium Bicarbonate + Gentian + Ginger + Nux vomica + Sodium Bicarbonate,25 gm + 1.5 gm + 1.5 gm + 7 gm + 65 gm/100 gm,AMBIGUOUS,AMBIGUOUS_SHARED_DENOMINATOR
SRCR-4b846e10cf02f1b9d8651ea7,REGISTERED,19677,Magaldrate + Simethicone,480 mg + 20 mg/5 ml,AMBIGUOUS,AMBIGUOUS_SHARED_DENOMINATOR
SRCR-416450931a409947cbe8df91,REGISTERED,19697,Camphor + Menthol + Methyl Salicylate,4 gm + 10 gm + 30 gm/100 gm,AMBIGUOUS,AMBIGUOUS_SHARED_DENOMINATOR
SRCR-30417483b60c10560038943f,REGISTERED,19698,Betamethasone + Fusidic Acid,100 mg + 2 gm/100 gm,AMBIGUOUS,AMBIGUOUS_SHARED_DENOMINATOR
SRCR-bb8d81d18564b194df4f81ef,REGISTERED,19700,Ascorbic Acid + Cod Liver Oil + Nicotinamide + Pyridoxine Hydrochloride + Riboflavin + Vitamin A + Vitamin B1 + Vitamin D3 + Vitamin E,17.5 mg + 100 mg + 9 mg + .35 mg + .85 mg + 2000 IU + .7 mg + 200 IU + 1.5 mg/5 ml,AMBIGUOUS,AMBIGUOUS_SHARED_DENOMINATOR
SRCR-dcb195f4184d089c8250066b,REGISTERED,19705,Fluocinolone + Hydroquinone + Tretinoin,.01 gm + 4 gm + .05 gm/100 gm,AMBIGUOUS,AMBIGUOUS_SHARED_DENOMINATOR
SRCR-81a1bb8a2104cd715514f1fd,REGISTERED,19707,Dextromethorphan Hydrobromide + Phenylephrine Hydrochloride + Triprolidine Hydrochloride,400 mg + 200 mg + 50 mg/100 ml,AMBIGUOUS,AMBIGUOUS_SHARED_DENOMINATOR
SRCR-d27501d45db24d6feecea857,REGISTERED,19709,Bacitracin Zinc + Neomycin Sulphate,500 IU + 5 mg/gm,AMBIGUOUS,AMBIGUOUS_SHARED_DENOMINATOR
SRCR-98582ad455f9ca72191749cc,REGISTERED,19710,Hydrocortisone + Miconazole Nitrate,1 gm + 2 gm/100 gm,AMBIGUOUS,AMBIGUOUS_SHARED_DENOMINATOR
SRCR-535d5196602160798d39fa9a,REGISTERED,19711,Potassium Bicarbonate + Sodium Alginate,100 mg + 500 mg/5 ml,AMBIGUOUS,AMBIGUOUS_SHARED_DENOMINATOR
SRCR-ba3826f0acf4d72ab80908fd,REGISTERED,19715,Calcium Dobesilate + Dexamethasone Acetate + Lidocaine Hydrochloride,4 gm + 25 mg + 2 gm/100 gm,AMBIGUOUS,AMBIGUOUS_SHARED_DENOMINATOR
SRCR-e553e37136b9c2a55b98c2c2,REGISTERED,19730,Nicotinamide + Pyridoxine Hydrochloride + Riboflavin + Vitamin B1,20 mg + 2 mg + 2 mg + 5 mg/5 ml,AMBIGUOUS,AMBIGUOUS_SHARED_DENOMINATOR
SRCR-f88b5380cbfece2534545596,REGISTERED,19733,D-Panthenol + Nicotinamide + Pyridoxine Hydrochloride + Riboflavin + Vitamin B1,5 mg + 100 mg + 10 mg + 4 mg + 50 mg/2 ml,AMBIGUOUS,AMBIGUOUS_SHARED_DENOMINATOR
SRCR-a82df16da1a528ac2c13004e,REGISTERED,19790,Dextrose Anhydrous + Potassium Chloride + Sodium Chloride + Trisodium Citrate,20 gm + 1.5 gm + 3.5 gm + 2.9 gm/Litres,AMBIGUOUS,AMBIGUOUS_SHARED_DENOMINATOR
SRCR-3e9f87c7311c46a9949dce9e,REGISTERED,19791,Sulphamethoxazole + Trimethoprim,200 mg + 40 mg/5 ml,AMBIGUOUS,AMBIGUOUS_SHARED_DENOMINATOR
SRCR-b3e4efa4232719f117075736,REGISTERED,19801,Aluminium Oxide + Magnesium Hydroxide + Simethicone,200 mg + 400 mg + 30 mg/5 ml,AMBIGUOUS,AMBIGUOUS_SHARED_DENOMINATOR
SRCR-2de567e5126f3736503941b9,REGISTERED,19802,Aluminium Oxide + Magnesium Hydroxide,175 mg + 225 mg/5 ml,AMBIGUOUS,AMBIGUOUS_SHARED_DENOMINATOR
SRCR-2e01d69f0a798f1c2d93aed3,REGISTERED,19876,Niacinamide + Pyridoxine Hydrochloride + Riboflavin + Thiamine Hydrochloride + Zinc,400 mg + 40 mg + 40 mg + 100 mg + 200 mg/100 ml,AMBIGUOUS,AMBIGUOUS_SHARED_DENOMINATOR
SRCR-551587eaaa110e01cd541a09,REGISTERED,19882,Ammonium Bicarbonate + Gentian + Ginger + Nux vomica + Sodium Bicarbonate,25 gm + 1.5 gm + 1.5 gm + 7 gm + 65 gm/100 gm,AMBIGUOUS,AMBIGUOUS_SHARED_DENOMINATOR
SRCR-d6e820dc9b4cff27e155e1d4,REGISTERED,19884,Cellulose + Lipase + Pancreatin + Pepsin,20 mg + 10 mg + 100 mg + 50 mg/gm,AMBIGUOUS,AMBIGUOUS_SHARED_DENOMINATOR
SRCR-59368ac13f4b95d928dd6940,REGISTERED,19919,Nicotinamide + Pyridoxine Hydrochloride + Riboflavin + Vitamin B1 + Zinc,400 mg + 40 mg + 50 mg + 100 mg + 200 mg/100 ml,AMBIGUOUS,AMBIGUOUS_SHARED_DENOMINATOR
SRCR-f61d822eb97b9a1b7d6ce56b,REGISTERED,19925,Amprolium + Sulfaquinoxaline Sodium + Vitamin K,170 gm + 170 gm + 1 gm/KG,AMBIGUOUS,AMBIGUOUS_SHARED_DENOMINATOR
SRCR-1fedf8b10be4b799eb2c17c4,REGISTERED,19928,Crotamiton + Permethrin,10 gm + 5 gm/100 ml,AMBIGUOUS,AMBIGUOUS_SHARED_DENOMINATOR
SRCR-1b02372c22d4146b68b52263,REGISTERED,19934,Ascorbic Acid + Cod Liver Oil + Nicotinamide + Pyridoxine Hydrochloride + Riboflavin + Vitamin A + Vitamin B1 + Vitamin D3 + Vitamin E,17.5 mg + 100 mg + 9 mg + .35 mg + .85 mg + 2000 IU + .7 mg + 200 IU + 1.5 mg/5 ml,AMBIGUOUS,AMBIGUOUS_SHARED_DENOMINATOR
SRCR-c63425e701ec986b08dc2ec5,REGISTERED,19938,Bromhexine Hydrochloride + Doxycycline + Tylosin Tartrate,2 gm + 20 gm + 10 gm/100 gm,AMBIGUOUS,AMBIGUOUS_SHARED_DENOMINATOR
SRCR-5d481caeeb7932b337efca12,REGISTERED,19939,Liquid Paraffin + Magnesium Hydroxide,25 ml + 6 gm/100 ml,AMBIGUOUS,AMBIGUOUS_SHARED_DENOMINATOR
SRCR-03806fb8051c04f46836f95f,REGISTERED,19968,Dextrose Anhydrous + Potassium Chloride + Sodium Chloride + Trisodium Citrate,6.75 gm + 750 mg + 1.3 gm + 1.45 gm/500 ml,AMBIGUOUS,AMBIGUOUS_SHARED_DENOMINATOR
SRCR-4261d43e8c6b27431923033b,REGISTERED,19986,Aluminium Oxide + Magnesium Hydroxide,175 mg + 225 mg/5 ml,AMBIGUOUS,AMBIGUOUS_SHARED_DENOMINATOR
SRCR-f3d8773da8d02c4f7a895cf3,REGISTERED,19988,Cetrimide + Chlorhexidine Hydrochloride,500 mg + 100 mg/100 gm,AMBIGUOUS,AMBIGUOUS_SHARED_DENOMINATOR
SRCR-7dd5113f6c5da6586775881d,REGISTERED,19989,Cetrimide + Chlorhexidine Gluconate,3 gm + 300 mg/100 ml,AMBIGUOUS,AMBIGUOUS_SHARED_DENOMINATOR
SRCR-951731cca5a73193221d13e6,REGISTERED,19995,Sulphamethoxazole + Trimethoprim,200 mg + 40 mg/5 ml,AMBIGUOUS,AMBIGUOUS_SHARED_DENOMINATOR
SRCR-de4354edf3d4a314877bcfe4,REGISTERED,20006,Camphor + Menthol + Oil Clove + Oil Eucalyptus + Oil Turpentine,2.5 gm + 2 gm + 2.5 gm + 1.25 gm + 1 gm/100 gm,AMBIGUOUS,AMBIGUOUS_SHARED_DENOMINATOR
SRCR-7a709bc9b855d23c7035d4ed,REGISTERED,20008,Boric Acid + Dithranol + Salicylic Acid,2 gm + 100 mg + 1 gm/100 gm,AMBIGUOUS,AMBIGUOUS_SHARED_DENOMINATOR
SRCR-f637da5b1a9b31e821bc1ad2,REGISTERED,20009,Benzoic Acid + Salicylic Acid,60 mg + 30 mg/gm,AMBIGUOUS,AMBIGUOUS_SHARED_DENOMINATOR
SRCR-0cdb836b11fd946b80fbecb2,REGISTERED,20037,Nicotinamide + Pyridoxine Hydrochloride + Riboflavin + Vitamin B1,20 mg + 2 mg + 2 mg + 5 mg/5 ml,AMBIGUOUS,AMBIGUOUS_SHARED_DENOMINATOR
SRCR-1bcd7818ad8f46a50df7aecf,REGISTERED,20047,Ascorbic Acid + Cod Liver Oil + Nicotinamide + Pyridoxine Hydrochloride + Riboflavin + Vitamin A + Vitamin B1 + Vitamin D3 + Vitamin E,17.5 mg + 100 mg + 9 mg + .35 mg + .85 mg + 2000 IU + .7 mg + 200 IU + 1.5 mg/5 ml,AMBIGUOUS,AMBIGUOUS_SHARED_DENOMINATOR
SRCR-062d1ee6e928f41d71d91dfa,REGISTERED,20064,Aluminium Oxide + Magnesium Hydroxide + Simethicone,200 mg + 400 mg + 30 mg/5 ml,AMBIGUOUS,AMBIGUOUS_SHARED_DENOMINATOR
SRCR-14735c97d535ac3e4814aeec,REGISTERED,20066,Aluminium Oxide + Magnesium Hydroxide,200 mg + 225 mg/5 ml,AMBIGUOUS,AMBIGUOUS_SHARED_DENOMINATOR
SRCR-02f497a0883dacecb270fb7f,REGISTERED,20078,Sulphamethoxazole + Trimethoprim,200 mg + 40 mg/5 ml,AMBIGUOUS,AMBIGUOUS_SHARED_DENOMINATOR
SRCR-1fa3607cf0678367bbff68b3,REGISTERED,20080,Nicotinamide + Pantothenic acid + Pyridoxine Hydrochloride + Riboflavin + Vitamin A + Vitamin B1 + Vitamin C + Vitamin D,10 mg + 5 mg + 1 mg + 1 mg + 5000 IU + 1.6 mg + 50 mg + 1000 IU/ml,AMBIGUOUS,AMBIGUOUS_SHARED_DENOMINATOR
SRCR-34e2632daac0764dc2ee3292,REGISTERED,20084,Benzoic Acid + Salicylic Acid,60 mg + 30 mg/gm,AMBIGUOUS,AMBIGUOUS_SHARED_DENOMINATOR
SRCR-0ec170d8f47ecc4345422dd6,REGISTERED,20117,Nicotinamide + Pyridoxine Hydrochloride + Riboflavin + Vitamin B1,20 mg + 2 mg + 2 mg + 5 mg/5 ml,AMBIGUOUS,AMBIGUOUS_SHARED_DENOMINATOR
SRCR-e0ef2659dd17e06c5b993be2,REGISTERED,20123,Nicotinamide + Pyridoxine Hydrochloride + Riboflavin + Vitamin B1 + Zinc,20 mg + 2 mg + 2 mg + 5 mg + 10 mg/5 ml,AMBIGUOUS,AMBIGUOUS_SHARED_DENOMINATOR
SRCR-7e5d04f7dd8a104979767349,REGISTERED,20138,Magaldrate + Simethicone,480 mg + 20 mg/5 ml,AMBIGUOUS,AMBIGUOUS_SHARED_DENOMINATOR
SRCR-376256ffd26826a6f7342e04,REGISTERED,20142,Sulphamethoxazole + Trimethoprim,200 mg + 40 mg/5 ml,AMBIGUOUS,AMBIGUOUS_SHARED_DENOMINATOR
SRCR-2b4783d9aff29e5d7e078d3a,REGISTERED,20144,Calamine + Zinc Oxide,15 gm + 5 gm/100 ml,AMBIGUOUS,AMBIGUOUS_SHARED_DENOMINATOR
SRCR-2d8e71c4d8c52981d7764537,REGISTERED,20145,Nicotinamide + Pyridoxine Hydrochloride + Riboflavin + Vitamin B1,20 mg + 2 mg + 2 mg + 5 mg/5 ml,AMBIGUOUS,AMBIGUOUS_SHARED_DENOMINATOR
SRCR-080548c0346e64b0363db2dc,REGISTERED,20147,Nicotinamide + Pyridoxine Hydrochloride + Riboflavin + Vitamin B1 + Zinc,400 mg + 40 mg + 50 mg + 100 mg + 200 mg/100 ml,AMBIGUOUS,AMBIGUOUS_SHARED_DENOMINATOR
SRCR-1034d7995ec432244df5b250,REGISTERED,20151,Benzoic Acid + Salicylic Acid,60 mg + 30 mg/gm,AMBIGUOUS,AMBIGUOUS_SHARED_DENOMINATOR
SRCR-9f930a0014fdda50fcef366a,REGISTERED,20152,Menthol + Methyl Salicylate,8 gm + 30 gm/100 gm,AMBIGUOUS,AMBIGUOUS_SHARED_DENOMINATOR
SRCR-2fec019f59b540ff5a3d958a,REGISTERED,20162,Econazole Nitrate + Triamcinolone Acetonide,1 gm + 100 mg/100 gm,AMBIGUOUS,AMBIGUOUS_SHARED_DENOMINATOR
SRCR-359bbccd55d8cc947630cab7,REGISTERED,20163,Bacitracin Zinc + Neomycin Sulphate,500 IU + 5 mg/gm,AMBIGUOUS,AMBIGUOUS_SHARED_DENOMINATOR
SRCR-df905fc51e2e59701a355635,REGISTERED,20168,Nicotinamide + Pyridoxine Hydrochloride + Riboflavin + Vitamin B1,20 mg + 2 mg + 2 mg + 5 mg/5 ml,AMBIGUOUS,AMBIGUOUS_SHARED_DENOMINATOR
SRCR-69cca37e53d8693cb93fbb31,REGISTERED,20169,Sulphamethoxazole + Trimethoprim,200 mg + 40 mg/5 ml,AMBIGUOUS,AMBIGUOUS_SHARED_DENOMINATOR
SRCR-4d28fd754bad091ef6dc58c1,REGISTERED,20228,Ascorbic Acid + Cod Liver Oil + Nicotinamide + Pyridoxine Hydrochloride + Riboflavin + Vitamin A + Vitamin B1 + Vitamin D3 + Vitamin E,17.5 mg + 100 mg + 9 mg + .35 mg + .85 mg + 2000 IU + .7 mg + 200 IU + 1.5 mg/5 ml,AMBIGUOUS,AMBIGUOUS_SHARED_DENOMINATOR
SRCR-79bcd2679fb5f65a1c7bf9ae,REGISTERED,20230,Niacinamide + Pyridoxine Hydrochloride + Riboflavin + Thiamine Hydrochloride + Zinc,400 mg + 40 mg + 40 mg + 100 mg + 200 mg/100 ml,AMBIGUOUS,AMBIGUOUS_SHARED_DENOMINATOR
SRCR-93013672135ff38f28f65755,REGISTERED,20234,Cyanocobalamin + Pyridoxine Hydrochloride + Vitamin B1,1 mg + 100 mg + 100 mg/3 ml,AMBIGUOUS,AMBIGUOUS_SHARED_DENOMINATOR
SRCR-5f499aa7be2a7248250908fb,REGISTERED,20257,Dexamethasone + Tobramycin,100 mg + 300 mg/100 ml,AMBIGUOUS,AMBIGUOUS_SHARED_DENOMINATOR
SRCR-3e245e7d9813be9baf668137,REGISTERED,20260,Adenosine + Cytochrome C + Nicotinamide + Sodium Succinate,200 mg + 50 mg + 1 gm + 60 mg/100 ml,AMBIGUOUS,AMBIGUOUS_SHARED_DENOMINATOR
SRCR-796c06dda7500cd60375cfe0,REGISTERED,20263,Polyethylene Glycol 400 + Propylene Glycol,400 mg + 300 mg/100 ml,AMBIGUOUS,AMBIGUOUS_SHARED_DENOMINATOR
SRCR-cab9a08aeffaca652575239d,REGISTERED,20266,Potassium Bicarbonate + Sodium Alginate,100 mg + 500 mg/5 ml,AMBIGUOUS,AMBIGUOUS_SHARED_DENOMINATOR
SRCR-38163d33ac06709303b1968d,REGISTERED,20295,Chloramphenicol + Dexamethasone,5 mg + 1 mg/ml,AMBIGUOUS,AMBIGUOUS_SHARED_DENOMINATOR
SRCR-de2e4f2084ca8fb9d4233992,REGISTERED,20313,Aluminium Oxide + Magnesium Hydroxide,175 mg + 225 mg/5 ml,AMBIGUOUS,AMBIGUOUS_SHARED_DENOMINATOR
SRCR-ffeef0ba07999ff95424e2fd,REGISTERED,20323,Nicotinamide + Pyridoxine Hydrochloride + Riboflavin + Vitamin B1,20 mg + 2 mg + 2 mg + 5 mg/5 ml,AMBIGUOUS,AMBIGUOUS_SHARED_DENOMINATOR
SRCR-e7c1175d8d0bae8626d6d12b,REGISTERED,20331,Sulphamethoxazole + Trimethoprim,200 mg + 40 mg/5 ml,AMBIGUOUS,AMBIGUOUS_SHARED_DENOMINATOR
SRCR-5edbb17904a9368e8c24ab51,REGISTERED,20364,Ascorbic Acid + Cod Liver Oil + Nicotinamide + Pyridoxine Hydrochloride + Riboflavin + Vitamin A + Vitamin B1 + Vitamin D3 + Vitamin E,17.5 mg + 100 mg + 9 mg + .35 mg + .85 mg + 2000 IU + .7 mg + 200 IU + 1.5 mg/5 ml,AMBIGUOUS,AMBIGUOUS_SHARED_DENOMINATOR
SRCR-5eec2f19b6ddad40ae7fff22,REGISTERED,20378,Magaldrate + Simethicone,480 mg + 20 mg/5 ml,AMBIGUOUS,AMBIGUOUS_SHARED_DENOMINATOR
SRCR-a8686abce9eb3bf5e024c3b5,REGISTERED,20390,"Liquid Paraffin + Magnesium Hydroxide Dried Gel, 96% + Magnesium Hydroxide Paste, 34%",30 ml + 5 gm + 7.06 gm/120 ml,AMBIGUOUS,AMBIGUOUS_SHARED_DENOMINATOR
SRCR-187c44da3a1efe37aafb21ec,REGISTERED,20403,Nicotinamide + Pyridoxine Hydrochloride + Riboflavin + Vitamin B1 + Zinc,400 mg + 40 mg + 50 mg + 100 mg + 200 mg/100 ml,AMBIGUOUS,AMBIGUOUS_SHARED_DENOMINATOR
SRCR-ed7b8b3abd5ce4d57b12972c,REGISTERED,20406,Potassium Bicarbonate + Sodium Alginate,100 mg + 500 mg/5 ml,AMBIGUOUS,AMBIGUOUS_SHARED_DENOMINATOR
SRCR-c82f42b4b20df5b498e5a51f,REGISTERED,20432,Cetrimide + Chlorhexidine Gluconate,3 gm + 300 mg/100 ml,AMBIGUOUS,AMBIGUOUS_SHARED_DENOMINATOR
SRCR-2c02effde1cae660d8d04670,REGISTERED,20433,Cetrimide + Chlorhexidine Hydrochloride,500 mg + 100 mg/100 gm,AMBIGUOUS,AMBIGUOUS_SHARED_DENOMINATOR
SRCR-2532102069c26c920562b89b,REGISTERED,20435,Cetrimide + Chlorhexidine Gluconate,15 gm + 1.5 gm/100 ml,AMBIGUOUS,AMBIGUOUS_SHARED_DENOMINATOR
SRCR-d9bb2074fa3858f9371eda20,REGISTERED,20438,Macrogol 3350 + Potassium Chloride + Sodium Bicarbonate + Sodium Chloride,52.5 gm + .187 gm + .714 gm + 1.4 gm/100 ml,AMBIGUOUS,AMBIGUOUS_SHARED_DENOMINATOR
SRCR-a2e9f278e5abd67195cdf4ca,REGISTERED,20460,Cetrimide + Chlorhexidine Hydrochloride,500 mg + 100 mg/100 gm,AMBIGUOUS,AMBIGUOUS_SHARED_DENOMINATOR
SRCR-e1b40b92b579f18bfbbc3242,REGISTERED,20490,Bacitracin Zinc + Neomycin Sulphate,500 IU + 5 mg/gm,AMBIGUOUS,AMBIGUOUS_SHARED_DENOMINATOR
SRCR-1b705aa4207fb9ead848688d,REGISTERED,20512,Dextrose Anhydrous + Potassium Chloride + Sodium Chloride + Trisodium Citrate,10 gm + 750 gm + 1.75 gm + 1.45 gm/500 ml,AMBIGUOUS,AMBIGUOUS_SHARED_DENOMINATOR
SRCR-56c2bfaa967a0ac244d2cb55,REGISTERED,20513,Cetrimide + Chlorhexidine Gluconate,3 gm + 300 mg/100 ml,AMBIGUOUS,AMBIGUOUS_SHARED_DENOMINATOR
SRCR-f273d659d1f87ab50d53dafa,REGISTERED,20517,Aluminium Oxide + Magnesium Hydroxide,175 mg + 225 mg/5 ml,AMBIGUOUS,AMBIGUOUS_SHARED_DENOMINATOR
SRCR-5e2b76c1895ce2b08a3a4c0d,REGISTERED,20518,Nicotinamide + Pyridoxine Hydrochloride + Riboflavin + Vitamin B1,20 mg + 2 mg + 2 mg + 5 mg/5 ml,AMBIGUOUS,AMBIGUOUS_SHARED_DENOMINATOR
SRCR-425fe03403e23f0bcbbf75e9,REGISTERED,20553,Glycerine + Liquid Sugar,.75 ml + 1.93 ml/5 ml,AMBIGUOUS,AMBIGUOUS_SHARED_DENOMINATOR
SRCR-b3f4fa50fc257a2e85636821,REGISTERED,20560,Sulphamethoxazole + Trimethoprim,200 mg + 40 mg/5 ml,AMBIGUOUS,AMBIGUOUS_SHARED_DENOMINATOR
SRCR-4fc796272c7c28ebe7e41f67,REGISTERED,20561,Nicotinamide + Pyridoxine Hydrochloride + Riboflavin + Vitamin B1 + Zinc,400 mg + 40 mg + 50 mg + 100 mg + 200 mg/100 ml,AMBIGUOUS,AMBIGUOUS_SHARED_DENOMINATOR
SRCR-7fedc2d28f67e633640c65a8,REGISTERED,20562,Ascorbic Acid + Cod Liver Oil + Nicotinamide + Pyridoxine Hydrochloride + Riboflavin + Vitamin A + Vitamin B1 + Vitamin D3 + Vitamin E,17.5 mg + 100 mg + 9 mg + .35 mg + .85 mg + 2000 IU + .7 mg + 200 IU + 1.5 mg/5 ml,AMBIGUOUS,AMBIGUOUS_SHARED_DENOMINATOR
SRCR-c17c9a4c0dbe79becdca75ac,REGISTERED,20563,Nicotinamide + Pyridoxine Hydrochloride + Riboflavin + Vitamin B1,20 mg + 2 mg + 2 mg + 5 mg/5 ml,AMBIGUOUS,AMBIGUOUS_SHARED_DENOMINATOR
SRCR-fbfa2f919858d5d50367f231,REGISTERED,20572,Sulphadiazine + Trimethoprim,40 gm + 8 gm/100 ml,AMBIGUOUS,AMBIGUOUS_SHARED_DENOMINATOR
SRCR-be3249653903fb82854f2805,REGISTERED,20573,Vitamin A + Vitamin D3 + Vitamin E,1000000 IU + 20000 IU + 20 IU/ml,AMBIGUOUS,AMBIGUOUS_SHARED_DENOMINATOR
SRCR-d864c0bbdd3a934db9bafd2a,REGISTERED,20574,Sodium Selenate + Vitamin E,50 mg + 10 gm/100 ml,AMBIGUOUS,AMBIGUOUS_SHARED_DENOMINATOR
SRCR-4fd3f29d1db5ed4f28bbac22,REGISTERED,20582,Sulphamethoxazole + Trimethoprim,10 gm + 2 gm/100 ml,AMBIGUOUS,AMBIGUOUS_SHARED_DENOMINATOR
SRCR-b490044f5d7ebda4932d45e2,REGISTERED,20584,Amprolium + Sulfaquinoxaline Sodium + Vitamin K,170 gm + 170 gm + 1 gm/KG,AMBIGUOUS,AMBIGUOUS_SHARED_DENOMINATOR
SRCR-96655272a08d5263be5296b7,REGISTERED,20603,Sodium Sulfachloropyridazine + Trimethoprim,10 gm + 2 gm/100 gm,AMBIGUOUS,AMBIGUOUS_SHARED_DENOMINATOR
SRCR-bc4f4ec13cd9c1fdabc45ec3,REGISTERED,20633,Dextromethorphan Hydrobromide + Phenylephrine Hydrochloride + Triprolidine Hydrochloride,400 mg + 200 mg + 50 mg/100 ml,AMBIGUOUS,AMBIGUOUS_SHARED_DENOMINATOR
SRCR-3a2932cc36ffb94a8ea93b0b,REGISTERED,20636,Calcium Carbonate + Sodium Alginate + Sodium Bicarbonate,1.6 gm + 5 gm + 2.6 gm/100 ml,AMBIGUOUS,AMBIGUOUS_SHARED_DENOMINATOR
SRCR-3fc153965f4c018d8f97a91a,REGISTERED,20652,Nicotinamide + Pyridoxine Hydrochloride + Riboflavin + Vitamin B1,20 mg + 2 mg + 2 mg + 5 mg/5 ml,AMBIGUOUS,AMBIGUOUS_SHARED_DENOMINATOR
SRCR-e10183f908a84f200c5813e3,REGISTERED,20667,Aluminium Oxide + Magnesium Hydroxide,200 mg + 125 mg/5 ml,AMBIGUOUS,AMBIGUOUS_SHARED_DENOMINATOR
SRCR-1abb2a783a2de5dbf62ed00f,REGISTERED,20670,Sulphamethoxazole + Trimethoprim,200 mg + 40 mg/5 ml,AMBIGUOUS,AMBIGUOUS_SHARED_DENOMINATOR
SRCR-29e896b8a97b5d9b68a142e2,REGISTERED,20765,Sulphamethoxazole + Trimethoprim,200 mg + 40 mg/5 ml,AMBIGUOUS,AMBIGUOUS_SHARED_DENOMINATOR
SRCR-7222a652f05201417c1798a6,REGISTERED,20774,Nicotinamide + Pyridoxine Hydrochloride + Riboflavin + Vitamin B1,20 mg + 2 mg + 2 mg + 5 mg/5 ml,AMBIGUOUS,AMBIGUOUS_SHARED_DENOMINATOR
SRCR-35cad68d87fca894a51876f9,REGISTERED,20786,Sulphamethoxazole + Trimethoprim,10 gm + 2 gm/100 ml,AMBIGUOUS,AMBIGUOUS_SHARED_DENOMINATOR
SRCR-7546ef6ccb25de9f0f6101e8,REGISTERED,20861,Vitamin A + Vitamin D3 + Vitamin E,1000000 IU + 20000 IU + 20 IU/ml,AMBIGUOUS,AMBIGUOUS_SHARED_DENOMINATOR
SRCR-3ba9283779afe807cf1ad694,REGISTERED,20868,Iron + Nicotinamide + Pyridoxine Hydrochloride + Riboflavin + Vitamin B1 + Zinc,50 mg + 20 mg + 2 mg + 2 mg + 5 mg + 10 mg/5 ml,AMBIGUOUS,AMBIGUOUS_SHARED_DENOMINATOR
SRCR-49f57a27493c5aa4e1ab5e3b,REGISTERED,20869,Ascorbic Acid + Cod Liver Oil + Nicotinamide + Pyridoxine Hydrochloride + Riboflavin + Vitamin A + Vitamin B1 + Vitamin D3 + Vitamin E,17.5 mg + 100 mg + 9 mg + .35 mg + .85 mg + 2000 IU + .7 mg + 200 IU + 1.5 mg/5 ml,AMBIGUOUS,AMBIGUOUS_SHARED_DENOMINATOR
SRCR-448fb8529f1ab91d0fe7f288,REGISTERED,20879,Erythromycin + Sulphadiazine + Trimethoprim,18 gm + 15 gm + 3 gm/100 gm,AMBIGUOUS,AMBIGUOUS_SHARED_DENOMINATOR
SRCR-91af939e1e2eac067e0e84f5,REGISTERED,20894,Amoxicillin + Clavulanic Acid,125 mg + 31.25 mg/5 ml,AMBIGUOUS,AMBIGUOUS_SHARED_DENOMINATOR
SRCR-58e08935fc231e8cb3de4412,REGISTERED,20954,Doxycycline Hydrochloride + Tylosin Tartrate,250 mg + 200 mg/gm,AMBIGUOUS,AMBIGUOUS_SHARED_DENOMINATOR
SRCR-60c4e94c6fc1a56c002ecf88,REGISTERED,20973,Betamethasone + Neomycin Sulphate,100 mg + 500 mg/100 gm,AMBIGUOUS,AMBIGUOUS_SHARED_DENOMINATOR
SRCR-bcfad29db7c995c0bf35cb6f,REGISTERED,20976,Econazole Nitrate + Triamcinolone Acetonide,1 gm + 100 mg/100 gm,AMBIGUOUS,AMBIGUOUS_SHARED_DENOMINATOR
SRCR-dcb32c674125f54cc645cff0,REGISTERED,20977,Clobetasol Propionate + Neomycin Sulphate + Nystatin,50 mg + 500 mg + 100 Lac IU/100 gm,AMBIGUOUS,AMBIGUOUS_SHARED_DENOMINATOR
SRCR-f3def59aead3dd5dd0cba6f3,REGISTERED,20978,Betamethasone + Clotrimazole,50 mg + 1 gm/100 gm,AMBIGUOUS,AMBIGUOUS_SHARED_DENOMINATOR
SRCR-1931aa0af2d707ca212734df,REGISTERED,20979,Hydrocortisone + Miconazole Nitrate,1 gm + 2 gm/100 gm,AMBIGUOUS,AMBIGUOUS_SHARED_DENOMINATOR
SRCR-4f8372483d711a21ac9069e5,REGISTERED,21047,Diclofenac Sodium + Lidocaine Hydrochloride,250 mg + 200 mcg/10 ml,AMBIGUOUS,AMBIGUOUS_SHARED_DENOMINATOR
SRCR-833ba26547c1b699e4e94e8f,REGISTERED,21052,Ciprofloxacin + Dexamethasone,300 mg + 100 mg/100 ml,AMBIGUOUS,AMBIGUOUS_SHARED_DENOMINATOR
SRCR-5934386ec8f73d375937f210,REGISTERED,21053,Loteprednol Etabonate + Tobramycin,.5 gm + .3 gm/100 ml,AMBIGUOUS,AMBIGUOUS_SHARED_DENOMINATOR
SRCR-0802f6af089470812c5a522a,REGISTERED,21068,Butaphosphan + Cyanocobalamin,10 gm + 5 mg/100 ml,AMBIGUOUS,AMBIGUOUS_SHARED_DENOMINATOR
SRCR-7a375bb768d6354f42f481c3,REGISTERED,21070,Polyethylene Glycol 400 + Propylene Glycol,400 mg + 300 mg/100 ml,AMBIGUOUS,AMBIGUOUS_SHARED_DENOMINATOR
SRCR-402179a0353358be21242a1f,REGISTERED,21076,Brimonidine Tartrate + Timolol Maleate,200 mg + 500 mg/100 ml,AMBIGUOUS,AMBIGUOUS_SHARED_DENOMINATOR
SRCR-01b5453abe4db054dbfa55c0,REGISTERED,21086,D-Panthenol + Nicotinamide + Pyridoxine Hydrochloride + Riboflavin + Vitamin B1,5 mg + 100 mg + 10 mg + 4 mg + 50 mg/2 ml,AMBIGUOUS,AMBIGUOUS_SHARED_DENOMINATOR
SRCR-8f367b29ac18543b644d6595,REGISTERED,21089,Dextromethorphan Hydrobromide + Diphenhydramine Hydrochloride + Levomenthol,130 mg + 280 mg + 40 mg/100 ml,AMBIGUOUS,AMBIGUOUS_SHARED_DENOMINATOR
SRCR-08e856d6e777fdb5c3021423,REGISTERED,21090,Diphenhydramine Hydrochloride + Guaiphenesin + Levomenthol,280 mg + 2000 mg + 22 mg/100 ml,AMBIGUOUS,AMBIGUOUS_SHARED_DENOMINATOR
SRCR-ddd2a488dbb18cac4a43c97b,REGISTERED,21097,Carboxymethylcellulose Sodium + Hypromellose,250 mg + 300 mg/100 ml,AMBIGUOUS,AMBIGUOUS_SHARED_DENOMINATOR
SRCR-728e1d7ad7f7e18d3ad9488c,REGISTERED,21105,Citric Acid Monohydrate + Potassium Citrate,5 gm + 30 gm/100 ml,AMBIGUOUS,AMBIGUOUS_SHARED_DENOMINATOR
SRCR-5dedde03033a111630bee482,REGISTERED,21112,Anhydrous Lanolin + Benzyl Alcohol + Benzyl Benzoate + Benzyl Cinnamate + Zinc Oxide,4 gm + 390 mg + 0 gm + 150 mg + 15.2 gm/100 gm,AMBIGUOUS,AMBIGUOUS_SHARED_DENOMINATOR
SRCR-1f73982a7ae429d4f973c303,REGISTERED,21115,Azelastine + Fluticasone Propionate,125 mcg + 50 mcg/Metered Inhalation,AMBIGUOUS,AMBIGUOUS_SHARED_DENOMINATOR
SRCR-f107dde48cf3833b4119a589,REGISTERED,21118,Adapalene + Benzoyl Peroxide,.1 gm + 2.5 gm/100 gm,AMBIGUOUS,AMBIGUOUS_SHARED_DENOMINATOR
SRCR-fecc8efbb95249f772f1e2d1,REGISTERED,21119,Clindamycin Phosphate + Tretinoin,1.2 gm + .025 gm/100 gm,AMBIGUOUS,AMBIGUOUS_SHARED_DENOMINATOR
SRCR-b674db0dc7ce20ea98572a0f,REGISTERED,21134,Clioquinol + Fluocinolone Acetonide,3 gm + .025 gm/100 gm,AMBIGUOUS,AMBIGUOUS_SHARED_DENOMINATOR
SRCR-e87ba0571e6dd709628f52fc,REGISTERED,21136,Chlorhexidine Hydrochloride + Nystatin,1 gm + 2 gm/100 gm,AMBIGUOUS,AMBIGUOUS_SHARED_DENOMINATOR
SRCR-52289efd151990bfe4b1f589,REGISTERED,21163,Methenamine + Riboflavin + Thiamine Hydrochloride + Vitamin K3,950 mg + 1 mg + 8 mg + 2 mg/gm,AMBIGUOUS,AMBIGUOUS_SHARED_DENOMINATOR
SRCR-a87624877533826777ecfce7,REGISTERED,21171,Halobetasol Propionate + Tazarotene,.01 gm + .045 gm/100 gm,AMBIGUOUS,AMBIGUOUS_SHARED_DENOMINATOR
SRCR-8bbfe16d385c99af1cc3d2da,REGISTERED,21175,Cefuroxime + Clavulanic Acid,125 mg + 31.25 mg/5 ml,AMBIGUOUS,AMBIGUOUS_SHARED_DENOMINATOR
SRCR-8f064d93e8c50e13e46389e9,REGISTERED,21189,Calcium Carbonate + Sodium Alginate + Sodium Bicarbonate,1.6 gm + 5 gm + 2.6 gm/100 ml,AMBIGUOUS,AMBIGUOUS_SHARED_DENOMINATOR
SRCR-525e90c8d20043fba60b9133,REGISTERED,21245,Sulphamethoxazole + Trimethoprim,10 gm + 2 gm/100 ml,AMBIGUOUS,AMBIGUOUS_SHARED_DENOMINATOR
SRCR-649327008e0826a79148ac80,REGISTERED,21251,Doxycycline Hydrochloride + Tylosin Tartrate,250 mg + 200 mg/gm,AMBIGUOUS,AMBIGUOUS_SHARED_DENOMINATOR
SRCR-85feab532d8b064a03006cd3,REGISTERED,21257,Erythromycin + Sulphadiazine + Trimethoprim,18 gm + 15 gm + 3 gm/100 gm,AMBIGUOUS,AMBIGUOUS_SHARED_DENOMINATOR
SRCR-38b405b56aadb04a1794134c,REGISTERED,21268,"Magnesium Hydroxide Dried Gel, 96% + Magnesium Hydroxide Paste, 34%",31.25 gm + 29.415 gm/500 ml,AMBIGUOUS,AMBIGUOUS_SHARED_DENOMINATOR
SRCR-d2cf2ac5517604e1cda1afe7,REGISTERED,21281,Betamethasone + Neomycin Sulphate,100 mg + 500 mg/100 gm,AMBIGUOUS,AMBIGUOUS_SHARED_DENOMINATOR
SRCR-2281e7d7b8ae9df93d42aeed,REGISTERED,21282,Betamethasone Sodium Phosphate + Neomycin Sulphate,100 mg + 500 mg/100 ml,AMBIGUOUS,AMBIGUOUS_SHARED_DENOMINATOR
SRCR-ee5ebe13d20021c8a664bd28,REGISTERED,21289,Chlorpheniramine Maleate + Dexamethasone,500 mg + 100 mg/100 ml,AMBIGUOUS,AMBIGUOUS_SHARED_DENOMINATOR
SRCR-f8f745ecade763c3eb1f30c4,REGISTERED,21329,Hydrocortisone + Miconazole Nitrate,1 gm + 2 gm/100 gm,AMBIGUOUS,AMBIGUOUS_SHARED_DENOMINATOR
SRCR-64222c3ee896b081ff2a7ea5,REGISTERED,21339,Aluminium Oxide + Magnesium Hydroxide,175 mg + 225 mg/5 ml,AMBIGUOUS,AMBIGUOUS_SHARED_DENOMINATOR
SRCR-73576ec25dd6d00d73024bdf,REGISTERED,21342,Nicotinamide + Pyridoxine Hydrochloride + Riboflavin + Vitamin B1,20 mg + 2 mg + 2 mg + 5 mg/5 ml,AMBIGUOUS,AMBIGUOUS_SHARED_DENOMINATOR
SRCR-5497648f05502b6deceb096e,REGISTERED,21355,Gramacidin + Neomycin + Polymixin,2500 IU + 1.7 Lac IU + 5 Lac IU/100 ml,AMBIGUOUS,AMBIGUOUS_SHARED_DENOMINATOR
SRCR-df624402c5b61b2ad3777703,REGISTERED,21359,Sulphamethoxazole + Trimethoprim,200 mg + 40 mg/5 ml,AMBIGUOUS,AMBIGUOUS_SHARED_DENOMINATOR
SRCR-e2cc9db17765b7dbd483d7f6,REGISTERED,21370,Benzoic Acid + Salicylic Acid,60 mg + 30 mg/gm,AMBIGUOUS,AMBIGUOUS_SHARED_DENOMINATOR
SRCR-0e0a5c9cbc7c7452541cc388,REGISTERED,21385,Gentamicin + Hydrocortisone Acetate,300 mg + 1 gm/100 ml,AMBIGUOUS,AMBIGUOUS_SHARED_DENOMINATOR
SRCR-555d44bfeb7ddc51086052b9,REGISTERED,21389,Dexamethasone + Tobramycin,100 mg + 300 mg/100 ml,AMBIGUOUS,AMBIGUOUS_SHARED_DENOMINATOR
SRCR-20be1dd5d6a69fb77b17f785,REGISTERED,21390,Dexamethasone + Tobramycin,100 mg + 300 mg/100 gm,AMBIGUOUS,AMBIGUOUS_SHARED_DENOMINATOR
SRCR-8429ce1105ef7ed9da4705c1,REGISTERED,21391,Phenylepherine Hydrochloride + Tropicamide,50 mg + 8 mg/ml,AMBIGUOUS,AMBIGUOUS_SHARED_DENOMINATOR
SRCR-de45dc236dd12b9f8dba1900,REGISTERED,21392,Ciprofloxacin + Dexamethasone,300 mg + 100 mg/100 ml,AMBIGUOUS,AMBIGUOUS_SHARED_DENOMINATOR
SRCR-6b6e42c2b80ca28a6909857e,REGISTERED,21425,Adenosine + Cytochrome C + Nicotinamide + Sodium Succinate,200 mg + 50 mg + 1 gm + 60 mg/100 ml,AMBIGUOUS,AMBIGUOUS_SHARED_DENOMINATOR
SRCR-4342a7229438539ca8c0260d,REGISTERED,21431,Nicotinamide + Pyridoxine Hydrochloride + Riboflavin + Vitamin B1 + Zinc,400 mg + 40 mg + 50 mg + 100 mg + 200 mg/100 ml,AMBIGUOUS,AMBIGUOUS_SHARED_DENOMINATOR
SRCR-488b05316d5d455e2e46639b,REGISTERED,21433,Carboxymethylcellulose Sodium + Hypromellose,250 mg + 300 mg/100 ml,AMBIGUOUS,AMBIGUOUS_SHARED_DENOMINATOR
SRCR-d816ad08192f89aec79d36b1,REGISTERED,21468,Blood Tubing Set For Hemodialysis,1 Size,FAILED,UNSUPPORTED_STRENGTH_PATTERN
SRCR-5be7e9299495fecfc67fbd8c,REGISTERED,21501,Nicotinamide + Pyridoxine Hydrochloride + Riboflavin + Vitamin B1 + Zinc,400 mg + 40 mg + 50 mg + 100 mg + 200 mg/100 ml,AMBIGUOUS,AMBIGUOUS_SHARED_DENOMINATOR
SRCR-1486240ecbc032cf85932648,REGISTERED,21517,Nicotinamide + Pyridoxine Hydrochloride + Riboflavin + Vitamin B1,20 mg + 2 mg + 2 mg + 5 mg/5 ml,AMBIGUOUS,AMBIGUOUS_SHARED_DENOMINATOR
SRCR-dc023de8116a97624942f3b5,REGISTERED,21544,Elemental Iron + Nicotinamide + Pyridoxine Hydrochloride + Riboflavin + Vitamin B1 + Zinc,50 mg + 20 mg + 2 mg + 2 mg + 5 mg + 10 mg/5 ml,AMBIGUOUS,AMBIGUOUS_SHARED_DENOMINATOR
SRCR-497aa409f70ab330a079bc4a,REGISTERED,21579,Ascorbic Acid + Cod Liver Oil + Nicotinamide + Pyridoxine Hydrochloride + Riboflavin + Vitamin A + Vitamin B1 + Vitamin D3 + Vitamin E,17.5 mg + 100 mg + 9 mg + .35 mg + .85 mg + 2000 IU + .7 mg + 200 IU + 1.5 mg/5 ml,AMBIGUOUS,AMBIGUOUS_SHARED_DENOMINATOR
SRCR-798b77fea52809597b7638b4,REGISTERED,21618,Camphor + Menthol + Methyl Salicylate,4 gm + 10 gm + 30 gm/100 gm,AMBIGUOUS,AMBIGUOUS_SHARED_DENOMINATOR
SRCR-a72ff931c777270e02801b80,REGISTERED,21662,Betamethasone + Neomycin Sulphate,100 mg + 500 mg/100 gm,AMBIGUOUS,AMBIGUOUS_SHARED_DENOMINATOR
SRCR-01c182d4183bddd76dd6fc4f,REGISTERED,21664,Betamethasone + Neomycin Sulphate,100 mg + 500 mg/100 gm,AMBIGUOUS,AMBIGUOUS_SHARED_DENOMINATOR
SRCR-9b93bfdb927b7fa20a188833,REGISTERED,21725,Ammonium Bicarbonate + Gentian + Ginger + Nux vomica + Sodium Bicarbonate,25 gm + 1.5 gm + 1.5 gm + 7 gm + 65 gm/100 gm,AMBIGUOUS,AMBIGUOUS_SHARED_DENOMINATOR
SRCR-8785e40a1bd8184f22b04b51,REGISTERED,21736,Iodine + Nonoxinel,19 mg + 149 mg/ml,AMBIGUOUS,AMBIGUOUS_SHARED_DENOMINATOR
SRCR-110d78421f8f3a261b9031bd,REGISTERED,21760,Phenylephrine + Tetryzoline Hydrochloride + Zinc Sulphate,120 mg + 40 mg + 100 mg/100 ml,AMBIGUOUS,AMBIGUOUS_SHARED_DENOMINATOR
SRCR-3428f5be063154e7bb0ca1db,REGISTERED,21821,Adenosine + Cytochrome C + Nicotinamide + Sodium Succinate,200 mg + 50 mg + 1 gm + 60 mg/100 ml,AMBIGUOUS,AMBIGUOUS_SHARED_DENOMINATOR
SRCR-2592b354bde0a31a96586af1,REGISTERED,21848,Chlorpheniramine Maleate + Dexamethasone,500 mg + 100 mg/100 ml,AMBIGUOUS,AMBIGUOUS_SHARED_DENOMINATOR
SRCR-2c0d706df9cbe9fe70b036f6,REGISTERED,21926,Amoxicillin + Clavulanic Acid,125 mg + 31.25 mg/5 ml,AMBIGUOUS,AMBIGUOUS_SHARED_DENOMINATOR
SRCR-c2840f87986a1482f374a4cd,REGISTERED,21927,Amoxicillin + Clavulanic Acid,400 mg + 57.5 mg/5 ml,AMBIGUOUS,AMBIGUOUS_SHARED_DENOMINATOR
SRCR-55a13b5d53a9b82680d95637,REGISTERED,21988,Ascorbic Acid + Cod Liver Oil + Nicotinamide + Pyridoxine Hydrochloride + Riboflavin + Vitamin A + Vitamin B1 + Vitamin D3 + Vitamin E,17.5 mg + 100 mg + 9 mg + .35 mg + .85 mg + 2000 IU + .7 mg + 200 IU + 1.5 mg/5 ml,AMBIGUOUS,AMBIGUOUS_SHARED_DENOMINATOR
SRCR-48118397fc6be262b6281214,REGISTERED,21989,Nicotinamide + Pyridoxine Hydrochloride + Riboflavin + Vitamin B1 + Zinc,400 mg + 40 mg + 50 mg + 100 mg + 200 mg/100 ml,AMBIGUOUS,AMBIGUOUS_SHARED_DENOMINATOR
SRCR-87fb0a20f901b4f005365807,REGISTERED,21990,Nicotinamide + Pyridoxine Hydrochloride + Riboflavin + Vitamin B1,20 mg + 2 mg + 2 mg + 5 mg/5 ml,AMBIGUOUS,AMBIGUOUS_SHARED_DENOMINATOR
SRCR-9f691f272f914079bf319225,REGISTERED,22013,Aluminium Oxide + Magnesium Hydroxide + Simethicone,200 mg + 400 mg + 30 mg/5 ml,AMBIGUOUS,AMBIGUOUS_SHARED_DENOMINATOR
SRCR-577c6414e7f13e1a14cc5f40,REGISTERED,22015,Magaldrate + Simethicone,480 mg + 20 mg/5 ml,AMBIGUOUS,AMBIGUOUS_SHARED_DENOMINATOR
SRCR-19a7f2679df87b5f6bfab506,REGISTERED,22016,Potassium Bicarbonate + Sodium Alginate,100 mg + 500 mg/5 ml,AMBIGUOUS,AMBIGUOUS_SHARED_DENOMINATOR
SRCR-d789101b5a25964059ef1033,REGISTERED,22048,Diphenhydramine Hydrochloride + Guaiphenesin + Levomenthol,280 mg + 2000 mg + 22 mg/100 ml,AMBIGUOUS,AMBIGUOUS_SHARED_DENOMINATOR
SRCR-01d2ff9312a4f896b4f41d52,REGISTERED,22058,Citric Acid Monohydrate + Potassium Citrate,5 gm + 30 gm/100 ml,AMBIGUOUS,AMBIGUOUS_SHARED_DENOMINATOR
SRCR-fb71df65e04ab57f18083b20,REGISTERED,22064,Calcium Carbonate + Sodium Alginate + Sodium Bicarbonate,1.6 gm + 5 gm + 2.6 gm/100 ml,AMBIGUOUS,AMBIGUOUS_SHARED_DENOMINATOR
SRCR-09b2855d276b7b03aca88375,REGISTERED,22074,Dextromethorphan Hydrobromide + Diphenhydramine Hydrochloride + Levomenthol,130 mg + 280 mg + 40 mg/100 ml,AMBIGUOUS,AMBIGUOUS_SHARED_DENOMINATOR
SRCR-4c40b537f33a02fbfa316494,REGISTERED,22084,Cyanocobalamin + Pyridoxine Hydrochloride + Vitamin B1,1 mg + 100 mg + 100 mg/3 ml,AMBIGUOUS,AMBIGUOUS_SHARED_DENOMINATOR
SRCR-633fe7143d95687e97213915,REGISTERED,22116,Fusidic Acid + Hydrocortisone Acetate,2 gm + 1 gm/100 gm,AMBIGUOUS,AMBIGUOUS_SHARED_DENOMINATOR
SRCR-7c86e2d77f80f8dce6e1921f,REGISTERED,22121,Econazole Nitrate + Triamcinolone Acetonide,1 gm + 100 mg/100 gm,AMBIGUOUS,AMBIGUOUS_SHARED_DENOMINATOR
SRCR-b64fe9249f200808fa779766,REGISTERED,22129,Nicotinamide + Pyridoxine Hydrochloride + Riboflavin + Vitamin B1 + Zinc,20 mg + 2 mg + 2 mg + 5 mg + 10 mg/5 ml,AMBIGUOUS,AMBIGUOUS_SHARED_DENOMINATOR
SRCR-c63e231920b7af5711818201,REGISTERED,22135,Dextrose Anhydrous + Potassium Chloride + Sodium Chloride + Trisodium Citrate,6.75 gm + 750 mg + 1.3 gm + 1.45 gm/500 ml,AMBIGUOUS,AMBIGUOUS_SHARED_DENOMINATOR
SRCR-fe11d4a8a7f619d5072f8da2,REGISTERED,22156,Clobetasol Propionate + Neomycin Sulphate + Nystatin,50 mg + 500 mg + 100 Lac IU/100 gm,AMBIGUOUS,AMBIGUOUS_SHARED_DENOMINATOR
SRCR-d4f31ee78883a60dbe2c2dd3,REGISTERED,22164,Ascorbic Acid + Cod Liver Oil + Nicotinamide + Pyridoxine Hydrochloride + Riboflavin + Vitamin A + Vitamin B1 + Vitamin D3 + Vitamin E,17.5 mg + 100 mg + 9 mg + .35 mg + .85 mg + 2000 IU + .7 mg + 200 IU + 1.5 mg/5 ml,AMBIGUOUS,AMBIGUOUS_SHARED_DENOMINATOR
SRCR-e3e573566851ba6e86053172,REGISTERED,22173,Econazole Nitrate + Triamcinolone Acetonide,1 gm + 100 mg/100 gm,AMBIGUOUS,AMBIGUOUS_SHARED_DENOMINATOR
SRCR-10aff03dc92f628d12f1f365,REGISTERED,22182,Amoxicillin + Clavulanic Acid,125 mg + 31.25 mg/5 ml,AMBIGUOUS,AMBIGUOUS_SHARED_DENOMINATOR
SRCR-ee75e3770cae5f1daa334790,REGISTERED,22191,Diclofenac + Lidocaine Hydrochloride,75 mg + 20 mg/2 ml,AMBIGUOUS,AMBIGUOUS_SHARED_DENOMINATOR
SRCR-345b779485703809ac81cb43,REGISTERED,22274,Nicotinamide + Pyridoxine Hydrochloride + Riboflavin + Vitamin B1,20 mg + 2 mg + 2 mg + 5 mg/5 ml,AMBIGUOUS,AMBIGUOUS_SHARED_DENOMINATOR
SRCR-6396a17c50cae6d683ba345d,REGISTERED,22280,Dextrose Anhydrous + Potassium Chloride + Sodium Chloride + Trisodium Citrate,10 gm + 750 gm + 1.75 gm + 1.45 gm/500 ml,AMBIGUOUS,AMBIGUOUS_SHARED_DENOMINATOR
SRCR-f78e09bbb55ef22432b874d8,REGISTERED,22311,Testosterone Decanoate + Testosterone Isocaproate + Testosterone Phenyl propionate + Testosterone Propionate,100 mg + 60 mg + 60 mg + 30 mg/ml,AMBIGUOUS,AMBIGUOUS_SHARED_DENOMINATOR
SRCR-9e653780699eadda24f5f95e,REGISTERED,22409,Polyethylene Glycol 400 + Propylene Glycol,400 mg + 300 mg/100 ml,AMBIGUOUS,AMBIGUOUS_SHARED_DENOMINATOR
SRCR-00c62cb7e4408a667900436c,REGISTERED,22459,Mucopolysaccharide Polysulphate + Salicylic Acid,200 mg + 2 gm/100 gm,AMBIGUOUS,AMBIGUOUS_SHARED_DENOMINATOR
SRCR-863f2036b4eb5ba24a7e638b,REGISTERED,22463,Calcium Carbonate + Sodium Alginate + Sodium Bicarbonate,3.25 gm + 5 gm + 2.13 gm/100 ml,AMBIGUOUS,AMBIGUOUS_SHARED_DENOMINATOR
SRCR-87e6a373c61a4324bdac0047,REGISTERED,22475,Lanolin Anhydrous + Liquid Paraffin + White Soft Paraffin,1 gm + 12.6 gm + 14.5 gm/100 gm,AMBIGUOUS,AMBIGUOUS_SHARED_DENOMINATOR
SRCR-d7630a9f9ff0515d9497da89,REGISTERED,22482,Sulphamethoxazole + Trimethoprim,200 mg + 40 mg/5 ml,AMBIGUOUS,AMBIGUOUS_SHARED_DENOMINATOR
SRCR-34a58366fef98a6aa7b41a2d,REGISTERED,22485,Nicotinamide + Pyridoxine Hydrochloride + Riboflavin + Vitamin B1,20 mg + 2 mg + 2 mg + 5 mg/5 ml,AMBIGUOUS,AMBIGUOUS_SHARED_DENOMINATOR
SRCR-7313b4d02272af4dfff75920,REGISTERED,22524,Nicotinamide + Pyridoxine Hydrochloride + Riboflavin + Vitamin B1 + Zinc,400 mg + 40 mg + 50 mg + 100 mg + 200 mg/100 ml,AMBIGUOUS,AMBIGUOUS_SHARED_DENOMINATOR
SRCR-18e8cdd54e726037bb5bf4bd,REGISTERED,22539,Diclofenac + Lidocaine Hydrochloride,75 mg + 20 mg/2 ml,AMBIGUOUS,AMBIGUOUS_SHARED_DENOMINATOR
SRCR-9d0e3a6b6a102f366657d32f,REGISTERED,22559,Potassium Bicarbonate + Sodium Alginate,100 mg + 500 mg/5 ml,AMBIGUOUS,AMBIGUOUS_SHARED_DENOMINATOR
SRCR-753ef4cd4a5e82de693e82ea,REGISTERED,22580,Amoxicillin + Clavulanic Acid,125 mg + 31.25 mg/5 ml,AMBIGUOUS,AMBIGUOUS_SHARED_DENOMINATOR
SRCR-ee0e2306f00e4e3cc210bb5e,REGISTERED,22582,Ascorbic Acid + Cod Liver Oil + Nicotinamide + Pyridoxine Hydrochloride + Riboflavin + Vitamin A + Vitamin B1 + Vitamin D3 + Vitamin E,17.5 mg + 100 mg + 9 mg + .35 mg + .85 mg + 2000 IU + .7 mg + 200 IU + 1.5 mg/5 ml,AMBIGUOUS,AMBIGUOUS_SHARED_DENOMINATOR
SRCR-534511f4a6b08f20c46468bc,REGISTERED,22590,Ammonium Bicarbonate + Gentian + Ginger + Nux vomica + Sodium Bicarbonate,25 gm + 1.5 gm + 1.5 gm + 7 gm + 65 gm/100 gm,AMBIGUOUS,AMBIGUOUS_SHARED_DENOMINATOR
SRCR-09b2ee438857593f01295056,REGISTERED,22598,Ethyl Alcohol + Isopropyl Alcohol,66 ml + 3.5 ml/100 ml,AMBIGUOUS,AMBIGUOUS_SHARED_DENOMINATOR
SRCR-b3d3896fc931e210e90e707c,REGISTERED,22599,Benzocaine + Camphor + Menthol + Phenol,20 gm + 250 mg + 250 mg + 450 mg/100 ml,AMBIGUOUS,AMBIGUOUS_SHARED_DENOMINATOR
SRCR-2dd4b5d2aba2de279286dcba,REGISTERED,22602,Citric Acid Monohydrate + Potassium Citrate,5 gm + 30 gm/100 ml,AMBIGUOUS,AMBIGUOUS_SHARED_DENOMINATOR
SRCR-2cb5b35670018a0f4c3f792f,REGISTERED,22603,Cefuroxime + Clavulanic Acid,125 mg + 31.25 mg/5 ml,AMBIGUOUS,AMBIGUOUS_SHARED_DENOMINATOR
SRCR-13879afee9fbb3f6cf7e2ae6,REGISTERED,22608,Calcium Gluconate + Dextrose + Magnesium Hypophosphite,208 mg + 200 mg + 50 mg/ml,AMBIGUOUS,AMBIGUOUS_SHARED_DENOMINATOR
SRCR-0f6cd9c042d9b5eb2fe51f81,REGISTERED,22621,Cetrimide + Chlorhexidine Gluconate,3 gm + 300 mg/100 ml,AMBIGUOUS,AMBIGUOUS_SHARED_DENOMINATOR
SRCR-553e37b84a6b3b0c2e63c3d3,REGISTERED,22626,Magaldrate + Simethicone,480 mg + 20 mg/5 ml,AMBIGUOUS,AMBIGUOUS_SHARED_DENOMINATOR
SRCR-054614ca2a844bfa8d8e9df0,REGISTERED,22642,Calcium Carbonate + Sodium Alginate + Sodium Bicarbonate,1.6 gm + 5 gm + 2.6 gm/100 ml,AMBIGUOUS,AMBIGUOUS_SHARED_DENOMINATOR
SRCR-ece1935befc502e790e829f2,REGISTERED,22645,Dextromethorphan Hydrobromide + Guaiphenesin + Menthol,300 mg + 4 gm + 300 mg/100 ml,AMBIGUOUS,AMBIGUOUS_SHARED_DENOMINATOR
SRCR-fb2be21c9ab9618df3fb3b97,REGISTERED,22648,Dextromethorphan Hydrobromide + Phenylephrine Hydrochloride + Triprolidine Hydrochloride,400 mg + 200 mg + 50 mg/100 ml,AMBIGUOUS,AMBIGUOUS_SHARED_DENOMINATOR
SRCR-d794cca5495895138cf53d3a,REGISTERED,22652,Calcium Carbonate + Sodium Alginate + Sodium Bicarbonate,3.25 gm + 5 gm + 2.13 gm/100 ml,AMBIGUOUS,AMBIGUOUS_SHARED_DENOMINATOR
SRCR-dad4257ee763423311020ba0,REGISTERED,22698,Aluminium Oxide + Magnesium Hydroxide,175 mg + 225 mg/5 ml,AMBIGUOUS,AMBIGUOUS_SHARED_DENOMINATOR
SRCR-43107b288bbeb5193e2849ab,REGISTERED,22701,Aluminium Oxide + Magnesium Hydroxide + Simethicone,200 mg + 400 mg + 30 mg/5 ml,AMBIGUOUS,AMBIGUOUS_SHARED_DENOMINATOR
SRCR-127d34e43da91de8878ad32f,REGISTERED,22723,Benzathine Penicillin,12 Lac Unit/vial,FAILED,UNSUPPORTED_STRENGTH_PATTERN
SRCR-df04f3fc7527f0f4e791c523,REGISTERED,22724,Benzathine Penicillin,6 Lac Unit/vial,FAILED,UNSUPPORTED_STRENGTH_PATTERN
SRCR-5d956ad0d92036a6fe198a6d,REGISTERED,22726,Benzoic Acid + Salicylic Acid,60 mg + 30 mg/gm,AMBIGUOUS,AMBIGUOUS_SHARED_DENOMINATOR
SRCR-7410057f9fe9d7f0d8e193b0,REGISTERED,22729,Betamethasone + Neomycin Sulphate,100 mg + 500 mg/100 gm,AMBIGUOUS,AMBIGUOUS_SHARED_DENOMINATOR
SRCR-0620e802162fdb94d915f527,REGISTERED,22761,Amoxicillin + Clavulanic Acid,125 mg + 31.25 mg/5 ml,AMBIGUOUS,AMBIGUOUS_SHARED_DENOMINATOR
SRCR-e39cc57f57d2628635ae12b1,REGISTERED,22771,Sulphamethoxazole + Trimethoprim,200 mg + 40 mg/5 ml,AMBIGUOUS,AMBIGUOUS_SHARED_DENOMINATOR
SRCR-36b43882c3d0e41a9bd1beb0,REGISTERED,22785,Diclofenac + Lidocaine Hydrochloride,75 mg + 20 mg/2 ml,AMBIGUOUS,AMBIGUOUS_SHARED_DENOMINATOR
SRCR-19702ed631a61777d3355b3f,REGISTERED,22849,Clotrimazole + Hydrocortisone,1 gm + 1 gm/100 gm,AMBIGUOUS,AMBIGUOUS_SHARED_DENOMINATOR
SRCR-71c43a5561ee2dfb8938105b,REGISTERED,22873,Cetrimide + Chlorhexidine Hydrochloride,500 mg + 100 mg/100 gm,AMBIGUOUS,AMBIGUOUS_SHARED_DENOMINATOR
SRCR-8dac56ded2499af35894c5ef,REGISTERED,22874,Cetrimide + Chlorhexidine Gluconate,15 gm + 1.5 gm/100 ml,AMBIGUOUS,AMBIGUOUS_SHARED_DENOMINATOR
SRCR-87580f0a950b76b80b8e9554,REGISTERED,22875,Cetrimide + Chlorhexidine Gluconate,3 gm + 300 mg/100 ml,AMBIGUOUS,AMBIGUOUS_SHARED_DENOMINATOR
SRCR-619f73938d9f60d6d31c5780,REGISTERED,22914,Nystatin,1 Lac Unit/ml,FAILED,UNSUPPORTED_STRENGTH_PATTERN
SRCR-d5642d34273bce8f7a9a4240,REGISTERED,22918,Bacitracin Zinc + Neomycin Sulphate,250 IU + 5 mg/gm,AMBIGUOUS,AMBIGUOUS_SHARED_DENOMINATOR
SRCR-6d6bdeb10deb121dbcc7d167,REGISTERED,22919,Bacitracin Zinc + Neomycin Sulphate,500 IU + 5 mg/gm,AMBIGUOUS,AMBIGUOUS_SHARED_DENOMINATOR
SRCR-cdbfbea98a97aa71e5619034,REGISTERED,22928,Dextrose Anhydrous + Potassium Chloride + Sodium Chloride + Trisodium Citrate,10 gm + 750 gm + 1.75 gm + 1.45 gm/500 ml,AMBIGUOUS,AMBIGUOUS_SHARED_DENOMINATOR
SRCR-20645e3cc05d28dde56013c2,REGISTERED,22937,Nicotinamide + Pyridoxine Hydrochloride + Riboflavin + Vitamin B1,20 mg + 2 mg + 2 mg + 5 mg/5 ml,AMBIGUOUS,AMBIGUOUS_SHARED_DENOMINATOR
SRCR-28987f838cd45722b0077fc0,REGISTERED,22939,Dexpanthanol + Nicotinamide + Pyridoxine Hydrochloride + Riboflavin + Vitamin B1,25 mg + 500 mg + 50 mg + 20 mg + 250 mg/10 ml,AMBIGUOUS,AMBIGUOUS_SHARED_DENOMINATOR
SRCR-45b7fcc42628942f65217640,REGISTERED,22950,Benzocaine + Oxytetracycline + Polymixin B Sulphate,250 mg + 25 mg + 50000 IU/100 ml,AMBIGUOUS,AMBIGUOUS_SHARED_DENOMINATOR
SRCR-c632c3b6536b115f224e3225,REGISTERED,22957,Benzyl Penicillin,5 Lac Unit,FAILED,UNSUPPORTED_STRENGTH_PATTERN
SRCR-b07c762f029f46fcc1ef16a4,REGISTERED,23047,Ammonium Bicarbonate + Gentian + Ginger + Nux vomica + Sodium Bicarbonate,25 gm + 1.5 gm + 1.5 gm + 7 gm + 65 gm/100 gm,AMBIGUOUS,AMBIGUOUS_SHARED_DENOMINATOR
SRCR-db381e8a86c3bfc713196963,REGISTERED,23052,Sulphamethoxazole + Trimethoprim,10 gm + 2 gm/100 ml,AMBIGUOUS,AMBIGUOUS_SHARED_DENOMINATOR
SRCR-8ce39ae7a113ee34442b14bf,REGISTERED,23058,Econazole Nitrate + Triamcinolone Acetonide,1 gm + 100 mg/100 gm,AMBIGUOUS,AMBIGUOUS_SHARED_DENOMINATOR
SRCR-6724606a1780e6dd565d3487,REGISTERED,23073,Cyanocobalamin + Pyridoxine Hydrochloride + Vitamin B1,1 mg + 100 mg + 100 mg/3 ml,AMBIGUOUS,AMBIGUOUS_SHARED_DENOMINATOR
SRCR-7e9e5ed4be1fbc30ba7b7fca,REGISTERED,23093,Clobetasol Propionate + Neomycin Sulphate + Nystatin,50 mg + 500 mg + 100 Lac IU/100 gm,AMBIGUOUS,AMBIGUOUS_SHARED_DENOMINATOR
SRCR-9fcc72a96867de4632031c0d,REGISTERED,23097,Elemental Iron + Nicotinamide + Pyridoxine Hydrochloride + Riboflavin + Vitamin B1 + Zinc,50 mg + 20 mg + 2 mg + 2 mg + 5 mg + 10 mg/5 ml,AMBIGUOUS,AMBIGUOUS_SHARED_DENOMINATOR
SRCR-0287d4a6edeaaeb8cde94cc1,REGISTERED,23213,Sulphadiazine + Trimethoprim,40 gm + 8 gm/100 ml,AMBIGUOUS,AMBIGUOUS_SHARED_DENOMINATOR
SRCR-3694079deae954364ccd8763,REGISTERED,23214,Butaphosphan + Cyanocobalamin,10 gm + 5 mg/100 ml,AMBIGUOUS,AMBIGUOUS_SHARED_DENOMINATOR
SRCR-4b21accad253b00f3af4490d,REGISTERED,23220,Ascorbic Acid + Cod Liver Oil + Nicotinamide + Pyridoxine Hydrochloride + Riboflavin + Vitamin A + Vitamin B1 + Vitamin D3 + Vitamin E,17.5 mg + 100 mg + 9 mg + .35 mg + .85 mg + 2000 IU + .7 mg + 200 IU + 1.5 mg/5 ml,AMBIGUOUS,AMBIGUOUS_SHARED_DENOMINATOR
SRCR-d8639ce5abade5c994364769,REGISTERED,23254,Phytomenadione,2 mg/.2 ml,FAILED,UNSUPPORTED_STRENGTH_PATTERN
SRCR-08155eee6180ce0ad49cc0ef,REGISTERED,23265,Betamethasone + Clotrimazole,50 mg + 1 gm/100 gm,AMBIGUOUS,AMBIGUOUS_SHARED_DENOMINATOR
SRCR-ceae27f10ab2cb215e194c6c,REGISTERED,23266,Betamethasone + Clotrimazole,100 mg + 1 gm/100 gm,AMBIGUOUS,AMBIGUOUS_SHARED_DENOMINATOR
SRCR-a3281b11a00f28cb6dc68697,REGISTERED,23284,Clindamycin Phosphate + Tretinoin,1.2 gm + .025 gm/100 gm,AMBIGUOUS,AMBIGUOUS_SHARED_DENOMINATOR
SRCR-21f8ebeb040b6558e6b647f7,REGISTERED,23308,Fusidic Acid + Hydrocortisone Acetate,2 gm + 1 gm/100 gm,AMBIGUOUS,AMBIGUOUS_SHARED_DENOMINATOR
SRCR-96958a4416bc7018b3e5b2b6,REGISTERED,23310,Bacitracin Zinc + Neomycin Sulphate + Polymixin B Sulphate,400 IU + 3.5 mg + 5000 IU/gm,AMBIGUOUS,AMBIGUOUS_SHARED_DENOMINATOR
SRCR-ce852344477b52dc2dc5ed8b,REGISTERED,23311,Dioxybenzone + Hydroquinone + Octyldimethyl p-aminobenzoate + Oxybenzone,300 mg + 400 mg + 800 mg + 200 mg/100 gm,AMBIGUOUS,AMBIGUOUS_SHARED_DENOMINATOR
SRCR-ed77446703b678d5468f2a34,REGISTERED,23313,Hydrocortisone + Miconazole Nitrate,1 gm + 2 gm/100 gm,AMBIGUOUS,AMBIGUOUS_SHARED_DENOMINATOR
SRCR-fcc1a033b764c8d13a888e0c,REGISTERED,23322,Amoxicillin + Clavulanic Acid,400 mg + 57.5 mg/5 ml,AMBIGUOUS,AMBIGUOUS_SHARED_DENOMINATOR
SRCR-506e127e84091894ef200658,REGISTERED,23375,Nicotinamide + Pyridoxine Hydrochloride + Riboflavin + Vitamin B1 + Zinc,400 mg + 40 mg + 50 mg + 100 mg + 200 mg/100 ml,AMBIGUOUS,AMBIGUOUS_SHARED_DENOMINATOR
SRCR-77ba0725e90568f5af3668c5,REGISTERED,23376,Rhubarb + Salicylic Acid,.5 gm + .1 gm/10 ml,AMBIGUOUS,AMBIGUOUS_SHARED_DENOMINATOR
SRCR-aa03c9655afaa9515c457712,REGISTERED,23378,Menthol + Methyl Salicylate,10 gm + 15 gm/100 gm,AMBIGUOUS,AMBIGUOUS_SHARED_DENOMINATOR
SRCR-6a70e97cf373743a3c6849a7,REGISTERED,23383,Sodium Cromoglycate + Xylometazoline Hydrochloride,2.6 mg + 32.5 mg/100 ml,AMBIGUOUS,AMBIGUOUS_SHARED_DENOMINATOR
SRCR-33c556b361dd56892a95be9f,REGISTERED,23389,Adapalene + Benzoyl Peroxide,.1 gm + 2.5 gm/100 gm,AMBIGUOUS,AMBIGUOUS_SHARED_DENOMINATOR
SRCR-9c3f4a0de5de23e37158968f,REGISTERED,23398,Magaldrate + Simethicone,480 mg + 20 mg/5 ml,AMBIGUOUS,AMBIGUOUS_SHARED_DENOMINATOR
SRCR-3b1950a20e0955ba781e2d36,REGISTERED,23422,"Liquid Paraffin + Magnesium Hydroxide Dried Gel, 96% + Magnesium Hydroxide Paste, 34%",30 ml + 5 gm + 7.06 gm/120 ml,AMBIGUOUS,AMBIGUOUS_SHARED_DENOMINATOR
SRCR-934b1433d9be3fe94d402e6f,REGISTERED,23423,Eucalypytol + Menthol + Methyl Salicylate + Thymol,92 mg + 42 mg + 60 mg + 64 mg/100 ml,AMBIGUOUS,AMBIGUOUS_SHARED_DENOMINATOR
SRCR-b16e4f32a2445574f10fa097,REGISTERED,23450,Cefuroxime + Clavulanic Acid,125 mg + 31.25 mg/5 ml,AMBIGUOUS,AMBIGUOUS_SHARED_DENOMINATOR
SRCR-9378f77b12ccc9d6c513d2d3,REGISTERED,23458,Cyanocobalamin + Nicotinamide + Pyridoxine Hydrochloride + Riboflavin + Vitamin B1,5 mg + 5 gm + 500 mg + 150 mg + 2.5 gm/100 ml,AMBIGUOUS,AMBIGUOUS_SHARED_DENOMINATOR
SRCR-331422d08e81b89447fc89bc,REGISTERED,23465,Diclofenac Sodium + Lidocaine Hydrochloride,250 mg + 200 mcg/10 ml,AMBIGUOUS,AMBIGUOUS_SHARED_DENOMINATOR
SRCR-c69f9b534671241cc2dc363f,REGISTERED,23466,Benzylpenicillin + Procaine Penicillin + Streptomycin,5 Lac IU + 15 Lac IU + 2.5 gm/vial,AMBIGUOUS,AMBIGUOUS_SHARED_DENOMINATOR
SRCR-45128b0b78d3aa13611715be,REGISTERED,23487,Anhydrous Benzoyl Peroxide + Clindamycin,5 gm + 1 gm/100 gm,AMBIGUOUS,AMBIGUOUS_SHARED_DENOMINATOR
SRCR-6f944b0fb9fd33a75ad0b381,REGISTERED,23498,Potassium Bicarbonate + Sodium Alginate,100 mg + 500 mg/5 ml,AMBIGUOUS,AMBIGUOUS_SHARED_DENOMINATOR
SRCR-0e05d7d3fd2db492a69b6328,REGISTERED,23511,Brimonidine Tartrate + Timolol Maleate,200 mg + 500 mg/100 ml,AMBIGUOUS,AMBIGUOUS_SHARED_DENOMINATOR
SRCR-c780062cf5e847f441d830c9,REGISTERED,23548,Calamine + Zinc Oxide,15 gm + 5 gm/100 ml,AMBIGUOUS,AMBIGUOUS_SHARED_DENOMINATOR
SRCR-e23a235ea2e8f14462c0969b,REGISTERED,23559,Calcium Gluconate + Magnesium Hypophosphite,28 gm + 9 gm/100 ml,AMBIGUOUS,AMBIGUOUS_SHARED_DENOMINATOR
SRCR-889ddfbbd3e7890e0a1b7605,REGISTERED,23565,Dextran 70 + Hypromellose,100 mg + 300 mg/100 ml,AMBIGUOUS,AMBIGUOUS_SHARED_DENOMINATOR
SRCR-a3fb800476e4ea147e15f1d0,REGISTERED,23567,Meloxicam + Paracetamol,20 mg + 150 mg/ml,AMBIGUOUS,AMBIGUOUS_SHARED_DENOMINATOR
SRCR-61008ad2f8bb255f38340b44,REGISTERED,23590,Vitamin A + Vitamin D3 + Vitamin E,500000 IU + 75000 IU + 50 mg/100 ml,AMBIGUOUS,AMBIGUOUS_SHARED_DENOMINATOR
SRCR-91954d935776e5a14a1c4c27,REGISTERED,23591,Benzathine Penicillin G + Dihydrostreptomycin + Procain Penicillin G,1 Lac IU + 200 mg + 1.5 Lac IU/ml,AMBIGUOUS,AMBIGUOUS_SHARED_DENOMINATOR
SRCR-68a4998fb88d8ccd5767bb34,REGISTERED,23614,Dexamethasone + Tobramycin,50 mg + 300 mg/100 ml,AMBIGUOUS,AMBIGUOUS_SHARED_DENOMINATOR
SRCR-4343be6d3e4b51db305c06e3,REGISTERED,23624,Brinzolamide + Timolol,1 gm + 500 mg/100 ml,AMBIGUOUS,AMBIGUOUS_SHARED_DENOMINATOR
SRCR-78ccd287cca951a12fe13a49,REGISTERED,23639,Acyclovir + Hydrocortisone,5 gm + 1 gm/100 gm,AMBIGUOUS,AMBIGUOUS_SHARED_DENOMINATOR
SRCR-3677d22199360ecf58fd4232,REGISTERED,23644,Benzocaine + Tetracaine,18 gm + 2 gm/100 ml,AMBIGUOUS,AMBIGUOUS_SHARED_DENOMINATOR
SRCR-affedaa84890e59d850eb413,REGISTERED,23654,Azelastine + Fluticasone Propionate,125 mcg + 50 mcg/Metered Inhalation,AMBIGUOUS,AMBIGUOUS_SHARED_DENOMINATOR
SRCR-fb0301b142c76122045e7726,REGISTERED,23664,Macrogol 3350 + Potassium Chloride + Sodium Bicarbonate + Sodium Chloride,52.5 gm + .187 gm + .714 gm + 1.4 gm/100 ml,AMBIGUOUS,AMBIGUOUS_SHARED_DENOMINATOR
SRCR-f683872fb594f9a762eba45f,REGISTERED,23671,Lopinavir + Ritonavir,80 mg + 20 mg/ml,AMBIGUOUS,AMBIGUOUS_SHARED_DENOMINATOR
SRCR-8ad9cfb52d7bac947ce27267,REGISTERED,23676,Carboxymethylcellulose Sodium + Hypromellose,250 mg + 300 mg/100 ml,AMBIGUOUS,AMBIGUOUS_SHARED_DENOMINATOR
SRCR-e63347fc0e9f6dfa8c03e34e,REGISTERED,23677,Polyethylene Glycol 400 + Propylene Glycol,400 mg + 300 mg/100 ml,AMBIGUOUS,AMBIGUOUS_SHARED_DENOMINATOR
SRCR-7b0063ccdd2fa3e2dd54f258,REGISTERED,23678,Diphenhydramine Hydrochloride + Guaiphenesin + Levomenthol,280 mg + 2000 mg + 22 mg/100 ml,AMBIGUOUS,AMBIGUOUS_SHARED_DENOMINATOR
SRCR-0cec107c5c40173afd320d04,REGISTERED,23679,Enoxaprin,20 mg/.2 ml,FAILED,UNSUPPORTED_STRENGTH_PATTERN
SRCR-6a74fdca3636822b57295d39,REGISTERED,23680,Enoxaprin,40 mg/.4 ml,FAILED,UNSUPPORTED_STRENGTH_PATTERN
SRCR-f890dc2bd3d708588b65545c,REGISTERED,23681,Enoxaprin,60 mg/.6 ml,FAILED,UNSUPPORTED_STRENGTH_PATTERN
SRCR-25fcd1d0c55c7757e4d78279,REGISTERED,23682,Enoxaprin,80 mg/.8 ml,FAILED,UNSUPPORTED_STRENGTH_PATTERN
SRCR-bd1263b863adacc5104162be,REGISTERED,23690,Dextromethorphan Hydrobromide + Phenylephrine Hydrochloride + Triprolidine Hydrochloride,400 mg + 200 mg + 50 mg/100 ml,AMBIGUOUS,AMBIGUOUS_SHARED_DENOMINATOR
SRCR-4e8704325db85cbe9f292259,REGISTERED,23702,Fluorometholone + Gentamicin,100 mg + 300 mg/100 ml,AMBIGUOUS,AMBIGUOUS_SHARED_DENOMINATOR
SRCR-5c95be4bda1078cbd7c0e29c,REGISTERED,23703,Fluorometholone + Gentamicin,100 mg + 300 mg/100 ml,AMBIGUOUS,AMBIGUOUS_SHARED_DENOMINATOR
SRCR-16d7707fc3cc0d7e10e99560,REGISTERED,23705,Chloramphenicol + Dexamethasone,5 mg + 1 mg/ml,AMBIGUOUS,AMBIGUOUS_SHARED_DENOMINATOR
SRCR-5ff653af7609488e94bacec4,REGISTERED,23723,Carboxymethylcellulose Sodium + Glycerine,5 mg + 9 mg/ml,AMBIGUOUS,AMBIGUOUS_SHARED_DENOMINATOR
SRCR-22d11af2d9bdfbe82c6a7d5a,REGISTERED,23730,Glycerol + Hypromellose + Polyethylene Glycol 400,200 mg + 360 mg + 1 gm/100 ml,AMBIGUOUS,AMBIGUOUS_SHARED_DENOMINATOR
SRCR-b475f82a44269935e29f8abb,REGISTERED,23740,Clobetasol Propionate + Salicylic Acid,.05 gm + 3 gm/100 gm,AMBIGUOUS,AMBIGUOUS_SHARED_DENOMINATOR
SRCR-e7d65ccba5d0bf710e80b8ba,REGISTERED,23741,Dextromethorphan Hydrobromide + Guaiphenesin + Menthol,300 mg + 4 gm + 300 mg/100 ml,AMBIGUOUS,AMBIGUOUS_SHARED_DENOMINATOR
SRCR-297a5bf5b60769f9e5f63546,REGISTERED,23746,Fluticasone Propionate + Salmeterol,50 mcg + 25 mcg/Metered Inhalation,AMBIGUOUS,AMBIGUOUS_SHARED_DENOMINATOR
SRCR-37af90eff50f9a8490f959a2,REGISTERED,23747,Fluticasone Propionate + Salmeterol,125 mcg + 25 mcg/Metered Inhalation,AMBIGUOUS,AMBIGUOUS_SHARED_DENOMINATOR
SRCR-a473478846e533ed86bfb2c4,REGISTERED,23748,Fluticasone Propionate + Salmeterol,250 mcg + 25 mcg/Metered Inhalation,AMBIGUOUS,AMBIGUOUS_SHARED_DENOMINATOR
SRCR-b11ac9cdb721dcc76e203b06,REGISTERED,23749,Ipratropium Bromide + Salbutamol,20 mcg + 100 mcg/Metered Inhalation,AMBIGUOUS,AMBIGUOUS_SHARED_DENOMINATOR
SRCR-f332616bb49a96de620d5e75,REGISTERED,23751,Budesonide + Formoterol Fumarate,160 mcg + 4.5 mcg/Puff,AMBIGUOUS,AMBIGUOUS_SHARED_DENOMINATOR
SRCR-1101aa773d1d219ff7eca560,REGISTERED,23754,Betamethasone Sodium Phosphate + Neomycin Sulphate,100 mg + 500 mg/100 ml,AMBIGUOUS,AMBIGUOUS_SHARED_DENOMINATOR
SRCR-1d50358d8acfabf2321b61b3,REGISTERED,23755,Beclomethasone Dipropionate + Chloramphenicol + Clotrimazole + Lidocaine,25 mg + 5 gm + 1 gm + 1.73 gm/100 ml,AMBIGUOUS,AMBIGUOUS_SHARED_DENOMINATOR
SRCR-c909bd55af21cd3514416c40,REGISTERED,23763,Calcium Carbonate + Sodium Alginate + Sodium Bicarbonate,1.6 gm + 5 gm + 2.6 gm/100 ml,AMBIGUOUS,AMBIGUOUS_SHARED_DENOMINATOR
SRCR-fbe582d2e122a76551dc83b7,REGISTERED,23777,Brimonidine Tartrate + Brinzolamide,200 mg + 1 gm/100 ml,AMBIGUOUS,AMBIGUOUS_SHARED_DENOMINATOR
SRCR-cb4ddce4235ccaf2c20c199a,REGISTERED,23783,Calcium Dobesilate + Dexamethasone Acetate + Lidocaine Hydrochloride,4 gm + 25 mg + 2 gm/100 gm,AMBIGUOUS,AMBIGUOUS_SHARED_DENOMINATOR
SRCR-3451b215e72d7edd67b32419,REGISTERED,23790,Betamethasone + Clotrimazole + Gentamicin,50 mg + 1 gm + 100 mg/100 gm,AMBIGUOUS,AMBIGUOUS_SHARED_DENOMINATOR
SRCR-206180aad1a46eaea4c195ca,REGISTERED,23791,Betamethasone + Neomycin Sulphate,100 mg + 500 mg/100 gm,AMBIGUOUS,AMBIGUOUS_SHARED_DENOMINATOR
SRCR-39c3a2258c0c86adfd84650b,REGISTERED,23792,Betamethasone + Salicylic Acid,.05 gm + 2 gm/100 ml,AMBIGUOUS,AMBIGUOUS_SHARED_DENOMINATOR
SRCR-35dd6b521cd9ebee7953b6af,REGISTERED,23800,Betamethasone + Fusidic Acid,100 mg + 2 gm/100 gm,AMBIGUOUS,AMBIGUOUS_SHARED_DENOMINATOR
SRCR-44c782a8cd5b1710795371de,REGISTERED,23810,Dexamethasone + Gatifloxacin,100 mg + 300 mg/100 ml,AMBIGUOUS,AMBIGUOUS_SHARED_DENOMINATOR
SRCR-dcf274b2f2c6421735a14f45,REGISTERED,23832,Citric Acid Monohydrate + Potassium Citrate,5 gm + 30 gm/100 ml,AMBIGUOUS,AMBIGUOUS_SHARED_DENOMINATOR
SRCR-d11d4fc90449dd3a3b609683,REGISTERED,23872,Light Liquid Paraffin + White Soft Paraffin,6 gm + 15 gm/100 gm,AMBIGUOUS,AMBIGUOUS_SHARED_DENOMINATOR
SRCR-893603c22b298f469c6123f8,REGISTERED,23906,Adenosine + Cytochrome C + Nicotinamide + Sodium Succinate,200 mg + 50 mg + 1 gm + 60 mg/100 ml,AMBIGUOUS,AMBIGUOUS_SHARED_DENOMINATOR
SRCR-c066cea3c4bfe4248382529e,REGISTERED,23908,Dexamethasone + Tobramycin,100 mg + 300 mg/100 ml,AMBIGUOUS,AMBIGUOUS_SHARED_DENOMINATOR
SRCR-1fa63915d3d1699e0b2c1aa4,REGISTERED,23909,Dexamethasone + Tobramycin,100 mg + 300 mg/100 gm,AMBIGUOUS,AMBIGUOUS_SHARED_DENOMINATOR
SRCR-e18a4395a843a421ef6939d1,REGISTERED,23910,Calcium Carbonate + Sodium Alginate + Sodium Bicarbonate,3.25 gm + 5 gm + 2.13 gm/100 ml,AMBIGUOUS,AMBIGUOUS_SHARED_DENOMINATOR
SRCR-c80d7af87f3c3f235bf1377a,REGISTERED,23932,Ascorbic Acid + Biotin + Cyanocobalamin + Dexpanthanol + Folic Acid + Nicotinamide + Pyridoxine Hydrochloride + Riboflavine Sodium Phosphate + Thiamine Nitrate,100 mg + 60 mcg + 5 mcg + 15 mg + 400 mcg + 40 mg + 4 mg + 3.6 mg + 2.5 mg/vial,AMBIGUOUS,AMBIGUOUS_SHARED_DENOMINATOR
SRCR-85b4f4a9dde44b8519fbd8ec,REGISTERED,23933,Ascorbic Acid + Biotin + Cholecalciferol (Vit. D3) + Cyanocobalamin + Dl-Alpha Tocoferol (Vitamin E) + Folic Acid + Nicotinamide + Pantothenic acid + Pyridoxine Hydrochloride + Retinol Palmitate + Riboflavin + Thiamine Mononitrate (B1),125 mg + 69 mcg + 220 IU + 6 mcg + 11.2 IU + 414 mcg + 46 mg + 17.25 mg + 5.5 mg + 3500 IU + 4.14 mg + 3.51 mg/vial,AMBIGUOUS,AMBIGUOUS_SHARED_DENOMINATOR
SRCR-2fd8515afb1f18e36e842533,REGISTERED,23936,Beclomethasone Dipropionate + Clotrimazole + Lidocaine Hydrochloride + Ofloxacin,250 mcg + 10 mg + 20 mg + 3 mg/ml,AMBIGUOUS,AMBIGUOUS_SHARED_DENOMINATOR
SRCR-bd32e9f7acff7bb1d2e5d48a,REGISTERED,23942,Lincomycin + Neomycin,250 mg + 140 mg/ml,AMBIGUOUS,AMBIGUOUS_SHARED_DENOMINATOR
SRCR-27d570663735f50ad3bc4e2b,REGISTERED,23948,Dextrose + Sodium Chloride,5 gm + 900 mg/100 ml,AMBIGUOUS,AMBIGUOUS_SHARED_DENOMINATOR
SRCR-8e0bcbae9eb0fab027d5bd1e,REGISTERED,23949,Dextrose + Sodium Chloride,5 gm + 225 mg/100 ml,AMBIGUOUS,AMBIGUOUS_SHARED_DENOMINATOR
SRCR-adbfe469b790dd5fcdb09482,REGISTERED,23950,Dextrose + Sodium Chloride,4.3 gm + 180 mg/100 ml,AMBIGUOUS,AMBIGUOUS_SHARED_DENOMINATOR
SRCR-71679eb3fb437de44baaa0b0,REGISTERED,23951,Dextrose + Sodium Chloride,5 gm + 450 mg/100 ml,AMBIGUOUS,AMBIGUOUS_SHARED_DENOMINATOR
SRCR-830d25e53cf64bdd59cbabc7,REGISTERED,23952,Potassium Chloride + Sodium Acetate + Sodium Chloride,100 mg + 650 mg + 500 mg/100 ml,AMBIGUOUS,AMBIGUOUS_SHARED_DENOMINATOR
SRCR-2e956404f0c8c3559ca79d8b,REGISTERED,23954,Calcium Chloride + Potassium Chloride + Sodium Chloride + Sodium Lactate,27 mg + 40 mg + 600 mg + 320 mg/100 ml,AMBIGUOUS,AMBIGUOUS_SHARED_DENOMINATOR
SRCR-ff727434b01c0708461542a9,REGISTERED,23960,D-Panthenol + Nicotinamide + Pyridoxine Hydrochloride + Riboflavin + Vitamin B1,5 mg + 100 mg + 10 mg + 4 mg + 50 mg/2 ml,AMBIGUOUS,AMBIGUOUS_SHARED_DENOMINATOR
SRCR-b2a1ea86e1c0279d12c0d136,REGISTERED,23973,Dextrose + Sodium Chloride,10 gm + 225 mg/100 ml,AMBIGUOUS,AMBIGUOUS_SHARED_DENOMINATOR
SRCR-d21d884eb8bc89e1e37dd130,REGISTERED,23974,Calcium Chloride + Dextrose Anhydrous + Potassium Chloride + Sodium Chloride + Sodium Lactate,20 mg + 5 gm + 30 mg + 600 mg + 310 mg/100 ml,AMBIGUOUS,AMBIGUOUS_SHARED_DENOMINATOR
SRCR-33867a1ac7b0dc7295368f5f,REGISTERED,23975,Poly (0-2 Hydroxyethyl Starch (Hydroxyethyl 130/0.4) + Sodium Chloride,60 gm + 9 gm/1000 ml,AMBIGUOUS,AMBIGUOUS_SHARED_DENOMINATOR
SRCR-83a8f2eefcff43d89bc25a02,REGISTERED,23977,Calcium Chloride + D-Pantothenol + DL-Methionine + Dextrose + L-Arginine Hcl + L-Cysteine Hcl + L-Histidine Hcl + L-Isolencine + L-Leucine + L-Lysine HCl + L-Phenylalamine + L-Threonine + L-Tryptophane + L-Valine + Magnesium Sulphate + Monosodium Glutamate + Nicotinamide + Potassium Chloride + Pyridoxine + Riboflavin + Sodium Acetate + Thiamine Hydrochloride,2 mg + .1 mg + .525 mg + 50 mg + 1.425 mg + .02 mg + .02 mg + .525 mg + .6 mg + .525 mg + .35 mg + .35 mg + .175 mg + .525 mg + 2 mg + .08 mg + 3 mg + 2 mg + .1 mg + .05 mg + 7.5 mg + .1 mg/ml,AMBIGUOUS,AMBIGUOUS_SHARED_DENOMINATOR
SRCR-ecf3a525282ea7f740bfe3d7,REGISTERED,23984,Aluminium Oxide + Magnesium Hydroxide + Simethicone,200 mg + 400 mg + 30 mg/5 ml,AMBIGUOUS,AMBIGUOUS_SHARED_DENOMINATOR
SRCR-c79def97b5eb347660d55132,REGISTERED,23992,Sulphamethoxazole + Trimethoprim,200 mg + 40 mg/5 ml,AMBIGUOUS,AMBIGUOUS_SHARED_DENOMINATOR
SRCR-27893e3d3f9aeaefc0f09fc7,REGISTERED,23994,Nicotinamide + Pyridoxine Hydrochloride + Riboflavin + Vitamin B1,20 mg + 2 mg + 2 mg + 5 mg/5 ml,AMBIGUOUS,AMBIGUOUS_SHARED_DENOMINATOR
SRCR-2991cfdeb9728d0a6ccd65c5,REGISTERED,24000,Aluminium Oxide + Magnesium Hydroxide,175 mg + 225 mg/5 ml,AMBIGUOUS,AMBIGUOUS_SHARED_DENOMINATOR
SRCR-578a76cbb879f86525e621ba,REGISTERED,24030,Iron + Nicotinamide + Pyridoxine Hydrochloride + Riboflavin + Vitamin B1 + Zinc,50 mg + 20 mg + 2 mg + 2 mg + 5 mg + 10 mg/5 ml,AMBIGUOUS,AMBIGUOUS_SHARED_DENOMINATOR
SRCR-9c60a095a0ffd6168f79e4bc,REGISTERED,24031,Nicotinamide + Pyridoxine Hydrochloride + Riboflavin + Vitamin B1 + Zinc,400 mg + 40 mg + 50 mg + 100 mg + 200 mg/100 ml,AMBIGUOUS,AMBIGUOUS_SHARED_DENOMINATOR
SRCR-4cc7fb947f8a340dba936664,REGISTERED,24053,Betamethasone + Gentamicin,50 mg + 100 mg/100 gm,AMBIGUOUS,AMBIGUOUS_SHARED_DENOMINATOR
SRCR-8b64d522a7f0476bca4bdb60,REGISTERED,24055,Econazole Nitrate + Triamcinolone Acetonide,1 gm + 100 mg/100 gm,AMBIGUOUS,AMBIGUOUS_SHARED_DENOMINATOR
SRCR-833d83e1081ba6ca733803e5,REGISTERED,24056,Hydrocortisone + Miconazole Nitrate,1 gm + 2 gm/100 gm,AMBIGUOUS,AMBIGUOUS_SHARED_DENOMINATOR
SRCR-29d570cabaa7de360cffcd6f,REGISTERED,24117,Diclofenac + Lidocaine Hydrochloride,75 mg + 20 mg/2 ml,AMBIGUOUS,AMBIGUOUS_SHARED_DENOMINATOR
SRCR-25e6571942055f49050a2691,REGISTERED,24196,Cyanocobalamin + Pyridoxine Hydrochloride + Vitamin B1,1 mg + 100 mg + 100 mg/3 ml,AMBIGUOUS,AMBIGUOUS_SHARED_DENOMINATOR
SRCR-81b874a890cfeb20333f080b,REGISTERED,24201,Ascorbic Acid + Cod Liver Oil + Nicotinamide + Pyridoxine Hydrochloride + Riboflavin + Vitamin A + Vitamin B1 + Vitamin D3 + Vitamin E,17.5 mg + 100 mg + 9 mg + .35 mg + .85 mg + 2000 IU + .7 mg + 200 IU + 1.5 mg/5 ml,AMBIGUOUS,AMBIGUOUS_SHARED_DENOMINATOR
SRCR-a5fd5237b9221f443c0cd91a,REGISTERED,24208,D-Panthenol + Nicotinamide + Pyridoxine Hydrochloride + Riboflavin + Vitamin B1,5 mg + 100 mg + 10 mg + 4 mg + 50 mg/2 ml,AMBIGUOUS,AMBIGUOUS_SHARED_DENOMINATOR
SRCR-ca513617c45dd7cfb6c085df,REGISTERED,24209,Magaldrate + Simethicone,480 mg + 20 mg/5 ml,AMBIGUOUS,AMBIGUOUS_SHARED_DENOMINATOR
SRCR-97a1de1f63353c0afcd02b96,REGISTERED,24217,Clobetasol Propionate + Neomycin Sulphate + Nystatin,50 mg + 500 mg + 100 Lac IU/100 gm,AMBIGUOUS,AMBIGUOUS_SHARED_DENOMINATOR
SRCR-27604440fe0a5bf9c332c359,REGISTERED,24218,Betamethasone + Fusidic Acid,100 mg + 2 gm/100 gm,AMBIGUOUS,AMBIGUOUS_SHARED_DENOMINATOR
SRCR-91a0149c2397c0c1db7fe83c,REGISTERED,24227,Betamethasone + Clotrimazole,50 mg + 1 gm/100 gm,AMBIGUOUS,AMBIGUOUS_SHARED_DENOMINATOR
SRCR-c834a9429ec73f18d56d42f8,REGISTERED,24228,Betamethasone + Clotrimazole,100 mg + 1 gm/100 gm,AMBIGUOUS,AMBIGUOUS_SHARED_DENOMINATOR
SRCR-675611754aef49bb47848ed1,REGISTERED,24229,Betamethasone + Neomycin Sulphate,100 mg + 500 mg/100 gm,AMBIGUOUS,AMBIGUOUS_SHARED_DENOMINATOR
SRCR-8804abac70da3a56028b9812,REGISTERED,24230,Betamethasone + Neomycin Sulphate,100 mg + 500 mg/100 gm,AMBIGUOUS,AMBIGUOUS_SHARED_DENOMINATOR
SRCR-6b4fba749e5db379c6bb6fdc,REGISTERED,24248,Dioxybenzone + Hydroquinone + Octyldimethyl p-aminobenzoate + Oxybenzone,300 mg + 400 mg + 800 mg + 200 mg/100 gm,AMBIGUOUS,AMBIGUOUS_SHARED_DENOMINATOR
SRCR-5fa153254e6b62b2aab284bb,REGISTERED,24282,Liquid Paraffin + Magnesium Hydroxide,1.25 ml + 300 mg/5 ml,AMBIGUOUS,AMBIGUOUS_SHARED_DENOMINATOR
SRCR-4b1fe324408d6749b87c9124,REGISTERED,24305,Potassium Bicarbonate + Sodium Alginate,100 mg + 500 mg/5 ml,AMBIGUOUS,AMBIGUOUS_SHARED_DENOMINATOR
SRCR-80590a110d36599a3c678bc3,REGISTERED,24308,Cefuroxime + Clavulanic Acid,125 mg + 31.25 mg/5 ml,AMBIGUOUS,AMBIGUOUS_SHARED_DENOMINATOR
SRCR-87375ec2cefd4d34456dbf93,REGISTERED,24314,Amprolium + Mendione Sodium Bisulphite (Vitamin-K) + Sulfaquinoxaline Sodium,10.2 gm + 100 mg + 10.2 gm/100 gm,AMBIGUOUS,AMBIGUOUS_SHARED_DENOMINATOR
SRCR-3ec36beaf322133b1b0bd5ac,REGISTERED,24327,Macrogol 3350 + Potassium Chloride + Sodium Bicarbonate + Sodium Chloride,52.5 gm + .187 gm + .714 gm + 1.4 gm/100 ml,AMBIGUOUS,AMBIGUOUS_SHARED_DENOMINATOR
SRCR-a7ca03e2119f54541412322e,REGISTERED,24334,Chlorhexidine Gluconate + Isopropyl Alcohol,500 mg + 70 gm/100 ml,AMBIGUOUS,AMBIGUOUS_SHARED_DENOMINATOR
SRCR-fe736ce3f9dedbeea7403fb3,REGISTERED,24359,Calcium Carbonate + Sodium Alginate + Sodium Bicarbonate,1.6 gm + 5 gm + 2.6 gm/100 ml,AMBIGUOUS,AMBIGUOUS_SHARED_DENOMINATOR
SRCR-5134ef398d06a1b04106c363,REGISTERED,24386,Dextrose + Sodium Chloride,4.3 gm + 180 mg/100 ml,AMBIGUOUS,AMBIGUOUS_SHARED_DENOMINATOR
SRCR-ac6aa3812252b333198b3531,REGISTERED,24387,Dextrose + Sodium Chloride,5 gm + 900 mg/100 ml,AMBIGUOUS,AMBIGUOUS_SHARED_DENOMINATOR
SRCR-e697fda199e75f9956eae0b1,REGISTERED,24393,Dextrose + Sodium Chloride,5 gm + 225 mg/100 ml,AMBIGUOUS,AMBIGUOUS_SHARED_DENOMINATOR
SRCR-38ceded23beb032263588eb2,REGISTERED,24394,Dextrose + Sodium Chloride,5 gm + 450 mg/100 ml,AMBIGUOUS,AMBIGUOUS_SHARED_DENOMINATOR
SRCR-07b31c0427d66fd04d9bc6c9,REGISTERED,24395,Potassium Chloride + Sodium Acetate + Sodium Chloride,100 mg + 650 mg + 500 mg/100 ml,AMBIGUOUS,AMBIGUOUS_SHARED_DENOMINATOR
SRCR-26e298c40bebd47b14390b1b,REGISTERED,24407,Gentamicin + Hydrocortisone Acetate,300 mg + 1 gm/100 ml,AMBIGUOUS,AMBIGUOUS_SHARED_DENOMINATOR
SRCR-f7d223f4f69a551e6737fa1b,REGISTERED,24409,Calcium Chloride + Potassium Chloride + Sodium Chloride + Sodium Lactate,27 mg + 40 mg + 600 mg + 320 mg/100 ml,AMBIGUOUS,AMBIGUOUS_SHARED_DENOMINATOR
SRCR-6d34d3764af0a442aa5f4a29,REGISTERED,24415,Bacitracin Zinc + Neomycin Sulphate,500 IU + 5 mg/gm,AMBIGUOUS,AMBIGUOUS_SHARED_DENOMINATOR
SRCR-e012b0d6d49d2bf48da1b921,REGISTERED,24419,Calcium Chloride + Magnessium Chloride + Potassium Chloride + Sodium Acetate + Sodium Chloride + Sodium Citrate,48 mg + 30 mg + 75 mg + 390 mg + 490 mg + 170 mg/100 ml,AMBIGUOUS,AMBIGUOUS_SHARED_DENOMINATOR
SRCR-1e2058dfb69c780a263c50b2,REGISTERED,24424,Betamethasone Sodium Phosphate + Neomycin Sulphate,100 mg + 500 mg/100 ml,AMBIGUOUS,AMBIGUOUS_SHARED_DENOMINATOR
SRCR-5444ddfe09c9c62b20ad7819,REGISTERED,24425,Betamethasone Sodium Phosphate + Neomycin Sulphate,100 mg + 500 mg/100 gm,AMBIGUOUS,AMBIGUOUS_SHARED_DENOMINATOR
SRCR-40f13cf66f97dbb8556ebeb0,REGISTERED,24430,Bacitracin Zinc + Polymixin B Sulphate,500 IU + 10000 IU/gm,AMBIGUOUS,AMBIGUOUS_SHARED_DENOMINATOR
SRCR-1c9e2c2e945f09c68625fe4b,REGISTERED,24431,Gramacidin + Neomycin + Polymixin,2500 IU + 1.7 Lac IU + 5 Lac IU/100 ml,AMBIGUOUS,AMBIGUOUS_SHARED_DENOMINATOR
SRCR-924d976b6384f54c033d7240,REGISTERED,24432,Hydrocortisone + Neomycin Sulphate + Polymixin B Sulphate,10 mg + 3400 IU + 10000 IU/ml,AMBIGUOUS,AMBIGUOUS_SHARED_DENOMINATOR
SRCR-3108c5e9e8e59e218aecca69,REGISTERED,24433,Calcium Chloride + Potassium Chloride + Sodium Chloride,33 mg + 30 mg + 860 mg/100 ml,AMBIGUOUS,AMBIGUOUS_SHARED_DENOMINATOR
SRCR-29d3f9805824c183416233ef,REGISTERED,24440,Needle,.,FAILED,UNSUPPORTED_STRENGTH_PATTERN
SRCR-2b62aea4a29d38c7137c1d86,REGISTERED,24450,Needle,.,FAILED,UNSUPPORTED_STRENGTH_PATTERN
SRCR-3b0f4625d35e4fd867d29b91,REGISTERED,24451,Calcium Chloride + Dextrose Anhydrous + Magnessium Chloride + Potassium Chloride + Sodium Acetate + Sodium Chloride,22 mg + 1.5 gm + 15 mg + 22 mg + 476 mg + 556 mg/100 ml,AMBIGUOUS,AMBIGUOUS_SHARED_DENOMINATOR
SRCR-5206d03bcdf48dd6b57654c1,REGISTERED,24459,Chlorpheniramine Maleate + Dexamethasone,500 mg + 100 mg/100 ml,AMBIGUOUS,AMBIGUOUS_SHARED_DENOMINATOR
SRCR-d241b045f8b5a076cd61f346,REGISTERED,24463,Phenylepherine Hydrochloride + Tropicamide,50 mg + 8 mg/ml,AMBIGUOUS,AMBIGUOUS_SHARED_DENOMINATOR
SRCR-ae8a7a92d6652881e29f2b07,REGISTERED,24464,Dexamethasone + Gatifloxacin,100 mg + 300 mg/100 ml,AMBIGUOUS,AMBIGUOUS_SHARED_DENOMINATOR
SRCR-448c2c85ddcb52032feead65,REGISTERED,24466,Dextrose + Sodium Chloride,10 gm + 225 mg/100 ml,AMBIGUOUS,AMBIGUOUS_SHARED_DENOMINATOR
SRCR-8e91fa4c4d3ce8521179e2ff,REGISTERED,24478,Carboxymethylcellulose Sodium + Hypromellose,250 mg + 300 mg/100 ml,AMBIGUOUS,AMBIGUOUS_SHARED_DENOMINATOR
SRCR-fcde9037df9d07e091a32be9,REGISTERED,24481,Glycerol + Hypromellose + Polyethylene Glycol 400,200 mg + 360 mg + 1 gm/100 ml,AMBIGUOUS,AMBIGUOUS_SHARED_DENOMINATOR
SRCR-393f82dd9967b19df03d4695,REGISTERED,24485,Dexamethasone + Tobramycin,100 mg + 300 mg/100 ml,AMBIGUOUS,AMBIGUOUS_SHARED_DENOMINATOR
SRCR-943078938af2689ff5b210f9,REGISTERED,24486,Dexamethasone + Tobramycin,100 mg + 300 mg/100 gm,AMBIGUOUS,AMBIGUOUS_SHARED_DENOMINATOR
SRCR-de2d31c392e043be99586bf1,REGISTERED,24497,Loteprednol Etabonate + Tobramycin,.5 gm + .3 gm/100 ml,AMBIGUOUS,AMBIGUOUS_SHARED_DENOMINATOR
SRCR-a63a2e6bbd4862a6164912c9,REGISTERED,24499,Brimonidine Tartrate + Timolol Maleate,200 mg + 500 mg/100 ml,AMBIGUOUS,AMBIGUOUS_SHARED_DENOMINATOR
SRCR-a67e1f7428b8b71f3611f3ba,REGISTERED,24509,Brinzolamide + Timolol,1 gm + 500 mg/100 ml,AMBIGUOUS,AMBIGUOUS_SHARED_DENOMINATOR
SRCR-7602b599f1d6d61f4edf985b,REGISTERED,24510,Carboxymethylcellulose Sodium + Glycerine,5 mg + 9 mg/ml,AMBIGUOUS,AMBIGUOUS_SHARED_DENOMINATOR
SRCR-1394cf8c9526f447936f6d12,REGISTERED,24511,Dorzolamide + Timolol,2 gm + 500 mg/100 ml,AMBIGUOUS,AMBIGUOUS_SHARED_DENOMINATOR
SRCR-43675ce58f800ebf3dbca8f4,REGISTERED,24512,Timolol Maleate + Travoprost,5 mg + .04 mg/ml,AMBIGUOUS,AMBIGUOUS_SHARED_DENOMINATOR
SRCR-4c35a665ed7fbd7a1c4ea791,REGISTERED,24551,Magaldrate + Simethicone,480 mg + 20 mg/5 ml,AMBIGUOUS,AMBIGUOUS_SHARED_DENOMINATOR
SRCR-9ca6234a0c3362b3f2d3fc38,REGISTERED,24553,Cefuroxime + Clavulanic Acid,125 mg + 31.25 mg/5 ml,AMBIGUOUS,AMBIGUOUS_SHARED_DENOMINATOR
SRCR-619e84e47b36cf0147e10bd7,REGISTERED,24554,Ipratropium Bromide + Salbutamol,500 mcg + 2.5 mg/3 ml,AMBIGUOUS,AMBIGUOUS_SHARED_DENOMINATOR
SRCR-368ef6582ba751ddc0723bb7,REGISTERED,24558,Calcium Carbonate + Sodium Alginate + Sodium Bicarbonate,3.25 gm + 5 gm + 2.13 gm/100 ml,AMBIGUOUS,AMBIGUOUS_SHARED_DENOMINATOR
SRCR-5233ddae9251f8d274cf32c0,REGISTERED,24559,Nicotinamide + Pyridoxine Hydrochloride + Riboflavine Sodium Phosphate + Thiamine Hydrochloride + Zinc Sulphate Monohydrate,400 mg + 800 mg + 150 mg + 500 mg + 2 gm/100 ml,AMBIGUOUS,AMBIGUOUS_SHARED_DENOMINATOR
SRCR-095a93a9c5e60748d56c70f3,REGISTERED,24568,Ciprofloxacin + Dexamethasone,300 mg + 100 mg/100 ml,AMBIGUOUS,AMBIGUOUS_SHARED_DENOMINATOR
SRCR-8a0fbf4faa0b65da51b5c98c,REGISTERED,24607,Nicotinamide + Pyridoxine Hydrochloride + Riboflavin + Vitamin B1,20 mg + 2 mg + 2 mg + 5 mg/5 ml,AMBIGUOUS,AMBIGUOUS_SHARED_DENOMINATOR
SRCR-46932023c96408d7fce07689,REGISTERED,24608,Sulphamethoxazole + Trimethoprim,200 mg + 40 mg/5 ml,AMBIGUOUS,AMBIGUOUS_SHARED_DENOMINATOR
SRCR-d6d77ce3c1f3f38344acd8de,REGISTERED,24654,Aluminium Oxide + Magnesium Hydroxide,200 mg + 125 mg/5 ml,AMBIGUOUS,AMBIGUOUS_SHARED_DENOMINATOR
SRCR-da500ee0b384ea055bc2b024,REGISTERED,24739,Ascorbic Acid + Cod Liver Oil + Nicotinamide + Pyridoxine Hydrochloride + Riboflavin + Vitamin A + Vitamin B1 + Vitamin D3 + Vitamin E,17.5 mg + 100 mg + 9 mg + .35 mg + .85 mg + 2000 IU + .7 mg + 200 IU + 1.5 mg/5 ml,AMBIGUOUS,AMBIGUOUS_SHARED_DENOMINATOR
SRCR-11e3ee7fee2424b128f9749b,REGISTERED,24772,Bacitracin Zinc + Neomycin Sulphate,500 IU + 5 mg/gm,AMBIGUOUS,AMBIGUOUS_SHARED_DENOMINATOR
SRCR-0496d9889747c56e32834226,REGISTERED,24773,Bacitracin Zinc + Neomycin Sulphate + Polymixin B Sulphate,400 IU + 3.5 mg + 5000 IU/gm,AMBIGUOUS,AMBIGUOUS_SHARED_DENOMINATOR
SRCR-581c857fb91fdcfec4dbe507,REGISTERED,24798,Menthol + Methyl Salicylate,8 gm + 30 gm/100 gm,AMBIGUOUS,AMBIGUOUS_SHARED_DENOMINATOR
SRCR-572257652fc058b37794bfa6,REGISTERED,24803,Camphor + Menthol + Methyl Salicylate,4 gm + 10 gm + 30 gm/100 gm,AMBIGUOUS,AMBIGUOUS_SHARED_DENOMINATOR
SRCR-a6fba67624eb50692341d80b,REGISTERED,24804,Menthol + Pramoxine Hydrochloride,1 gm + 1 gm/100 gm,AMBIGUOUS,AMBIGUOUS_SHARED_DENOMINATOR
SRCR-a5065ad987729e9dfa96466a,REGISTERED,24810,Liquid Paraffin + Magnesium Hydroxide,25 ml + 6 gm/100 ml,AMBIGUOUS,AMBIGUOUS_SHARED_DENOMINATOR
SRCR-b0dc02cd7eb01cbef748c88e,REGISTERED,24813,Cefuroxime + Clavulanic Acid,125 mg + 31.25 mg/5 ml,AMBIGUOUS,AMBIGUOUS_SHARED_DENOMINATOR
SRCR-b5abbea5ac664985033e8f60,REGISTERED,24837,Ciprofloxacin + Dexamethasone,300 mg + 100 mg/100 ml,AMBIGUOUS,AMBIGUOUS_SHARED_DENOMINATOR
SRCR-b5517b46f963e4610561a850,REGISTERED,24838,Chloramphenicol + Dexamethasone,5 mg + 1 mg/ml,AMBIGUOUS,AMBIGUOUS_SHARED_DENOMINATOR
SRCR-ec666769f3d37f2816ff5d7a,REGISTERED,24841,Polyethylene Glycol 400 + Propylene Glycol,400 mg + 300 mg/100 ml,AMBIGUOUS,AMBIGUOUS_SHARED_DENOMINATOR
SRCR-9a37de226b10a99adbcec4a0,REGISTERED,24854,Diclofenac + Lidocaine Hydrochloride,75 mg + 20 mg/2 ml,AMBIGUOUS,AMBIGUOUS_SHARED_DENOMINATOR
SRCR-637eb2949e05d38571ad91ed,REGISTERED,24867,Carboxymethylcellulose Sodium + Glycerine,5 mg + 9 mg/ml,AMBIGUOUS,AMBIGUOUS_SHARED_DENOMINATOR
SRCR-01a9642798b15dc5708d02b9,REGISTERED,24868,Carboxymethylcellulose Sodium + Hypromellose,250 mg + 300 mg/100 ml,AMBIGUOUS,AMBIGUOUS_SHARED_DENOMINATOR
SRCR-fffec58da1171d349cb55e7d,REGISTERED,24875,Loteprednol Etabonate + Tobramycin,.5 gm + .3 gm/100 ml,AMBIGUOUS,AMBIGUOUS_SHARED_DENOMINATOR
SRCR-f9a20a7bbf0966e96c0363f2,REGISTERED,24876,Brinzolamide + Timolol,1 gm + 500 mg/100 ml,AMBIGUOUS,AMBIGUOUS_SHARED_DENOMINATOR
SRCR-e39bdc5679558ff2b5034784,REGISTERED,24889,Dexamethasone + Moxifloxacin,100 mg + 500 mg/100 ml,AMBIGUOUS,AMBIGUOUS_SHARED_DENOMINATOR
SRCR-c56c55e2ea02248e85c6bdb2,REGISTERED,24893,Dexpanthanol + Nicotinamide + Pyridoxine Hydrochloride + Riboflavin + Vitamin B1,25 mg + 500 mg + 50 mg + 20 mg + 250 mg/10 ml,AMBIGUOUS,AMBIGUOUS_SHARED_DENOMINATOR
SRCR-0c420708695c25f03067b7fe,REGISTERED,24894,Dexamethasone + Tobramycin,100 mg + 300 mg/100 ml,AMBIGUOUS,AMBIGUOUS_SHARED_DENOMINATOR
SRCR-853066765b4975a742becf50,REGISTERED,24895,Brimonidine Tartrate + Brinzolamide,200 mg + 1 gm/100 ml,AMBIGUOUS,AMBIGUOUS_SHARED_DENOMINATOR
SRCR-1571b422c72312c3e057b815,REGISTERED,24925,Calcium Carbonate + Sodium Alginate + Sodium Bicarbonate,1.6 gm + 5 gm + 2.6 gm/100 ml,AMBIGUOUS,AMBIGUOUS_SHARED_DENOMINATOR
SRCR-ccacff61f2277288bc28ec51,REGISTERED,24929,Acetylsalicylic Acid + Vitamin C,60 gm + 6.65 gm/100 gm,AMBIGUOUS,AMBIGUOUS_SHARED_DENOMINATOR
SRCR-251e8773b3b05f4367330c3c,REGISTERED,24930,Amprolium + Sulfaquinoxaline Sodium + Vitamin K,170 gm + 170 gm + 1 gm/KG,AMBIGUOUS,AMBIGUOUS_SHARED_DENOMINATOR
SRCR-46cdc5c633a1e80f72e406ad,REGISTERED,24958,Bacitracin Zinc + Neomycin Sulphate,500 IU + 5 mg/gm,AMBIGUOUS,AMBIGUOUS_SHARED_DENOMINATOR
SRCR-8f8135d4286755f69ad6051f,REGISTERED,24959,Hydrocortisone Acetate + Neomycin Sulphate,500 mg + 500 mg/100 gm,AMBIGUOUS,AMBIGUOUS_SHARED_DENOMINATOR
SRCR-485d759d2dace972c8e34591,REGISTERED,24961,Nystatin,1 Lac Unit/gm,FAILED,UNSUPPORTED_STRENGTH_PATTERN
SRCR-02d35fd4ceea1bd9704c1871,REGISTERED,24972,Nicotinamide + Pyridoxine Hydrochloride + Riboflavin + Vitamin B1,20 mg + 2 mg + 2 mg + 5 mg/5 ml,AMBIGUOUS,AMBIGUOUS_SHARED_DENOMINATOR
SRCR-6b98c53fd1e285c72375bb75,REGISTERED,24979,Aluminium Oxide + Magnesium Hydroxide,175 mg + 225 mg/5 ml,AMBIGUOUS,AMBIGUOUS_SHARED_DENOMINATOR
SRCR-4ce213c64e9e666ec9e3075a,REGISTERED,24981,Dextrose Anhydrous + Potassium Chloride + Sodium Chloride + Trisodium Citrate,10 gm + 750 gm + 1.75 gm + 1.45 gm/500 ml,AMBIGUOUS,AMBIGUOUS_SHARED_DENOMINATOR
SRCR-2dd3ed3227cc4368216835fd,REGISTERED,24982,Dextrose Anhydrous + Potassium Chloride + Sodium Chloride + Trisodium Citrate,10 gm + 750 gm + 1.75 gm + 1.45 gm/500 ml,AMBIGUOUS,AMBIGUOUS_SHARED_DENOMINATOR
SRCR-c6dc9593f53e60b2d08e68d7,REGISTERED,24984,Sulphamethoxazole + Trimethoprim,200 mg + 40 mg/5 ml,AMBIGUOUS,AMBIGUOUS_SHARED_DENOMINATOR
SRCR-5e31875cbdcb572b59fee148,REGISTERED,25010,Potassium Chloride + Rice Powder (Pregelatineized) + Sodium Chloride + Trisodium Citrate,.75 gm + 25 gm + 1.3 gm + 1.45 gm/500 ml,AMBIGUOUS,AMBIGUOUS_SHARED_DENOMINATOR
SRCR-a3064db8557eb4985a8d5251,REGISTERED,25025,Nystatin,1 Lac Unit/ml,FAILED,UNSUPPORTED_STRENGTH_PATTERN
SRCR-75caee5016f3f786dbf22685,REGISTERED,25032,Aluminium Oxide + Magnesium Hydroxide,175 mg + 225 mg/5 ml,AMBIGUOUS,AMBIGUOUS_SHARED_DENOMINATOR
SRCR-6b62e0c0c4c583ebca7abc51,REGISTERED,25034,Sulphamethoxazole + Trimethoprim,200 mg + 40 mg/5 ml,AMBIGUOUS,AMBIGUOUS_SHARED_DENOMINATOR
SRCR-c084a184822a419341993217,REGISTERED,25099,Piperacillin + Tazobactam,4 gm + .5 gm/vial,AMBIGUOUS,AMBIGUOUS_SHARED_DENOMINATOR
SRCR-f9843e4be44dcd7c674e5b10,REGISTERED,25133,Nicotinamide + Pyridoxine Hydrochloride + Riboflavin + Vitamin B1,20 mg + 2 mg + 2 mg + 5 mg/5 ml,AMBIGUOUS,AMBIGUOUS_SHARED_DENOMINATOR
SRCR-6ea2501e34ac3de7a6f50e27,REGISTERED,25134,Econazole Nitrate + Triamcinolone Acetonide,1 gm + 100 mg/100 gm,AMBIGUOUS,AMBIGUOUS_SHARED_DENOMINATOR
SRCR-fee36e4e3c1915b231c5e8e1,REGISTERED,25135,Gramicidin + Neomycin Sulphate + Nystatin + Triamcinolone Acetonide,25 mg + 250 mg + 100 Lac IU + 100 mg/100 gm,AMBIGUOUS,AMBIGUOUS_SHARED_DENOMINATOR
SRCR-c00a0daa5a3e521c940d3145,REGISTERED,25136,Gramicidin + Neomycin Sulphate + Nystatin + Triamcinolone Acetonide,25 mg + 250 mg + 100 Lac IU + 100 mg/100 gm,AMBIGUOUS,AMBIGUOUS_SHARED_DENOMINATOR
SRCR-db9a7c772dfe7b72caaffd91,REGISTERED,25147,Ascorbic Acid + Cod Liver Oil + Nicotinamide + Pyridoxine Hydrochloride + Riboflavin + Vitamin A + Vitamin B1 + Vitamin D3 + Vitamin E,17.5 mg + 100 mg + 9 mg + .35 mg + .85 mg + 2000 IU + .7 mg + 200 IU + 1.5 mg/5 ml,AMBIGUOUS,AMBIGUOUS_SHARED_DENOMINATOR
SRCR-0524312e458dcf7ae7882271,REGISTERED,25156,Elemental Iron + Nicotinamide + Pyridoxine Hydrochloride + Riboflavin + Vitamin B1 + Zinc,50 mg + 20 mg + 2 mg + 2 mg + 5 mg + 10 mg/5 ml,AMBIGUOUS,AMBIGUOUS_SHARED_DENOMINATOR
SRCR-ff9a1a0f4c1765cd661c7c0a,REGISTERED,25176,Hydrocortisone + Miconazole Nitrate,1 gm + 2 gm/100 gm,AMBIGUOUS,AMBIGUOUS_SHARED_DENOMINATOR
SRCR-8464210b9eb5a5a3ef60f80f,REGISTERED,25179,Dioxybenzone + Hydroquinone + Octyldimethyl p-aminobenzoate + Oxybenzone,300 mg + 400 mg + 800 mg + 200 mg/100 gm,AMBIGUOUS,AMBIGUOUS_SHARED_DENOMINATOR
SRCR-beeec9e8c0272d129eb2897a,REGISTERED,25212,Diclofenac + Lidocaine Hydrochloride,75 mg + 20 mg/2 ml,AMBIGUOUS,AMBIGUOUS_SHARED_DENOMINATOR
SRCR-44cf73358d0bcff83e4fa329,REGISTERED,25221,Fluocinolone + Hydroquinone + Tretinoin,.01 gm + 4 gm + .05 gm/100 gm,AMBIGUOUS,AMBIGUOUS_SHARED_DENOMINATOR
SRCR-178649f8ae7eec4f517b5046,REGISTERED,25245,Eucalypytol + Menthol + Methyl Salicylate + Thymol,92 mg + 42 mg + 60 mg + 64 mg/100 ml,AMBIGUOUS,AMBIGUOUS_SHARED_DENOMINATOR
SRCR-560877b2d43321e7d51fbffb,REGISTERED,25267,Cefuroxime + Clavulanic Acid,125 mg + 31.25 mg/5 ml,AMBIGUOUS,AMBIGUOUS_SHARED_DENOMINATOR
SRCR-2cbf6af239d94895fa8726b2,REGISTERED,25287,Cyanocobalamin + Pyridoxine Hydrochloride + Vitamin B1,1 mg + 100 mg + 100 mg/3 ml,AMBIGUOUS,AMBIGUOUS_SHARED_DENOMINATOR
SRCR-b6cb14669171e05593029374,REGISTERED,25297,Clindamycin Phosphate + Tretinoin,1.2 gm + .025 gm/100 gm,AMBIGUOUS,AMBIGUOUS_SHARED_DENOMINATOR
SRCR-2574c56d77f8722d4a30ff1b,REGISTERED,25320,Citric Acid Anhydrous + Magnesium Oxide + Sodium Picosulfate,12 gm + 3.5 gm + 10 mg/160 ml,AMBIGUOUS,AMBIGUOUS_SHARED_DENOMINATOR
SRCR-efceabe143f235c8c717d401,REGISTERED,25323,Lactic Acid + Salicylic Acid,4 gm + 12 gm/100 gm,AMBIGUOUS,AMBIGUOUS_SHARED_DENOMINATOR
SRCR-d7692909b962b35caa6a0d0d,REGISTERED,25324,Menthol + Methyl Salicylate,10 gm + 15 gm/100 gm,AMBIGUOUS,AMBIGUOUS_SHARED_DENOMINATOR
SRCR-cee04f7a8e458b6821a58282,REGISTERED,25325,Menthol + Methyl Salicylate,8 gm + 30 gm/100 gm,AMBIGUOUS,AMBIGUOUS_SHARED_DENOMINATOR
SRCR-381333ca1b0d0f4bb6022ee9,REGISTERED,25328,Glycerol + Hydrogen Peroxide Solution + Isopropyl Alcohol,1.45 ml + 4.17 ml + 75 ml/100 ml,AMBIGUOUS,AMBIGUOUS_SHARED_DENOMINATOR
SRCR-c61fa55058acb29e1f6bc2b9,REGISTERED,25330,Ethyl Alcohol + Isopropyl Alcohol,66 ml + 3.5 ml/100 ml,AMBIGUOUS,AMBIGUOUS_SHARED_DENOMINATOR
SRCR-4af4d58d1973691878b23e1f,REGISTERED,25341,Calcium Carbonate + Sodium Alginate + Sodium Bicarbonate,1.6 gm + 5 gm + 2.6 gm/100 ml,AMBIGUOUS,AMBIGUOUS_SHARED_DENOMINATOR
SRCR-441875980c05f0a0ac44d3f6,REGISTERED,25350,Calcium Carbonate + Sodium Alginate + Sodium Bicarbonate,3.25 gm + 5 gm + 2.13 gm/100 ml,AMBIGUOUS,AMBIGUOUS_SHARED_DENOMINATOR
SRCR-083340639f3116170f4e47db,REGISTERED,25354,Citric Acid Anhydrous + Sodium Bicarbonate + Sodium Carbonate,2.18 gm + 2.32 gm + 500 mg/5 gm,AMBIGUOUS,AMBIGUOUS_SHARED_DENOMINATOR
SRCR-abe5fa63cddffde46d3d3027,REGISTERED,25372,Amoxicillin + Clavulanic Acid,125 mg + 31.25 mg/5 ml,AMBIGUOUS,AMBIGUOUS_SHARED_DENOMINATOR
SRCR-34e03e5cafe552198fec9034,REGISTERED,25391,Nicotinamide + Pyridoxine Hydrochloride + Riboflavin + Vitamin B1,20 mg + 2 mg + 2 mg + 5 mg/5 ml,AMBIGUOUS,AMBIGUOUS_SHARED_DENOMINATOR
SRCR-c8dfa94c4c38b616f95972e5,REGISTERED,25400,Aluminium Oxide + Magnesium Hydroxide,175 mg + 225 mg/5 ml,AMBIGUOUS,AMBIGUOUS_SHARED_DENOMINATOR
SRCR-f9b64498728af1bedda65040,REGISTERED,25404,Sulphamethoxazole + Trimethoprim,200 mg + 40 mg/5 ml,AMBIGUOUS,AMBIGUOUS_SHARED_DENOMINATOR
SRCR-7f266dca8c00975f146dbeeb,REGISTERED,25406,Bacitracin Zinc + Neomycin Sulphate,500 IU + 5 mg/gm,AMBIGUOUS,AMBIGUOUS_SHARED_DENOMINATOR
SRCR-f29693dfc787c03bee003f24,REGISTERED,25408,Camphor + Menthol + Oil Clove + Oil Eucalyptus + Oil Turpentine,2.5 gm + 2 gm + 2.5 gm + 1.25 gm + 1 gm/100 gm,AMBIGUOUS,AMBIGUOUS_SHARED_DENOMINATOR
SRCR-fcb4f7eeb887587dea653b2f,REGISTERED,25412,Benzoic Acid + Salicylic Acid,60 mg + 30 mg/gm,AMBIGUOUS,AMBIGUOUS_SHARED_DENOMINATOR
SRCR-8e3973c9c386722b1b43cf86,REGISTERED,25474,Dextrose Anhydrous + Fructose + Potassium Chloride + Sodium Bicarbonate + Sodium Chloride + Sucrose,4.09 gm + 70 mg + 380 mg + 420 mg + 440 mg + 8.07 gm/250 ml,AMBIGUOUS,AMBIGUOUS_SHARED_DENOMINATOR
SRCR-3c9f0638551faa0a2aa04be2,REGISTERED,25475,Eucalypytol + Menthol + Methyl Salicylate + Thymol,92 mg + 42 mg + 60 mg + 64 mg/100 ml,AMBIGUOUS,AMBIGUOUS_SHARED_DENOMINATOR
SRCR-b3a9bcd33d826051b55c66f6,REGISTERED,25476,Chlorhexidine Gluconate + Isopropyl Alcohol,500 mg + 70 gm/100 ml,AMBIGUOUS,AMBIGUOUS_SHARED_DENOMINATOR
SRCR-be3987acadf7dcce0c396c66,REGISTERED,25478,Cetrimide + Chlorhexidine Gluconate,3 gm + 300 mg/100 ml,AMBIGUOUS,AMBIGUOUS_SHARED_DENOMINATOR
SRCR-7be9ac7afefa3c47aba96787,REGISTERED,25487,Cetrimide + Chlorhexidine Hydrochloride,500 mg + 100 mg/100 gm,AMBIGUOUS,AMBIGUOUS_SHARED_DENOMINATOR
SRCR-3c97a99eb6379c4c6206cf98,REGISTERED,25493,Econazole Nitrate + Triamcinolone Acetonide,1 gm + 100 mg/100 gm,AMBIGUOUS,AMBIGUOUS_SHARED_DENOMINATOR
SRCR-a77f502c979451da8fb8425e,REGISTERED,25497,Calcium Carbonate + Sodium Alginate + Sodium Bicarbonate,1.6 gm + 5 gm + 2.6 gm/100 ml,AMBIGUOUS,AMBIGUOUS_SHARED_DENOMINATOR
SRCR-ee85fbfeb264ec5957d2e4da,REGISTERED,25499,Aluminium Oxide + Magnesium Hydroxide + Simethicone,200 mg + 400 mg + 30 mg/5 ml,AMBIGUOUS,AMBIGUOUS_SHARED_DENOMINATOR
SRCR-0d0e6b53d705a3261bda9aab,REGISTERED,25502,Boric Acid + Dithranol + Salicylic Acid,2 gm + 100 mg + 1 gm/100 gm,AMBIGUOUS,AMBIGUOUS_SHARED_DENOMINATOR
SRCR-92209cca996d371c8074ad27,REGISTERED,25507,Calamine + Zinc Oxide,15 gm + 5 gm/100 ml,AMBIGUOUS,AMBIGUOUS_SHARED_DENOMINATOR
SRCR-6b93ff17c0623a2b50eef7a1,REGISTERED,25508,Fluocinolone + Hydroquinone + Tretinoin,.01 gm + 4 gm + .05 gm/100 gm,AMBIGUOUS,AMBIGUOUS_SHARED_DENOMINATOR
SRCR-1dedc4855ee39fb7dd446042,REGISTERED,25509,Camphor + Menthol + Methyl Salicylate,4 gm + 10 gm + 30 gm/100 gm,AMBIGUOUS,AMBIGUOUS_SHARED_DENOMINATOR
SRCR-c02fd567a6fad190b19421fe,REGISTERED,25523,Liquid Paraffin + White Soft Paraffin,50 gm + 50 gm/100 gm,AMBIGUOUS,AMBIGUOUS_SHARED_DENOMINATOR
SRCR-e8033d5f12ddddb6ee9c7e1a,REGISTERED,25533,Calcium Carbonate + Sodium Alginate + Sodium Bicarbonate,3.25 gm + 5 gm + 2.13 gm/100 ml,AMBIGUOUS,AMBIGUOUS_SHARED_DENOMINATOR
SRCR-f60142060bf44f61099a5411,REGISTERED,25539,Ascorbic Acid + Cod Liver Oil + Nicotinamide + Pyridoxine Hydrochloride + Riboflavin + Vitamin A + Vitamin B1 + Vitamin D3 + Vitamin E,17.5 mg + 100 mg + 9 mg + .35 mg + .85 mg + 2000 IU + .7 mg + 200 IU + 1.5 mg/5 ml,AMBIGUOUS,AMBIGUOUS_SHARED_DENOMINATOR
SRCR-f73410a13541725a50b7c6f7,REGISTERED,25565,Econazole Nitrate + Triamcinolone Acetonide,1 gm + 100 mg/100 gm,AMBIGUOUS,AMBIGUOUS_SHARED_DENOMINATOR
SRCR-3b28248c16fad6ff5bc05536,REGISTERED,25570,Diclofenac + Lidocaine Hydrochloride,75 mg + 20 mg/2 ml,AMBIGUOUS,AMBIGUOUS_SHARED_DENOMINATOR
SRCR-5a729e4a12adc13daa263642,REGISTERED,25576,Adenosine + Cytochrome C + Nicotinamide + Sodium Succinate,200 mg + 50 mg + 1 gm + 60 mg/100 ml,AMBIGUOUS,AMBIGUOUS_SHARED_DENOMINATOR
SRCR-0d02042c2a4ea72879c7a27b,REGISTERED,25579,Chlorpheniramine Maleate + Dexamethasone,500 mg + 100 mg/100 ml,AMBIGUOUS,AMBIGUOUS_SHARED_DENOMINATOR
SRCR-9968880670e998381f3ffce7,REGISTERED,25580,Dexamethasone + Tobramycin,100 mg + 300 mg/100 ml,AMBIGUOUS,AMBIGUOUS_SHARED_DENOMINATOR
SRCR-69c1b226ceeb4a65dfe29e47,REGISTERED,25599,Elemental Iron + Nicotinamide + Pyridoxine Hydrochloride + Riboflavin + Vitamin B1 + Zinc,50 mg + 20 mg + 2 mg + 2 mg + 5 mg + 10 mg/5 ml,AMBIGUOUS,AMBIGUOUS_SHARED_DENOMINATOR
SRCR-9dc8e736a4ec83c2435e7587,REGISTERED,25605,Aluminium Oxide + Magnesium Hydroxide + Simethicone,200 mg + 400 mg + 30 mg/5 ml,AMBIGUOUS,AMBIGUOUS_SHARED_DENOMINATOR
SRCR-c97e4d0be7a06f899d6b68a4,REGISTERED,25606,Bacitracin Zinc + Neomycin Sulphate + Polymixin B Sulphate,400 IU + 3.5 mg + 5000 IU/gm,AMBIGUOUS,AMBIGUOUS_SHARED_DENOMINATOR
SRCR-6c7d9a7462f2e0b98ad9db5a,REGISTERED,25623,Cinchocaine Hydrochloride + Esculin + Hydrocortisone + Neomycin Sulphate,500 mg + 1 gm + 500 mg + 1 gm/100 gm,AMBIGUOUS,AMBIGUOUS_SHARED_DENOMINATOR
SRCR-3a0a9a35380b986354d5200a,REGISTERED,25624,Menthol + Methyl Salicylate,10 gm + 15 gm/100 gm,AMBIGUOUS,AMBIGUOUS_SHARED_DENOMINATOR
SRCR-54b930fa75501074c6cba523,REGISTERED,25625,Cinchocaine Hydrochloride + Esculin + Hydrocortisone + Neomycin Sulphate,500 mg + 1 gm + 500 mg + 1 gm/100 gm,AMBIGUOUS,AMBIGUOUS_SHARED_DENOMINATOR
SRCR-a69e1dbe4f533e7f60fbecec,REGISTERED,25627,Nicotinamide + Pyridoxine Hydrochloride + Riboflavin + Vitamin B1 + Zinc,20 mg + 2 mg + 2 mg + 5 mg + 10 mg/5 ml,AMBIGUOUS,AMBIGUOUS_SHARED_DENOMINATOR
SRCR-615394b04578fb1b3e1cce74,REGISTERED,25675,Ciprofloxacin + Dexamethasone,300 mg + 100 mg/100 ml,AMBIGUOUS,AMBIGUOUS_SHARED_DENOMINATOR
SRCR-c64f243e5ba3643ac1a6ecd5,REGISTERED,25707,Enoxaprin,40 mg/.4 ml,FAILED,UNSUPPORTED_STRENGTH_PATTERN
SRCR-be900c654db0e7686b209acc,REGISTERED,25708,Enoxaprin,60 mg/.6 ml,FAILED,UNSUPPORTED_STRENGTH_PATTERN
SRCR-30624a0cb17daef82a5e46cc,REGISTERED,25709,Enoxaprin,80 mg/.8 ml,FAILED,UNSUPPORTED_STRENGTH_PATTERN
SRCR-47ee22022464e104e67272c3,REGISTERED,25732,Ciprofloxacin + Dexamethasone,300 mg + 100 mg/100 ml,AMBIGUOUS,AMBIGUOUS_SHARED_DENOMINATOR
SRCR-60bcd3244d2ac91dffdea538,REGISTERED,25763,Calcium Chloride + Glacial Acetic Acid + Magnessium Chloride + Potassium Chloride + Sodium Chloride,9.74 gm + 8.84 gm + 3.74 gm + 5.5 gm + 161.43 gm/1000 ml,AMBIGUOUS,AMBIGUOUS_SHARED_DENOMINATOR
SRCR-4b11a5824b4be0760033af40,REGISTERED,25771,Bupivacaine + Dextrose,20 mg + 320 mg/4 ml,AMBIGUOUS,AMBIGUOUS_SHARED_DENOMINATOR
SRCR-0734e3132a19d14caddc5955,REGISTERED,25776,Phenylepherine Hydrochloride + Tropicamide,50 mg + 8 mg/ml,AMBIGUOUS,AMBIGUOUS_SHARED_DENOMINATOR
SRCR-eedad668bb57a427e81e472a,REGISTERED,25797,Lidocaine + Prilocaine,2.5 gm + 2.5 gm/100 gm,AMBIGUOUS,AMBIGUOUS_SHARED_DENOMINATOR
SRCR-990c9814d2de925a5c8774d9,REGISTERED,25811,Gentamicin + Hydrocortisone Acetate,300 mg + 1 gm/100 ml,AMBIGUOUS,AMBIGUOUS_SHARED_DENOMINATOR
SRCR-e58625c7932d9384af146c3c,REGISTERED,25812,Brimonidine Tartrate + Timolol Maleate,200 mg + 500 mg/100 ml,AMBIGUOUS,AMBIGUOUS_SHARED_DENOMINATOR
SRCR-1c98a66f4e98c86a0bcd3c27,REGISTERED,25815,Calcium Chloride + Potassium Chloride + Sodium Chloride + Sodium Lactate,27 mg + 40 mg + 600 mg + 320 mg/100 ml,AMBIGUOUS,AMBIGUOUS_SHARED_DENOMINATOR
SRCR-4d87a5ee10823a957fcf6e50,REGISTERED,25831,Sulphadiazine + Trimethoprim,40 gm + 8 gm/100 ml,AMBIGUOUS,AMBIGUOUS_SHARED_DENOMINATOR
SRCR-2f3995df56b7059f40bde734,REGISTERED,25837,Polyethylene Glycol 400 + Propylene Glycol,400 mg + 300 mg/100 ml,AMBIGUOUS,AMBIGUOUS_SHARED_DENOMINATOR
SRCR-f3ce859b331e183aac817c7c,REGISTERED,25845,Benzathine Penicillin + Procaine Benzylpenicillin,1500000 IU + 1500000 IU/vial,AMBIGUOUS,AMBIGUOUS_SHARED_DENOMINATOR
SRCR-cde08c7d37b7434007bbbab5,REGISTERED,25866,Lidocaine Hydrochloride + Oxytetracycline,2 gm + 10 gm/100 ml,AMBIGUOUS,AMBIGUOUS_SHARED_DENOMINATOR
SRCR-e48fe6ca615a3e577d6d0e93,REGISTERED,25870,Cyanocobalamin + Toldimfos Sodium,5 mg + 20 gm/100 ml,AMBIGUOUS,AMBIGUOUS_SHARED_DENOMINATOR
SRCR-74a1849edfbf1e706fc62615,REGISTERED,25871,Benzylpenicillin + Procaine Benzylpenicillin,2 Lac Unit + 6 Lac Unit/vial,AMBIGUOUS,AMBIGUOUS_SHARED_DENOMINATOR
SRCR-445a36255238389ab8dae617,REGISTERED,25901,Piperacillin + Tazobactam,4 gm + .5 gm/vial,AMBIGUOUS,AMBIGUOUS_SHARED_DENOMINATOR
SRCR-f5cb8dd184d2bbaf513b12d0,REGISTERED,25924,Loteprednol Etabonate + Tobramycin,.5 gm + .3 gm/100 ml,AMBIGUOUS,AMBIGUOUS_SHARED_DENOMINATOR
SRCR-5f0e567bebdaf3b5417916be,REGISTERED,25941,Sulphamethoxazole + Trimethoprim,200 mg + 40 mg/5 ml,AMBIGUOUS,AMBIGUOUS_SHARED_DENOMINATOR
SRCR-540b105fe151a0a962041910,REGISTERED,25944,Erythromycin Thiocyanate + Sulphadiazine + Trimethoprim,18 gm + 15 gm + 3 gm/100 gm,AMBIGUOUS,AMBIGUOUS_SHARED_DENOMINATOR
SRCR-ff3efd6d0ad1fc94c10f6061,REGISTERED,25959,Sodium Chloride + Sodium Hydrogen Carbonate,66 gm + 30.5 gm/Litres,AMBIGUOUS,AMBIGUOUS_SHARED_DENOMINATOR
SRCR-c30dfaf5e691e5108427115f,REGISTERED,25960,Calcium Chloride Dihydrate + Magnessium Chloride + Potassium Chloride + Sodium Acetate + Sodium Chloride,5.1 gm + 3.56 gm + 5.2 gm + 181.01 gm + 198.4 gm/Litres,AMBIGUOUS,AMBIGUOUS_SHARED_DENOMINATOR
SRCR-e2755c672332b46c1510c634,REGISTERED,25961,Ascorbic Acid + Biotin + Cyanocobalamin + Folic Acid + Nicotinamide + Pantothenic acid + Pyridoxine + Riboflavin + Thiamine,100 mg + .06 mg + .005 mg + .4 mg + 40 mg + 15 mg + 4 mg + 3.6 mg + 2.5 mg/vial,AMBIGUOUS,AMBIGUOUS_SHARED_DENOMINATOR
SRCR-ca00c59d3022f892120d2631,REGISTERED,26000,Glycerol + Hypromellose + Polyethylene Glycol 400,200 mg + 360 mg + 1 gm/100 ml,AMBIGUOUS,AMBIGUOUS_SHARED_DENOMINATOR
SRCR-6f0da9dd83632999f6b978c8,REGISTERED,26001,Dexamethasone + Gatifloxacin,100 mg + 300 mg/100 ml,AMBIGUOUS,AMBIGUOUS_SHARED_DENOMINATOR
SRCR-de667718da592cb6510f6101,REGISTERED,26008,Brinzolamide + Timolol,1 gm + 500 mg/100 ml,AMBIGUOUS,AMBIGUOUS_SHARED_DENOMINATOR
SRCR-2309f8c177f8ef736fef55a4,REGISTERED,26015,Brimonidine Tartrate + Brinzolamide,200 mg + 1 gm/100 ml,AMBIGUOUS,AMBIGUOUS_SHARED_DENOMINATOR
SRCR-8c715d976fd4b3485329a7a0,REGISTERED,26020,Gatifloxacin + Loteprednol Etabonate,300 mg + 500 mg/100 ml,AMBIGUOUS,AMBIGUOUS_SHARED_DENOMINATOR
SRCR-6a9be07c6bf5eec73b79b20c,REGISTERED,26023,Carboxymethylcellulose Sodium + Hypromellose,250 mg + 300 mg/100 ml,AMBIGUOUS,AMBIGUOUS_SHARED_DENOMINATOR
SRCR-d20b2b4ef0057563b253ec2f,REGISTERED,26027,Dextrose + Sodium Chloride,5 gm + 900 mg/100 ml,AMBIGUOUS,AMBIGUOUS_SHARED_DENOMINATOR
SRCR-f41816564396e61968afcc1f,REGISTERED,26028,Potassium Chloride + Sodium Acetate + Sodium Chloride,100 mg + 650 mg + 500 mg/100 ml,AMBIGUOUS,AMBIGUOUS_SHARED_DENOMINATOR
SRCR-3c9aafa23ef76a50d0dec64c,REGISTERED,26034,Dextrose + Sodium Chloride,5 gm + 225 mg/100 ml,AMBIGUOUS,AMBIGUOUS_SHARED_DENOMINATOR
SRCR-b5957fec8dc43ac8bc4ac2e5,REGISTERED,26035,Calcium Chloride + Magnesium Hydroxide + Potassium Chloride + Sodium Acetate + Sodium Chloride + Sodium Citrate,48 mg + 30 mg + 75 mg + 390 mg + 640 mg + 170 mg/100 ml,AMBIGUOUS,AMBIGUOUS_SHARED_DENOMINATOR
SRCR-e0fb7bd113d8b8fef64bb4c0,REGISTERED,26036,Dextrose + Sodium Chloride,10 gm + 225 mg/100 ml,AMBIGUOUS,AMBIGUOUS_SHARED_DENOMINATOR
SRCR-c2f22b3d135d660152e8d7f0,REGISTERED,26038,Calcium Chloride + Dextrose Anhydrous + Potassium Chloride + Sodium Chloride + Sodium Lactate,20 mg + 5 gm + 30 mg + 600 mg + 310 mg/100 ml,AMBIGUOUS,AMBIGUOUS_SHARED_DENOMINATOR
SRCR-b7a3cd7343ba107e5ca47e9b,REGISTERED,26039,Dextrose + Sodium Chloride,4.3 gm + 180 mg/100 ml,AMBIGUOUS,AMBIGUOUS_SHARED_DENOMINATOR
SRCR-d1f6db0c8b56aad261594de2,REGISTERED,26047,Dexamethasone + Tobramycin,100 mg + 300 mg/100 gm,AMBIGUOUS,AMBIGUOUS_SHARED_DENOMINATOR
SRCR-f17530496a00287be8290f14,REGISTERED,26049,Cefuroxime + Clavulanic Acid,125 mg + 31.25 mg/5 ml,AMBIGUOUS,AMBIGUOUS_SHARED_DENOMINATOR
SRCR-7d24b32311db739929d9ad53,REGISTERED,26072,Calcium Gluconate + Dextrose Anhydrous + Magnessium Chloride,25 gm + 5 gm + 3 gm/100 ml,AMBIGUOUS,AMBIGUOUS_SHARED_DENOMINATOR
SRCR-b46cc97697cc9be0d62f6550,REGISTERED,26073,Boric Acid + Calcium Gluconate + Dextrose Anhydrous + Magnesium Hypophosphite,4.2 gm + 20.8 gm + 22 gm + 5 gm/100 ml,AMBIGUOUS,AMBIGUOUS_SHARED_DENOMINATOR
SRCR-8aed8a5e29760dfec53d007b,REGISTERED,26074,Calcium Chloride + D-Pantothenol + DL-Methionine + Dextrose + L-Arginine Hcl + L-Cysteine Hcl + L-Histidine Hcl + L-Isolencine + L-Leucine + L-Lysine HCl + L-Phenylalamine + L-Threonine + L-Tryptophane + L-Valine + Magnesium Sulphate + Monosodium Glutamate + Nicotinamide + Potassium Chloride + Pyridoxine + Riboflavin + Sodium Acetate + Thiamine Hydrochloride,2 mg + .1 mg + .525 mg + 50 mg + 1.425 mg + .02 mg + .02 mg + .525 mg + .6 mg + .525 mg + .35 mg + .35 mg + .175 mg + .525 mg + 2 mg + .08 mg + 3 mg + 2 mg + .1 mg + .05 mg + 7.5 mg + .1 mg/ml,AMBIGUOUS,AMBIGUOUS_SHARED_DENOMINATOR
SRCR-e4d78a49d18dca0c166077f9,REGISTERED,26078,Cyanocobalamin + Nicotinamide + Pyridoxine Hydrochloride + Riboflavin + Vitamin B1,5 mg + 5 gm + 500 mg + 150 mg + 2.5 gm/100 ml,AMBIGUOUS,AMBIGUOUS_SHARED_DENOMINATOR
SRCR-28da2088df93994a318c513e,REGISTERED,26079,Butaphosphan + Cyanocobalamin,10 gm + 5 mg/100 ml,AMBIGUOUS,AMBIGUOUS_SHARED_DENOMINATOR
SRCR-aa85916d71526235307d98ae,REGISTERED,26080,Ammonium Bicarbonate + Gentian + Ginger + Nux vomica + Sodium Bicarbonate,25 gm + 1.5 gm + 1.5 gm + 7 gm + 65 gm/100 gm,AMBIGUOUS,AMBIGUOUS_SHARED_DENOMINATOR
SRCR-319657986a226e72a435bb47,REGISTERED,26102,Dexamethasone + Moxifloxacin,100 mg + 500 mg/100 ml,AMBIGUOUS,AMBIGUOUS_SHARED_DENOMINATOR
SRCR-e71b0693f4986020865f8e00,REGISTERED,26111,Macrogol 3350 + Potassium Chloride + Sodium Bicarbonate + Sodium Chloride,52.5 gm + .187 gm + .714 gm + 1.4 gm/100 ml,AMBIGUOUS,AMBIGUOUS_SHARED_DENOMINATOR
SRCR-5c03d1e3223392cae9d3a6dc,REGISTERED,26112,Citric Acid Monohydrate + Potassium Citrate,5 gm + 30 gm/100 ml,AMBIGUOUS,AMBIGUOUS_SHARED_DENOMINATOR
SRCR-ce6fa7c980597243c2d293d5,REGISTERED,26118,Dextromethorphan Hydrobromide + Phenylephrine Hydrochloride + Triprolidine Hydrochloride,400 mg + 200 mg + 50 mg/100 ml,AMBIGUOUS,AMBIGUOUS_SHARED_DENOMINATOR
SRCR-508dd5b663fa1e84c458081f,REGISTERED,26145,Diphenhydramine Hydrochloride + Guaiphenesin + Levomenthol,280 mg + 2000 mg + 22 mg/100 ml,AMBIGUOUS,AMBIGUOUS_SHARED_DENOMINATOR
SRCR-476f33d593a1986901cd5c49,REGISTERED,26211,Econazole Nitrate + Triamcinolone Acetonide,1 gm + 100 mg/100 gm,AMBIGUOUS,AMBIGUOUS_SHARED_DENOMINATOR
SRCR-0036777a76b65255dad5872f,REGISTERED,26219,Fusidic Acid + Hydrocortisone Acetate,2 gm + 1 gm/100 gm,AMBIGUOUS,AMBIGUOUS_SHARED_DENOMINATOR
SRCR-6ec26c80abba202b37e387b3,REGISTERED,26233,Calcium Carbonate + Sodium Alginate + Sodium Bicarbonate,1.6 gm + 5 gm + 2.6 gm/100 ml,AMBIGUOUS,AMBIGUOUS_SHARED_DENOMINATOR
SRCR-3bfa728fa952f0076b39c19c,REGISTERED,26249,Latanoprost + Netarsudil,5 mg + 20 mg/100 ml,AMBIGUOUS,AMBIGUOUS_SHARED_DENOMINATOR
SRCR-274baf4c3ff07dce7d44e8c5,REGISTERED,26276,Clobetasol Propionate + Ofloxacin + Ornidazole + Terbinafine Hydrochloride,.05 gm + .75 gm + 2 gm + 1 gm/100 gm,AMBIGUOUS,AMBIGUOUS_SHARED_DENOMINATOR
SRCR-a0d20038cd759b4cbe037f7b,REGISTERED,26280,Calcium Carbonate + Sodium Alginate + Sodium Bicarbonate,3.25 gm + 5 gm + 2.13 gm/100 ml,AMBIGUOUS,AMBIGUOUS_SHARED_DENOMINATOR
SRCR-87f23c6e1d6a35ca2ca7f6e9,REGISTERED,26282,Tirzepatide,2.5 mg/.5 ml,FAILED,UNSUPPORTED_STRENGTH_PATTERN
SRCR-02280a183a1edc99f24409e0,REGISTERED,26283,Tirzepatide,5 mg/.5 ml,FAILED,UNSUPPORTED_STRENGTH_PATTERN
SRCR-04a1c6e66ef933f007cbed6c,REGISTERED,26284,Tirzepatide,7.5 mg/.5 ml,FAILED,UNSUPPORTED_STRENGTH_PATTERN
SRCR-2b3fc43d66e30e91ee83bb2f,REGISTERED,26287,Dextrose + Sodium Chloride,5 gm + 450 mg/100 ml,AMBIGUOUS,AMBIGUOUS_SHARED_DENOMINATOR
SRCR-62cdc3ff12fbdc622fa726ac,REGISTERED,26292,Nicotinamide + Pyridoxine Hydrochloride + Riboflavin + Vitamin B1,20 mg + 2 mg + 2 mg + 5 mg/5 ml,AMBIGUOUS,AMBIGUOUS_SHARED_DENOMINATOR
SRCR-38f1e379e458a18e99db5c24,REGISTERED,26309,Aluminium Oxide + Magnesium Hydroxide,175 mg + 225 mg/5 ml,AMBIGUOUS,AMBIGUOUS_SHARED_DENOMINATOR
SRCR-f176fd6a445b8750c5dd1f2c,REGISTERED,26319,Sulphamethoxazole + Trimethoprim,200 mg + 40 mg/5 ml,AMBIGUOUS,AMBIGUOUS_SHARED_DENOMINATOR
SRCR-3eab2bfed22617bb0c854452,REGISTERED,26389,Benzoic Acid + Salicylic Acid,60 mg + 30 mg/gm,AMBIGUOUS,AMBIGUOUS_SHARED_DENOMINATOR
SRCR-39e68e5589623a254d7e62a8,REGISTERED,26390,Camphor + Menthol + Oil Clove + Oil Eucalyptus + Oil Turpentine,2.5 gm + 2 gm + 2.5 gm + 1.25 gm + 1 gm/100 gm,AMBIGUOUS,AMBIGUOUS_SHARED_DENOMINATOR
SRCR-9f6f7ddeacdfaa3814d6d007,REGISTERED,26391,Nicotinamide + Pyridoxine Hydrochloride + Riboflavin + Vitamin B1,20 mg + 2 mg + 2 mg + 5 mg/5 ml,AMBIGUOUS,AMBIGUOUS_SHARED_DENOMINATOR
SRCR-d56b122fbf2b6cea0bf00409,REGISTERED,26443,Cefuroxime + Clavulanic Acid,125 mg + 31.25 mg/5 ml,AMBIGUOUS,AMBIGUOUS_SHARED_DENOMINATOR
SRCR-82d505f2e6bb6779090a50a8,REGISTERED,26460,Benzoic Acid + Salicylic Acid,60 mg + 30 mg/gm,AMBIGUOUS,AMBIGUOUS_SHARED_DENOMINATOR
SRCR-2d5d2314686c10909aa2f79f,REGISTERED,26464,Nicotinamide + Pyridoxine Hydrochloride + Riboflavin + Vitamin B1,20 mg + 2 mg + 2 mg + 5 mg/5 ml,AMBIGUOUS,AMBIGUOUS_SHARED_DENOMINATOR
SRCR-130e1355bbd1291f98261664,REGISTERED,26466,Sulphamethoxazole + Trimethoprim,200 mg + 40 mg/5 ml,AMBIGUOUS,AMBIGUOUS_SHARED_DENOMINATOR
SRCR-5efbaccc020b4e363c033065,REGISTERED,26557,Sulphamethoxazole + Trimethoprim,200 mg + 40 mg/5 ml,AMBIGUOUS,AMBIGUOUS_SHARED_DENOMINATOR
SRCR-0ee7030bcf94e0ef0a630375,REGISTERED,26563,Aluminium Oxide + Magnesium Hydroxide,175 mg + 225 mg/5 ml,AMBIGUOUS,AMBIGUOUS_SHARED_DENOMINATOR
SRCR-dc0da968b7b37ae0f598f94b,REGISTERED,26570,Nicotinamide + Pyridoxine Hydrochloride + Riboflavin + Vitamin B1,20 mg + 2 mg + 2 mg + 5 mg/5 ml,AMBIGUOUS,AMBIGUOUS_SHARED_DENOMINATOR
SRCR-43999e200c8a4ddd7821d7ae,REGISTERED,26591,Calamine + Zinc Oxide,15 gm + 5 gm/100 ml,AMBIGUOUS,AMBIGUOUS_SHARED_DENOMINATOR
SRCR-b3ce03e9d9292bf069a48b87,REGISTERED,26593,Dextrose Anhydrous + Fructose + Potassium Chloride + Sodium Bicarbonate + Sodium Chloride + Sucrose,4.09 gm + 70 mg + 380 mg + 420 mg + 440 mg + 8.07 gm/250 ml,AMBIGUOUS,AMBIGUOUS_SHARED_DENOMINATOR
SRCR-48cce2710966f4029d516a51,REGISTERED,26738,Piperacillin + Tazobactam,4 gm + .5 gm/vial,AMBIGUOUS,AMBIGUOUS_SHARED_DENOMINATOR
SRCR-aea248958065d37855ac29d7,REGISTERED,26744,Amoxicillin + Clavulanic Acid,400 mg + 57.5 mg/5 ml,AMBIGUOUS,AMBIGUOUS_SHARED_DENOMINATOR
SRCR-d0cb546107079c4b78fa3e83,REGISTERED,26745,Amoxicillin + Clavulanic Acid,125 mg + 31.25 mg/5 ml,AMBIGUOUS,AMBIGUOUS_SHARED_DENOMINATOR
SRCR-eaf7d2107f348c4152653053,REGISTERED,26758,Cefuroxime + Clavulanic Acid,125 mg + 31.25 mg/5 ml,AMBIGUOUS,AMBIGUOUS_SHARED_DENOMINATOR
SRCR-d4c474e314321624af2011b9,REGISTERED,26782,Potassium Bicarbonate + Sodium Alginate,100 mg + 500 mg/5 ml,AMBIGUOUS,AMBIGUOUS_SHARED_DENOMINATOR
SRCR-2966ca6171cfe458c4b91548,REGISTERED,26785,Calcium Carbonate + Sodium Alginate + Sodium Bicarbonate,1.6 gm + 5 gm + 2.6 gm/100 ml,AMBIGUOUS,AMBIGUOUS_SHARED_DENOMINATOR
SRCR-0cdb82aae2ceb42452ffc17c,REGISTERED,26830,Ammonium Bicarbonate + Gentian + Ginger + Nux vomica + Sodium Bicarbonate,25 gm + 1.5 gm + 1.5 gm + 7 gm + 65 gm/100 gm,AMBIGUOUS,AMBIGUOUS_SHARED_DENOMINATOR
SRCR-e9371c9eed26bdbff8eab8c0,REGISTERED,26839,Sulphadiazine + Trimethoprim,40 gm + 8 gm/100 ml,AMBIGUOUS,AMBIGUOUS_SHARED_DENOMINATOR
SRCR-bfe097833c4db0bbf075d3b7,REGISTERED,26846,Erythromycin Thiocyanate + Sulphadiazine + Trimethoprim,18 gm + 15 gm + 3 gm/100 gm,AMBIGUOUS,AMBIGUOUS_SHARED_DENOMINATOR
SRCR-5877684195312d054b7948e2,REGISTERED,26856,Sulphamethoxazole + Trimethoprim,200 mg + 40 mg/5 ml,AMBIGUOUS,AMBIGUOUS_SHARED_DENOMINATOR
SRCR-56da49196fe71a6feb1195c5,REGISTERED,26866,Nicotinamide + Pyridoxine Hydrochloride + Riboflavin + Vitamin B1,20 mg + 2 mg + 2 mg + 5 mg/5 ml,AMBIGUOUS,AMBIGUOUS_SHARED_DENOMINATOR
SRCR-9de13dbd2426931e4e8d022b,REGISTERED,26956,Nicotinamide + Pyridoxine Hydrochloride + Riboflavin + Vitamin B1 + Zinc,400 mg + 40 mg + 50 mg + 100 mg + 200 mg/100 ml,AMBIGUOUS,AMBIGUOUS_SHARED_DENOMINATOR
SRCR-eab0c616904bdbb6154d0028,REGISTERED,26957,Diclofenac + Lidocaine Hydrochloride,75 mg + 20 mg/2 ml,AMBIGUOUS,AMBIGUOUS_SHARED_DENOMINATOR
SRCR-461a91cf7dde4e7425589f59,REGISTERED,26961,Ascorbic Acid + Cod Liver Oil + Nicotinamide + Pyridoxine Hydrochloride + Riboflavin + Vitamin A + Vitamin B1 + Vitamin D3 + Vitamin E,17.5 mg + 100 mg + 9 mg + .35 mg + .85 mg + 2000 IU + .7 mg + 200 IU + 1.5 mg/5 ml,AMBIGUOUS,AMBIGUOUS_SHARED_DENOMINATOR
SRCR-f270ffa09d094c5f8c3cc680,REGISTERED,27020,Chloroxylenol + Triclosan,3 mg + 3 mg/gm,AMBIGUOUS,AMBIGUOUS_SHARED_DENOMINATOR
SRCR-f4fd5cff14639683889ef80e,REGISTERED,27033,Nicotinamide + Pyridoxine Hydrochloride + Riboflavin + Vitamin B1,20 mg + 2 mg + 2 mg + 5 mg/5 ml,AMBIGUOUS,AMBIGUOUS_SHARED_DENOMINATOR
SRCR-8474a7ccbef25499609dad57,REGISTERED,27044,Cetrimide + Chlorhexidine Gluconate,3 gm + 300 mg/100 ml,AMBIGUOUS,AMBIGUOUS_SHARED_DENOMINATOR
SRCR-1318e6d40e03944e8696a134,REGISTERED,27053,Sulphamethoxazole + Trimethoprim,200 mg + 40 mg/5 ml,AMBIGUOUS,AMBIGUOUS_SHARED_DENOMINATOR
SRCR-51279972f804a24404026d73,REGISTERED,27055,Benzoic Acid + Salicylic Acid,60 mg + 30 mg/gm,AMBIGUOUS,AMBIGUOUS_SHARED_DENOMINATOR
SRCR-171cf8970c532558548997d9,REGISTERED,27056,Sulphadiazine + Trimethoprim,40 gm + 8 gm/100 ml,AMBIGUOUS,AMBIGUOUS_SHARED_DENOMINATOR
SRCR-32e22f9b5760039a1ae1c38d,REGISTERED,27060,Ammonium Bicarbonate + Gentian + Ginger + Nux vomica + Sodium Bicarbonate,25 gm + 1.5 gm + 1.5 gm + 7 gm + 65 gm/100 gm,AMBIGUOUS,AMBIGUOUS_SHARED_DENOMINATOR
SRCR-949c1423618921ae41c469e8,REGISTERED,27061,Amonium Bicarbonate + Gelatin + Ginger + Nux vomica + Sodium Bicarbonate,25 gm + 1.5 gm + 1.5 gm + 7 gm + 65 gm/100 gm,AMBIGUOUS,AMBIGUOUS_SHARED_DENOMINATOR
SRCR-47c775b58a75c5cc5dee393f,REGISTERED,27095,Ascorbic Acid + Cod Liver Oil + Nicotinamide + Pyridoxine Hydrochloride + Riboflavin + Vitamin A + Vitamin B1 + Vitamin D3 + Vitamin E,17.5 mg + 100 mg + 9 mg + .35 mg + .85 mg + 2000 IU + .7 mg + 200 IU + 1.5 mg/5 ml,AMBIGUOUS,AMBIGUOUS_SHARED_DENOMINATOR
SRCR-a9b754b6758d32eed8eda368,REGISTERED,27106,Betamethasone Sodium Phosphate + Neomycin Sulphate,100 mg + 500 mg/100 gm,AMBIGUOUS,AMBIGUOUS_SHARED_DENOMINATOR
SRCR-1625238ad208a213686ee959,REGISTERED,27107,Betamethasone Sodium Phosphate + Neomycin Sulphate,100 mg + 500 mg/100 ml,AMBIGUOUS,AMBIGUOUS_SHARED_DENOMINATOR
SRCR-af529555ad4dfb9dfc69a7cc,REGISTERED,27123,Hydrocortisone + Neomycin Sulphate + Polymixin B Sulphate,10 mg + 3400 IU + 10000 IU/ml,AMBIGUOUS,AMBIGUOUS_SHARED_DENOMINATOR
SRCR-f161302cbf0272df7f822b5c,REGISTERED,27140,Aluminium Oxide + Magnesium Hydroxide + Simethicone,200 mg + 400 mg + 30 mg/5 ml,AMBIGUOUS,AMBIGUOUS_SHARED_DENOMINATOR
SRCR-621ee217b566ebdf68a01de9,REGISTERED,27149,Nicotinamide + Pyridoxine Hydrochloride + Riboflavin + Vitamin B1,20 mg + 2 mg + 2 mg + 5 mg/5 ml,AMBIGUOUS,AMBIGUOUS_SHARED_DENOMINATOR
SRCR-46a1d2b88703f0499eb2ad08,REGISTERED,27155,Dexamethasone + Tobramycin,100 mg + 300 mg/100 ml,AMBIGUOUS,AMBIGUOUS_SHARED_DENOMINATOR
SRCR-475d8cb4b00bda82a2f1ac89,REGISTERED,27156,Dexamethasone + Tobramycin,100 mg + 300 mg/100 gm,AMBIGUOUS,AMBIGUOUS_SHARED_DENOMINATOR
SRCR-88da6978a38e175e7cba9324,REGISTERED,27162,Sulphamethoxazole + Trimethoprim,200 mg + 40 mg/5 ml,AMBIGUOUS,AMBIGUOUS_SHARED_DENOMINATOR
SRCR-4f730d60f207ea2d63732704,REGISTERED,27163,Fluorometholone + Tetrahydrozoline Hydrochloride,100 mg + 25 mg/100 ml,AMBIGUOUS,AMBIGUOUS_SHARED_DENOMINATOR
SRCR-e7da937e8e9b949dbd620410,REGISTERED,27164,Phenylepherine Hydrochloride + Tropicamide,50 mg + 8 mg/ml,AMBIGUOUS,AMBIGUOUS_SHARED_DENOMINATOR
SRCR-f43119aae7442a42ed818e5c,REGISTERED,27165,Fluormetholone + Neomycin Sulphate,100 mg + 500 mg/100 ml,AMBIGUOUS,AMBIGUOUS_SHARED_DENOMINATOR
SRCR-a3e70a3d0e836c88944cd4f8,REGISTERED,27172,Betamethasone + Neomycin Sulphate,100 mg + 500 mg/100 gm,AMBIGUOUS,AMBIGUOUS_SHARED_DENOMINATOR
SRCR-125de03a58bf2689e61e1a06,REGISTERED,27173,Chloramphenicol + Lidocaine Hydrochloride,500 mg + 100 mg/100 ml,AMBIGUOUS,AMBIGUOUS_SHARED_DENOMINATOR
SRCR-a248af6723f38b62950848cc,REGISTERED,27174,Chlorpheniramine Maleate + Dexamethasone,500 mg + 100 mg/100 ml,AMBIGUOUS,AMBIGUOUS_SHARED_DENOMINATOR
SRCR-8b390600ee7cd45ce6f34ff8,REGISTERED,27180,Naphazoline Nitrate + Zinc Sulphate,5 mg + 20 mg/100 ml,AMBIGUOUS,AMBIGUOUS_SHARED_DENOMINATOR
SRCR-bda5b64a7543890ae3f7260c,REGISTERED,27192,Gentamicin + Hydrocortisone Acetate,300 mg + 1 gm/100 ml,AMBIGUOUS,AMBIGUOUS_SHARED_DENOMINATOR
SRCR-12b9581548bbbf26c63ca460,REGISTERED,27193,Ciprofloxacin + Dexamethasone,300 mg + 100 mg/100 ml,AMBIGUOUS,AMBIGUOUS_SHARED_DENOMINATOR
SRCR-b84286f8274d3a835132c862,REGISTERED,27194,Brimonidine Tartrate + Timolol Maleate,200 mg + 500 mg/100 ml,AMBIGUOUS,AMBIGUOUS_SHARED_DENOMINATOR
SRCR-8b5f1b1d4ce6638b7da83a64,REGISTERED,27225,Aluminium Oxide + Magnesium Hydroxide + Simethicone,200 mg + 400 mg + 30 mg/5 ml,AMBIGUOUS,AMBIGUOUS_SHARED_DENOMINATOR
SRCR-777668c68c9870876c0b431f,REGISTERED,27226,Amprolium + Ethopabate,70 mg + 4 mg/ml,AMBIGUOUS,AMBIGUOUS_SHARED_DENOMINATOR
SRCR-f6a49c601812b91c86efa72f,REGISTERED,27232,Sulphamethoxazole + Trimethoprim,200 mg + 40 mg/5 ml,AMBIGUOUS,AMBIGUOUS_SHARED_DENOMINATOR
SRCR-f77307792d5ced851c9cdf85,REGISTERED,27236,Dexpanthanol + Nicotinamide + Pyridoxine Hydrochloride + Riboflavin + Vitamin B1,25 mg + 500 mg + 50 mg + 20 mg + 250 mg/10 ml,AMBIGUOUS,AMBIGUOUS_SHARED_DENOMINATOR
SRCR-b93e6d3832e9377a9df07aee,REGISTERED,27239,Dextrose Anhydrous + Potassium Chloride + Sodium Chloride + Trisodium Citrate,10 gm + 750 gm + 1.75 gm + 1.45 gm/500 ml,AMBIGUOUS,AMBIGUOUS_SHARED_DENOMINATOR
SRCR-1f9e7e1202f98dfc87b9f984,REGISTERED,27240,Calcium Gluconate + Dextrose + Magnesium Hypophosphite,208 mg + 200 mg + 50 mg/ml,AMBIGUOUS,AMBIGUOUS_SHARED_DENOMINATOR
SRCR-716f0055cffbe00b26cfaeec,REGISTERED,27270,Benzathine Penicillin,12 Lac Unit/vial,FAILED,UNSUPPORTED_STRENGTH_PATTERN
SRCR-36bc9230a0816c8f40766f9e,REGISTERED,27276,Benzoic Acid + Salicylic Acid,60 mg + 30 mg/gm,AMBIGUOUS,AMBIGUOUS_SHARED_DENOMINATOR
SRCR-5d1dbf1760f5c62ea0f7154b,REGISTERED,27308,Cobalt Gluconate + Copper Gluconate + Cyanocobalamin + D-Pantothenol + Ferric Ammonium Citrate + Nicotinamide + Pyridoxine Hydrochloride + Riboflavine-5-Phosphate + Vitamin B1,7 mg + 2 mg + 1.2 mg + 200 mg + 150 mg + 1000 mg + 50 mg + 20 mg + 750 mg/10 ml,AMBIGUOUS,AMBIGUOUS_SHARED_DENOMINATOR
SRCR-b85bad843986582e0db450ad,REGISTERED,27314,Adrenaline + Lidocaine Hydrochloride,5 mcg + 20 mg/ml,AMBIGUOUS,AMBIGUOUS_SHARED_DENOMINATOR
SRCR-ee665eb167cf2cb29b8c4b82,REGISTERED,27315,Dextrose + Lidocaine Hydrochloride,75 mg + 50 mg/ml,AMBIGUOUS,AMBIGUOUS_SHARED_DENOMINATOR
SRCR-59a3971f8dda5fcb2ab13dcf,REGISTERED,27331,Dextrose Anhydrous + Potassium Chloride + Sodium Chloride + Trisodium Citrate,10 gm + 750 gm + 1.75 gm + 1.45 gm/500 ml,AMBIGUOUS,AMBIGUOUS_SHARED_DENOMINATOR
SRCR-fcc9e3d239dd75efb8b21023,REGISTERED,27341,Dextrose Anhydrous + Potassium Chloride + Sodium Chloride + Trisodium Citrate,10 gm + 750 gm + 1.75 gm + 1.45 gm/500 ml,AMBIGUOUS,AMBIGUOUS_SHARED_DENOMINATOR
SRCR-539e077561e8b9165913218b,REGISTERED,27342,Dextrose Anhydrous + Fructose + Potassium Chloride + Sodium Bicarbonate + Sodium Chloride + Sucrose,4.09 gm + 70 mg + 380 mg + 420 mg + 440 mg + 8.07 gm/250 ml,AMBIGUOUS,AMBIGUOUS_SHARED_DENOMINATOR
SRCR-127395cc07a7af0420850e0d,REGISTERED,27355,Benzyl Penicillin,10 Lac Unit,FAILED,UNSUPPORTED_STRENGTH_PATTERN
SRCR-08e5117056f22c809fd52324,REGISTERED,27386,Oxytetracycline + Polymixin B Sulphate,500 mg + 1 Lac IU/100 gm,AMBIGUOUS,AMBIGUOUS_SHARED_DENOMINATOR
SRCR-00c34b8287fdce79ff6ed361,REGISTERED,27390,Benzocaine + Oxytetracycline + Polymixin B Sulphate,250 mg + 25 mg + 50000 IU/100 ml,AMBIGUOUS,AMBIGUOUS_SHARED_DENOMINATOR
SRCR-8f9cdf8d83fb1289f6ec1bba,REGISTERED,27394,Vitamin A + Vitamin D3 + Vitamin E,500000 IU + 75000 IU + 50 mg/100 ml,AMBIGUOUS,AMBIGUOUS_SHARED_DENOMINATOR
SRCR-21c3c8470edd436beb1c7400,REGISTERED,27396,Sulphadiazine + Trimethoprim,40 gm + 8 gm/100 ml,AMBIGUOUS,AMBIGUOUS_SHARED_DENOMINATOR
SRCR-70cf04e7cfd9100a405d6d70,REGISTERED,27411,Procaine Benzylpenicillin + Streptomycin,20 Lac Unit + 2.5 gm/vial,AMBIGUOUS,AMBIGUOUS_SHARED_DENOMINATOR
SRCR-fc531b3dc01dc603b7848712,REGISTERED,27435,Biotin + Choline + Cobalt + Copper + Cyanocobalamin + DL-Methionine + Dexpanthanol + Ferric Ammonium Citrate + Glycine + Inositol + L-Lysine HCl + Nicotinamide + Pyridoxine Hydrochloride + Vitamin B1 + Vitamin B2,15 IU + 2 mg + 60 mg + 18 mg + 5000 IU + 400 mcg + 15 mcg + 150 mcg + 1 mg + 20 mg + 10 mg + 100 mcg + 1.5 mg + 5 mg + 2 mg/10 ml,AMBIGUOUS,AMBIGUOUS_SHARED_DENOMINATOR
SRCR-b3c6fb96f303ff2d72ae46b2,REGISTERED,27449,Neomycin Sulphate + Prednisolone,500 mg + 500 mg/100 ml,AMBIGUOUS,AMBIGUOUS_SHARED_DENOMINATOR
SRCR-da509f28b191b8ad5e62413f,REGISTERED,27451,Benzyl Penicillin,5 Lac Unit,FAILED,UNSUPPORTED_STRENGTH_PATTERN
SRCR-3f2cd9921a7610074667109b,REGISTERED,27455,Ammonium Bicarbonate + Gentian + Ginger + Nux vomica + Sodium Bicarbonate,25 gm + 1.5 gm + 1.5 gm + 7 gm + 65 gm/100 gm,AMBIGUOUS,AMBIGUOUS_SHARED_DENOMINATOR
SRCR-5f35ab7455c2b89e240eb115,REGISTERED,27456,Nicotinamide + Pyridoxine Hydrochloride + Riboflavin + Vitamin B1,20 mg + 2 mg + 2 mg + 5 mg/5 ml,AMBIGUOUS,AMBIGUOUS_SHARED_DENOMINATOR
SRCR-5f70b4c1a681f6316a4ddb6e,REGISTERED,27478,Sodium Sulfachloropyridazine + Trimethoprim,10 gm + 2 gm/100 gm,AMBIGUOUS,AMBIGUOUS_SHARED_DENOMINATOR
SRCR-cd83d36a263d47ed8286d2b5,REGISTERED,27479,Aluminium Oxide + Magnesium Hydroxide + Simethicone,200 mg + 400 mg + 30 mg/5 ml,AMBIGUOUS,AMBIGUOUS_SHARED_DENOMINATOR
SRCR-eef7088ab434b3fec76784cb,REGISTERED,27496,Dextrose Anhydrous + Potassium Chloride + Sodium Chloride + Trisodium Citrate,6.75 gm + 750 mg + 1.3 gm + 1.45 gm/500 ml,AMBIGUOUS,AMBIGUOUS_SHARED_DENOMINATOR
SRCR-7e7668cb290d3eb1c6b0953d,REGISTERED,27497,Iron + Nicotinamide + Pyridoxine Hydrochloride + Riboflavin + Vitamin B1 + Zinc,50 mg + 20 mg + 2 mg + 2 mg + 5 mg + 10 mg/5 ml,AMBIGUOUS,AMBIGUOUS_SHARED_DENOMINATOR
SRCR-08849ea07fcd3bd19eac2fda,REGISTERED,27498,Cyanocobalamin + Pyridoxine Hydrochloride + Vitamin B1,1 mg + 100 mg + 100 mg/3 ml,AMBIGUOUS,AMBIGUOUS_SHARED_DENOMINATOR
SRCR-a6553fe0e5276ef5df6f8806,REGISTERED,27499,Glycerine + Liquid Sugar,.75 ml + 1.93 ml/5 ml,AMBIGUOUS,AMBIGUOUS_SHARED_DENOMINATOR
SRCR-b24878f7479537867e9efab5,REGISTERED,27500,Butaphosphan + Cyanocobalamin,10 gm + 5 mg/100 ml,AMBIGUOUS,AMBIGUOUS_SHARED_DENOMINATOR
SRCR-24f9ebf1cf8ca79d9186ea78,REGISTERED,27528,Ascorbic Acid + Cod Liver Oil + Nicotinamide + Pyridoxine Hydrochloride + Riboflavin + Vitamin A + Vitamin B1 + Vitamin D3 + Vitamin E,17.5 mg + 100 mg + 9 mg + .35 mg + .85 mg + 2000 IU + .7 mg + 200 IU + 1.5 mg/5 ml,AMBIGUOUS,AMBIGUOUS_SHARED_DENOMINATOR
SRCR-0c3097ceabcc4a33e1eab272,REGISTERED,27549,Cinchocaine Hydrochloride + Esculin + Hydrocortisone + Neomycin Sulphate,500 mg + 1 gm + 500 mg + 1 gm/100 gm,AMBIGUOUS,AMBIGUOUS_SHARED_DENOMINATOR
SRCR-b5d57fdb7e29eb69aa310043,REGISTERED,27605,Lidocaine + Prilocaine,2.5 gm + 2.5 gm/100 gm,AMBIGUOUS,AMBIGUOUS_SHARED_DENOMINATOR
SRCR-e5b6fd83c9f09227c6007f70,REGISTERED,27606,Chlorhexidine Gluconate + Lidocaine Hydrochloride,250 mg + 2 gm/100 gm,AMBIGUOUS,AMBIGUOUS_SHARED_DENOMINATOR
SRCR-c14eec328a6652f964f07384,REGISTERED,27619,Nicotinamide + Pyridoxine Hydrochloride + Riboflavin + Vitamin B1 + Zinc,400 mg + 40 mg + 50 mg + 100 mg + 200 mg/100 ml,AMBIGUOUS,AMBIGUOUS_SHARED_DENOMINATOR
SRCR-5b022203823b7bf83ba1d8f0,REGISTERED,27627,Cyanocobalamin + Toldimfos Sodium,5 mg + 20 gm/100 ml,AMBIGUOUS,AMBIGUOUS_SHARED_DENOMINATOR
SRCR-9ea7926d1d36777f146e846b,REGISTERED,27632,Dextrose Anhydrous + Potassium Chloride + Sodium Chloride + Trisodium Citrate,10 gm + 750 gm + 1.75 gm + 1.45 gm/500 ml,AMBIGUOUS,AMBIGUOUS_SHARED_DENOMINATOR
SRCR-33480f6081da806265c29d33,REGISTERED,27650,Bupivacaine + Dextrose,20 mg + 320 mg/4 ml,AMBIGUOUS,AMBIGUOUS_SHARED_DENOMINATOR
SRCR-1a6caf9b033b3848ba3c87c2,REGISTERED,27758,Piperacillin + Tazobactam,2 gm + 250 mg/vial,AMBIGUOUS,AMBIGUOUS_SHARED_DENOMINATOR
SRCR-db78a3aa1cd45878203a71ff,REGISTERED,27793,Clorsulon + Ivermectin,500 mg + 50 mg/5 ml,AMBIGUOUS,AMBIGUOUS_SHARED_DENOMINATOR
SRCR-65835f3f23e5bf60c611d6f1,REGISTERED,27827,Glycerine + Hydroxy Ethyl Cellulose,1.3 gm + 1 gm/50 gm,AMBIGUOUS,AMBIGUOUS_SHARED_DENOMINATOR
SRCR-18ee82f015e8d9bb050b4e2d,REGISTERED,27836,Dexamethasone Sodium Phosphate + Prednisolone,400 mg + 2000 mg/100 ml,AMBIGUOUS,AMBIGUOUS_SHARED_DENOMINATOR
SRCR-6ebf371a72beef02518debaf,REGISTERED,27878,Dextromethorphan Hydrobromide + Phenylephrine Hydrochloride + Triprolidine Hydrochloride,400 mg + 200 mg + 50 mg/100 ml,AMBIGUOUS,AMBIGUOUS_SHARED_DENOMINATOR
SRCR-00f7ea90e70f676d9d3edd7c,REGISTERED,27921,Dextromethorphan Hydrobromide + Diphenhydramine Hydrochloride + Levomenthol,130 mg + 280 mg + 40 mg/100 ml,AMBIGUOUS,AMBIGUOUS_SHARED_DENOMINATOR
SRCR-d1e985bf5f53333157d517ab,REGISTERED,27922,Potassium Bicarbonate + Sodium Alginate,100 mg + 500 mg/5 ml,AMBIGUOUS,AMBIGUOUS_SHARED_DENOMINATOR
SRCR-c04db7df334da0ce5bc7f416,REGISTERED,27942,Econazole Nitrate + Triamcinolone Acetonide,1 gm + 100 mg/100 gm,AMBIGUOUS,AMBIGUOUS_SHARED_DENOMINATOR
SRCR-65f519282461f407fff417be,REGISTERED,27945,Clobetasol Propionate + Neomycin Sulphate + Nystatin,50 mg + 500 mg + 100 Lac IU/100 gm,AMBIGUOUS,AMBIGUOUS_SHARED_DENOMINATOR
SRCR-98b719a43ec5f400b452536e,REGISTERED,28023,Sodium Selenate + Vitamin E,.5 mg + 50 mg/ml,AMBIGUOUS,AMBIGUOUS_SHARED_DENOMINATOR
SRCR-d28549432ef39223a8e6bb70,REGISTERED,28024,Sodium Selenate + Vitamin E,15 mg + 1.5 gm/30 ml,AMBIGUOUS,AMBIGUOUS_SHARED_DENOMINATOR
SRCR-4fad1163804fcf56d27e732b,REGISTERED,28076,Liquid Paraffin + Magnesium Hydroxide,25 ml + 6 gm/100 ml,AMBIGUOUS,AMBIGUOUS_SHARED_DENOMINATOR
SRCR-c1540c3f52585d4bf49d6c0f,REGISTERED,28117,Benzathine Penicillin,12 Lac Unit/vial,FAILED,UNSUPPORTED_STRENGTH_PATTERN
SRCR-84c34cd9b3ce09d2b97de2b2,REGISTERED,28124,Benzylpenicillin + Procaine Penicillin + Streptomycin,5 Lac IU + 15 Lac IU + 2.5 gm/vial,AMBIGUOUS,AMBIGUOUS_SHARED_DENOMINATOR
SRCR-14d88a0bbaec960b78b50699,REGISTERED,28132,Piperacillin + Tazobactam,4 gm + .5 gm/vial,AMBIGUOUS,AMBIGUOUS_SHARED_DENOMINATOR
SRCR-cb22f9fbda6352c89ca2431d,REGISTERED,28147,Cefuroxime + Clavulanic Acid,125 mg + 31.25 mg/5 ml,AMBIGUOUS,AMBIGUOUS_SHARED_DENOMINATOR
SRCR-8134be368c46b2274f5df4a7,REGISTERED,28239,Testosterone Decanoate + Testosterone Isocaproate + Testosterone Phenyl propionate + Testosterone Propionate,100 mg + 60 mg + 60 mg + 30 mg/ml,AMBIGUOUS,AMBIGUOUS_SHARED_DENOMINATOR
SRCR-aadfd7d3d8f2a94508df0ca1,REGISTERED,28308,Fluticasone Propionate + Salmeterol,250 mcg + 25 mcg/Metered Inhalation,AMBIGUOUS,AMBIGUOUS_SHARED_DENOMINATOR
SRCR-030dedc4058efc5c1b6766b6,REGISTERED,28309,Fluticasone Propionate + Salmeterol,125 mcg + 25 mcg/Metered Inhalation,AMBIGUOUS,AMBIGUOUS_SHARED_DENOMINATOR
SRCR-8e1206aac85ff16998964b73,REGISTERED,28320,Ipratropium Bromide + Salbutamol,20 mcg + 100 mcg/Metered Inhalation,AMBIGUOUS,AMBIGUOUS_SHARED_DENOMINATOR
SRCR-63cee2c3a5e3c85dbdeb2f1d,REGISTERED,28326,Budesonide + Formoterol Fumarate,80 mcg + 4.5 mcg/Puff,AMBIGUOUS,AMBIGUOUS_SHARED_DENOMINATOR
SRCR-bf65668a1ebb71f673059c4f,REGISTERED,28327,Budesonide + Formoterol Fumarate,160 mcg + 4.5 mcg/Puff,AMBIGUOUS,AMBIGUOUS_SHARED_DENOMINATOR
SRCR-75959f6b0b3fc117a09dab7f,REGISTERED,28332,Fluticasone Propionate + Salmeterol,50 mcg + 25 mcg/Metered Inhalation,AMBIGUOUS,AMBIGUOUS_SHARED_DENOMINATOR
SRCR-7eae8bd5a1eeee789521db32,REGISTERED,28370,Econazole Nitrate + Triamcinolone Acetonide,1 gm + 100 mg/100 gm,AMBIGUOUS,AMBIGUOUS_SHARED_DENOMINATOR
SRCR-9d692e3ce9b778093dcf4344,REGISTERED,28395,Bacitracin Zinc + Neomycin Sulphate,500 IU + 5 mg/gm,AMBIGUOUS,AMBIGUOUS_SHARED_DENOMINATOR
SRCR-6868c14249f80b9c66aa0476,REGISTERED,28404,Dextrose Anhydrous + Potassium Chloride + Sodium Chloride + Trisodium Citrate,10 gm + 750 gm + 1.75 gm + 1.45 gm/500 ml,AMBIGUOUS,AMBIGUOUS_SHARED_DENOMINATOR
SRCR-b30e8b20a925636ffa2b9088,REGISTERED,28405,Dextrose Anhydrous + Fructose + Potassium Chloride + Sodium Bicarbonate + Sodium Chloride + Sucrose,4.09 gm + 70 mg + 380 mg + 420 mg + 440 mg + 8.07 gm/250 ml,AMBIGUOUS,AMBIGUOUS_SHARED_DENOMINATOR
SRCR-8628b77a9a68d8af7154f8b4,REGISTERED,28406,Dextrose Anhydrous + Fructose + Potassium Chloride + Sodium Bicarbonate + Sodium Chloride + Sucrose,4.09 gm + 70 mg + 380 mg + 420 mg + 440 mg + 8.07 gm/250 ml,AMBIGUOUS,AMBIGUOUS_SHARED_DENOMINATOR
SRCR-e142a4fab667fc436e51e585,REGISTERED,28412,Aluminium Oxide + Magnesium Hydroxide,200 mg + 125 mg/5 ml,AMBIGUOUS,AMBIGUOUS_SHARED_DENOMINATOR
SRCR-770dc881399bb7d6f9e194ae,REGISTERED,28413,Aluminium Oxide + Magnesium Hydroxide,175 mg + 225 mg/5 ml,AMBIGUOUS,AMBIGUOUS_SHARED_DENOMINATOR
SRCR-45bc6f7f1a2b69a505786dba,REGISTERED,28419,Sulphamethoxazole + Trimethoprim,200 mg + 40 mg/5 ml,AMBIGUOUS,AMBIGUOUS_SHARED_DENOMINATOR
SRCR-10cb8d70e1566532240cbd3a,REGISTERED,28429,Nicotinamide + Pantothenic acid + Pyridoxine Hydrochloride + Riboflavin + Vitamin A + Vitamin B1 + Vitamin C + Vitamin D,10 mg + 5 mg + 1 mg + 1 mg + 5000 IU + 1.6 mg + 50 mg + 1000 IU/ml,AMBIGUOUS,AMBIGUOUS_SHARED_DENOMINATOR
SRCR-819493c90302694946d6e661,REGISTERED,28432,Nicotinamide + Pyridoxine Hydrochloride + Riboflavin + Vitamin B1,20 mg + 2 mg + 2 mg + 5 mg/5 ml,AMBIGUOUS,AMBIGUOUS_SHARED_DENOMINATOR
SRCR-de176f7710127de4f9a4d072,REGISTERED,28439,Nystatin,1 Lac Unit/ml,FAILED,UNSUPPORTED_STRENGTH_PATTERN
SRCR-32a5270025ecd140fa25f63c,REGISTERED,28455,Diclofenac + Lidocaine Hydrochloride,75 mg + 20 mg/2 ml,AMBIGUOUS,AMBIGUOUS_SHARED_DENOMINATOR
SRCR-9b450b95b0ad5b8ea64cb57c,REGISTERED,28456,Nystatin,1 Lac Unit,FAILED,UNSUPPORTED_STRENGTH_PATTERN
SRCR-56ac34e75af66397d25d29fb,REGISTERED,28490,Elemental Iron + Nicotinamide + Pyridoxine Hydrochloride + Riboflavin + Vitamin B1 + Zinc,50 mg + 20 mg + 2 mg + 2 mg + 5 mg + 10 mg/5 ml,AMBIGUOUS,AMBIGUOUS_SHARED_DENOMINATOR
SRCR-d26e8e0ee253b4a7b903d951,REGISTERED,28495,Cyanocobalamin + Pyridoxine Hydrochloride + Vitamin B1,1 mg + 100 mg + 100 mg/3 ml,AMBIGUOUS,AMBIGUOUS_SHARED_DENOMINATOR
SRCR-6c1f111cf55f68240f9e88ce,REGISTERED,28502,Dextrose Anhydrous + Potassium Chloride + Sodium Chloride + Trisodium Citrate,6.75 gm + 750 mg + 1.3 gm + 1.45 gm/500 ml,AMBIGUOUS,AMBIGUOUS_SHARED_DENOMINATOR
SRCR-4cd51578ac621eccca08ec2a,REGISTERED,28505,Aluminium Oxide + Magnesium Hydroxide + Simethicone,200 mg + 400 mg + 30 mg/5 ml,AMBIGUOUS,AMBIGUOUS_SHARED_DENOMINATOR
SRCR-679816c3794096a07634c9cc,REGISTERED,28512,Chloramphenicol + Dexamethasone,5 mg + 1 mg/ml,AMBIGUOUS,AMBIGUOUS_SHARED_DENOMINATOR
SRCR-c66d17ca459aade64c778f9f,REGISTERED,28541,Ascorbic Acid + Cod Liver Oil + Nicotinamide + Pyridoxine Hydrochloride + Riboflavin + Vitamin A + Vitamin B1 + Vitamin D3 + Vitamin E,17.5 mg + 100 mg + 9 mg + .35 mg + .85 mg + 2000 IU + .7 mg + 200 IU + 1.5 mg/5 ml,AMBIGUOUS,AMBIGUOUS_SHARED_DENOMINATOR
SRCR-da185a4af7d06efa8113082c,REGISTERED,28554,Cefuroxime + Clavulanic Acid,125 mg + 31.25 mg/5 ml,AMBIGUOUS,AMBIGUOUS_SHARED_DENOMINATOR
SRCR-5003390357156f950128de31,REGISTERED,28572,Clobetasol Propionate + Salicylic Acid,.05 gm + 3 gm/100 gm,AMBIGUOUS,AMBIGUOUS_SHARED_DENOMINATOR
SRCR-2336fbd4cd967175d24a73b6,REGISTERED,28607,Benzoic Acid + Salicylic Acid,60 mg + 30 mg/gm,AMBIGUOUS,AMBIGUOUS_SHARED_DENOMINATOR
SRCR-f57c885f9b0d1a5b6e74bce1,REGISTERED,28611,Nicotinamide + Pyridoxine Hydrochloride + Riboflavin + Vitamin B1,20 mg + 2 mg + 2 mg + 5 mg/5 ml,AMBIGUOUS,AMBIGUOUS_SHARED_DENOMINATOR
SRCR-eadfca0267b0a4a576394a1f,REGISTERED,28612,Aluminium Oxide + Magnesium Hydroxide,175 mg + 225 mg/5 ml,AMBIGUOUS,AMBIGUOUS_SHARED_DENOMINATOR
SRCR-29333359872e7b64c85b371f,REGISTERED,28642,Sulphamethoxazole + Trimethoprim,200 mg + 40 mg/5 ml,AMBIGUOUS,AMBIGUOUS_SHARED_DENOMINATOR
SRCR-fe7924e3451ba2fe583fc4cd,REGISTERED,28666,Nicotinamide + Pyridoxine Hydrochloride + Riboflavin + Vitamin B1,20 mg + 2 mg + 2 mg + 5 mg/5 ml,AMBIGUOUS,AMBIGUOUS_SHARED_DENOMINATOR
SRCR-0eaefaf0e062b1cba7f4664f,REGISTERED,28668,Sulphamethoxazole + Trimethoprim,200 mg + 40 mg/5 ml,AMBIGUOUS,AMBIGUOUS_SHARED_DENOMINATOR
SRCR-490282114c9d8a9e82ef7d9c,REGISTERED,28700,Ascorbic Acid + Cod Liver Oil + Nicotinamide + Pyridoxine Hydrochloride + Riboflavin + Vitamin A + Vitamin B1 + Vitamin D3 + Vitamin E,17.5 mg + 100 mg + 9 mg + .35 mg + .85 mg + 2000 IU + .7 mg + 200 IU + 1.5 mg/5 ml,AMBIGUOUS,AMBIGUOUS_SHARED_DENOMINATOR
SRCR-9c66785872675849c997181a,REGISTERED,28706,Menthol + Methyl Salicylate,8 gm + 30 gm/100 gm,AMBIGUOUS,AMBIGUOUS_SHARED_DENOMINATOR
SRCR-72ff5fc8d1b73cb062fda0bc,REGISTERED,28714,Hydrocortisone + Miconazole Nitrate,1 gm + 2 gm/100 gm,AMBIGUOUS,AMBIGUOUS_SHARED_DENOMINATOR
SRCR-409e028b4eae47e836da7cbc,REGISTERED,28746,Econazole Nitrate + Triamcinolone Acetonide,1 gm + 100 mg/100 gm,AMBIGUOUS,AMBIGUOUS_SHARED_DENOMINATOR
SRCR-84d50c9fb729697b402e1e77,REGISTERED,28747,Betamethasone + Fusidic Acid,100 mg + 2 gm/100 gm,AMBIGUOUS,AMBIGUOUS_SHARED_DENOMINATOR
SRCR-0d204e825a9549ea29e2d705,REGISTERED,28775,Camphor + Menthol + Methyl Salicylate,4 gm + 10 gm + 30 gm/100 gm,AMBIGUOUS,AMBIGUOUS_SHARED_DENOMINATOR
SRCR-c0a85130665996583993233a,REGISTERED,28783,Liquid Paraffin + Magnesium Hydroxide,1.25 ml + 300 mg/5 ml,AMBIGUOUS,AMBIGUOUS_SHARED_DENOMINATOR
SRCR-a6f35f00a8d06c65115c5d0c,REGISTERED,28793,Potassium Bicarbonate + Sodium Alginate,100 mg + 500 mg/5 ml,AMBIGUOUS,AMBIGUOUS_SHARED_DENOMINATOR
SRCR-04bf4d1dc26a96dbdd341c97,REGISTERED,28804,Oxytetracycline + Polymixin B Sulphate,500 mg + 1 Lac IU/100 gm,AMBIGUOUS,AMBIGUOUS_SHARED_DENOMINATOR
SRCR-5094ef1293767be54d6c032e,REGISTERED,28807,Cefuroxime + Clavulanic Acid,125 mg + 31.25 mg/5 ml,AMBIGUOUS,AMBIGUOUS_SHARED_DENOMINATOR
SRCR-24ae0cbd550ab9a59c884c05,REGISTERED,28831,Benzoic Acid + Salicylic Acid,60 mg + 30 mg/gm,AMBIGUOUS,AMBIGUOUS_SHARED_DENOMINATOR
SRCR-5734107dcdf7f19b6ed034a3,REGISTERED,28834,Benzocaine + Oxytetracycline + Polymixin B Sulphate,250 mg + 25 mg + 50000 IU/100 ml,AMBIGUOUS,AMBIGUOUS_SHARED_DENOMINATOR
SRCR-e0647ee11b40e4d79e65694f,REGISTERED,28846,Sulphamethoxazole + Trimethoprim,200 mg + 40 mg/5 ml,AMBIGUOUS,AMBIGUOUS_SHARED_DENOMINATOR
SRCR-362cb552872e52e4cef5e9db,REGISTERED,28861,Fluocinolone + Hydroquinone + Tretinoin,.01 gm + 4 gm + .05 gm/100 gm,AMBIGUOUS,AMBIGUOUS_SHARED_DENOMINATOR
SRCR-58de7f8350585f337efcebcc,REGISTERED,28867,Dextromethorphan Hydrobromide + Phenylephrine Hydrochloride + Triprolidine Hydrochloride,400 mg + 200 mg + 50 mg/100 ml,AMBIGUOUS,AMBIGUOUS_SHARED_DENOMINATOR
SRCR-86560163fce8188f57a8e8e9,REGISTERED,28871,Glycerol + Hydrogen Peroxide Solution + Isopropyl Alcohol,1.45 ml + 4.17 ml + 75 ml/100 ml,AMBIGUOUS,AMBIGUOUS_SHARED_DENOMINATOR
SRCR-7e20d235898ed050733fb91b,REGISTERED,28872,Cetrimide + Chlorhexidine Gluconate,3 gm + 300 mg/100 ml,AMBIGUOUS,AMBIGUOUS_SHARED_DENOMINATOR
SRCR-21219aa328890c98672727e0,REGISTERED,28873,Cetrimide + Chlorhexidine Hydrochloride,500 mg + 100 mg/100 gm,AMBIGUOUS,AMBIGUOUS_SHARED_DENOMINATOR
SRCR-b9fb2e490f27e4072ad0d391,REGISTERED,28875,Nicotinamide + Pyridoxine Hydrochloride + Riboflavin + Vitamin B1,20 mg + 2 mg + 2 mg + 5 mg/5 ml,AMBIGUOUS,AMBIGUOUS_SHARED_DENOMINATOR
SRCR-609c62c11b34fc4c6f384a54,REGISTERED,28876,Niacinamide + Pyridoxine Hydrochloride + Riboflavin + Thiamine Hydrochloride + Zinc,400 mg + 40 mg + 40 mg + 100 mg + 200 mg/100 ml,AMBIGUOUS,AMBIGUOUS_SHARED_DENOMINATOR
SRCR-1838c7aa3cdf29efb57da8f7,REGISTERED,28897,Ammonium Bicarbonate + Gentian + Ginger + Nux vomica + Sodium Bicarbonate,25 gm + 1.5 gm + 1.5 gm + 7 gm + 65 gm/100 gm,AMBIGUOUS,AMBIGUOUS_SHARED_DENOMINATOR
SRCR-b712f66ef3d4be86ac89d1df,REGISTERED,28898,Calcium Propionate + Cobalt Carbonate + DL-Methionine + Gentian + Pyridoxine Hydrochloride + Silicon Dioxide,500 gm + 100 mg + 40 gm + 80 gm + 380 mg + 12.5 gm/KG,AMBIGUOUS,AMBIGUOUS_SHARED_DENOMINATOR
SRCR-e15f63af18ba922279f13019,REGISTERED,28899,Sulphadiazine + Trimethoprim,40 gm + 8 gm/100 ml,AMBIGUOUS,AMBIGUOUS_SHARED_DENOMINATOR
SRCR-930265efdb997aca46375381,REGISTERED,28920,Clorsulon + Ivermectin,500 mg + 50 mg/5 ml,AMBIGUOUS,AMBIGUOUS_SHARED_DENOMINATOR
SRCR-eaab25f9cc15078c8d99db88,REGISTERED,28939,Vitamin A + Vitamin D3 + Vitamin E,500 Lac IU + 75 Lac IU + 5000 mg/100 ml,AMBIGUOUS,AMBIGUOUS_SHARED_DENOMINATOR
SRCR-2be0259c0098622b13fc86ac,REGISTERED,28940,Cobalt Gluconate + Copper Gluconate + Cyanocobalamin + D-Pantothenol + Ferric Ammonium Citrate + Nicotinamide + Pyridoxine Hydrochloride + Riboflavine-5-Phosphate + Vitamin B1,7 mg + 2 mg + 1.2 mg + 200 mg + 150 mg + 1000 mg + 50 mg + 20 mg + 750 mg/10 ml,AMBIGUOUS,AMBIGUOUS_SHARED_DENOMINATOR
SRCR-47d735bc822da3f24d7922d8,REGISTERED,28942,Meloxicam + Paracetamol,200 mg + 1.5 gm/10 ml,AMBIGUOUS,AMBIGUOUS_SHARED_DENOMINATOR
SRCR-ff8b02b86726d48694fd9da1,REGISTERED,28949,Bromhexine Hydrochloride + Phenylbutazone,1 gm + 5 gm/100 ml,AMBIGUOUS,AMBIGUOUS_SHARED_DENOMINATOR
SRCR-663bdddbab6f7f73d1567645,REGISTERED,28955,Cyanocobalamin + Nicotinamide + Pyridoxine Hydrochloride + Riboflavin + Vitamin B1,5 mg + 5 gm + 500 mg + 150 mg + 2.5 gm/100 ml,AMBIGUOUS,AMBIGUOUS_SHARED_DENOMINATOR
SRCR-4b7643b5e7f0fd3b418dd04d,REGISTERED,28956,Bromhexine Hydrochloride + Doxycycline + Tylosin Tartrate,2 gm + 20 gm + 10 gm/100 gm,AMBIGUOUS,AMBIGUOUS_SHARED_DENOMINATOR
SRCR-71f0936e829700c33d15d293,REGISTERED,28967,Nystatin,1 Lac Unit/ml,FAILED,UNSUPPORTED_STRENGTH_PATTERN
SRCR-f6f1cca2852de5c190a5b7fd,REGISTERED,28974,Nicotinamide + Pantothenic acid + Pyridoxine Hydrochloride + Riboflavin + Vitamin A + Vitamin B1 + Vitamin C + Vitamin D,10 mg + 5 mg + 1 mg + 1 mg + 5000 IU + 1.6 mg + 50 mg + 1000 IU/ml,AMBIGUOUS,AMBIGUOUS_SHARED_DENOMINATOR
SRCR-f6b6a4a81a66dc94b4ecbb67,REGISTERED,28980,Aluminium Oxide + Magnesium Hydroxide,200 mg + 225 mg/5 ml,AMBIGUOUS,AMBIGUOUS_SHARED_DENOMINATOR
SRCR-08bb9c5ae7e6cfe58a09e48b,REGISTERED,28994,Nicotinamide + Pyridoxine Hydrochloride + Riboflavin + Vitamin B1,20 mg + 2 mg + 2 mg + 5 mg/5 ml,AMBIGUOUS,AMBIGUOUS_SHARED_DENOMINATOR
SRCR-9ffa53d8b82ab64132802f49,REGISTERED,29014,Ascorbic Acid + Cod Liver Oil + Nicotinamide + Pyridoxine Hydrochloride + Riboflavin + Vitamin A + Vitamin B1 + Vitamin D3 + Vitamin E,17.5 mg + 100 mg + 9 mg + .35 mg + .85 mg + 2000 IU + .7 mg + 200 IU + 1.5 mg/5 ml,AMBIGUOUS,AMBIGUOUS_SHARED_DENOMINATOR
SRCR-104d9ae64bd7a760c93ac176,REGISTERED,29036,Cefuroxime + Clavulanic Acid,125 mg + 31.25 mg/5 ml,AMBIGUOUS,AMBIGUOUS_SHARED_DENOMINATOR
SRCR-4811bf7d753bab38f052b83e,REGISTERED,29118,Sulphamethoxazole + Trimethoprim,200 mg + 40 mg/5 ml,AMBIGUOUS,AMBIGUOUS_SHARED_DENOMINATOR
SRCR-d7de5989adc1e80c1b923bc1,REGISTERED,29139,Nicotinamide + Pyridoxine Hydrochloride + Riboflavin + Vitamin B1,20 mg + 2 mg + 2 mg + 5 mg/5 ml,AMBIGUOUS,AMBIGUOUS_SHARED_DENOMINATOR
SRCR-9321b153ce3967758b785ea3,REGISTERED,29168,Nicotinamide + Pyridoxine Hydrochloride + Riboflavin + Vitamin B1 + Zinc,20 mg + 2 mg + 2 mg + 5 mg + 10 mg/5 ml,AMBIGUOUS,AMBIGUOUS_SHARED_DENOMINATOR
SRCR-9b21c96355ec610a06747219,REGISTERED,29186,Ascorbic Acid + Cod Liver Oil + Nicotinamide + Pyridoxine Hydrochloride + Riboflavin + Vitamin A + Vitamin B1 + Vitamin D3 + Vitamin E,17.5 mg + 100 mg + 9 mg + .35 mg + .85 mg + 2000 IU + .7 mg + 200 IU + 1.5 mg/5 ml,AMBIGUOUS,AMBIGUOUS_SHARED_DENOMINATOR
SRCR-98eb782304f06db66888f93c,REGISTERED,29227,Dextromethorphan Hydrobromide + Diphenhydramine Hydrochloride + Levomenthol,130 mg + 280 mg + 40 mg/100 ml,AMBIGUOUS,AMBIGUOUS_SHARED_DENOMINATOR
SRCR-e6b7f916d391124dc23bd936,REGISTERED,29228,Diphenhydramine Hydrochloride + Guaiphenesin + Levomenthol,280 mg + 2000 mg + 22 mg/100 ml,AMBIGUOUS,AMBIGUOUS_SHARED_DENOMINATOR
SRCR-c594180a2838feee3ea25b24,REGISTERED,29229,Calcium Carbonate + Sodium Alginate + Sodium Bicarbonate,1.6 gm + 5 gm + 2.6 gm/100 ml,AMBIGUOUS,AMBIGUOUS_SHARED_DENOMINATOR
SRCR-e850f9b59317d66f07df8344,REGISTERED,29235,Dextrose Anhydrous + Potassium Chloride + Sodium Chloride + Trisodium Citrate,10 gm + 750 gm + 1.75 gm + 1.45 gm/500 ml,AMBIGUOUS,AMBIGUOUS_SHARED_DENOMINATOR
SRCR-4606baabd2b930981f0f4377,REGISTERED,29236,Dextrose Anhydrous + Potassium Chloride + Sodium Chloride + Trisodium Citrate,6.75 gm + 750 mg + 1.3 gm + 1.45 gm/500 ml,AMBIGUOUS,AMBIGUOUS_SHARED_DENOMINATOR
SRCR-e1270dc682b763d80b1eaf95,REGISTERED,29237,Dextrose Anhydrous + Fructose + Potassium Chloride + Sodium Bicarbonate + Sodium Chloride + Sucrose,4.09 gm + 70 mg + 380 mg + 420 mg + 440 mg + 8.07 gm/250 ml,AMBIGUOUS,AMBIGUOUS_SHARED_DENOMINATOR
SRCR-dca9a4dd997859de1a6305b2,REGISTERED,29305,Aluminium Oxide + Magnesium Hydroxide,175 mg + 225 mg/5 ml,AMBIGUOUS,AMBIGUOUS_SHARED_DENOMINATOR
SRCR-aec105e79379e5cabd91771d,REGISTERED,29310,Nicotinamide + Pyridoxine Hydrochloride + Riboflavin + Vitamin B1,20 mg + 2 mg + 2 mg + 5 mg/5 ml,AMBIGUOUS,AMBIGUOUS_SHARED_DENOMINATOR
SRCR-6538eba0b9e9d9806be5a2b1,REGISTERED,29350,Nicotinamide + Pantothenic acid + Pyridoxine Hydrochloride + Riboflavin + Vitamin A + Vitamin B1 + Vitamin C + Vitamin D,10 mg + 5 mg + 1 mg + 1 mg + 5000 IU + 1.6 mg + 50 mg + 1000 IU/ml,AMBIGUOUS,AMBIGUOUS_SHARED_DENOMINATOR
SRCR-b2db7b6d14d304a4ad1964fd,REGISTERED,29351,Nystatin,1 Lac Unit/ml,FAILED,UNSUPPORTED_STRENGTH_PATTERN
SRCR-75476697c5bb636f7ca4e182,REGISTERED,29364,Sulphamethoxazole + Trimethoprim,200 mg + 40 mg/5 ml,AMBIGUOUS,AMBIGUOUS_SHARED_DENOMINATOR
SRCR-a966a30f74564533fb53066c,REGISTERED,29372,Bacitracin Zinc + Neomycin Sulphate,250 IU + 5 mg/gm,AMBIGUOUS,AMBIGUOUS_SHARED_DENOMINATOR
SRCR-970f3f46639f8c72bda73f78,REGISTERED,29423,Elemental Iron + Nicotinamide + Pyridoxine Hydrochloride + Riboflavin + Vitamin B1 + Zinc,50 mg + 20 mg + 2 mg + 2 mg + 5 mg + 10 mg/5 ml,AMBIGUOUS,AMBIGUOUS_SHARED_DENOMINATOR
SRCR-dc115cbac2cfdee87d4256e3,REGISTERED,29436,Ascorbic Acid + Cod Liver Oil + Nicotinamide + Pyridoxine Hydrochloride + Riboflavin + Vitamin A + Vitamin B1 + Vitamin D3 + Vitamin E,17.5 mg + 100 mg + 9 mg + .35 mg + .85 mg + 2000 IU + .7 mg + 200 IU + 1.5 mg/5 ml,AMBIGUOUS,AMBIGUOUS_SHARED_DENOMINATOR
SRCR-efaf1a37c22635ae1730377e,REGISTERED,29456,Nicotinamide + Pyridoxine Hydrochloride + Riboflavin + Vitamin B1 + Zinc,400 mg + 40 mg + 50 mg + 100 mg + 200 mg/100 ml,AMBIGUOUS,AMBIGUOUS_SHARED_DENOMINATOR
SRCR-9ea29f32259639b9d34638df,REGISTERED,29484,Cefuroxime + Clavulanic Acid,125 mg + 31.25 mg/5 ml,AMBIGUOUS,AMBIGUOUS_SHARED_DENOMINATOR
SRCR-a5c07176c2eed3acfcdce74d,REGISTERED,29513,Ethyl Alcohol + Isopropyl Alcohol,66 ml + 3.5 ml/100 ml,AMBIGUOUS,AMBIGUOUS_SHARED_DENOMINATOR
SRCR-2234629e9ee9dcac4be8e070,REGISTERED,29533,Calcium Carbonate + Sodium Alginate + Sodium Bicarbonate,3.25 gm + 5 gm + 2.13 gm/100 ml,AMBIGUOUS,AMBIGUOUS_SHARED_DENOMINATOR
SRCR-3b2c810042d9b8400d7831e9,REGISTERED,29535,Medical Oxygen & Medical Nitrogen,20.4 %,AMBIGUOUS,AMBIGUOUS_INGREDIENT_SEPARATOR
SRCR-9b641793b85637d10bef3f6d,REGISTERED,29537,Medical Oxygen & Medical Nitrogen,20.4 %,AMBIGUOUS,AMBIGUOUS_INGREDIENT_SEPARATOR
SRCR-4f827d04ecc5a4e65a51ccf3,REGISTERED,29682,Dextrose + Sodium Chloride,4.3 gm + 180 mg/100 ml,AMBIGUOUS,AMBIGUOUS_SHARED_DENOMINATOR
SRCR-d5e5aac2fbbb62f27bad2c8c,REGISTERED,29848,Piperacillin + Tazobactam,4 gm + .5 gm/vial,AMBIGUOUS,AMBIGUOUS_SHARED_DENOMINATOR
SRCR-4141550764c4ebc034acd165,REGISTERED,29852,Benzathine Penicillin,12 Lac Unit/vial,FAILED,UNSUPPORTED_STRENGTH_PATTERN
SRCR-3e3ec92ad84f24709f25c57b,REGISTERED,29858,Piperacillin + Tazobactam,2 gm + 250 mg/vial,AMBIGUOUS,AMBIGUOUS_SHARED_DENOMINATOR
SRCR-e485e7c1c73fa71e59b31de2,REGISTERED,29980,Dextran 70 + Hypromellose,100 mg + 300 mg/100 ml,AMBIGUOUS,AMBIGUOUS_SHARED_DENOMINATOR
SRCR-430afd23d1c498ac848555c7,REGISTERED,29988,D-Panthenol + Nicotinamide + Pyridoxine Hydrochloride + Riboflavin + Vitamin B1,5 mg + 100 mg + 10 mg + 4 mg + 50 mg/2 ml,AMBIGUOUS,AMBIGUOUS_SHARED_DENOMINATOR
SRCR-f1a45cbddcc3539a08418c25,REGISTERED,30003,Enoxaprin,80 mg/.8 ml,FAILED,UNSUPPORTED_STRENGTH_PATTERN
SRCR-8858d38a663d4eed9d5882de,REGISTERED,30004,Enoxaprin,60 mg/.6 ml,FAILED,UNSUPPORTED_STRENGTH_PATTERN
SRCR-b342406459c9bdae46f3111f,REGISTERED,30005,Enoxaprin,40 mg/.4 ml,FAILED,UNSUPPORTED_STRENGTH_PATTERN
SRCR-13efef0615177d4f6e7f340c,REGISTERED,30006,Enoxaprin,20 mg/.2 ml,FAILED,UNSUPPORTED_STRENGTH_PATTERN
SRCR-d741e0aa169f5c764b17102d,REGISTERED,30011,Ipratropium Bromide + Salbutamol,500 mcg + 2.5 mg/2.5 ml,AMBIGUOUS,AMBIGUOUS_SHARED_DENOMINATOR
SRCR-1141bfc3b9d4b7a756943e6a,REGISTERED,30016,Fluticasone Propionate + Salmeterol,50 mcg + 25 mcg/Metered Inhalation,AMBIGUOUS,AMBIGUOUS_SHARED_DENOMINATOR
SRCR-0c64fdd786963363cc7a8247,REGISTERED,30017,Fluticasone Propionate + Salmeterol,125 mcg + 25 mcg/Metered Inhalation,AMBIGUOUS,AMBIGUOUS_SHARED_DENOMINATOR
SRCR-a45e96ad239255ee2277482e,REGISTERED,30018,Fluticasone Propionate + Salmeterol,250 mcg + 25 mcg/Metered Inhalation,AMBIGUOUS,AMBIGUOUS_SHARED_DENOMINATOR
SRCR-a2c5d262ed945b0f6ee0bb5f,REGISTERED,30020,Ipratropium Bromide + Salbutamol,20 mcg + 100 mcg/Metered Inhalation,AMBIGUOUS,AMBIGUOUS_SHARED_DENOMINATOR
SRCR-e7c10398cc2b70625fde3616,REGISTERED,30026,Polyethylene Glycol 400 + Propylene Glycol,400 mg + 300 mg/100 ml,AMBIGUOUS,AMBIGUOUS_SHARED_DENOMINATOR
SRCR-48e9fb8c6eec5988d1d6ab15,REGISTERED,30035,Filgrastim,30 MIU/.5 ml,FAILED,UNSUPPORTED_STRENGTH_PATTERN
SRCR-1975044312b391673d9804e4,REGISTERED,30036,Erythropoietin,2000 IU/.5 ml,FAILED,UNSUPPORTED_STRENGTH_PATTERN
SRCR-fb7af1f10c475c6ee87b6b92,REGISTERED,30037,Erythropoietin,3000 IU/.75 ml,FAILED,UNSUPPORTED_STRENGTH_PATTERN
SRCR-102953c1dea33ea5b5a00709,REGISTERED,30038,Erythropoietin,5000 IU/.5 ml,FAILED,UNSUPPORTED_STRENGTH_PATTERN
SRCR-9e7c269f9a530a16a0a86ffd,REGISTERED,30045,Brimonidine Tartrate + Timolol Maleate,200 mg + 500 mg/100 ml,AMBIGUOUS,AMBIGUOUS_SHARED_DENOMINATOR
SRCR-3c902ab414996ad1026d205c,REGISTERED,30125,Calcium Chloride + Potassium Chloride + Sodium Chloride + Sodium Lactate,27 mg + 40 mg + 600 mg + 320 mg/100 ml,AMBIGUOUS,AMBIGUOUS_SHARED_DENOMINATOR
SRCR-e2159131f41589b3f364c000,REGISTERED,30126,Dextrose + Sodium Chloride,5 gm + 900 mg/100 ml,AMBIGUOUS,AMBIGUOUS_SHARED_DENOMINATOR
SRCR-27dfdcd6cf5af915636ee643,REGISTERED,30130,Glycerol + Hypromellose + Polyethylene Glycol 400,200 mg + 360 mg + 1 gm/100 ml,AMBIGUOUS,AMBIGUOUS_SHARED_DENOMINATOR
SRCR-f0cb87581b168cbacadb30ea,REGISTERED,30135,Diclofenac + Lidocaine Hydrochloride,75 mg + 20 mg/2 ml,AMBIGUOUS,AMBIGUOUS_SHARED_DENOMINATOR
SRCR-70219319f4db5984d8418379,REGISTERED,30143,Potassium Chloride + Sodium Acetate + Sodium Chloride,100 mg + 650 mg + 500 mg/100 ml,AMBIGUOUS,AMBIGUOUS_SHARED_DENOMINATOR
SRCR-fc6748611d8ca152e5ffb08b,REGISTERED,30149,Dextrose + Sodium Chloride,5 gm + 450 mg/100 ml,AMBIGUOUS,AMBIGUOUS_SHARED_DENOMINATOR
SRCR-21d999a5385b8ae5134d8934,REGISTERED,30150,Dextrose + Sodium Chloride,5 gm + 225 mg/100 ml,AMBIGUOUS,AMBIGUOUS_SHARED_DENOMINATOR
SRCR-ec71b2a5404416c478ffa037,REGISTERED,30155,Sodium Cromoglycate + Xylometazoline Hydrochloride,2.6 mg + 32.5 mg/100 ml,AMBIGUOUS,AMBIGUOUS_SHARED_DENOMINATOR
SRCR-782ef07c6c568a7061da7834,REGISTERED,30172,Cefuroxime + Clavulanic Acid,125 mg + 31.25 mg/5 ml,AMBIGUOUS,AMBIGUOUS_SHARED_DENOMINATOR
SRCR-a01bed9b735ad3929db67337,REGISTERED,30174,Dextrose + Sodium Chloride,5 gm + 180 mg/100 ml,AMBIGUOUS,AMBIGUOUS_SHARED_DENOMINATOR
SRCR-b21bd9b7a77acd0dacb23716,REGISTERED,30182,Bimatoprost + Timolol,300 mcg + 5 mg/ml,AMBIGUOUS,AMBIGUOUS_SHARED_DENOMINATOR
SRCR-ab7b12fc8c55fa26fe945b47,REGISTERED,30185,Sodium Bicarbonate + Sodium Chloride,66 gm + 30.5 gm/Litres,AMBIGUOUS,AMBIGUOUS_SHARED_DENOMINATOR
SRCR-4fb1ba34128c50bfda18fd6f,REGISTERED,30186,Dexamethasone + Moxifloxacin,100 mg + 500 mg/100 ml,AMBIGUOUS,AMBIGUOUS_SHARED_DENOMINATOR
SRCR-fc357418e18e3eb395fc0acd,REGISTERED,30187,Calcium Chloride + Glacial Acetic Acid + Magnessium Chloride + Potassium Chloride + Sodium Chloride,9.74 gm + 8.84 gm + 3.74 gm + 5.5 gm + 161.43 gm/1000 ml,AMBIGUOUS,AMBIGUOUS_SHARED_DENOMINATOR
SRCR-cc23f9650ceea65ee8e5957e,REGISTERED,30209,Ipratropium Bromide + Salbutamol,500 mcg + 2.5 mg/3 ml,AMBIGUOUS,AMBIGUOUS_SHARED_DENOMINATOR
SRCR-042f77b8a23f192be7c1e2ea,REGISTERED,30222,Formoterol Fumarate + Glycopyrronium,4.8 mcg + 9 mcg/Puff,AMBIGUOUS,AMBIGUOUS_SHARED_DENOMINATOR
SRCR-1059351ac30410c8f63144db,REGISTERED,30223,Fondaparinux Sodium,2.5 mg/.5 ml,FAILED,UNSUPPORTED_STRENGTH_PATTERN
SRCR-6ffd574bbce5f50a716ae549,REGISTERED,30230,Darbepoetin,40 mcg/.4 ml,FAILED,UNSUPPORTED_STRENGTH_PATTERN
SRCR-75b22a61b47c1e11a2ac175c,REGISTERED,30231,Darbepoetin,60 mcg/.3 ml,FAILED,UNSUPPORTED_STRENGTH_PATTERN
SRCR-8a947d93b24af4d494291513,REGISTERED,30232,Darbepoetin,100 mcg/.5 ml,FAILED,UNSUPPORTED_STRENGTH_PATTERN
SRCR-ce1b186dca9f5f1e79cb0cfc,REGISTERED,30263,Budesonide + Formoterol Fumarate + Glycopyrronium,160 mcg + 4.8 mcg + 9 mcg/Puff,AMBIGUOUS,AMBIGUOUS_SHARED_DENOMINATOR
SRCR-6b37528370536ce732dc875b,REGISTERED,30285,Dexamethasone + Levofloxacin,100 mg + 500 mg/100 ml,AMBIGUOUS,AMBIGUOUS_SHARED_DENOMINATOR
SRCR-b604f573e1bb82d1c9a072de,REGISTERED,30320,Sodium Cromoglycate + Xylometazoline Hydrochloride,2 gm + 25 mg/100 ml,AMBIGUOUS,AMBIGUOUS_SHARED_DENOMINATOR
SRCR-dc9779b6ee00f5eddc9040eb,REGISTERED,30340,Calcium d-Pantothenate + DL-Methionine + Inositol + Nicotinamide + Vitamin B1 + Vitamin B12 + Vitamin B2 + Vitamin B6,10 mg + 5 mg + 2 mg + 100 mg + 50 mg + 2 mcg + 5 mg + 5 mg/ml,AMBIGUOUS,AMBIGUOUS_SHARED_DENOMINATOR
SRCR-03fcfd6a80a123294fa57183,REGISTERED,30342,Nicotinamide + Pyridoxine Hydrochloride + Riboflavin + Vitamin B1,20 mg + 2 mg + 2 mg + 5 mg/5 ml,AMBIGUOUS,AMBIGUOUS_SHARED_DENOMINATOR
SRCR-b46f3c0b2a6fac2d0eafdb86,REGISTERED,30343,D-Panthenol + Nicotinamide + Pyridoxine Hydrochloride + Riboflavin + Vitamin B1,5 mg + 100 mg + 10 mg + 4 mg + 50 mg/2 ml,AMBIGUOUS,AMBIGUOUS_SHARED_DENOMINATOR
SRCR-47bdf11819a6cf564ba0ce66,REGISTERED,30356,Benzoic Acid + Salicylic Acid,60 mg + 30 mg/gm,AMBIGUOUS,AMBIGUOUS_SHARED_DENOMINATOR
SRCR-9284d7013ddc67dc489cd913,REGISTERED,30357,Benzathine Penicillin,12 Lac Unit/vial,FAILED,UNSUPPORTED_STRENGTH_PATTERN
SRCR-588343253222a2b52577ab2b,REGISTERED,30361,Betamethasone + Neomycin Sulphate,100 mg + 500 mg/100 gm,AMBIGUOUS,AMBIGUOUS_SHARED_DENOMINATOR
SRCR-f065e97332d1f2aaca069066,REGISTERED,30362,Betamethasone + Neomycin Sulphate,100 mg + 500 mg/100 gm,AMBIGUOUS,AMBIGUOUS_SHARED_DENOMINATOR
SRCR-58a6cfa94611933e0b2c6767,REGISTERED,30363,Benzyl Penicillin,40 Lac Unit,FAILED,UNSUPPORTED_STRENGTH_PATTERN
SRCR-3cac2366ef737159eba90231,REGISTERED,30370,Nystatin,1 Lac Unit/ml,FAILED,UNSUPPORTED_STRENGTH_PATTERN
SRCR-92ee37f88f5f2258143193d7,REGISTERED,30371,Nystatin,5 Lac Unit,FAILED,UNSUPPORTED_STRENGTH_PATTERN
SRCR-de5daeadaf7e898588465f00,REGISTERED,30415,Diclofenac + Lidocaine Hydrochloride,75 mg + 20 mg/2 ml,AMBIGUOUS,AMBIGUOUS_SHARED_DENOMINATOR
SRCR-d1d753e814705d334c64376a,REGISTERED,30423,Sulphamethoxazole + Trimethoprim,10 gm + 2 gm/100 ml,AMBIGUOUS,AMBIGUOUS_SHARED_DENOMINATOR
SRCR-85f2b369599dfe2eef94b731,REGISTERED,30426,Sulphamethoxazole + Trimethoprim,200 mg + 40 mg/5 ml,AMBIGUOUS,AMBIGUOUS_SHARED_DENOMINATOR
SRCR-95656befddc97d70977bbeda,REGISTERED,30455,Aluminium Oxide + Magnesium Hydroxide,175 mg + 225 mg/5 ml,AMBIGUOUS,AMBIGUOUS_SHARED_DENOMINATOR
SRCR-e4dcbe23c5e508aba5e80dab,REGISTERED,30457,Aluminium Oxide + Magnesium Hydroxide + Simethicone,200 mg + 400 mg + 30 mg/5 ml,AMBIGUOUS,AMBIGUOUS_SHARED_DENOMINATOR
SRCR-8f1bdaac0fd0903fa5d0feb4,REGISTERED,30461,Cinchocaine Hydrochloride + Esculin + Hydrocortisone + Neomycin Sulphate,500 mg + 1 gm + 500 mg + 1 gm/100 gm,AMBIGUOUS,AMBIGUOUS_SHARED_DENOMINATOR
SRCR-496797d176da154493b5a20e,REGISTERED,30508,Hydrocortisone + Miconazole Nitrate,1 gm + 2 gm/100 gm,AMBIGUOUS,AMBIGUOUS_SHARED_DENOMINATOR
SRCR-379c283b476d758b6d8faac0,REGISTERED,30591,Amoxicillin + Clavulanic Acid,250 mg + 31.25 mg/5 ml,AMBIGUOUS,AMBIGUOUS_SHARED_DENOMINATOR
SRCR-18ec712edcc5e9a1f982f158,REGISTERED,30593,Amoxicillin + Clavulanic Acid,125 mg + 31.25 mg/5 ml,AMBIGUOUS,AMBIGUOUS_SHARED_DENOMINATOR
SRCR-3a128230df647ce51b29258e,REGISTERED,30606,Bacitracin Zinc + Neomycin Sulphate,250 IU + 5 mg/gm,AMBIGUOUS,AMBIGUOUS_SHARED_DENOMINATOR
SRCR-2f583d125023097439e0fe6d,REGISTERED,30607,Bacitracin Zinc + Neomycin Sulphate,500 IU + 5 mg/gm,AMBIGUOUS,AMBIGUOUS_SHARED_DENOMINATOR
SRCR-8f44bdffad84ffdbab63d408,REGISTERED,30608,Bacitracin Zinc + Neomycin Sulphate + Polymixin B Sulphate,400 IU + 3.5 mg + 5000 IU/gm,AMBIGUOUS,AMBIGUOUS_SHARED_DENOMINATOR
SRCR-60a60297f663ecd9913ff330,REGISTERED,30619,Betamethasone + Clotrimazole,50 mg + 1 gm/100 gm,AMBIGUOUS,AMBIGUOUS_SHARED_DENOMINATOR
SRCR-91e3546ce11726b506db3e26,REGISTERED,30629,Nicotinamide + Pantothenic acid + Pyridoxine Hydrochloride + Riboflavin + Vitamin A + Vitamin B1 + Vitamin C + Vitamin D,10 mg + 5 mg + 1 mg + 1 mg + 5000 IU + 1.6 mg + 50 mg + 1000 IU/ml,AMBIGUOUS,AMBIGUOUS_SHARED_DENOMINATOR
SRCR-a461af7bde961c5a5c4372b7,REGISTERED,30666,Dextrose Anhydrous + Potassium Chloride + Sodium Chloride + Trisodium Citrate,10 gm + 750 gm + 1.75 gm + 1.45 gm/500 ml,AMBIGUOUS,AMBIGUOUS_SHARED_DENOMINATOR
SRCR-32e7464bee18ad024fbeadaa,REGISTERED,30684,Cetrimide + Chlorhexidine Gluconate,3 gm + 300 mg/100 ml,AMBIGUOUS,AMBIGUOUS_SHARED_DENOMINATOR
SRCR-7ef691283e3d5d25e36f82f1,REGISTERED,30685,Cetrimide + Chlorhexidine Gluconate,15 gm + 1.5 gm/100 ml,AMBIGUOUS,AMBIGUOUS_SHARED_DENOMINATOR
SRCR-b18e45fd8e4ab7e3a50b9bac,REGISTERED,30698,Amonium Bicarbonate + Gentian Violet + Ginger + Nux vomica + Sodium Bicarbonate,25 gm + 1.5 gm + 1.5 gm + 7 gm + 65 gm/100 gm,AMBIGUOUS,AMBIGUOUS_SHARED_DENOMINATOR
SRCR-9892072e1884e5f456fa20f2,REGISTERED,30720,Fluticasone Propionate + Salmeterol,125 mcg + 25 mcg/Metered Inhalation,AMBIGUOUS,AMBIGUOUS_SHARED_DENOMINATOR
SRCR-bf265524759f2a9235f3676d,REGISTERED,30721,Fluticasone Propionate + Salmeterol,250 mcg + 25 mcg/Metered Inhalation,AMBIGUOUS,AMBIGUOUS_SHARED_DENOMINATOR
SRCR-ea2d0ff77e8ebe5267cf9018,REGISTERED,30762,Oxytetracycline + Polymixin B Sulphate,500 mg + 1 Lac IU/100 gm,AMBIGUOUS,AMBIGUOUS_SHARED_DENOMINATOR
SRCR-2ad48cdc0c47d081ec24d8d4,REGISTERED,30773,Amoxicillin + Clavulanic Acid,500 mg + 125 mg/5 ml,AMBIGUOUS,AMBIGUOUS_SHARED_DENOMINATOR
SRCR-7f73106017af8e89f495ec8c,REGISTERED,30775,Sulphadiazine + Trimethoprim,40 gm + 8 gm/100 ml,AMBIGUOUS,AMBIGUOUS_SHARED_DENOMINATOR
SRCR-9f43da300ea6a104973c3306,REGISTERED,30803,Nicotinamide + Pyridoxine Hydrochloride + Riboflavin + Vitamin B1 + Zinc,20 mg + 2 mg + 2 mg + 5 mg + 10 mg/5 ml,AMBIGUOUS,AMBIGUOUS_SHARED_DENOMINATOR
SRCR-5b0c0a64f87f2edf573237ba,REGISTERED,30832,Econazole Nitrate + Triamcinolone Acetonide,1 gm + 100 mg/100 gm,AMBIGUOUS,AMBIGUOUS_SHARED_DENOMINATOR
SRCR-be957fcebc4013660cc50575,REGISTERED,30837,Ipratropium Bromide + Salbutamol,20 mcg + 100 mcg/Metered Inhalation,AMBIGUOUS,AMBIGUOUS_SHARED_DENOMINATOR
SRCR-96f4e24c229c30a1434f2d3f,REGISTERED,30841,Benzathine Penicillin,6 Lac Unit/vial,FAILED,UNSUPPORTED_STRENGTH_PATTERN
SRCR-78f786f7aeeccfb87b789591,REGISTERED,30858,Menthol + Methyl Salicylate,8 gm + 30 gm/100 gm,AMBIGUOUS,AMBIGUOUS_SHARED_DENOMINATOR
SRCR-6ce4f38863c2daf51e6fa262,REGISTERED,30859,Menthol + Methyl Salicylate,10 gm + 15 gm/100 gm,AMBIGUOUS,AMBIGUOUS_SHARED_DENOMINATOR
SRCR-6bcd99e24e9d13a1817ad252,REGISTERED,30861,Fluticasone Propionate + Salmeterol,50 mcg + 25 mcg/Metered Inhalation,AMBIGUOUS,AMBIGUOUS_SHARED_DENOMINATOR
SRCR-2916a82c790c78805944a938,REGISTERED,30864,Cyanocobalamin + Pyridoxine Hydrochloride + Vitamin B1,1 mg + 100 mg + 100 mg/3 ml,AMBIGUOUS,AMBIGUOUS_SHARED_DENOMINATOR
SRCR-7de65d268739a18681772d98,REGISTERED,30868,Elemental Iron + Nicotinamide + Pyridoxine Hydrochloride + Riboflavin + Vitamin B1 + Zinc,50 mg + 20 mg + 2 mg + 2 mg + 5 mg + 10 mg/5 ml,AMBIGUOUS,AMBIGUOUS_SHARED_DENOMINATOR
SRCR-019424658615b3b550766c72,REGISTERED,30918,Glycerine + Liquid Sugar,.75 ml + 1.93 ml/5 ml,AMBIGUOUS,AMBIGUOUS_SHARED_DENOMINATOR
SRCR-0036df00defdd9abe65d1634,REGISTERED,30939,Clobetasol Propionate + Neomycin Sulphate + Nystatin,50 mg + 500 mg + 100 Lac IU/100 gm,AMBIGUOUS,AMBIGUOUS_SHARED_DENOMINATOR
SRCR-3be8d009eb0043dcf547c188,REGISTERED,30940,Clobetasol Propionate + Neomycin Sulphate + Nystatin,50 mg + 500 mg + 100 Lac IU/100 gm,AMBIGUOUS,AMBIGUOUS_SHARED_DENOMINATOR
SRCR-f63aeddf0483091bf4c96f41,REGISTERED,30969,Hydrocortisone Acetate + Pramoxine,2.5 gm + 1 gm/100 gm,AMBIGUOUS,AMBIGUOUS_SHARED_DENOMINATOR
SRCR-1cb48531fd1850f9977e3ec5,REGISTERED,30970,Hydrocortisone Acetate + Pramoxine,2.5 gm + 1 gm/100 gm,AMBIGUOUS,AMBIGUOUS_SHARED_DENOMINATOR
SRCR-949b70ee0ae0017b00544b0c,REGISTERED,30989,Gramicidin + Neomycin Sulphate + Nystatin + Triamcinolone Acetonide,25 mg + 250 mg + 100 Lac IU + 100 mg/100 gm,AMBIGUOUS,AMBIGUOUS_SHARED_DENOMINATOR
SRCR-cd467bda9dadd5a9e09d421e,REGISTERED,30991,Ascorbic Acid + Cod Liver Oil + Nicotinamide + Pyridoxine Hydrochloride + Riboflavin + Vitamin A + Vitamin B1 + Vitamin D3 + Vitamin E,17.5 mg + 100 mg + 9 mg + .35 mg + .85 mg + 2000 IU + .7 mg + 200 IU + 1.5 mg/5 ml,AMBIGUOUS,AMBIGUOUS_SHARED_DENOMINATOR
SRCR-5bf7ff01b2babe37f48198b1,REGISTERED,30992,Hydrocortisone + Miconazole Nitrate,1 gm + 2 gm/100 gm,AMBIGUOUS,AMBIGUOUS_SHARED_DENOMINATOR
SRCR-5fca50be81591898048e5f5d,REGISTERED,31019,Phytomenadione,2 mg/.2 ml,FAILED,UNSUPPORTED_STRENGTH_PATTERN
SRCR-c04c64f8c7bf7f00e0d39e16,REGISTERED,31045,Diphenhydramine Hydrochloride + Zinc Acetate,20 mg + 1 mg/gm,AMBIGUOUS,AMBIGUOUS_SHARED_DENOMINATOR
SRCR-792896ddfb2d48f23052c628,REGISTERED,31048,Potassium Chloride + Rice Powder (Pregelatineized) + Sodium Chloride + Trisodium Citrate,.75 gm + 25 gm + 1.3 gm + 1.45 gm/500 ml,AMBIGUOUS,AMBIGUOUS_SHARED_DENOMINATOR
SRCR-dcefb842b273c126c0cb3a78,REGISTERED,31055,Dextran 70 + Hypromellose,100 mg + 300 mg/100 ml,AMBIGUOUS,AMBIGUOUS_SHARED_DENOMINATOR
SRCR-94f23e893d4f99740c57e99f,REGISTERED,31088,Butaphosphan + Cyanocobalamin,10 gm + 5 mg/100 ml,AMBIGUOUS,AMBIGUOUS_SHARED_DENOMINATOR
SRCR-78a1df190331f50b32b01528,REGISTERED,31092,Clindamycin Phosphate + Tretinoin,1.2 gm + .025 gm/100 gm,AMBIGUOUS,AMBIGUOUS_SHARED_DENOMINATOR
SRCR-0793ffb216b0e282c42cce68,REGISTERED,31115,Neomycin Sulphate + Polymixin B Sulphate + Pramoxine,3.5 mg + 10000 IU + 10 mg/gm,AMBIGUOUS,AMBIGUOUS_SHARED_DENOMINATOR
SRCR-2e0582312b8bd3f5c45fb520,REGISTERED,31142,Bupivacaine + Dextrose,20 mg + 320 mg/4 ml,AMBIGUOUS,AMBIGUOUS_SHARED_DENOMINATOR
SRCR-518a6340ac7bf7e4d3c754c8,REGISTERED,31170,Light Liquid Paraffin + White Soft Paraffin,3 gm + 8 gm/100 gm,AMBIGUOUS,AMBIGUOUS_SHARED_DENOMINATOR
SRCR-91b25de13dd8b615ad9fbdea,REGISTERED,31172,Eucalypytol + Menthol + Methyl Salicylate + Thymol,92 mg + 42 mg + 60 mg + 64 mg/100 ml,AMBIGUOUS,AMBIGUOUS_SHARED_DENOMINATOR
SRCR-0dad5010118a40d3df821330,REGISTERED,31176,Magaldrate + Simethicone,480 mg + 20 mg/5 ml,AMBIGUOUS,AMBIGUOUS_SHARED_DENOMINATOR
SRCR-ac8b5860631cb904656fb81c,REGISTERED,31178,Adapalene + Benzoyl Peroxide,.1 gm + 2.5 gm/100 gm,AMBIGUOUS,AMBIGUOUS_SHARED_DENOMINATOR
SRCR-40e476c4c7c12a39b8761f26,REGISTERED,31186,Piperacillin + Tazobactam,4 gm + .5 gm/vial,AMBIGUOUS,AMBIGUOUS_SHARED_DENOMINATOR
SRCR-a6027b1c170b208a9923e2f4,REGISTERED,31189,Betamethasone + Calcipotriol,.05 gm + .005 gm/100 gm,AMBIGUOUS,AMBIGUOUS_SHARED_DENOMINATOR
SRCR-5c0b3d80f23daaf88cfa2d5f,REGISTERED,31213,Light Liquid Paraffin + White Soft Paraffin,6 gm + 15 gm/100 gm,AMBIGUOUS,AMBIGUOUS_SHARED_DENOMINATOR
SRCR-30f0f7626cd663c5428f3f90,REGISTERED,31223,Betamethasone + Salicylic Acid,.05 gm + 2 gm/100 ml,AMBIGUOUS,AMBIGUOUS_SHARED_DENOMINATOR
SRCR-240c63badcc1d8ea5a3d8575,REGISTERED,31238,Fusidic Acid + Hydrocortisone Acetate,2 gm + 1 gm/100 gm,AMBIGUOUS,AMBIGUOUS_SHARED_DENOMINATOR
SRCR-5dee84e7838547f63218a6ac,REGISTERED,31263,Potassium Bicarbonate + Sodium Alginate,100 mg + 500 mg/5 ml,AMBIGUOUS,AMBIGUOUS_SHARED_DENOMINATOR
SRCR-a6e4c511dac4226805f03914,REGISTERED,31264,Ascorbic Acid + Betaine + Calcium Chloride Dihydrate + Magnesium Chloride Hexahydrate + Potassium Chloride + Sodium Chloride,9 gm + 25 gm + 4 gm + 400 mg + 200 mg + 2 gm/100 ml,AMBIGUOUS,AMBIGUOUS_SHARED_DENOMINATOR
SRCR-0bb576905cb75f86bc3c5adb,REGISTERED,31266,Cyanocobalamin + Iron (Iii) Hydroxide Dextran Complex,20 mg + 20 gm/100 ml,AMBIGUOUS,AMBIGUOUS_SHARED_DENOMINATOR
SRCR-2941cb1f36c28759d5570390,REGISTERED,31268,Diminazine Aceturate + Phenazone,7 gm + 37.5 gm/100 ml,AMBIGUOUS,AMBIGUOUS_SHARED_DENOMINATOR
SRCR-213df9bcbcb3974d76e448db,REGISTERED,31269,Amoxicillin + Clavulanic Acid,140 mg + 35 mg/ml,AMBIGUOUS,AMBIGUOUS_SHARED_DENOMINATOR
SRCR-84f23d97a319f776560eda7e,REGISTERED,31271,Sodium Selenate + Vitamin E,50 mg + 10 gm/100 ml,AMBIGUOUS,AMBIGUOUS_SHARED_DENOMINATOR
SRCR-d906c5d4c776349bdb9a5060,REGISTERED,31273,Liquid Paraffin + Magnesium Hydroxide,1.25 ml + 300 mg/5 ml,AMBIGUOUS,AMBIGUOUS_SHARED_DENOMINATOR
SRCR-641448d1cf64f981f88c4b4e,REGISTERED,31282,Ivermectin + Triclabendazole,200 mg + 12 gm/100 ml,AMBIGUOUS,AMBIGUOUS_SHARED_DENOMINATOR
SRCR-e11b1011f63fa2c0f96bc3de,REGISTERED,31287,Levamisole + Oxyclozanide,15 mg + 30 mg/ml,AMBIGUOUS,AMBIGUOUS_SHARED_DENOMINATOR
SRCR-d514a5a679a54180a047e6ec,REGISTERED,31290,Dexpanthanol + Nicotinamide + Vitamin A + Vitamin B1 + Vitamin B12 + Vitamin B2 + Vitamin B3 + Vitamin B6 + Vitamin E,2.5 gm + 3.5 gm + 1500000 IU + 1 gm + 2.5 gm + .5 gm + 2.5 mg + .3 gm + 2 gm/100 ml,AMBIGUOUS,AMBIGUOUS_SHARED_DENOMINATOR
SRCR-f32e4fd3d1757f6168bf7667,REGISTERED,31291,Selenium + Vitamin E,.1 gm + 5 gm/100 ml,AMBIGUOUS,AMBIGUOUS_SHARED_DENOMINATOR
SRCR-f3f2484413e12d69d2f83576,REGISTERED,31294,Eucalypytol + Menthol + Methyl Salicylate + Sodium Fluoride + Thymol,92 mg + 42 mg + 60 mg + 20 mg + 64 mg/100 ml,AMBIGUOUS,AMBIGUOUS_SHARED_DENOMINATOR
SRCR-fc03a279a04280c0b33b231b,REGISTERED,31296,Betamethasone + Calcipotriol,50 mg + 5 mg/100 gm,AMBIGUOUS,AMBIGUOUS_SHARED_DENOMINATOR
SRCR-b89d9b758f68d2b99ea8122b,REGISTERED,31306,Diphenhydramine Hydrochloride + Zinc Acetate,2 gm + 100 mg/100 gm,AMBIGUOUS,AMBIGUOUS_SHARED_DENOMINATOR
SRCR-d37c9fc255677bd36d14d6ff,REGISTERED,31309,Azelastine + Fluticasone Propionate,125 mcg + 50 mcg/Metered Inhalation,AMBIGUOUS,AMBIGUOUS_SHARED_DENOMINATOR
SRCR-962010bf3d6e57f974d3e3c0,REGISTERED,31335,Citric Acid Monohydrate + Potassium Citrate,5 gm + 30 gm/100 ml,AMBIGUOUS,AMBIGUOUS_SHARED_DENOMINATOR
SRCR-329a81a7b5e0ffe077d63343,REGISTERED,31343,Acyclovir + Hydrocortisone,5 gm + 1 gm/100 gm,AMBIGUOUS,AMBIGUOUS_SHARED_DENOMINATOR
SRCR-94e075f7ea99d63e3867c1fe,REGISTERED,31370,Sodium Cromoglycate + Xylometazoline Hydrochloride,2.6 mg + 32.5 mg/100 ml,AMBIGUOUS,AMBIGUOUS_SHARED_DENOMINATOR
SRCR-2c4407a603daddcad34b31b6,REGISTERED,31389,Dextromethorphan Hydrobromide + Phenylephrine Hydrochloride + Triprolidine Hydrochloride,400 mg + 200 mg + 50 mg/100 ml,AMBIGUOUS,AMBIGUOUS_SHARED_DENOMINATOR
SRCR-1944981a83b5da346806c0ab,REGISTERED,31394,Diphenhydramine Hydrochloride + Guaiphenesin + Levomenthol,280 mg + 2000 mg + 22 mg/100 ml,AMBIGUOUS,AMBIGUOUS_SHARED_DENOMINATOR
SRCR-888502634c0244c220ff1c57,REGISTERED,31416,Fluocinolone + Hydroquinone + Tretinoin,.01 gm + 4 gm + .05 gm/100 gm,AMBIGUOUS,AMBIGUOUS_SHARED_DENOMINATOR
SRCR-7c66a51e6109d6c25ef04592,REGISTERED,31439,Clobetasol Propionate + Ofloxacin + Ornidazole + Terbinafine Hydrochloride,.05 gm + .75 gm + 2 gm + 1 gm/100 gm,AMBIGUOUS,AMBIGUOUS_SHARED_DENOMINATOR
SRCR-d0d0d7f5ce104cda5d194bed,REGISTERED,31461,Glycerol + Liquid Paraffin + White Soft Paraffin,10 gm + 10 gm + 5 gm/100 gm,AMBIGUOUS,AMBIGUOUS_SHARED_DENOMINATOR
SRCR-d62231ed7515496e89d766c9,REGISTERED,31466,Calcium Carbonate + Sodium Alginate + Sodium Bicarbonate,3.25 gm + 5 gm + 2.13 gm/100 ml,AMBIGUOUS,AMBIGUOUS_SHARED_DENOMINATOR
SRCR-fced64c7f6ac808791a421b8,REGISTERED,31471,Calcium Carbonate + Sodium Alginate + Sodium Bicarbonate,1.6 gm + 5 gm + 2.6 gm/100 ml,AMBIGUOUS,AMBIGUOUS_SHARED_DENOMINATOR
SRCR-a709b0ecc8b8011a4608c711,REGISTERED,31476,Glycerine + Hydroxy Ethyl Cellulose,1.3 gm + 1 gm/50 gm,AMBIGUOUS,AMBIGUOUS_SHARED_DENOMINATOR
SRCR-01ed35a44438722486a167c2,REGISTERED,31488,Eucalyptus Oil + Menthol,10 ml + 2 gm/100 ml,AMBIGUOUS,AMBIGUOUS_SHARED_DENOMINATOR
SRCR-a3c6ca40123a991e4160936b,REGISTERED,31498,Benzalkonium Chloride + Chlorhexidine Hydrochloride + Isopropyl Myristate + Liquid Paraffin,100 mg + 100 mg + 2.5 gm + 2.5 gm/100 gm,AMBIGUOUS,AMBIGUOUS_SHARED_DENOMINATOR
SRCR-424f20c0d5c4439592a996a2,REGISTERED,31512,Miconazole Nitrate + White Soft Paraffin + Zinc Oxide,250 mg + 81.16 gm + 15 gm/100 gm,AMBIGUOUS,AMBIGUOUS_SHARED_DENOMINATOR
SRCR-15134a3111f8dacb310b6a1d,REGISTERED,31514,Erythromycin Thiocyanate + Sulphadiazine + Trimethoprim,18 gm + 15 gm + 3 gm/100 gm,AMBIGUOUS,AMBIGUOUS_SHARED_DENOMINATOR
SRCR-dfb7344cf9b7aa792cdf567a,REGISTERED,31515,Ammonium Bicarbonate + Gentian + Ginger + Nux vomica + Sodium Bicarbonate,25 gm + 1.5 gm + 1.5 gm + 7 gm + 65 gm/100 gm,AMBIGUOUS,AMBIGUOUS_SHARED_DENOMINATOR
SRCR-e0a5f02c9e3be7b976eac4b6,REGISTERED,31518,Crotamiton + Permethrin,10 gm + 5 gm/100 ml,AMBIGUOUS,AMBIGUOUS_SHARED_DENOMINATOR
SRCR-83188235c6ecd25fde3304b1,REGISTERED,31524,Nicotinamide + Pyridoxine Hydrochloride + Riboflavin + Vitamin B1,20 mg + 2 mg + 2 mg + 5 mg/5 ml,AMBIGUOUS,AMBIGUOUS_SHARED_DENOMINATOR
SRCR-e5ec15e845eb80e2906c3445,REGISTERED,31525,Chlorpheniramine Maleate + Dexamethasone,500 mg + 100 mg/100 ml,AMBIGUOUS,AMBIGUOUS_SHARED_DENOMINATOR
SRCR-f016b2aed4fd073d5fd274f0,REGISTERED,31548,Betamethasone Sodium Phosphate + Neomycin Sulphate,100 mg + 500 mg/100 ml,AMBIGUOUS,AMBIGUOUS_SHARED_DENOMINATOR
SRCR-e9fff4a89aead442e1de2606,REGISTERED,31551,Aluminium Oxide + Magnesium Trisilicate,200 mg + 250 mg/5 ml,AMBIGUOUS,AMBIGUOUS_SHARED_DENOMINATOR
SRCR-51b61e05685c72c289ff5d16,REGISTERED,31552,Aluminium Oxide + Magnesium Hydroxide,175 mg + 225 mg/5 ml,AMBIGUOUS,AMBIGUOUS_SHARED_DENOMINATOR
SRCR-f3452b00068ff8b89358a495,REGISTERED,31561,Sulphamethoxazole + Trimethoprim,200 mg + 40 mg/5 ml,AMBIGUOUS,AMBIGUOUS_SHARED_DENOMINATOR
SRCR-22229dd3af189f4bc4a1d91f,REGISTERED,31602,Nicotinamide + Pyridoxine Hydrochloride + Riboflavin + Vitamin B1 + Zinc,400 mg + 40 mg + 50 mg + 100 mg + 200 mg/100 ml,AMBIGUOUS,AMBIGUOUS_SHARED_DENOMINATOR
SRCR-665db1ad7526ef5593a4b728,REGISTERED,31870,Cypermethrin,200 gm/ Litres,FAILED,UNSUPPORTED_STRENGTH_PATTERN
SRCR-7d2c78716926dfa152d83f40,REGISTERED,31872,Benzoic Acid + Salicylic Acid,60 mg + 30 mg/gm,AMBIGUOUS,AMBIGUOUS_SHARED_DENOMINATOR
SRCR-bd6879bf4e026a47b26574ee,REGISTERED,31873,Amonium Bicarbonate + Gentian Violet + Ginger + Nux vomica + Sodium Bicarbonate,25 gm + 1.5 gm + 1.5 gm + 7 gm + 65 gm/100 gm,AMBIGUOUS,AMBIGUOUS_SHARED_DENOMINATOR
SRCR-6a27bb2df41d6ad49427fde9,REGISTERED,31874,Pyrimethamine + Sulfaquinoxaline Sodium,15 gm + 50 gm/100 ml,AMBIGUOUS,AMBIGUOUS_SHARED_DENOMINATOR
SRCR-01dc0dae24327e41cd6b2ab9,REGISTERED,31878,Amprolium + Sulfaquinoxaline Sodium + Vitamin K,170 gm + 170 gm + 1 gm/KG,AMBIGUOUS,AMBIGUOUS_SHARED_DENOMINATOR
SRCR-0856bd893f322b999738d0f7,REGISTERED,31881,Calcium Propionate + Cobalt Carbonate + DL-Methionine + Gentian + Pyridoxine Hydrochloride + Silicon Dioxide,500 gm + 100 mg + 40 gm + 80 gm + 380 mg + 12.5 gm/KG,AMBIGUOUS,AMBIGUOUS_SHARED_DENOMINATOR
SRCR-896f5073461fe3a60521712f,REGISTERED,31882,Acetylsalicylic Acid + Ascorbic Acid,60 gm + 6.65 gm/100 gm,AMBIGUOUS,AMBIGUOUS_SHARED_DENOMINATOR
SRCR-e6032bada07417fb163edacb,REGISTERED,31883,Chalk + Kaolin,666.67 mg + 333.33 mg/gm,AMBIGUOUS,AMBIGUOUS_SHARED_DENOMINATOR
SRCR-b8f0f6af7b1b7674c8b018aa,REGISTERED,31885,Sulphadiazine + Trimethoprim,50 gm + 10 gm/100 ml,AMBIGUOUS,AMBIGUOUS_SHARED_DENOMINATOR
SRCR-f72dd42885cab1009b71e6a9,REGISTERED,31886,Ginger + Nux vomica + Sodium Bicarbonate,13.89 gm + 2.78 gm + 83.33 gm/100 gm,AMBIGUOUS,AMBIGUOUS_SHARED_DENOMINATOR
SRCR-9bb345d1b71ec145399a7f91,REGISTERED,31919,Aluminium Oxide + Magnesium Hydroxide,175 mg + 225 mg/5 ml,AMBIGUOUS,AMBIGUOUS_SHARED_DENOMINATOR
SRCR-27e9ca3102dc0068430f47cd,REGISTERED,31956,Sulphamethoxazole + Trimethoprim,200 mg + 40 mg/5 ml,AMBIGUOUS,AMBIGUOUS_SHARED_DENOMINATOR
SRCR-b55dd2288e3bb752c9de7e6f,REGISTERED,31959,Nicotinamide + Pyridoxine Hydrochloride + Riboflavin + Vitamin B1,20 mg + 2 mg + 2 mg + 5 mg/5 ml,AMBIGUOUS,AMBIGUOUS_SHARED_DENOMINATOR
SRCR-c8e6b1a7842e5139ee6fdc0f,REGISTERED,31982,Econazole Nitrate + Triamcinolone Acetonide,1 gm + 100 mg/100 gm,AMBIGUOUS,AMBIGUOUS_SHARED_DENOMINATOR
SRCR-7d17fdfa58a3c05bc524fc92,REGISTERED,31984,Betamethasone + Neomycin Sulphate,100 mg + 500 mg/100 gm,AMBIGUOUS,AMBIGUOUS_SHARED_DENOMINATOR
SRCR-c91c6948ef39dc6c82f67f2f,REGISTERED,31997,Dioxybenzone + Hydroquinone + Octyldimethyl p-aminobenzoate + Oxybenzone,300 mg + 400 mg + 800 mg + 200 mg/100 gm,AMBIGUOUS,AMBIGUOUS_SHARED_DENOMINATOR
SRCR-a325c3dfaad10146d95a6b64,REGISTERED,31998,Dextrose Anhydrous + Potassium Chloride + Sodium Chloride + Trisodium Citrate,10 gm + 750 gm + 1.75 gm + 1.45 gm/500 ml,AMBIGUOUS,AMBIGUOUS_SHARED_DENOMINATOR
SRCR-7e16d282190ccc01de8a1fbb,REGISTERED,32033,Dextrose Anhydrous + Fructose + Potassium Chloride + Sodium Bicarbonate + Sodium Chloride + Sucrose,4.09 gm + 70 mg + 380 mg + 420 mg + 440 mg + 8.07 gm/250 ml,AMBIGUOUS,AMBIGUOUS_SHARED_DENOMINATOR
SRCR-a48f008af434c8667e53bd50,REGISTERED,32037,Nicotinamide + Pyridoxine Hydrochloride + Riboflavin + Vitamin B1 + Zinc,400 mg + 40 mg + 50 mg + 100 mg + 200 mg/100 ml,AMBIGUOUS,AMBIGUOUS_SHARED_DENOMINATOR
SRCR-10b62b34a5ab7fd97d1508ad,REGISTERED,32038,Ascorbic Acid + Cod Liver Oil + Nicotinamide + Pyridoxine Hydrochloride + Riboflavin + Vitamin A + Vitamin B1 + Vitamin D3 + Vitamin E,17.5 mg + 100 mg + 9 mg + .35 mg + .85 mg + 2000 IU + .7 mg + 200 IU + 1.5 mg/5 ml,AMBIGUOUS,AMBIGUOUS_SHARED_DENOMINATOR
SRCR-78dc91750f6969ddb97f9c10,REGISTERED,32055,Sulphamethoxazole + Trimethoprim,200 mg + 40 mg/5 ml,AMBIGUOUS,AMBIGUOUS_SHARED_DENOMINATOR
SRCR-54d1c90338eaa230b82e68a7,REGISTERED,32128,Amoxicillin + Clavulanic Acid,250 mg + 31.25 mg/5 ml,AMBIGUOUS,AMBIGUOUS_SHARED_DENOMINATOR
SRCR-5549caae027d93d01e47b979,REGISTERED,32160,Amoxicillin + Clavulanic Acid,125 mg + 31.25 mg/5 ml,AMBIGUOUS,AMBIGUOUS_SHARED_DENOMINATOR
SRCR-144960a32f2a3d0a2b3503d4,REGISTERED,32166,Benzoic Acid + Salicylic Acid,60 mg + 30 mg/gm,AMBIGUOUS,AMBIGUOUS_SHARED_DENOMINATOR
SRCR-cf235aabe7e7af84f8a97867,REGISTERED,32194,D-Panthenol + Nicotinamide + Pyridoxine Hydrochloride + Riboflavin + Vitamin B1,5 mg + 100 mg + 10 mg + 4 mg + 50 mg/2 ml,AMBIGUOUS,AMBIGUOUS_SHARED_DENOMINATOR
SRCR-0611f9ad60962d41df220c9b,REGISTERED,32210,Sulphamethoxazole + Trimethoprim,200 mg + 40 mg/5 ml,AMBIGUOUS,AMBIGUOUS_SHARED_DENOMINATOR
SRCR-6ba53ad8f2b5e3bbfc9fdb5f,REGISTERED,32213,Benzathine Penicillin,12 Lac Unit/vial,FAILED,UNSUPPORTED_STRENGTH_PATTERN
SRCR-41f1df4294a0dcf41b035cba,REGISTERED,32214,Benzathine Penicillin,6 Lac Unit/vial,FAILED,UNSUPPORTED_STRENGTH_PATTERN
SRCR-b6aba11920afa609747cd8b1,REGISTERED,32228,Hydrocortisone Acetate + Neomycin Sulphate,500 mg + 500 mg/100 gm,AMBIGUOUS,AMBIGUOUS_SHARED_DENOMINATOR
SRCR-e316f05803d6b601e9102741,REGISTERED,32243,Cetrimide + Chlorhexidine Hydrochloride,500 mg + 100 mg/100 gm,AMBIGUOUS,AMBIGUOUS_SHARED_DENOMINATOR
SRCR-53a808b01bc45ed14de968cb,REGISTERED,32244,Cetrimide + Chlorhexidine Gluconate,3 gm + 300 mg/100 ml,AMBIGUOUS,AMBIGUOUS_SHARED_DENOMINATOR
SRCR-cc4657be8a872700bb1a9d34,REGISTERED,32252,Betamethasone Sodium Phosphate + Neomycin Sulphate,100 mg + 500 mg/100 ml,AMBIGUOUS,AMBIGUOUS_SHARED_DENOMINATOR
SRCR-e48284f8f86768a22fde4245,REGISTERED,32256,Econazole Nitrate + Triamcinolone Acetonide,1 gm + 100 mg/100 gm,AMBIGUOUS,AMBIGUOUS_SHARED_DENOMINATOR
SRCR-364ccbfd08a807cdf52df5b5,REGISTERED,32277,Econazole Nitrate + Triamcinolone Acetonide,1 gm + 100 mg/100 gm,AMBIGUOUS,AMBIGUOUS_SHARED_DENOMINATOR
SRCR-9699f115aab3c33e286d13a5,REGISTERED,32323,Amoxicillin + Clavulanic Acid,400 mg + 57.5 mg/5 ml,AMBIGUOUS,AMBIGUOUS_SHARED_DENOMINATOR
SRCR-e7e88307c226d9f6767c895e,REGISTERED,32343,Enoxaprin,20 mg/.2 ml,FAILED,UNSUPPORTED_STRENGTH_PATTERN
SRCR-1463bd956f0a3fbc005c2736,REGISTERED,32344,Enoxaprin,40 mg/.4 ml,FAILED,UNSUPPORTED_STRENGTH_PATTERN
SRCR-ffca158894c2bbff4c9eeb74,REGISTERED,32345,Enoxaprin,60 mg/.6 ml,FAILED,UNSUPPORTED_STRENGTH_PATTERN
SRCR-80d267439cb75f12d6df20e4,REGISTERED,32346,Enoxaprin,80 mg/.8 ml,FAILED,UNSUPPORTED_STRENGTH_PATTERN
SRCR-e225439a73a7f102eb57de90,REGISTERED,32353,Crotamiton + Permethrin,10 gm + 5 gm/100 ml,AMBIGUOUS,AMBIGUOUS_SHARED_DENOMINATOR
SRCR-b501120260ad5eb6a1bb0427,REGISTERED,32355,Clobetasol Propionate + Neomycin Sulphate + Nystatin,50 mg + 500 mg + 100 Lac IU/100 gm,AMBIGUOUS,AMBIGUOUS_SHARED_DENOMINATOR
SRCR-291778c11185d1598da40453,REGISTERED,32378,Phenylephrine Hydrochloride + Promethazine Hydrochloride,100 mg + 125 mg/100 ml,AMBIGUOUS,AMBIGUOUS_SHARED_DENOMINATOR
SRCR-dee7fc2fb203c8ef34e6c02f,REGISTERED,32379,Piperacillin + Tazobactam,2 gm + 250 mg/vial,AMBIGUOUS,AMBIGUOUS_SHARED_DENOMINATOR
SRCR-c2e983b66246231ca73ef1ca,REGISTERED,32382,Calcium Carbonate + Sodium Alginate + Sodium Bicarbonate,3.25 gm + 5 gm + 2.13 gm/100 ml,AMBIGUOUS,AMBIGUOUS_SHARED_DENOMINATOR
SRCR-18272ff11bf3159924cc850a,REGISTERED,32389,Amoxicillin + Clavulanic Acid,600 mg + 42.9 mg/5 ml,AMBIGUOUS,AMBIGUOUS_SHARED_DENOMINATOR
SRCR-eeb85086ebe67d6b5823a3ae,REGISTERED,32411,Nicotinamide + Pyridoxine Hydrochloride + Riboflavin + Vitamin B1,20 mg + 2 mg + 2 mg + 5 mg/5 ml,AMBIGUOUS,AMBIGUOUS_SHARED_DENOMINATOR
SRCR-ec25a7ad5402d621aad41201,REGISTERED,32420,Sulphamethoxazole + Trimethoprim,200 mg + 40 mg/5 ml,AMBIGUOUS,AMBIGUOUS_SHARED_DENOMINATOR
SRCR-c73a1c1a33be9bf376b7adb0,REGISTERED,32454,Magaldrate + Simethicone,480 mg + 20 mg/5 ml,AMBIGUOUS,AMBIGUOUS_SHARED_DENOMINATOR
SRCR-e6439b505a789ce435fe7e9b,REGISTERED,32471,Econazole Nitrate + Triamcinolone Acetonide,1 gm + 100 mg/100 gm,AMBIGUOUS,AMBIGUOUS_SHARED_DENOMINATOR
SRCR-274cf211151257f0d6544af0,REGISTERED,32475,Nicotinamide + Pyridoxine Hydrochloride + Riboflavin + Vitamin B1 + Zinc,400 mg + 40 mg + 50 mg + 100 mg + 200 mg/100 ml,AMBIGUOUS,AMBIGUOUS_SHARED_DENOMINATOR
SRCR-f6485b8ac087f02bf2be8dda,REGISTERED,32477,Ascorbic Acid + Cod Liver Oil + Nicotinamide + Pyridoxine Hydrochloride + Riboflavin + Vitamin A + Vitamin B1 + Vitamin D3 + Vitamin E,17.5 mg + 100 mg + 9 mg + .35 mg + .85 mg + 2000 IU + .7 mg + 200 IU + 1.5 mg/5 ml,AMBIGUOUS,AMBIGUOUS_SHARED_DENOMINATOR
SRCR-f3f153ab2fed8b5c7b87fa10,REGISTERED,32483,Potassium Bicarbonate + Sodium Alginate,100 mg + 500 mg/5 ml,AMBIGUOUS,AMBIGUOUS_SHARED_DENOMINATOR
SRCR-4c39518aad043f5a0c1b24bf,REGISTERED,32493,Cefuroxime + Clavulanic Acid,125 mg + 31.25 mg/5 ml,AMBIGUOUS,AMBIGUOUS_SHARED_DENOMINATOR
SRCR-eaf3ed4317963e4df86907de,REGISTERED,32518,Chlorhexidine Gluconate + Isopropyl Alcohol,500 mg + 70 gm/100 ml,AMBIGUOUS,AMBIGUOUS_SHARED_DENOMINATOR
SRCR-17864e018b869070e304d920,REGISTERED,32520,Cetrimide + Chlorhexidine Hydrochloride,500 mg + 100 mg/100 gm,AMBIGUOUS,AMBIGUOUS_SHARED_DENOMINATOR
SRCR-e759d36b52b95929aee02c0f,REGISTERED,32522,Ethyl Alcohol + Isopropyl Alcohol,66 ml + 3.5 ml/100 ml,AMBIGUOUS,AMBIGUOUS_SHARED_DENOMINATOR
SRCR-e23adff273d88398b1e17d1c,REGISTERED,32523,Cetrimide + Chlorhexidine Gluconate,3 gm + 300 mg/100 ml,AMBIGUOUS,AMBIGUOUS_SHARED_DENOMINATOR
SRCR-f9dfae35ad8b8ccbabcaf36b,REGISTERED,32553,Calcium Carbonate + Sodium Alginate + Sodium Bicarbonate,1.6 gm + 5 gm + 2.6 gm/100 ml,AMBIGUOUS,AMBIGUOUS_SHARED_DENOMINATOR
SRCR-6b892f2afcc03edf0fbcd451,REGISTERED,32565,Eucalypytol + Menthol + Methyl Salicylate + Thymol,92 mg + 42 mg + 60 mg + 64 mg/100 ml,AMBIGUOUS,AMBIGUOUS_SHARED_DENOMINATOR
SRCR-d379f93b6904a2f24ac49ba3,REGISTERED,32589,Calcium Carbonate + Sodium Alginate + Sodium Bicarbonate,3.25 gm + 5 gm + 2.13 gm/100 ml,AMBIGUOUS,AMBIGUOUS_SHARED_DENOMINATOR
SRCR-f35744ca3d89292efd15a585,REGISTERED,32617,Medroxyprogesterone Acetate,104 mg/.65 ml,FAILED,UNSUPPORTED_STRENGTH_PATTERN
SRCR-537cc0bf128779bf4d162dbb,REGISTERED,32626,Amoxicillin + Clavulanic Acid,400 mg + 57.5 mg/5 ml,AMBIGUOUS,AMBIGUOUS_SHARED_DENOMINATOR
SRCR-d7ec51759e4b762d9b4c5f00,REGISTERED,32627,Amoxicillin + Clavulanic Acid,125 mg + 31.25 mg/5 ml,AMBIGUOUS,AMBIGUOUS_SHARED_DENOMINATOR
SRCR-60a8ba014d1e93aa9c5a1f4b,REGISTERED,32655,Testosterone Decanoate + Testosterone Isocaproate + Testosterone Phenyl propionate + Testosterone Propionate,100 mg + 60 mg + 60 mg + 30 mg/ml,AMBIGUOUS,AMBIGUOUS_SHARED_DENOMINATOR
SRCR-cfe5475928b8b42972c29000,REGISTERED,32658,Amoxicillin + Clavulanate Acid,100 mg + 25 mg/gm,AMBIGUOUS,AMBIGUOUS_SHARED_DENOMINATOR
SRCR-ef98e3e635a25eace140f675,REGISTERED,32669,Cefuroxime + Clavulanic Acid,125 mg + 31.25 mg/5 ml,AMBIGUOUS,AMBIGUOUS_SHARED_DENOMINATOR
SRCR-1eafa3dd080326e74cd2073b,REGISTERED,32694,Niacinamide + Pyridoxine Hydrochloride + Riboflavin + Thiamine Hydrochloride + Zinc,400 mg + 40 mg + 40 mg + 100 mg + 200 mg/100 ml,AMBIGUOUS,AMBIGUOUS_SHARED_DENOMINATOR
SRCR-159457906c267d448f0935d0,REGISTERED,32703,Calcium Carbonate + Sodium Alginate + Sodium Bicarbonate,1.6 gm + 5 gm + 2.6 gm/100 ml,AMBIGUOUS,AMBIGUOUS_SHARED_DENOMINATOR
SRCR-0f76f1f1b7fbc6de2b4ed5c4,REGISTERED,32727,Bupivacaine + Dextrose,20 mg + 320 mg/4 ml,AMBIGUOUS,AMBIGUOUS_SHARED_DENOMINATOR
SRCR-dc1f1b1cdc6afde0e3722b3a,REGISTERED,32732,Cyanocobalamin + Pyridoxine Hydrochloride + Vitamin B1,1 mg + 100 mg + 100 mg/3 ml,AMBIGUOUS,AMBIGUOUS_SHARED_DENOMINATOR
SRCR-f81a7fc5e82900b64a77e148,REGISTERED,32738,Epinephrine + Lidocaine,10 mcg + 20 mg/ml,AMBIGUOUS,AMBIGUOUS_SHARED_DENOMINATOR
SRCR-1f25490ba385d3335e1d41e5,REGISTERED,32746,Diphenhydramine Hydrochloride + Guaiphenesin + Levomenthol,280 mg + 2000 mg + 22 mg/100 ml,AMBIGUOUS,AMBIGUOUS_SHARED_DENOMINATOR
SRCR-f53315f02a0c122ef6ad07bf,REGISTERED,32754,Dextromethorphan Hydrobromide + Diphenhydramine Hydrochloride + Levomenthol,130 mg + 280 mg + 40 mg/100 ml,AMBIGUOUS,AMBIGUOUS_SHARED_DENOMINATOR
SRCR-a3c203ab3ed390a1065a264f,REGISTERED,32779,Cetrimide + Chlorhexidine Gluconate,3 gm + 300 mg/100 ml,AMBIGUOUS,AMBIGUOUS_SHARED_DENOMINATOR
SRCR-c12d9a0aaa57739ac63b75ac,REGISTERED,32787,Amoxicillin + Clavulanic Acid,125 mg + 31.25 mg/5 ml,AMBIGUOUS,AMBIGUOUS_SHARED_DENOMINATOR
SRCR-56e7b702dcf671a97c12f9db,REGISTERED,32793,Ammonium Bicarbonate + Gentian + Ginger + Nux vomica + Sodium Bicarbonate,25 gm + 1.5 gm + 1.5 gm + 7 gm + 65 gm/100 gm,AMBIGUOUS,AMBIGUOUS_SHARED_DENOMINATOR
SRCR-53f353c213b64bff926bd3c8,REGISTERED,32796,Cyanocobalamin + Nicotinamide + Pyridoxine Hydrochloride + Riboflavin + Vitamin B1,5 mg + 5 gm + 500 mg + 150 mg + 2.5 gm/100 ml,AMBIGUOUS,AMBIGUOUS_SHARED_DENOMINATOR
SRCR-22d79acadd979e066f67d809,REGISTERED,32798,Calcium Gluconate + Dextrose + Magnesium Hypophosphite,208 mg + 200 mg + 50 mg/ml,AMBIGUOUS,AMBIGUOUS_SHARED_DENOMINATOR
SRCR-03117d5d5be0afab7f048008,REGISTERED,32838,Closantel + Levamisole,75 mg + 100 mg/100 ml,AMBIGUOUS,AMBIGUOUS_SHARED_DENOMINATOR
SRCR-4a8611eb651be0b8e2bd4bbf,REGISTERED,32896,Sulphadiazine + Trimethoprim,400 mg + 84.4 mg/ml,AMBIGUOUS,AMBIGUOUS_SHARED_DENOMINATOR
SRCR-1c078fc1e849abcb63a8621e,REGISTERED,32905,Cyanocobalamin + Nicotinamide + Pyridoxine Hydrochloride + Riboflavin + Vitamin B1,5 mg + 5 gm + 500 mg + 150 mg + 2.5 gm/100 ml,AMBIGUOUS,AMBIGUOUS_SHARED_DENOMINATOR
SRCR-bfeed63bf9da6763cdb0bbae,REGISTERED,32913,Testosterone Decanoate + Testosterone Isocaproate + Testosterone Phenyl propionate + Testosterone Propionate,100 mg + 60 mg + 60 mg + 30 mg/ml,AMBIGUOUS,AMBIGUOUS_SHARED_DENOMINATOR
SRCR-61aacab2560ad65fa2fccdc0,REGISTERED,32947,Amoxicillin + Clavulanic Acid,400 mg + 57.5 mg/5 ml,AMBIGUOUS,AMBIGUOUS_SHARED_DENOMINATOR
SRCR-17a0d6082e47611b67a596b2,REGISTERED,32976,Pyrimethamine + Sulfaquinoxaline Sodium,15 gm + 50 gm/100 ml,AMBIGUOUS,AMBIGUOUS_SHARED_DENOMINATOR
SRCR-cfa9d1bc8a0a85c91f31883d,REGISTERED,32987,Enoxaprin,60 mg/.6 ml,FAILED,UNSUPPORTED_STRENGTH_PATTERN
SRCR-d398aa86e316894aa28cf9bb,REGISTERED,32988,Enoxaprin,80 mg/.8 ml,FAILED,UNSUPPORTED_STRENGTH_PATTERN
SRCR-bfe4b5adb1fd68960b3e9b37,REGISTERED,32989,Enoxaprin,40 mg/.4 ml,FAILED,UNSUPPORTED_STRENGTH_PATTERN
SRCR-86de78a4e6fcaf52ec1055ba,REGISTERED,33003,Cypermethrin,200 gm/ Litres,FAILED,UNSUPPORTED_STRENGTH_PATTERN
SRCR-177576471eeac64260c0fbaf,REGISTERED,33009,Nicotinamide + Pyridoxine Hydrochloride + Riboflavin + Vitamin B1 + Zinc,20 mg + 2 mg + 2 mg + 5 mg + 10 mg/5 ml,AMBIGUOUS,AMBIGUOUS_SHARED_DENOMINATOR
SRCR-2fc4f1c699e831cd68ff61fd,REGISTERED,33015,Adrenaline + Lidocaine Hydrochloride,18 mcg + 20 mg/ml,AMBIGUOUS,AMBIGUOUS_SHARED_DENOMINATOR
SRCR-e705df0e09a637f11decf92a,REGISTERED,33016,Adrenaline + Lidocaine Hydrochloride,20 mcg + 20 mg/ml,AMBIGUOUS,AMBIGUOUS_SHARED_DENOMINATOR
SRCR-87d582916ad4f32fa17434f3,REGISTERED,33021,Vitamin A + Vitamin D3 + Vitamin E,5 Lac IU + 75000 IU + 50 mg/ml,AMBIGUOUS,AMBIGUOUS_SHARED_DENOMINATOR
SRCR-c85c1e379ee883b7a60ce61d,REGISTERED,33024,Vitamin A + Vitamin D3 + Vitamin E,1 Lac IU + 20000 IU + 20 mg/ml,AMBIGUOUS,AMBIGUOUS_SHARED_DENOMINATOR
SRCR-08c888b1fe5e051a22520811,REGISTERED,33027,Bupivacaine + Dextrose,20 mg + 320 mg/4 ml,AMBIGUOUS,AMBIGUOUS_SHARED_DENOMINATOR
SRCR-6dcc3a36fc0ec4fc29fbd80c,REGISTERED,33044,Benzylpenicillin + Procaine Penicillin + Streptomycin,5 Lac IU + 15 Lac IU + 2.5 gm/vial,AMBIGUOUS,AMBIGUOUS_SHARED_DENOMINATOR
SRCR-842686d6311af5858837efa0,REGISTERED,33058,Cyanocobalamin + Pyridoxine Hydrochloride + Vitamin B1,1 mg + 100 mg + 100 mg/3 ml,AMBIGUOUS,AMBIGUOUS_SHARED_DENOMINATOR
SRCR-f72b5370cecd16c89bfabbc3,REGISTERED,33066,Docetaxel,20 mg/.5 ml,FAILED,UNSUPPORTED_STRENGTH_PATTERN
SRCR-21c43b7c1210bd5c0785ed06,REGISTERED,33091,Filgrastim,30 MIU/.5 ml,FAILED,UNSUPPORTED_STRENGTH_PATTERN
SRCR-d5a6cfbf1b9971e8e7b14c1f,REGISTERED,33096,Naphazoline Hydrochloride + Pheniramine Maleate,250 mcg + 3 mg/ml,AMBIGUOUS,AMBIGUOUS_SHARED_DENOMINATOR
SRCR-47db9ba82456453469a37d9c,REGISTERED,33097,Chondroitin Sulfate Sodium + Sodium Hyaluronate,40 mg + 30 mg/ml,AMBIGUOUS,AMBIGUOUS_SHARED_DENOMINATOR
SRCR-ce681d6c7ff2f5f46b216393,REGISTERED,33099,Dexamethasone + Neomycin + Polymixin B Sulphate,100 mg + 350 mg + 6000 IU/100 ml,AMBIGUOUS,AMBIGUOUS_SHARED_DENOMINATOR
SRCR-65d3c9a32fa4adacf68d5b62,REGISTERED,33104,Bromhexine Hydrochloride + Phenylbutazone,1 gm + 5 gm/100 ml,AMBIGUOUS,AMBIGUOUS_SHARED_DENOMINATOR
SRCR-02caffd2abb16de410ec7272,REGISTERED,33126,Clorsulon + Ivermectin,500 mg + 50 mg/5 ml,AMBIGUOUS,AMBIGUOUS_SHARED_DENOMINATOR
SRCR-9a4327424a15d19930f88468,REGISTERED,33145,Butaphosphan + Cyanocobalamin,10 gm + 5 mg/100 ml,AMBIGUOUS,AMBIGUOUS_SHARED_DENOMINATOR
SRCR-f8665fa56a1dec081a6437c7,REGISTERED,33177,Diclofenac + Lidocaine Hydrochloride,75 mg + 20 mg/2 ml,AMBIGUOUS,AMBIGUOUS_SHARED_DENOMINATOR
SRCR-69b40e92b7d25ff004e5f6b5,REGISTERED,33214,Sulphadiazine + Trimethoprim,40 gm + 8 gm/100 ml,AMBIGUOUS,AMBIGUOUS_SHARED_DENOMINATOR
SRCR-cdc828a247d6e75d23256d0a,REGISTERED,33217,Fluticasone Propionate + Salmeterol,125 mcg + 25 mcg/Metered Inhalation,AMBIGUOUS,AMBIGUOUS_SHARED_DENOMINATOR
SRCR-c973669948a2a7ee8ccc48c9,REGISTERED,33218,Fluticasone Propionate + Salmeterol,250 mcg + 25 mcg/Metered Inhalation,AMBIGUOUS,AMBIGUOUS_SHARED_DENOMINATOR
SRCR-bf619ae29c673873db1fee1e,REGISTERED,33226,Cetrimide + Chlorhexidine Gluconate,3 gm + 300 mg/100 ml,AMBIGUOUS,AMBIGUOUS_SHARED_DENOMINATOR
SRCR-0172ee13bab95eef0ebbe9c7,REGISTERED,33254,Calcium Gluconate + Dextrose + Magnesium Hypophosphite,208 mg + 200 mg + 50 mg/ml,AMBIGUOUS,AMBIGUOUS_SHARED_DENOMINATOR
SRCR-dc01f7e085405de1e6d4ddeb,REGISTERED,33348,Betamethasone + Neomycin Sulphate,100 mg + 500 mg/100 gm,AMBIGUOUS,AMBIGUOUS_SHARED_DENOMINATOR
SRCR-e1ba87bb7c0a7a6796c43329,REGISTERED,33349,Betamethasone Sodium Phosphate + Neomycin Sulphate,100 mg + 500 mg/100 gm,AMBIGUOUS,AMBIGUOUS_SHARED_DENOMINATOR
SRCR-3e309ae9cd82ef6d1a01039c,REGISTERED,33350,Bacitracin Zinc + Neomycin Sulphate,500 IU + 5 mg/gm,AMBIGUOUS,AMBIGUOUS_SHARED_DENOMINATOR
SRCR-d5bc9173a6de24626d265e8f,REGISTERED,33351,Bacitracin Zinc + Neomycin Sulphate,250 IU + 5 mg/gm,AMBIGUOUS,AMBIGUOUS_SHARED_DENOMINATOR
SRCR-2ad75af0101ebf9c7ac46c14,REGISTERED,33352,Bacitracin Zinc + Neomycin Sulphate,500 IU + 5 mg/gm,AMBIGUOUS,AMBIGUOUS_SHARED_DENOMINATOR
SRCR-740d80d947651c11c144a58a,REGISTERED,33361,Nystatin,1 Lac Unit/gm,FAILED,UNSUPPORTED_STRENGTH_PATTERN
SRCR-8bde5e86909db2a053ae0144,REGISTERED,33362,Nystatin,1 Lac Unit/ml,FAILED,UNSUPPORTED_STRENGTH_PATTERN
SRCR-68f68d0b9e0aa85ffa3b6a2c,REGISTERED,33363,Nystatin,5 Lac Unit,FAILED,UNSUPPORTED_STRENGTH_PATTERN
SRCR-feed10b750e55d128bd241a2,REGISTERED,33364,Nystatin,1 Lac Unit,FAILED,UNSUPPORTED_STRENGTH_PATTERN
SRCR-ffd2b63960c09d4bd25dca06,REGISTERED,33368,Aluminium Oxide + Magnesium Hydroxide,200 mg + 225 mg/5 ml,AMBIGUOUS,AMBIGUOUS_SHARED_DENOMINATOR
SRCR-f4367865c33d7e6f2ecc6dfa,REGISTERED,33372,Aluminium Oxide + Magnesium Hydroxide + Simethicone,200 mg + 400 mg + 30 mg/5 ml,AMBIGUOUS,AMBIGUOUS_SHARED_DENOMINATOR
SRCR-028e1506907593d4560c6276,REGISTERED,33382,Sulphamethoxazole + Trimethoprim,200 mg + 40 mg/5 ml,AMBIGUOUS,AMBIGUOUS_SHARED_DENOMINATOR
SRCR-d76c5499068bddc2826305c8,REGISTERED,33443,Nicotinamide + Pyridoxine Hydrochloride + Riboflavin + Vitamin B1,20 mg + 2 mg + 2 mg + 5 mg/5 ml,AMBIGUOUS,AMBIGUOUS_SHARED_DENOMINATOR
SRCR-d351adc27e23902eb38b6112,REGISTERED,33445,D-Panthenol + Nicotinamide + Pyridoxine Hydrochloride + Riboflavin + Vitamin B1,5 mg + 100 mg + 10 mg + 4 mg + 50 mg/2 ml,AMBIGUOUS,AMBIGUOUS_SHARED_DENOMINATOR
SRCR-be3895c6d98d98fead23805c,REGISTERED,33447,D-Panthenol + Nicotinamide + Pyridoxine Hydrochloride + Riboflavin + Vitamin B1,5 mg + 100 mg + 10 mg + 4 mg + 50 mg/2 ml,AMBIGUOUS,AMBIGUOUS_SHARED_DENOMINATOR
SRCR-54a8c78d99b4133e39dada56,REGISTERED,33458,Amonium Bicarbonate + Gelatin + Ginger + Nux vomica + Sodium Bicarbonate,25 gm + 1.5 gm + 1.5 gm + 7 gm + 65 gm/100 gm,AMBIGUOUS,AMBIGUOUS_SHARED_DENOMINATOR
SRCR-70a3bb7f1e52f700a7c3a00e,REGISTERED,33459,Nicotinamide + Pantothenic acid + Pyridoxine Hydrochloride + Riboflavin + Vitamin A + Vitamin B1 + Vitamin C + Vitamin D,10 mg + 5 mg + 1 mg + 1 mg + 5000 IU + 1.6 mg + 50 mg + 1000 IU/ml,AMBIGUOUS,AMBIGUOUS_SHARED_DENOMINATOR
SRCR-c557a109191c9e60820a8546,REGISTERED,33504,Ipratropium Bromide + Salbutamol,20 mcg + 100 mcg/Metered Inhalation,AMBIGUOUS,AMBIGUOUS_SHARED_DENOMINATOR
SRCR-41011ee12ddd6982ea883be2,REGISTERED,33515,Butaphosphan + Cyanocobalamin,10 gm + 5 mg/100 ml,AMBIGUOUS,AMBIGUOUS_SHARED_DENOMINATOR
SRCR-5c1a6499f2712dd2f3de5b6e,REGISTERED,33530,Benzoic Acid + Salicylic Acid,60 mg + 30 mg/gm,AMBIGUOUS,AMBIGUOUS_SHARED_DENOMINATOR
SRCR-d4cfcd481f2533061b69fb89,REGISTERED,33540,Nicotinamide + Pyridoxine Hydrochloride + Riboflavin + Vitamin B1 + Zinc,20 mg + 2 mg + 2 mg + 5 mg + 10 mg/5 ml,AMBIGUOUS,AMBIGUOUS_SHARED_DENOMINATOR
SRCR-54b41d58fb239b0a3c651bf4,REGISTERED,33543,Bacitracin Zinc + Neomycin Sulphate,500 IU + 5 mg/gm,AMBIGUOUS,AMBIGUOUS_SHARED_DENOMINATOR
SRCR-5c72fed209c14d630066502e,REGISTERED,33544,Cobalt + Copper + Cyanocobalamin + Iron + Zinc,10 mg + 20 mg + 10 mg + 50 mg + 20 mg/100 ml,AMBIGUOUS,AMBIGUOUS_SHARED_DENOMINATOR
SRCR-8b70b9f606fe18662d45a344,REGISTERED,33545,Magaldrate + Simethicone,480 mg + 20 mg/5 ml,AMBIGUOUS,AMBIGUOUS_SHARED_DENOMINATOR
SRCR-d60ca298b8aad84e89386947,REGISTERED,33565,Elemental Iron + Nicotinamide + Pyridoxine Hydrochloride + Riboflavin + Vitamin B1 + Zinc,50 mg + 20 mg + 2 mg + 2 mg + 5 mg + 10 mg/5 ml,AMBIGUOUS,AMBIGUOUS_SHARED_DENOMINATOR
SRCR-0a11d8119f8030805e539c9c,REGISTERED,33571,Cyanocobalamin + Pyridoxine Hydrochloride + Vitamin B1,1 mg + 100 mg + 100 mg/3 ml,AMBIGUOUS,AMBIGUOUS_SHARED_DENOMINATOR
SRCR-3d4caa044864c326d4948c14,REGISTERED,33592,Adenosine + Cytochrome C + Nicotinamide + Sodium Succinate,200 mg + 50 mg + 1 gm + 60 mg/100 ml,AMBIGUOUS,AMBIGUOUS_SHARED_DENOMINATOR
SRCR-9effde5ca4241b22b83094d6,REGISTERED,33593,Niacinamide + Pyridoxine Hydrochloride + Riboflavin + Thiamine Hydrochloride + Zinc,400 mg + 40 mg + 40 mg + 100 mg + 200 mg/100 ml,AMBIGUOUS,AMBIGUOUS_SHARED_DENOMINATOR
SRCR-9862c11b906814f88f485ea6,REGISTERED,33640,"Liquid Paraffin + Magnesium Hydroxide Dried Gel, 96% + Magnesium Hydroxide Paste, 34%",30 ml + 5 gm + 7.06 gm/120 ml,AMBIGUOUS,AMBIGUOUS_SHARED_DENOMINATOR
SRCR-fa3f88838a41aca45aea46ad,REGISTERED,33642,"Magnesium Hydroxide Dried Gel, 96% + Magnesium Hydroxide Paste, 34%",31.25 gm + 29.415 gm/500 ml,AMBIGUOUS,AMBIGUOUS_SHARED_DENOMINATOR
SRCR-82fa9d58c0abe1d03408211c,REGISTERED,33643,Benzyl Penicillin + Procaine Penicillin,2 Lac Unit + 6 Lac Unit/vial,AMBIGUOUS,AMBIGUOUS_SHARED_DENOMINATOR
SRCR-d1c45e214ad4fdfc455c639d,REGISTERED,33644,Amprolium + Mendione Sodium Bisulphite (Vitamin-K) + Sulfaquinoxaline Sodium,10.2 gm + 100 mg + 10.2 gm/100 gm,AMBIGUOUS,AMBIGUOUS_SHARED_DENOMINATOR
SRCR-23834505260bb82fd562de28,REGISTERED,33650,Betamethasone + Clotrimazole,50 mg + 1 gm/100 gm,AMBIGUOUS,AMBIGUOUS_SHARED_DENOMINATOR
SRCR-6538255dd600ea6de0472628,REGISTERED,33654,Cobalt Gluconate + Copper Gluconate + Cyanocobalamin + D-Pantothenol + Ferric Ammonium Citrate + Nicotinamide + Pyridoxine Hydrochloride + Riboflavine-5-Phosphate + Vitamin B1,7 mg + 2 mg + 1.2 mg + 200 mg + 150 mg + 1000 mg + 50 mg + 20 mg + 750 mg/10 ml,AMBIGUOUS,AMBIGUOUS_SHARED_DENOMINATOR
SRCR-93bc07480f0dbfb372b62036,REGISTERED,33655,Sulphamethoxazole + Trimethoprim,20 gm + 4 gm/100 ml,AMBIGUOUS,AMBIGUOUS_SHARED_DENOMINATOR
SRCR-37ac4b9a7a546e62fd7307a7,REGISTERED,33659,Adapalene + Benzoyl Peroxide,.1 gm + 2.5 gm/100 gm,AMBIGUOUS,AMBIGUOUS_SHARED_DENOMINATOR
SRCR-ab58d2eb257b8c3f1e8eec31,REGISTERED,33671,Ciprofloxacin + Dexamethasone,300 mg + 100 mg/100 ml,AMBIGUOUS,AMBIGUOUS_SHARED_DENOMINATOR
SRCR-628c7d56bcdb90693b5b8500,REGISTERED,33672,Chloramphenicol + Dexamethasone,5 mg + 1 mg/ml,AMBIGUOUS,AMBIGUOUS_SHARED_DENOMINATOR
SRCR-6a73a8914a1c5fcccd70c1a2,REGISTERED,33673,Clobetasol Propionate + Neomycin Sulphate + Nystatin,50 mg + 500 mg + 100 Lac IU/100 gm,AMBIGUOUS,AMBIGUOUS_SHARED_DENOMINATOR
SRCR-dc48c77f40297a9ebda5c885,REGISTERED,33674,Clobetasol Propionate + Neomycin Sulphate + Nystatin,50 mg + 500 mg + 100 Lac IU/100 gm,AMBIGUOUS,AMBIGUOUS_SHARED_DENOMINATOR
SRCR-35a73becc2688624466d5cb5,REGISTERED,33682,Dexamethasone + Tobramycin,100 mg + 300 mg/100 ml,AMBIGUOUS,AMBIGUOUS_SHARED_DENOMINATOR
SRCR-9425e26fc6893df78174edf6,REGISTERED,33683,Betamethasone + Clotrimazole,100 mg + 1 gm/100 gm,AMBIGUOUS,AMBIGUOUS_SHARED_DENOMINATOR
SRCR-0884d85efb1daeec0156e356,REGISTERED,33691,Menthol + Methyl Salicylate,8 gm + 30 gm/100 gm,AMBIGUOUS,AMBIGUOUS_SHARED_DENOMINATOR
SRCR-e90893811b85f3313c4b7fae,REGISTERED,33694,Sodium Selenate + Vitamin E,.5 mg + 50 mg/ml,AMBIGUOUS,AMBIGUOUS_SHARED_DENOMINATOR
SRCR-0ffe7fdc4d2523e0afa5eba4,REGISTERED,33698,Erythromycin + Sulphadiazine + Trimethoprim,18 gm + 15 gm + 3 gm/100 gm,AMBIGUOUS,AMBIGUOUS_SHARED_DENOMINATOR
SRCR-5d1d13bef4d2604012e642c6,REGISTERED,33727,Fluticasone Propionate + Salmeterol,50 mcg + 25 mcg/Metered Inhalation,AMBIGUOUS,AMBIGUOUS_SHARED_DENOMINATOR
SRCR-d80c0887017e5c6a45f011cf,REGISTERED,33746,Vitamin A + Vitamin D3 + Vitamin E,500 Lac IU + 75 Lac IU + 5000 mg/100 ml,AMBIGUOUS,AMBIGUOUS_SHARED_DENOMINATOR
SRCR-2d6f48426e00570d550dc755,REGISTERED,33747,Vitamin A + Vitamin D3 + Vitamin E,150 Lac IU + 22.5 Lac IU + 1500 mg/30 ml,AMBIGUOUS,AMBIGUOUS_SHARED_DENOMINATOR
SRCR-b30304fc952d34ffcc1e8419,REGISTERED,33748,Vitamin A + Vitamin D3 + Vitamin E,50 Lac IU + 7.5 Lac IU + 500 mg/10 ml,AMBIGUOUS,AMBIGUOUS_SHARED_DENOMINATOR
SRCR-a2345d31c604aca528fe0470,REGISTERED,33751,Clorsulon + Ivermectin,3 gm + 300 mg/30 ml,AMBIGUOUS,AMBIGUOUS_SHARED_DENOMINATOR
SRCR-b72ef771a76300bbc44b8edc,REGISTERED,33752,Clorsulon + Ivermectin,500 mg + 50 mg/5 ml,AMBIGUOUS,AMBIGUOUS_SHARED_DENOMINATOR
SRCR-a264b3bf7c90de1fc13401fc,REGISTERED,33756,Glycerine + Liquid Sugar,.75 ml + 1.93 ml/5 ml,AMBIGUOUS,AMBIGUOUS_SHARED_DENOMINATOR
SRCR-aee313184dc85ada5b73c9f8,REGISTERED,33774,Meloxicam + Paracetamol,100 mg + 750 mg/5 ml,AMBIGUOUS,AMBIGUOUS_SHARED_DENOMINATOR
SRCR-8144634877051d62be9668e7,REGISTERED,33775,Meloxicam + Paracetamol,200 mg + 1.5 gm/10 ml,AMBIGUOUS,AMBIGUOUS_SHARED_DENOMINATOR
SRCR-a8e6b0a19c61efa91f2651fb,REGISTERED,33776,Benzathine Penicillin G + Dihydrostreptomycin + Procain Penicillin G,10 Lac IU + 2 gm + 15 Lac IU/10 ml,AMBIGUOUS,AMBIGUOUS_SHARED_DENOMINATOR
SRCR-23b3a4390456c89db0afc300,REGISTERED,33777,Benzathine Penicillin G + Dihydrostreptomycin + Procain Penicillin G,50 Lac IU + 10 gm + 75 Lac IU/50 ml,AMBIGUOUS,AMBIGUOUS_SHARED_DENOMINATOR
SRCR-ae658d656b3efa078a759df9,REGISTERED,33790,Polyethylene Glycol 400 + Propylene Glycol,400 mg + 300 mg/100 ml,AMBIGUOUS,AMBIGUOUS_SHARED_DENOMINATOR
SRCR-46bdec9e647059f4f24a8764,REGISTERED,33810,Clindamycin Phosphate + Tretinoin,1.2 gm + .025 gm/100 gm,AMBIGUOUS,AMBIGUOUS_SHARED_DENOMINATOR
SRCR-d8dfb2468571cddba529baf9,REGISTERED,33826,Dextrose + Sodium Chloride,5 gm + 450 mg/100 ml,AMBIGUOUS,AMBIGUOUS_SHARED_DENOMINATOR
SRCR-ee7428f3da9c30f42c5601f3,REGISTERED,33831,Dextrose + Sodium Chloride,5 gm + 900 mg/100 ml,AMBIGUOUS,AMBIGUOUS_SHARED_DENOMINATOR
SRCR-ca5e0d1aa0f28c09c4f157c6,REGISTERED,33832,Potassium Chloride + Sodium Acetate + Sodium Chloride,100 mg + 650 mg + 500 mg/100 ml,AMBIGUOUS,AMBIGUOUS_SHARED_DENOMINATOR
SRCR-0e2933c07604897731881098,REGISTERED,33834,Calcium Chloride + Potassium Chloride + Sodium Chloride + Sodium Lactate,27 mg + 40 mg + 600 mg + 320 mg/100 ml,AMBIGUOUS,AMBIGUOUS_SHARED_DENOMINATOR
SRCR-f12154af8906995f896dd92b,REGISTERED,33839,Cefuroxime + Clavulanic Acid,125 mg + 31.25 mg/5 ml,AMBIGUOUS,AMBIGUOUS_SHARED_DENOMINATOR
SRCR-20c1e72b10263dabfe8ec74b,REGISTERED,33843,Loteprednol Etabonate + Tobramycin,.5 gm + .3 gm/100 ml,AMBIGUOUS,AMBIGUOUS_SHARED_DENOMINATOR
SRCR-84111aecd5f4fc42655cf48e,REGISTERED,33845,Cyanocobalamin + Toldimfos Sodium,5 mg + 20 gm/100 ml,AMBIGUOUS,AMBIGUOUS_SHARED_DENOMINATOR
SRCR-b15d3b685ff8f82a73c331f8,REGISTERED,33846,Cyanocobalamin + Toldimfos Sodium,1.5 gm + 6 gm/30 ml,AMBIGUOUS,AMBIGUOUS_SHARED_DENOMINATOR
SRCR-31e673ba34354a03cb4bd1dc,REGISTERED,33848,Econazole Nitrate + Triamcinolone Acetonide,1 gm + 100 mg/100 gm,AMBIGUOUS,AMBIGUOUS_SHARED_DENOMINATOR
SRCR-52e3fa22db8cc47079f88eeb,REGISTERED,33854,Ascorbic Acid + Betaine + Calcium Chloride Dihydrate + Magnesium Chloride Hexahydrate + Potassium Chloride + Sodium Chloride,9 gm + 25 gm + 4 gm + 400 mg + 200 mg + 2 gm/100 ml,AMBIGUOUS,AMBIGUOUS_SHARED_DENOMINATOR
SRCR-dfcc70ab8fb5a30a3b90c5fe,REGISTERED,33859,Amoxicillin + Clavulanic Acid,125 mg + 31.25 mg/5 ml,AMBIGUOUS,AMBIGUOUS_SHARED_DENOMINATOR
SRCR-f462247dc54c66b0b7b737af,REGISTERED,33867,Ipratropium Bromide + Salbutamol,500 mcg + 2.5 mg/2.5 ml,AMBIGUOUS,AMBIGUOUS_SHARED_DENOMINATOR
SRCR-559fc886b93bd5802ea809db,REGISTERED,33868,Liquid Paraffin + Magnesium Hydroxide,25 ml + 6 gm/100 ml,AMBIGUOUS,AMBIGUOUS_SHARED_DENOMINATOR
SRCR-0415acafd467e09833ed7677,REGISTERED,33869,Aluminium Hydroxide + Aluminium Hydroxide Gel + Magnesium Hydroxide + Simethicone,3.216 gm + 17.5 gm + 8 gm + 600 mg/100 ml,AMBIGUOUS,AMBIGUOUS_SHARED_DENOMINATOR
SRCR-0478564d48fef1dd57fa62c7,REGISTERED,33873,Calcium Carbonate + Cyanocobalamin + Diabasic Calcium Phosphate + Magnesium + Vitamin D3,1.356 gm + 100 mg + 4.6 gm + 100 mg + 800 IU/100 ml,AMBIGUOUS,AMBIGUOUS_SHARED_DENOMINATOR
SRCR-2056f24eb868efa6586f9665,REGISTERED,33880,Carboxymethylcellulose Sodium + Glycerine,5 mg + 9 mg/ml,AMBIGUOUS,AMBIGUOUS_SHARED_DENOMINATOR
SRCR-3fd9d2b2c1115564b8781979,REGISTERED,33881,Glycerol + Hypromellose + Polyethylene Glycol 400,200 mg + 360 mg + 1 gm/100 ml,AMBIGUOUS,AMBIGUOUS_SHARED_DENOMINATOR
SRCR-9277bfe1885d2c2c0b9497c1,REGISTERED,33910,Lincomycin Base + Spectinomycin,22.2 gm + 44.4 gm/100 gm,AMBIGUOUS,AMBIGUOUS_SHARED_DENOMINATOR
SRCR-906395086f46a0bd6e53fe77,REGISTERED,33915,Betamethasone + Clotrimazole + Gentamicin,50 mg + 1 gm + 100 mg/100 gm,AMBIGUOUS,AMBIGUOUS_SHARED_DENOMINATOR
SRCR-f69f09d599c1f14d0c7809b6,REGISTERED,33921,Melengestrol Acetate + Zilpaterol Hydrochloride,110 mg + 4.8 gm/100 gm,AMBIGUOUS,AMBIGUOUS_SHARED_DENOMINATOR
SRCR-0669d800efd20ff194d48985,REGISTERED,33923,Gatifloxacin + Loteprednol Etabonate,300 mg + 500 mg/100 ml,AMBIGUOUS,AMBIGUOUS_SHARED_DENOMINATOR
SRCR-7babd315d42df66e8d31ee80,REGISTERED,33941,Amoxicillin + Clavulanic Acid,140 mg + 35 mg/ml,AMBIGUOUS,AMBIGUOUS_SHARED_DENOMINATOR
SRCR-17cf0a2c627cdbfb609673b3,REGISTERED,33947,Dextromethorphan Hydrobromide + Phenylephrine Hydrochloride + Triprolidine Hydrochloride,400 mg + 200 mg + 50 mg/100 ml,AMBIGUOUS,AMBIGUOUS_SHARED_DENOMINATOR
SRCR-a67f5ac01c06589086fde39a,REGISTERED,33948,Dexamethasone + Moxifloxacin,100 mg + 500 mg/100 ml,AMBIGUOUS,AMBIGUOUS_SHARED_DENOMINATOR
SRCR-f28932652cd9274c09c4d032,REGISTERED,33951,Dextromethorphan Hydrobromide + Guaiphenesin + Menthol,300 mg + 4 gm + 300 mg/100 ml,AMBIGUOUS,AMBIGUOUS_SHARED_DENOMINATOR
SRCR-e65c3ebebef75aa5f1cc3092,REGISTERED,33970,Betamethasone + Calcipotriol,.05 gm + .005 gm/100 gm,AMBIGUOUS,AMBIGUOUS_SHARED_DENOMINATOR
SRCR-4ac826d4a5be9f64f780585c,REGISTERED,33984,Chlorhexidine Gluconate + Isopropyl Alcohol,500 mg + 70 gm/100 ml,AMBIGUOUS,AMBIGUOUS_SHARED_DENOMINATOR
SRCR-49d04dc22c08c2bf3dd353a5,REGISTERED,33985,Glycerol + Hydrogen Peroxide Solution + Isopropyl Alcohol,1.45 ml + 4.17 ml + 75 ml/100 ml,AMBIGUOUS,AMBIGUOUS_SHARED_DENOMINATOR
SRCR-f1b0e7e218e039079d249b57,REGISTERED,33999,Amoxicillin + Clavulanate Acid,100 mg + 25 mg/gm,AMBIGUOUS,AMBIGUOUS_SHARED_DENOMINATOR
SRCR-e883b259b3536d3643f6127e,REGISTERED,34006,Diphenhydramine Hydrochloride + Guaiphenesin + Levomenthol,280 mg + 2000 mg + 22 mg/100 ml,AMBIGUOUS,AMBIGUOUS_SHARED_DENOMINATOR
SRCR-c1f842b273c87e28345ce3ed,REGISTERED,34007,Ascorbic Acid + Cod Liver Oil + Nicotinamide + Pyridoxine Hydrochloride + Riboflavin + Vitamin A + Vitamin B1 + Vitamin D3 + Vitamin E,17.5 mg + 100 mg + 9 mg + .35 mg + .85 mg + 2000 IU + .7 mg + 200 IU + 1.5 mg/5 ml,AMBIGUOUS,AMBIGUOUS_SHARED_DENOMINATOR
SRCR-f138ffc48749aca8e7f7ca7d,REGISTERED,34009,Ipratropium Bromide + Salbutamol,500 mcg + 2.5 mg/3 ml,AMBIGUOUS,AMBIGUOUS_SHARED_DENOMINATOR
SRCR-9794e1f4c56210277b3b65d7,REGISTERED,34024,Clioquinol + Fluocinolone Acetonide,3 gm + .025 gm/100 gm,AMBIGUOUS,AMBIGUOUS_SHARED_DENOMINATOR
SRCR-6fc637739c0f60411f957d53,REGISTERED,34027,Chlorhexidine Hydrochloride + Nystatin,1 gm + 2 gm/100 gm,AMBIGUOUS,AMBIGUOUS_SHARED_DENOMINATOR
SRCR-106ada77198a9bb349b35a55,REGISTERED,34028,Halobetasol Propionate + Tazarotene,.01 gm + .045 gm/100 gm,AMBIGUOUS,AMBIGUOUS_SHARED_DENOMINATOR
SRCR-4083e2be235112ff1e37851a,REGISTERED,34052,Citric Acid + Lactic Acid + Potassium Bitartrate,1 gm + 1.8 gm + 400 mg/100 gm,AMBIGUOUS,AMBIGUOUS_SHARED_DENOMINATOR
SRCR-901a9f2c5050219c9c3c72ed,REGISTERED,34054,Formoterol Fumarate Dihydrate + Mometasone Furoate,5 mcg + 50 mcg/Puff,AMBIGUOUS,AMBIGUOUS_SHARED_DENOMINATOR
SRCR-a548b24c2ffa75394629bb9c,REGISTERED,34055,Formoterol Fumarate Dihydrate + Mometasone Furoate,5 mcg + 100 mcg/Puff,AMBIGUOUS,AMBIGUOUS_SHARED_DENOMINATOR
SRCR-6374f3186bf97981302d7a4b,REGISTERED,34056,Formoterol Fumarate Dihydrate + Mometasone Furoate,5 mcg + 200 mcg/Puff,AMBIGUOUS,AMBIGUOUS_SHARED_DENOMINATOR
SRCR-eaabfefec0e38165e8bf6d7c,REGISTERED,34058,Boric Acid + Calcium Gluconate + Magnesium Hypophosphite Hexahydrate,14.375 gm + 70 gm + 22.5 gm/250 ml,AMBIGUOUS,AMBIGUOUS_SHARED_DENOMINATOR
SRCR-1e4f5b8dcbb10ada9a3361c3,REGISTERED,34059,Boric Acid + Calcium Gluconate + Magnesium Hypophosphite Hexahydrate,28.75 gm + 140 gm + 45 gm/500 ml,AMBIGUOUS,AMBIGUOUS_SHARED_DENOMINATOR
SRCR-25e41c1b1906edc2e97553fa,REGISTERED,34067,Methenamine + Riboflavin + Thiamine Hydrochloride + Vitamin K3,950 mg + 1 mg + 8 mg + 2 mg/gm,AMBIGUOUS,AMBIGUOUS_SHARED_DENOMINATOR
SRCR-3010c8635618287810f239ba,REGISTERED,34093,Calcium Carbonate + Sodium Alginate + Sodium Bicarbonate,1.6 gm + 5 gm + 2.6 gm/100 ml,AMBIGUOUS,AMBIGUOUS_SHARED_DENOMINATOR
SRCR-19b111b521e4357bd27e708e,REGISTERED,34103,Lincomycin + Neomycin,250 mg + 140 mg/ml,AMBIGUOUS,AMBIGUOUS_SHARED_DENOMINATOR
SRCR-33cd4bec6aeee2c63a13cd57,REGISTERED,34119,Beclomethasone Dipropionate + Formoterol Fumarate Dihydrate + Glycopyrronium,100 mcg + 6 mcg + 10 mcg/Puff,AMBIGUOUS,AMBIGUOUS_SHARED_DENOMINATOR
SRCR-6e0ce987a22a446944efbf2c,REGISTERED,34145,Calcium Carbonate + Sodium Alginate + Sodium Bicarbonate,3.25 gm + 5 gm + 2.13 gm/100 ml,AMBIGUOUS,AMBIGUOUS_SHARED_DENOMINATOR
SRCR-50a5957705ad2826c0b87b43,REGISTERED,34152,Dexamethasone Sodium Phosphate + Prednisolone,40 mg + 200 mg/10 ml,AMBIGUOUS,AMBIGUOUS_SHARED_DENOMINATOR
SRCR-38a8e4b0222bf3b7d59f83bf,REGISTERED,34153,Dexamethasone Sodium Phosphate + Prednisolone,120 mg + 600 mg/30 ml,AMBIGUOUS,AMBIGUOUS_SHARED_DENOMINATOR
SRCR-67b155f10fadc0723ca297fc,REGISTERED,34154,Dexamethasone Sodium Phosphate + Prednisolone,200 mg + 1000 mg/50 ml,AMBIGUOUS,AMBIGUOUS_SHARED_DENOMINATOR
SRCR-4e5a72f5395b12acec897cdb,REGISTERED,34155,Enoxaprin,40 mg/.4 ml,FAILED,UNSUPPORTED_STRENGTH_PATTERN
SRCR-656b788c97d969152ce9dcc5,REGISTERED,34156,Enoxaprin,60 mg/.6 ml,FAILED,UNSUPPORTED_STRENGTH_PATTERN
SRCR-8411e85174f42e396638322e,REGISTERED,34178,Clobetasol Propionate + Ofloxacin + Ornidazole + Terbinafine Hydrochloride,.05 gm + .75 gm + 2 gm + 1 gm/100 gm,AMBIGUOUS,AMBIGUOUS_SHARED_DENOMINATOR
SRCR-3b0ea2d8d7e887e79600c03e,REGISTERED,34196,Boric Acid + Calcium Gluconate + Magnesium Hypophosphite Hexahydrate,5.75 gm + 28 gm + 9 gm/100 ml,AMBIGUOUS,AMBIGUOUS_SHARED_DENOMINATOR
SRCR-5008772f81800fbfa03dfe3e,REGISTERED,34312,Clindamycin Phosphate + Tretinoin,1.2 gm + .025 gm/100 gm,AMBIGUOUS,AMBIGUOUS_SHARED_DENOMINATOR
SRCR-5a2a7916950c11e6cbe438a0,REGISTERED,34314,Menthol + Methyl Salicylate,8 gm + 30 gm/100 gm,AMBIGUOUS,AMBIGUOUS_SHARED_DENOMINATOR
SRCR-a0db4672006e9e9e697d7567,REGISTERED,34338,Cetrimide + Chlorhexidine Gluconate,3 gm + 300 mg/100 ml,AMBIGUOUS,AMBIGUOUS_SHARED_DENOMINATOR
SRCR-bba0b0b0146b61c5bfa7ac51,REGISTERED,34374,Nicotinamide + Pyridoxine Hydrochloride + Riboflavine Sodium Phosphate + Thiamine Hydrochloride + Zinc Sulphate Monohydrate,400 mg + 800 mg + 150 mg + 500 mg + 2 gm/100 ml,AMBIGUOUS,AMBIGUOUS_SHARED_DENOMINATOR
SRCR-e65445d42d8f93a33c826409,REGISTERED,34375,Calcium Carbonate + Sodium Alginate + Sodium Bicarbonate,1.6 gm + 5 gm + 2.6 gm/100 ml,AMBIGUOUS,AMBIGUOUS_SHARED_DENOMINATOR
SRCR-61a3fe3bdf16dffb31bac664,REGISTERED,34385,Cefuroxime + Clavulanic Acid,125 mg + 31.25 mg/5 ml,AMBIGUOUS,AMBIGUOUS_SHARED_DENOMINATOR
SRCR-017b12361983e22fc8ebc09a,REGISTERED,34393,Brimonidine Tartrate + Timolol Maleate,200 mg + 500 mg/100 ml,AMBIGUOUS,AMBIGUOUS_SHARED_DENOMINATOR
SRCR-5f358f43e4a257761c4ac764,REGISTERED,34394,Polyethylene Glycol 400 + Propylene Glycol,400 mg + 300 mg/100 ml,AMBIGUOUS,AMBIGUOUS_SHARED_DENOMINATOR
SRCR-478148bf71bb8bc153a81e6c,REGISTERED,34465,Nicotinamide + Pantothenic acid + Pyridoxine Hydrochloride + Riboflavin + Vitamin A + Vitamin B1 + Vitamin C + Vitamin D,10 mg + 5 mg + 1 mg + 1 mg + 5000 IU + 1.6 mg + 50 mg + 1000 IU/ml,AMBIGUOUS,AMBIGUOUS_SHARED_DENOMINATOR
SRCR-100288c662a59f7e98fcbf29,REGISTERED,34487,Nicotinamide + Pyridoxine Hydrochloride + Riboflavin + Vitamin B1,20 mg + 2 mg + 2 mg + 5 mg/5 ml,AMBIGUOUS,AMBIGUOUS_SHARED_DENOMINATOR
SRCR-7fab3ac2eb23d5b898d69154,REGISTERED,34557,Crotamiton + Permethrin,10 gm + 5 gm/100 ml,AMBIGUOUS,AMBIGUOUS_SHARED_DENOMINATOR
SRCR-ab88670a3a99dbe7b5169a14,REGISTERED,34602,Ascorbic Acid + Cod Liver Oil + Nicotinamide + Pyridoxine Hydrochloride + Riboflavin + Vitamin A + Vitamin B1 + Vitamin D3 + Vitamin E,17.5 mg + 100 mg + 9 mg + .35 mg + .85 mg + 2000 IU + .7 mg + 200 IU + 1.5 mg/5 ml,AMBIGUOUS,AMBIGUOUS_SHARED_DENOMINATOR
SRCR-44f7db57ccc9c869e5bf9cfb,REGISTERED,34605,Betamethasone + Clotrimazole,50 mg + 1 gm/100 gm,AMBIGUOUS,AMBIGUOUS_SHARED_DENOMINATOR
SRCR-54fe78c7fa898c3aa0298dcb,REGISTERED,34648,Lidocaine + Prilocaine,2.5 gm + 2.5 gm/100 gm,AMBIGUOUS,AMBIGUOUS_SHARED_DENOMINATOR
SRCR-f8f02a4190728a84f70b466e,REGISTERED,34659,Citric Acid Monohydrate + Potassium Citrate,5 gm + 30 gm/100 ml,AMBIGUOUS,AMBIGUOUS_SHARED_DENOMINATOR
SRCR-d0ece7bf57f7ab4304ab3c12,REGISTERED,34666,Dioxybenzone + Hydroquinone + Octyldimethyl p-aminobenzoate + Oxybenzone,300 mg + 400 mg + 800 mg + 200 mg/100 gm,AMBIGUOUS,AMBIGUOUS_SHARED_DENOMINATOR
SRCR-53034a5abd90cfb9bdb0df21,REGISTERED,34680,Elemental Iron + Nicotinamide + Pyridoxine Hydrochloride + Riboflavin + Vitamin B1 + Zinc,50 mg + 20 mg + 2 mg + 2 mg + 5 mg + 10 mg/5 ml,AMBIGUOUS,AMBIGUOUS_SHARED_DENOMINATOR
SRCR-83b6ed77a7c6f1872c386e96,REGISTERED,34709,Cinchocaine Hydrochloride + Esculin + Hydrocortisone + Neomycin Sulphate,500 mg + 1 gm + 500 mg + 1 gm/100 gm,AMBIGUOUS,AMBIGUOUS_SHARED_DENOMINATOR
SRCR-0ce5cc267d73b3ec83763e72,REGISTERED,34711,Disodium Hydrogen Phosphate Dodecahydrate + Sodium Dihydrogen Phosphate Dihydrate,24 gm + 54.22 gm/100 ml,AMBIGUOUS,AMBIGUOUS_SHARED_DENOMINATOR
SRCR-d30498ce579b38a009823d7c,REGISTERED,34728,Coal Tar Solution + Precipitated Sulpher + Salicylic Acid,12 gm + 4 gm + 2 gm/100 gm,AMBIGUOUS,AMBIGUOUS_SHARED_DENOMINATOR
SRCR-410ae50856c6d9be68d3d3f8,REGISTERED,34742,Potassium Bicarbonate + Sodium Alginate,100 mg + 500 mg/5 ml,AMBIGUOUS,AMBIGUOUS_SHARED_DENOMINATOR
SRCR-df163cd9ae01485f6f59f169,REGISTERED,34762,Cefuroxime + Clavulanic Acid,125 mg + 31.25 mg/5 ml,AMBIGUOUS,AMBIGUOUS_SHARED_DENOMINATOR
SRCR-2664a2f2b7c6ba9fb05ed2b7,REGISTERED,34797,Clobetasol Propionate + Neomycin Sulphate + Nystatin,50 mg + 500 mg + 100 Lac IU/100 gm,AMBIGUOUS,AMBIGUOUS_SHARED_DENOMINATOR
SRCR-6842ae3b1f8360a81b9fb907,REGISTERED,34798,Clobetasol Propionate + Neomycin Sulphate + Nystatin,50 mg + 500 mg + 100 Lac IU/100 gm,AMBIGUOUS,AMBIGUOUS_SHARED_DENOMINATOR
SRCR-52edbed25700d76790b67c1a,REGISTERED,34799,Clobetasol Propionate + Salicylic Acid,.05 gm + 3 gm/100 gm,AMBIGUOUS,AMBIGUOUS_SHARED_DENOMINATOR
SRCR-b3cad58392b6afd546ed845c,REGISTERED,34837,Fluticasone Propionate + Salmeterol,50 mcg + 25 mcg/Metered Inhalation,AMBIGUOUS,AMBIGUOUS_SHARED_DENOMINATOR
SRCR-b0c44ea9a5ea01f7adfc3e7a,REGISTERED,34838,Fluticasone Propionate + Salmeterol,125 mcg + 25 mcg/Metered Inhalation,AMBIGUOUS,AMBIGUOUS_SHARED_DENOMINATOR
SRCR-c3aa08256ecfad225892ace3,REGISTERED,34839,Fluticasone Propionate + Salmeterol,250 mcg + 25 mcg/Metered Inhalation,AMBIGUOUS,AMBIGUOUS_SHARED_DENOMINATOR
SRCR-a6330cca0ba482d0b8f77a3d,REGISTERED,34840,Budesonide + Formoterol Fumarate,80 mcg + 4.5 mcg/Puff,AMBIGUOUS,AMBIGUOUS_SHARED_DENOMINATOR
SRCR-626155c874601fd1034a7f6f,REGISTERED,34841,Budesonide + Formoterol Fumarate,160 mcg + 4.5 mcg/Puff,AMBIGUOUS,AMBIGUOUS_SHARED_DENOMINATOR
SRCR-df8d0a3c36e151942e7f9155,REGISTERED,34846,Anhydrous Benzoyl Peroxide + Clindamycin,5 gm + 1 gm/100 gm,AMBIGUOUS,AMBIGUOUS_SHARED_DENOMINATOR
SRCR-93d1b414fe18264e26b8042b,REGISTERED,34847,Fluticasone Propionate + Formoterol Fumarate Dihydrate,125 mcg + 5 mcg/Puff,AMBIGUOUS,AMBIGUOUS_SHARED_DENOMINATOR
SRCR-d42a9daf4582cc287c6d54e1,REGISTERED,34848,Fluticasone Propionate + Formoterol Fumarate Dihydrate,250 mcg + 10 mcg/Puff,AMBIGUOUS,AMBIGUOUS_SHARED_DENOMINATOR
SRCR-f5492e92937d2444137875e0,REGISTERED,34849,Fluticasone Propionate + Formoterol Fumarate Dihydrate,50 mcg + 5 mcg/Puff,AMBIGUOUS,AMBIGUOUS_SHARED_DENOMINATOR
SRCR-5f002e8c9793e9f99c9638ce,REGISTERED,34865,Calcium Dobesilate + Dexamethasone Acetate + Lidocaine Hydrochloride,4 gm + 25 mg + 2 gm/100 gm,AMBIGUOUS,AMBIGUOUS_SHARED_DENOMINATOR
SRCR-9e0048bf882ac8193c3657c2,REGISTERED,34881,Fluocinolone + Hydroquinone + Tretinoin,.01 gm + 4 gm + .05 gm/100 gm,AMBIGUOUS,AMBIGUOUS_SHARED_DENOMINATOR
SRCR-2db1c3419a29531ee5cec242,REGISTERED,34882,Lactic Acid + Salicylic Acid,16.74 gm + 16.74 gm/100 ml,AMBIGUOUS,AMBIGUOUS_SHARED_DENOMINATOR
SRCR-2d6ebe9e2d6d107f26a1b766,REGISTERED,34891,Liquid Paraffin + White Soft Paraffin,50 gm + 50 gm/100 gm,AMBIGUOUS,AMBIGUOUS_SHARED_DENOMINATOR
SRCR-d90d93a07e2e9e96949d285e,REGISTERED,34911,Adapalene + Benzoyl Peroxide,.1 gm + 2.5 gm/100 gm,AMBIGUOUS,AMBIGUOUS_SHARED_DENOMINATOR
SRCR-6b9caae612c18a091e50458c,REGISTERED,34932,Ipratropium Bromide + Salbutamol,500 mcg + 2.5 mg/3 ml,AMBIGUOUS,AMBIGUOUS_SHARED_DENOMINATOR
SRCR-7c73820bb4ce23aa73a4a496,REGISTERED,34965,Dexamethasone + Moxifloxacin,100 mg + 500 mg/100 ml,AMBIGUOUS,AMBIGUOUS_SHARED_DENOMINATOR
SRCR-4de6637491c3623fe69bf53c,REGISTERED,34966,Polyethylene Glycol 400 + Propylene Glycol,400 mg + 300 mg/100 ml,AMBIGUOUS,AMBIGUOUS_SHARED_DENOMINATOR
SRCR-0e2c45c0bfafd933eeb9e777,REGISTERED,34968,Glycerine + Hydroxy Ethyl Cellulose,1.3 gm + 1 gm/50 gm,AMBIGUOUS,AMBIGUOUS_SHARED_DENOMINATOR
SRCR-b26479701580871d9f7d3185,REGISTERED,34969,Calcium Carbonate + Sodium Alginate + Sodium Bicarbonate,1.6 gm + 5 gm + 2.6 gm/100 ml,AMBIGUOUS,AMBIGUOUS_SHARED_DENOMINATOR
SRCR-cdd5173beee3500f23d439d4,REGISTERED,34982,Cetrimide + Chlorhexidine Gluconate,3 gm + 300 mg/100 ml,AMBIGUOUS,AMBIGUOUS_SHARED_DENOMINATOR
SRCR-e3c8bfd4d59868870fba0cea,REGISTERED,34983,Cetrimide + Chlorhexidine Gluconate,15 gm + 1.5 gm/100 ml,AMBIGUOUS,AMBIGUOUS_SHARED_DENOMINATOR
SRCR-f88f686ca64670cbadb661fc,REGISTERED,34984,Cetrimide + Chlorhexidine Hydrochloride,500 mg + 100 mg/100 gm,AMBIGUOUS,AMBIGUOUS_SHARED_DENOMINATOR
SRCR-11f7156a7a5e81995367dd4e,REGISTERED,34985,Ethyl Alcohol + Isopropyl Alcohol,66 ml + 3.5 ml/100 ml,AMBIGUOUS,AMBIGUOUS_SHARED_DENOMINATOR
SRCR-ccdc8a1b48fb0a524e16eeb4,REGISTERED,35011,Calcium Carbonate + Sodium Alginate + Sodium Bicarbonate,3.25 gm + 5 gm + 2.13 gm/100 ml,AMBIGUOUS,AMBIGUOUS_SHARED_DENOMINATOR
SRCR-c558de2a716cd83a2dcdbd1f,REGISTERED,35013,Benzalkonium Chloride + Chlorhexidine Hydrochloride + Isopropyl Myristate + Liquid Paraffin,100 mg + 100 mg + 2.5 gm + 2.5 gm/100 gm,AMBIGUOUS,AMBIGUOUS_SHARED_DENOMINATOR
SRCR-e51788b372d18db1b531cedf,REGISTERED,35014,Benzalkonium Chloride + Chlorhexidine Hydrochloride + Isopropyl Myristate + Liquid Paraffin,1 mg + 1 mg + 100 mg + 100 mg/gm,AMBIGUOUS,AMBIGUOUS_SHARED_DENOMINATOR
SRCR-0e55cf64336664f256cd9ea6,REGISTERED,35021,Eucalypytol + Menthol + Methyl Salicylate + Thymol,92 mg + 42 mg + 60 mg + 64 mg/100 ml,AMBIGUOUS,AMBIGUOUS_SHARED_DENOMINATOR
SRCR-3e4f7ab49c8570462975346d,REGISTERED,35043,Cetrimide + Disodium Edetate,750 mg + 15 gm/100 ml,AMBIGUOUS,AMBIGUOUS_SHARED_DENOMINATOR
SRCR-ed84573cdc2816060f20bb3c,REGISTERED,35105,Sulphamethoxazole + Trimethoprim,200 mg + 40 mg/5 ml,AMBIGUOUS,AMBIGUOUS_SHARED_DENOMINATOR
SRCR-e5fbc4f501fc95d6efc5aecb,REGISTERED,35107,Aluminium Oxide + Magnesium Hydroxide,175 mg + 225 mg/5 ml,AMBIGUOUS,AMBIGUOUS_SHARED_DENOMINATOR
SRCR-b4e1f9e920dfb45f42d5fe50,REGISTERED,35111,Nicotinamide + Pyridoxine Hydrochloride + Riboflavin + Vitamin B1,20 mg + 2 mg + 2 mg + 5 mg/5 ml,AMBIGUOUS,AMBIGUOUS_SHARED_DENOMINATOR
SRCR-13b0382c12963273001a82a6,REGISTERED,35120,Iron + Nicotinamide + Pyridoxine Hydrochloride + Riboflavin + Vitamin B1 + Zinc,50 mg + 20 mg + 2 mg + 2 mg + 5 mg + 10 mg/5 ml,AMBIGUOUS,AMBIGUOUS_SHARED_DENOMINATOR
SRCR-8c2623424f252625af4343f7,REGISTERED,35124,Cetrimide + Chlorhexidine Hydrochloride,500 mg + 100 mg/100 gm,AMBIGUOUS,AMBIGUOUS_SHARED_DENOMINATOR
SRCR-6e993c4f0326305546109da8,REGISTERED,35133,Benzoic Acid + Salicylic Acid,60 mg + 30 mg/gm,AMBIGUOUS,AMBIGUOUS_SHARED_DENOMINATOR
SRCR-9cfea58b7e0250571caf71b1,REGISTERED,35155,Sulphamethoxazole + Trimethoprim,200 mg + 40 mg/5 ml,AMBIGUOUS,AMBIGUOUS_SHARED_DENOMINATOR
SRCR-07dfcad59cac13c927d18774,REGISTERED,35159,Aluminium Oxide + Magnesium Hydroxide,175 mg + 225 mg/5 ml,AMBIGUOUS,AMBIGUOUS_SHARED_DENOMINATOR
SRCR-ce5ca9d80fa882b6702f5d2b,REGISTERED,35160,Camphor + Menthol + Oil Clove + Oil Eucalyptus + Oil Turpentine,2.5 gm + 2 gm + 2.5 gm + 1.25 gm + 1 gm/100 gm,AMBIGUOUS,AMBIGUOUS_SHARED_DENOMINATOR
SRCR-2ffcc13d2dab499762c6e574,REGISTERED,35166,Precipitated Sulpher + Salicylic Acid,3 gm + 2 gm/100 gm,AMBIGUOUS,AMBIGUOUS_SHARED_DENOMINATOR
SRCR-439258cb6a433baecb9571bb,REGISTERED,35167,Sulphamethoxazole + Trimethoprim,200 mg + 40 mg/5 ml,AMBIGUOUS,AMBIGUOUS_SHARED_DENOMINATOR
SRCR-8c8c849a8efeb0bbe6daeaef,REGISTERED,35169,Nicotinamide + Pyridoxine Hydrochloride + Riboflavin + Vitamin B1,20 mg + 2 mg + 2 mg + 5 mg/5 ml,AMBIGUOUS,AMBIGUOUS_SHARED_DENOMINATOR
SRCR-29659df30795a8c986a2c801,REGISTERED,35171,Benzoic Acid + Salicylic Acid,60 mg + 30 mg/gm,AMBIGUOUS,AMBIGUOUS_SHARED_DENOMINATOR
SRCR-91ff14e6f08d651993022fcd,REGISTERED,35174,Menthol + Methyl Salicylate,10 gm + 15 gm/100 gm,AMBIGUOUS,AMBIGUOUS_SHARED_DENOMINATOR
SRCR-d1a3540aa15c2fde5e3a864c,REGISTERED,35176,Aluminium Oxide + Magnesium Hydroxide + Simethicone,200 mg + 400 mg + 30 mg/5 ml,AMBIGUOUS,AMBIGUOUS_SHARED_DENOMINATOR
SRCR-5af0ed51edd7b7f9b867bc56,REGISTERED,35178,Aluminium Oxide + Magnesium Hydroxide,175 mg + 225 mg/5 ml,AMBIGUOUS,AMBIGUOUS_SHARED_DENOMINATOR
SRCR-b11e5550230f26b3f8c63991,REGISTERED,35215,Sulphamethoxazole + Trimethoprim,200 mg + 40 mg/5 ml,AMBIGUOUS,AMBIGUOUS_SHARED_DENOMINATOR
SRCR-d73d3e54f5bbc73de393f23e,REGISTERED,35220,Calamine + Zinc Oxide,15 gm + 5 gm/100 ml,AMBIGUOUS,AMBIGUOUS_SHARED_DENOMINATOR
SRCR-98b7276cdb6c49adc7908d1e,REGISTERED,35221,Nicotinamide + Pyridoxine Hydrochloride + Riboflavin + Vitamin B1,20 mg + 2 mg + 2 mg + 5 mg/5 ml,AMBIGUOUS,AMBIGUOUS_SHARED_DENOMINATOR
SRCR-e1c2f93882d5e26f665e1ee1,REGISTERED,35224,Aluminium Oxide + Magnesium Hydroxide,175 mg + 225 mg/5 ml,AMBIGUOUS,AMBIGUOUS_SHARED_DENOMINATOR
SRCR-59e038b145a977a13999016b,REGISTERED,35366,Ascorbic Acid + Cod Liver Oil + Nicotinamide + Pyridoxine Hydrochloride + Riboflavin + Vitamin A + Vitamin B1 + Vitamin D3 + Vitamin E,17.5 mg + 100 mg + 9 mg + .35 mg + .85 mg + 2000 IU + .7 mg + 200 IU + 1.5 mg/5 ml,AMBIGUOUS,AMBIGUOUS_SHARED_DENOMINATOR
SRCR-3b37c50228cd017ee2fd32e7,REGISTERED,35393,Cefuroxime + Clavulanic Acid,125 mg + 31.25 mg/5 ml,AMBIGUOUS,AMBIGUOUS_SHARED_DENOMINATOR
SRCR-7a85c0dbe9514c1f7c986892,REGISTERED,35425,Amoxicillin + Clavulanic Acid,125 mg + 31.25 mg/5 ml,AMBIGUOUS,AMBIGUOUS_SHARED_DENOMINATOR
SRCR-3bf693d17fa11355be1a4433,REGISTERED,35427,Nystatin,1 Lac Unit,FAILED,UNSUPPORTED_STRENGTH_PATTERN
SRCR-09b85b540f5363cb6268bad1,REGISTERED,35428,Nystatin,5 Lac Unit,FAILED,UNSUPPORTED_STRENGTH_PATTERN
SRCR-6c496024f379f0f3bd2f6dc2,REGISTERED,35458,Sulphadiazine + Trimethoprim,40 gm + 8 gm/100 ml,AMBIGUOUS,AMBIGUOUS_SHARED_DENOMINATOR
SRCR-30acc51732ea026fa308e083,REGISTERED,35493,Nicotinamide + Pyridoxine Hydrochloride + Riboflavin + Vitamin B1 + Zinc,400 mg + 40 mg + 50 mg + 100 mg + 200 mg/100 ml,AMBIGUOUS,AMBIGUOUS_SHARED_DENOMINATOR
SRCR-b85a1a2c61c8a34b83aa262b,REGISTERED,35516,Potassium Chloride + Rice Powder (Pregelatineized) + Sodium Chloride + Trisodium Citrate,.75 gm + 25 gm + 1.3 gm + 1.45 gm/500 ml,AMBIGUOUS,AMBIGUOUS_SHARED_DENOMINATOR
SRCR-efefefa73630c1f50c48b098,REGISTERED,35519,Ascorbic Acid + Cod Liver Oil + Nicotinamide + Pyridoxine Hydrochloride + Riboflavin + Vitamin A + Vitamin B1 + Vitamin D3 + Vitamin E,17.5 mg + 100 mg + 9 mg + .35 mg + .85 mg + 2000 IU + .7 mg + 200 IU + 1.5 mg/5 ml,AMBIGUOUS,AMBIGUOUS_SHARED_DENOMINATOR
SRCR-c72cb3cb5165b1d34dbbd62e,REGISTERED,35542,Calcium Carbonate + Sodium Alginate + Sodium Bicarbonate,1.6 gm + 5 gm + 2.6 gm/100 ml,AMBIGUOUS,AMBIGUOUS_SHARED_DENOMINATOR
SRCR-ec2c330748f5cd0102d6f47f,REGISTERED,35565,Amprolium + Sulfaquinoxaline Sodium + Vitamin K,170 gm + 170 gm + 1 gm/KG,AMBIGUOUS,AMBIGUOUS_SHARED_DENOMINATOR
SRCR-d59828cbe91fa5ca47b07817,REGISTERED,35568,Clorsulon + Ivermectin,500 mg + 50 mg/5 ml,AMBIGUOUS,AMBIGUOUS_SHARED_DENOMINATOR
SRCR-5f289de15fe41cbb9be25a9b,REGISTERED,35572,Vitamin A + Vitamin D3 + Vitamin E,500000 IU + 75000 IU + 50 mg/100 ml,AMBIGUOUS,AMBIGUOUS_SHARED_DENOMINATOR
SRCR-1d6c851b6a2e35afd2c0cd24,REGISTERED,35575,Cyanocobalamin + Nicotinamide + Pyridoxine Hydrochloride + Riboflavin + Vitamin B1,5 mg + 5 gm + 500 mg + 150 mg + 2.5 gm/100 ml,AMBIGUOUS,AMBIGUOUS_SHARED_DENOMINATOR
SRCR-db7795292906dd58cd54ee56,REGISTERED,35578,Aluminium Oxide + Magnesium Hydroxide,175 mg + 225 mg/5 ml,AMBIGUOUS,AMBIGUOUS_SHARED_DENOMINATOR
SRCR-1015e8910fb62a7bfd8dbf75,REGISTERED,35586,Sulphamethoxazole + Trimethoprim,200 mg + 40 mg/5 ml,AMBIGUOUS,AMBIGUOUS_SHARED_DENOMINATOR
SRCR-5ac0b279e174b12887569b37,REGISTERED,35597,Nicotinamide + Pyridoxine Hydrochloride + Riboflavin + Vitamin B1,20 mg + 2 mg + 2 mg + 5 mg/5 ml,AMBIGUOUS,AMBIGUOUS_SHARED_DENOMINATOR
SRCR-15c7ea9d2560603bd65ea0c7,REGISTERED,35599,Nicotinamide + Pantothenic acid + Pyridoxine Hydrochloride + Riboflavin + Vitamin A + Vitamin B1 + Vitamin C + Vitamin D,10 mg + 5 mg + 1 mg + 1 mg + 5000 IU + 1.6 mg + 50 mg + 1000 IU/ml,AMBIGUOUS,AMBIGUOUS_SHARED_DENOMINATOR
SRCR-a74ab24ffc382bc89df1cb97,REGISTERED,35603,Nystatin,1 Lac Unit/ml,FAILED,UNSUPPORTED_STRENGTH_PATTERN
SRCR-cf3e4a3ac3af4ea81b34df15,REGISTERED,35639,Dextrose Anhydrous + Potassium Chloride + Sodium Chloride + Trisodium Citrate,10 gm + 750 gm + 1.75 gm + 1.45 gm/500 ml,AMBIGUOUS,AMBIGUOUS_SHARED_DENOMINATOR
SRCR-50ea85de3cd2cf02e583f118,REGISTERED,35640,Dextrose Anhydrous + Potassium Chloride + Sodium Chloride + Trisodium Citrate,10 gm + 750 gm + 1.75 gm + 1.45 gm/500 ml,AMBIGUOUS,AMBIGUOUS_SHARED_DENOMINATOR
SRCR-2a7c49daec4c9b0c91072118,REGISTERED,35653,Nicotinamide + Pyridoxine Hydrochloride + Riboflavin + Vitamin B1,20 mg + 2 mg + 2 mg + 5 mg/5 ml,AMBIGUOUS,AMBIGUOUS_SHARED_DENOMINATOR
SRCR-41307409de51c758c005b3b3,REGISTERED,35676,Ascorbic Acid + Cod Liver Oil + Nicotinamide + Pyridoxine Hydrochloride + Riboflavin + Vitamin A + Vitamin B1 + Vitamin D3 + Vitamin E,17.5 mg + 100 mg + 9 mg + .35 mg + .85 mg + 2000 IU + .7 mg + 200 IU + 1.5 mg/5 ml,AMBIGUOUS,AMBIGUOUS_SHARED_DENOMINATOR
SRCR-987167256754107319f3a3d4,REGISTERED,35680,Aluminium Oxide + Magnesium Hydroxide + Simethicone,200 mg + 400 mg + 30 mg/5 ml,AMBIGUOUS,AMBIGUOUS_SHARED_DENOMINATOR
SRCR-73312ea8fca955c3bac0a3c2,REGISTERED,35720,Acyclovir + Hydrocortisone,5 gm + 1 gm/100 gm,AMBIGUOUS,AMBIGUOUS_SHARED_DENOMINATOR
SRCR-ef75ceb761789d83bbb82454,REGISTERED,35721,Betamethasone + Neomycin Sulphate,100 mg + 500 mg/100 gm,AMBIGUOUS,AMBIGUOUS_SHARED_DENOMINATOR
SRCR-39e8ec68b4de004a53ed1918,REGISTERED,35722,Econazole Nitrate + Triamcinolone Acetonide,1 gm + 100 mg/100 gm,AMBIGUOUS,AMBIGUOUS_SHARED_DENOMINATOR
SRCR-bda2a7a571f7764697e161f8,REGISTERED,35723,Fluocinolone + Hydroquinone + Tretinoin,.01 gm + 4 gm + .05 gm/100 gm,AMBIGUOUS,AMBIGUOUS_SHARED_DENOMINATOR
SRCR-d8130bc16df3bc00c39b4902,REGISTERED,35726,Empty Hard Gelatin Capsule,0 Size,FAILED,UNSUPPORTED_STRENGTH_PATTERN
SRCR-dbfe3a17925ea9f0f6cb040f,REGISTERED,35796,D-Panthenol + Nicotinamide + Pyridoxine Hydrochloride + Riboflavin + Vitamin B1,5 mg + 100 mg + 10 mg + 4 mg + 50 mg/2 ml,AMBIGUOUS,AMBIGUOUS_SHARED_DENOMINATOR
SRCR-8fd4b011bc51ef373cca5be9,REGISTERED,35797,Cyanocobalamin + Pyridoxine Hydrochloride + Vitamin B1,1 mg + 100 mg + 100 mg/3 ml,AMBIGUOUS,AMBIGUOUS_SHARED_DENOMINATOR
SRCR-df89720d8555d9a8eebf2fd2,REGISTERED,35799,Diclofenac + Lidocaine Hydrochloride,75 mg + 20 mg/2 ml,AMBIGUOUS,AMBIGUOUS_SHARED_DENOMINATOR
SRCR-bd3af057d08f5fb9d5b06272,REGISTERED,35814,Glycerine + Liquid Sugar,.75 ml + 1.93 ml/5 ml,AMBIGUOUS,AMBIGUOUS_SHARED_DENOMINATOR
SRCR-727636fa7230ef8eca6d8a75,REGISTERED,35821,Ascorbic Acid + Cod Liver Oil + Nicotinamide + Pyridoxine Hydrochloride + Riboflavin + Vitamin A + Vitamin B1 + Vitamin D3 + Vitamin E,17.5 mg + 100 mg + 9 mg + .35 mg + .85 mg + 2000 IU + .7 mg + 200 IU + 1.5 mg/5 ml,AMBIGUOUS,AMBIGUOUS_SHARED_DENOMINATOR
SRCR-91dc37784e34ed30ec42e09d,REGISTERED,35828,Bacitracin Zinc + Neomycin Sulphate,500 IU + 5 mg/gm,AMBIGUOUS,AMBIGUOUS_SHARED_DENOMINATOR
SRCR-da483cfc8e0e37f331707c6e,REGISTERED,35829,Benzoic Acid + Salicylic Acid,60 mg + 30 mg/gm,AMBIGUOUS,AMBIGUOUS_SHARED_DENOMINATOR
SRCR-d4d5317caee01fdbe43a7252,REGISTERED,35876,Rhubarb + Salicylic Acid,.5 gm + .1 gm/10 ml,AMBIGUOUS,AMBIGUOUS_SHARED_DENOMINATOR
SRCR-af15aa00420619eaa418feb7,REGISTERED,35877,Adapalene + Benzoyl Peroxide,.1 gm + 2.5 gm/100 gm,AMBIGUOUS,AMBIGUOUS_SHARED_DENOMINATOR
SRCR-2ba3a3e865101afe8baaecd9,REGISTERED,35903,Fluocinolone + Hydroquinone + Tretinoin,.01 gm + 4 gm + .05 gm/100 gm,AMBIGUOUS,AMBIGUOUS_SHARED_DENOMINATOR
SRCR-817cf8fbee41cc07e6aaf95b,REGISTERED,35911,Sulphamethoxazole + Trimethoprim,200 mg + 40 mg/5 ml,AMBIGUOUS,AMBIGUOUS_SHARED_DENOMINATOR
SRCR-ee7bcfdb81991d4f46c4adc9,REGISTERED,35923,Clobetasol Propionate + Salicylic Acid,.05 gm + 3 gm/100 gm,AMBIGUOUS,AMBIGUOUS_SHARED_DENOMINATOR
SRCR-9d1e8947104f28fd1553cb69,REGISTERED,35932,Cefuroxime + Clavulanic Acid,125 mg + 31.25 mg/5 ml,AMBIGUOUS,AMBIGUOUS_SHARED_DENOMINATOR
SRCR-62dcddb428ae8d1f1c5885d7,REGISTERED,35933,Eucalypytol + Menthol + Methyl Salicylate + Sodium Fluoride + Thymol,92 mg + 42 mg + 60 mg + 20 mg + 64 mg/100 ml,AMBIGUOUS,AMBIGUOUS_SHARED_DENOMINATOR
SRCR-8c7aff2c5d40e8cc0a1319e6,REGISTERED,35939,Lidocaine + Tetracaine,7 gm + 7 gm/100 gm,AMBIGUOUS,AMBIGUOUS_SHARED_DENOMINATOR
SRCR-4f81e2af77b2c1b3078745ac,REGISTERED,35957,Epinephrine + Lidocaine,10 mcg + 20 mg/ml,AMBIGUOUS,AMBIGUOUS_SHARED_DENOMINATOR
SRCR-59b2b7cba3c5fe75aafbbfd6,REGISTERED,35972,Macrogol 3350 + Potassium Chloride + Sodium Bicarbonate + Sodium Chloride,52.5 gm + .187 gm + .714 gm + 1.4 gm/100 ml,AMBIGUOUS,AMBIGUOUS_SHARED_DENOMINATOR
SRCR-0f4537aa82e26bc2ab6a9829,REGISTERED,35978,Betamethasone + Calcipotriol,.05 gm + .005 gm/100 gm,AMBIGUOUS,AMBIGUOUS_SHARED_DENOMINATOR
SRCR-ca5fa4bf262b642b82918503,REGISTERED,35979,Epinephrine + Lidocaine Hydrochloride,5 mcg + 20 mg/ml,AMBIGUOUS,AMBIGUOUS_SHARED_DENOMINATOR
SRCR-1b4ab5336138895c407def4d,REGISTERED,35983,Dextromethorphan Hydrobromide + Guaiphenesin + Menthol,300 mg + 4 gm + 300 mg/100 ml,AMBIGUOUS,AMBIGUOUS_SHARED_DENOMINATOR
SRCR-1e4fdb17dfa238436affd7d1,REGISTERED,35984,Dextromethorphan Hydrobromide + Phenylephrine Hydrochloride + Triprolidine Hydrochloride,400 mg + 200 mg + 50 mg/100 ml,AMBIGUOUS,AMBIGUOUS_SHARED_DENOMINATOR
SRCR-2b38466375a515bc7192d170,REGISTERED,36011,Calcium Carbonate + Sodium Alginate + Sodium Bicarbonate,1.6 gm + 5 gm + 2.6 gm/100 ml,AMBIGUOUS,AMBIGUOUS_SHARED_DENOMINATOR
SRCR-36ccc724c06fba9061ed9155,REGISTERED,36033,Mucopolysaccharide Polysulphate + Salicylic Acid,200 mg + 2 gm/100 gm,AMBIGUOUS,AMBIGUOUS_SHARED_DENOMINATOR
SRCR-c06fcf5702751046d171c984,REGISTERED,36075,Tirzepatide,2.5 mg/.5 ml,FAILED,UNSUPPORTED_STRENGTH_PATTERN
SRCR-347ae39b3fc4777107900dae,REGISTERED,36076,Tirzepatide,5 mg/.5 ml,FAILED,UNSUPPORTED_STRENGTH_PATTERN
SRCR-37e4471fc7423e660d9fb792,REGISTERED,36077,Tirzepatide,7.5 mg/.5 ml,FAILED,UNSUPPORTED_STRENGTH_PATTERN
SRCR-1aa2bf5e0a62615def21cd6e,REGISTERED,36078,Semaglutide,2.4 mg/.75 ml,FAILED,UNSUPPORTED_STRENGTH_PATTERN
SRCR-a6c0a3218ee49bd3b8dfae00,REGISTERED,36079,Semaglutide,1.7 mg/.75 ml,FAILED,UNSUPPORTED_STRENGTH_PATTERN
SRCR-cac7ae567cf0127b86a866e2,REGISTERED,36080,Semaglutide,1 mg/.5 ml,FAILED,UNSUPPORTED_STRENGTH_PATTERN
SRCR-6bb553d71a783cf429b11351,REGISTERED,36081,Semaglutide,500 mcg/.5 ml,FAILED,UNSUPPORTED_STRENGTH_PATTERN
SRCR-4d61400a44efe7ab20e79abf,REGISTERED,36082,Semaglutide,250 mcg/.5 ml,FAILED,UNSUPPORTED_STRENGTH_PATTERN
SRCR-6e6870963ea1905368dcd3b1,REGISTERED,36086,Calcium Carbonate + Sodium Alginate + Sodium Bicarbonate,3.25 gm + 5 gm + 2.13 gm/100 ml,AMBIGUOUS,AMBIGUOUS_SHARED_DENOMINATOR
