medicine_id,market_source_records,registered_source_records,match_method,tier
MED-00177e639173bc530a977801,SRCM-a17e02f59c1561f585a91954,SRCR-b2053a7a2572b0a2a088ec93,EXACT_STRUCTURED_IDENTITY,A
MED-001e9bdfbf2cfbe010bf7fd2,SRCM-3b1ad851148aeb5e0fee476c,SRCR-f684a1121fe99af6fa6f99b5,EXACT_STRUCTURED_IDENTITY,A
MED-004a98975895ee7000b4ef8c,SRCM-f0a8d07f183e2b1ebb0e7d9f,SRCR-84e96fae3e49580a3556cf93,EXACT_STRUCTURED_IDENTITY,A
MED-0050db3438f75d49855387fc,SRCM-fa70089507d2d759da54fdbf,SRCR-8af15aee545f16f8922e2032,EXACT_STRUCTURED_IDENTITY,A
MED-0055d50b79498b297ab48f04,SRCM-83325efcfe333de6fa73d75c,SRCR-c8061ff5a19382870422e274,EXACT_STRUCTURED_IDENTITY,A
MED-005919f78a41002a0af8cd54,SRCM-2a8dd31d635cc35ea2a56a0f,SRCR-6550ac6b0b6f7cb83cc50864,EXACT_STRUCTURED_IDENTITY,A
MED-006cb5124aba6b71b63f80a6,SRCM-db8dcc7f035e2e59c9103bb2,SRCR-70ed27e55856bda335445ebb,EXACT_STRUCTURED_IDENTITY,A
MED-007ea824e7106cb944d142e0,SRCM-726ea7e8a66aa90ca9efe04d,SRCR-42409a872633ce0f8d03ed06,EXACT_STRUCTURED_IDENTITY,A
MED-008d317a8b056cd2878e43bc,SRCM-0bb0310290ac28e38131a005,SRCR-c59d375c2a24146b88a2f3fb,EXACT_STRUCTURED_IDENTITY,A
MED-0096e29d9f4eda0f552a5a98,SRCM-31cd59aab969cea589175196,SRCR-eecbe31e9591c75af2896713,EXACT_STRUCTURED_IDENTITY,A
MED-00a2c8c07da56bc637fad4ff,SRCM-2adb74f4de75f468a9b2af62,SRCR-2123432de0d7133519739111,EXACT_STRUCTURED_IDENTITY,A
MED-00b38fc7ab1a98874158258b,SRCM-29c18c739eedefe588db3b57,SRCR-ab8b87a77c0b6f2f9a70c644,EXACT_STRUCTURED_IDENTITY,A
MED-00ca0db30caad2bf5c4c1a06,SRCM-15ea13d94b3f10546c7fafdf,SRCR-ded9a89c0d35f73913192d55,EXACT_STRUCTURED_IDENTITY,A
MED-00f5c6332a8117fb57009eb0,SRCM-81b7f75e25a44df96b0a647b,SRCR-62689860086d8d54cfb2889f,EXACT_STRUCTURED_IDENTITY,A
MED-01481f76b7da6910c4ea7a33,SRCM-53179430e4bdca75672e6e1e,SRCR-4ca974f5915a0e335acc0712,EXACT_STRUCTURED_IDENTITY,A
MED-0150aab4752a8fcacb406749,SRCM-b1fe3693d7a7ee370fab32ca,SRCR-dc4738613bbcce748dc5d9f7,EXACT_STRUCTURED_IDENTITY,A
MED-016157e2a6bd0afeeb2454a3,SRCM-6ec30858dae74997f17a790c,SRCR-882aeb76eeb5e1e2e6859bd5,EXACT_STRUCTURED_IDENTITY,A
MED-017cf6ed0d55656c73386aed,SRCM-6bc2a0bfd74aa9d211eeab57,SRCR-9389d65e8600cb0ba950ac85,EXACT_STRUCTURED_IDENTITY,A
MED-018a9fd288a5fe7e5e601ed7,SRCM-727095de3afdade870582d93,SRCR-4ee3317b505bf1a6797db5cc,EXACT_STRUCTURED_IDENTITY,A
MED-018d506c4a48c65f87f28895,SRCM-5c9a852ec7b45757cda54371,SRCR-995862c62b9e3d097b2fad03,EXACT_STRUCTURED_IDENTITY,A
MED-0195556470395d02c5886a82,SRCM-fd84a81255d3cc11696f2847,SRCR-67fa8edd0d4013b94da8f133,EXACT_STRUCTURED_IDENTITY,A
MED-01c96de9706754c80cbfdae2,SRCM-9b0f350f0bf0a8c135651b87,SRCR-2afafe248dd1557459c7f430,EXACT_STRUCTURED_IDENTITY,A
MED-01d3169ea18729e310687c41,SRCM-324b362de9d4581a4d6080b7,SRCR-5ed51740beec8709feac7bdc,EXACT_STRUCTURED_IDENTITY,A
MED-01ec5afb19c696e845627092,SRCM-013e1cae4691a16fe4ffbefe,SRCR-63d79c231a290084524c83d3,EXACT_STRUCTURED_IDENTITY,A
MED-01f0ac1e4a4fc6b54f11b6be,SRCM-ede40646bc646177f74776fd,SRCR-d257c051897fe28033622cc3,EXACT_STRUCTURED_IDENTITY,A
MED-020ad4e3285ccf92c3c86a2c,SRCM-bdb788e50c8357e653530eaf,SRCR-3510572933a60a9cc32e2459,EXACT_STRUCTURED_IDENTITY,A
MED-02263fec70ca31c9b7914baf,SRCM-a5bed0ff206a917ad5d8ce3b,SRCR-353599b7d47e0e8d2977e1c6,EXACT_STRUCTURED_IDENTITY,A
MED-023650ca2378f7ba16df6a53,SRCM-24b0642b636f37ef5ce18bac,SRCR-7c064e4ead875d17f91f1ceb,EXACT_STRUCTURED_IDENTITY,A
MED-0240ab47da94bee60bdee7af,SRCM-85bd0461ec2c8f6e5d44f372,SRCR-b9e5684ef28824823934e26c,EXACT_STRUCTURED_IDENTITY,A
MED-024f832d46abd214722071d9,SRCM-5b0e788111f46681dc5be2c1,SRCR-2df39bb868fb98de9328b627,EXACT_STRUCTURED_IDENTITY,A
MED-0259b359950b3d9f8d0ea495,SRCM-3a1a09fc0386bc2617e9c730,SRCR-1c575d990d4c35b07a8f6498,EXACT_STRUCTURED_IDENTITY,A
MED-02622e93065e11147375e9ee,SRCM-e7142237a48545c9e17afde9,SRCR-a3a19ca13aa7b7bf1f4105e9,EXACT_STRUCTURED_IDENTITY,A
MED-026cf6e43a438bb1b1e18dd4,SRCM-9e979eda2eef32bb34b3ba27,SRCR-0a3d8558eb31066144fb7eca,EXACT_STRUCTURED_IDENTITY,A
MED-027c42d9d8e84c6a89d20362,SRCM-095a6f7cf487f2b2b4be6164,SRCR-7a341eb6bf89ff04a38753f5,EXACT_STRUCTURED_IDENTITY,A
MED-02d081ae4752f0d44452e17e,SRCM-522cc45338ef94fdcf539dda,SRCR-2223e98af92d462c80113716,EXACT_STRUCTURED_IDENTITY,A
MED-02db3f0db3c6af18de74b284,SRCM-e53d2d4b81fd7d599e272212,SRCR-eb49ff67efb781ee3dc5eb17,EXACT_STRUCTURED_IDENTITY,A
MED-02e1da4a28fe9ca9fabd093d,SRCM-f29e0986405185cbf9c7a081,SRCR-6974f503aac52b7e02866ce8,EXACT_STRUCTURED_IDENTITY,A
MED-02e34e7977736c76d2255700,SRCM-b2c856947740a01e772d37f3,SRCR-bb1e3fec39f31c6a3efec38c,EXACT_STRUCTURED_IDENTITY,A
MED-02eef66fdc4cd5f5fbed4f44,SRCM-cf2f1af82d2a40594ce94da6,SRCR-5f2dc37900260f86ee3526a8,EXACT_STRUCTURED_IDENTITY,A
MED-02fa4fd19b9e6fb8deaeebfa,SRCM-0e6531785eddc863bd4126b8,SRCR-5c65c47608b8d62f74bf3c9a,EXACT_STRUCTURED_IDENTITY,A
MED-032d674475dce981fbf3ece0,SRCM-5c385059adabd8523481e5e4,SRCR-f1189f4fcffd995c3bba47b7,EXACT_STRUCTURED_IDENTITY,A
MED-0347e771673b6074226743f4,SRCM-0987121e63810cfbf4f799bc,SRCR-8a9d283d0e7004bdc9279f29,EXACT_STRUCTURED_IDENTITY,A
MED-03482b21fb90365ac1a2cdc1,SRCM-c9aa465ab2234bd10f436ebd,SRCR-cef8c28b7122e0dc456bc4db,EXACT_STRUCTURED_IDENTITY,A
MED-03498143c81db104c2de7c65,SRCM-03cc5a2835cb576c16eb2240,SRCR-8cba7b775ee38c244648e726,EXACT_STRUCTURED_IDENTITY,A
MED-0359757ca71b27fe732d92f8,SRCM-1329fc28f365e629f7bd1019,SRCR-d17e461fca459e9bbed3a748,EXACT_STRUCTURED_IDENTITY,A
MED-03674cd691f87a28031f184b,SRCM-234d3fc8b7b5ace7443db009,SRCR-821d6df3d94ac28a88a99a81,EXACT_STRUCTURED_IDENTITY,A
MED-03760f9455fa1e89da8f16de,SRCM-7749de8db063048931cbd633,SRCR-8bcd0189a24d305ff042df9f,EXACT_STRUCTURED_IDENTITY,A
MED-03768c7d27e2d966b8a7b62c,SRCM-364002b4a7d6641af9db337b,SRCR-c5008268991969fc90f016a5,EXACT_STRUCTURED_IDENTITY,A
MED-039d2d010c852efc0ff1acdb,SRCM-9a469bc90168740f3dbdf117,SRCR-7d7d17dc093ea34236c4cd59,EXACT_STRUCTURED_IDENTITY,A
MED-03b3c1ab44eabda6a5e9e791,SRCM-469039eae40e395887a82310,SRCR-f7e351f9494ed1c50ddb1dc7,EXACT_STRUCTURED_IDENTITY,A
MED-03e25454665728b810e5d6c9,SRCM-e9bff7e65662260c60170039,SRCR-a5e590cb36de7152f1a470b7,EXACT_STRUCTURED_IDENTITY,A
MED-03e381a3a5459c9fd1df65b4,SRCM-0d3c8a5e7a5094d5e4cdf3ef,SRCR-adbd0724ed321f603f3fdad1,EXACT_STRUCTURED_IDENTITY,A
MED-03f16efe1366dd815226e0d6,SRCM-6f3b90f9277d993d09a3de3c,SRCR-f5cfed4bf9daa34a130ba98e,EXACT_STRUCTURED_IDENTITY,A
MED-03f30623934c742fc8d5b34d,SRCM-77b5f61f8d6c5f5c9e0b1e1d,SRCR-383369f350d35f681bee8e5e,EXACT_STRUCTURED_IDENTITY,A
MED-04116a5acdb263598d96cc2c,SRCM-ccc15ad40838159ec0879d9d,SRCR-7268b4ab5b915460dc8e2d5c,EXACT_STRUCTURED_IDENTITY,A
MED-042562ff7788366e05fdad9c,SRCM-ef48904bbb42fe0c65c3d3ce,SRCR-fc63eff915e2432c74ea46fa,EXACT_STRUCTURED_IDENTITY,A
MED-0432051cb3849dd7a00ce00c,SRCM-06ca05875af00cfa221ce6ef,SRCR-680267c2d9136473e20b688b,EXACT_STRUCTURED_IDENTITY,A
MED-043db706a236961c6729b2f6,SRCM-a00a4b232e676dd9bea50fa5,SRCR-5159512059715e4e7d83d08c,EXACT_STRUCTURED_IDENTITY,A
MED-043e9bec2c92e612874a3adc,SRCM-d28d17cb98d46e7fcf5c68af,SRCR-7a5ebd6e5b5f1ee494157bb9,EXACT_STRUCTURED_IDENTITY,A
MED-047bf7bb33bb484fb55bb13b,SRCM-c2d6e84c3c36631593138e9c,SRCR-1dd62d4ad97d040791fd5d2a,EXACT_STRUCTURED_IDENTITY,A
MED-048024d90d1c27e3b643cf19,SRCM-e067552a7321f705d1601f32,SRCR-04a685b9d3bd00b945afd841,EXACT_STRUCTURED_IDENTITY,A
MED-0480cafe060bd7e2c912ce50,SRCM-9f32c9ad8b63751c3330ad03,SRCR-57dc91cf1378b61097f69891,EXACT_STRUCTURED_IDENTITY,A
MED-04a3cadd1739e62982f2a1ac,SRCM-3a079cd765aaf5f4de87e392,SRCR-39970c57b279a5f7764b8428,EXACT_STRUCTURED_IDENTITY,A
MED-04a71737acb6c89cdd829ad9,SRCM-86efeaf275de9b47bdbdc4ed,SRCR-7fa968a6637ebb583b3bf0db,EXACT_STRUCTURED_IDENTITY,A
MED-04b16cea272112fb88e22b61,SRCM-64154244fcdbdd44e50cb764,SRCR-6e008cb3934302aaea9d9a89,EXACT_STRUCTURED_IDENTITY,A
MED-04b2ab53e49ebe55a6ed4fa6,SRCM-f142f973ca8f39acd4579410,SRCR-d1798d151514ccd23c702735,EXACT_STRUCTURED_IDENTITY,A
MED-04d20579014884db1cdf8960,SRCM-d4c4bc6760a53408827d6db4,SRCR-91d365eaa1b8de782e1ddb89,EXACT_STRUCTURED_IDENTITY,A
MED-04d6e574f7eac89859e8fdbc,SRCM-a40bbac7c10b038305a92044,SRCR-a46825465bdfbeca5cb6881c,EXACT_STRUCTURED_IDENTITY,A
MED-04d9f5305ea72ced41901681,SRCM-222c7b65d4122d15a480c22f,SRCR-d7f0e64257515a372e8c6aed,EXACT_STRUCTURED_IDENTITY,A
MED-0507f10b495323c6d338e4da,SRCM-0fb2bc0245fec983f6ea427c,SRCR-f1aed917fd3b49beb8d74108,EXACT_STRUCTURED_IDENTITY,A
MED-052aa54d388253a3b69a724c,SRCM-e1e6dafdff15e501245cde65,SRCR-1588d65a4fc8c402b0126b49,EXACT_STRUCTURED_IDENTITY,A
MED-05399fa789d8d29c5fc14c27,SRCM-2dda665cc8d82d182c45d4dc,SRCR-02179b6342fd2318f437909f,EXACT_STRUCTURED_IDENTITY,A
MED-0556dd62fd54c6360983fe6d,SRCM-0a89cdb362c907dddc1023aa,SRCR-aaa0a057b18c1fb4b3dcee6b,EXACT_STRUCTURED_IDENTITY,A
MED-055c9d7f4a04546ad69a71fc,SRCM-eb9056b1067d1613863d190f,SRCR-4db50b002e4fdc7a2b8c1886,EXACT_STRUCTURED_IDENTITY,A
MED-05617238e1bdf51bc69f036a,SRCM-4c0f8a1424e0c53103beb334,SRCR-7401173511aee17d50154e7d,EXACT_STRUCTURED_IDENTITY,A
MED-0562078c5450418612f10b8c,SRCM-50829e91178a1ca27b2cfc6b,SRCR-0292390161b28226215e2d7e,EXACT_STRUCTURED_IDENTITY,A
MED-05676e570613512277b899ea,SRCM-4dc909553f4d5bd10dfb2b11,SRCR-66af62546d4fccdebc1a0b8a,EXACT_STRUCTURED_IDENTITY,A
MED-057824620e349afed423088f,SRCM-a742976fa4de01c03bacee82,SRCR-6e6124646e35d7eab84d7128,EXACT_STRUCTURED_IDENTITY,A
MED-057864f57138fa505a0fb557,SRCM-6eb816afdc6b13bfe760260d,SRCR-6219f6c6ef1cd42575be3d85,EXACT_STRUCTURED_IDENTITY,A
MED-058be45f68f1b4afcda40b30,SRCM-bdcf9e6f682cc209415cf4af,SRCR-c541d2ca0a61b454fdc83eb6,EXACT_STRUCTURED_IDENTITY,A
MED-05926a5186c9fa3d89148568,SRCM-1d795ea68465df03c9c7a18d,SRCR-f7424586d864903b27544c59,EXACT_STRUCTURED_IDENTITY,A
MED-059e829fc931a4b474cdbd62,SRCM-4b8c3ac4791645b2f9892de6,SRCR-96f4bb6bfb3309b52ebab8fa,EXACT_STRUCTURED_IDENTITY,A
MED-05a4a63b1b3c2e7ccc9db9b8,SRCM-bc22a4c3e7b54f39386f5b6a,SRCR-8bd2f66a5607fc27fdbc68fc,EXACT_STRUCTURED_IDENTITY,A
MED-05c282d73f235464e13ae974,SRCM-0ffa84fd8a7e1b492dd844bf,SRCR-70994ffc5cd31a2d16bbd4df,EXACT_STRUCTURED_IDENTITY,A
MED-05c65022e90ffac44f4a1eea,SRCM-3b71fe3ecb32d8ae9fe2cf5a,SRCR-e0cdc729af6b2c5b8c4ddb91,EXACT_STRUCTURED_IDENTITY,A
MED-05d6dae800985e6a338bcce9,SRCM-ce04a4bf006579bb8ad31b89,SRCR-7a79a95f6c50242b8317e0f9,EXACT_STRUCTURED_IDENTITY,A
MED-05ddca4671a42e346fce7f52,SRCM-0642508f6db6336e765f875c,SRCR-3b4031feba74d534810f6686,EXACT_STRUCTURED_IDENTITY,A
MED-05e86c0e488ec9015258434e,SRCM-08463aca148a5a9ff1a92e41,SRCR-2fe230a619822dad97a8045f,EXACT_STRUCTURED_IDENTITY,A
MED-05fa35f42b72e3fa6ff98861,SRCM-d708575a93734adcc26bc61f,SRCR-4e57dc8ae10a7bb060741ee3,EXACT_STRUCTURED_IDENTITY,A
MED-05ff11e2ab59dea95a651435,SRCM-8eb6c067b65006a0d71d088d,SRCR-302d9c3ca89931cd67f1080b,EXACT_STRUCTURED_IDENTITY,A
MED-0604834312f18a6da46a0ec8,SRCM-7dd05dc466e7fa40ab21a677,SRCR-851bde5b6a68c58d6b891d6a,EXACT_STRUCTURED_IDENTITY,A
MED-06166fe13ecf664a4e664554,SRCM-ae550036409682b4f011d051,SRCR-ae1c5c182fc03d8ed677556c,EXACT_STRUCTURED_IDENTITY,A
MED-061a698b074d2797c326e6a4,SRCM-f6e70ba5c30989325dba65b0,SRCR-d735961c2b36b0ea57df0c15,EXACT_STRUCTURED_IDENTITY,A
MED-062238f76f58aad8c4793831,SRCM-faa42f2bda40fd4becc51afc,SRCR-1bb445e548add52a5774af4b,EXACT_STRUCTURED_IDENTITY,A
MED-0628661d4e7228ad93cd09aa,SRCM-baf820965386cab6a6a909b8,SRCR-30711da0315c3a9cc92b683f,EXACT_STRUCTURED_IDENTITY,A
MED-0628a5725448c6cf6aa66c87,SRCM-991783add7bb0df4132648a8,SRCR-204d05d7387f4707c87b80cc,EXACT_STRUCTURED_IDENTITY,A
MED-0631465c5fda5b2618e7a050,SRCM-0b0da76e52daf67cd2339a8a,SRCR-c526b66fe7b8c9a6fa73ca14,EXACT_STRUCTURED_IDENTITY,A
MED-06334b576f2d4c4ae8a2d6c9,SRCM-cf78ee3ccc2ae6c3a4701c2f,SRCR-837aad2d3c64c9a62c99943c,EXACT_STRUCTURED_IDENTITY,A
MED-063a22268509700ef0b61c1a,SRCM-94949a6ba1a7e3b860c1c584,SRCR-eb6075c8bd4e0dee151b2b6b,EXACT_STRUCTURED_IDENTITY,A
MED-065666894d07c442d8f9b7f8,SRCM-72364b3e0fb65c18913bf7db,SRCR-c7843d746bb208025466c5b2,EXACT_STRUCTURED_IDENTITY,A
MED-0659ecd53ea518aa6a43ca24,SRCM-a24407bdd57fe3164b79a537,SRCR-c14dcbe176547450c0f66cfe,EXACT_STRUCTURED_IDENTITY,A
MED-0681644d31122a2e523fbe9e,SRCM-084ad9eceac475cf607ad119,SRCR-0b78dc8aa3481c84bc70e13f;SRCR-2837c1212440e287a8b618e1;SRCR-887e4223727f7dcda25a08c7,EXACT_STRUCTURED_IDENTITY,A
MED-0687aa305aa6f0262197e812,SRCM-12f03b63c2402bba5ce28333,SRCR-41016ad415b90451ac208838,EXACT_STRUCTURED_IDENTITY,A
MED-06b55b093f0e89ae9e397435,SRCM-f261591b0b34d505ee759fe5,SRCR-1d387a7a17d0ca94cf4d6421,EXACT_STRUCTURED_IDENTITY,A
MED-06cda4267f68c02f16b7567c,SRCM-a971a1f0229d05ab7340efd9,SRCR-c7ba6bdc23f1cacafcdeee5b,EXACT_STRUCTURED_IDENTITY,A
MED-06cea6fc5bcfe0b087766705,SRCM-25d3f41a2793611d5a8aa28d,SRCR-2864639082613e49dae987c6,EXACT_STRUCTURED_IDENTITY,A
MED-06f9ecc6ec93e87e1795b52c,SRCM-56d80e8dc2a270e6b7486f8f,SRCR-d1726d208e821ab26f405662,EXACT_STRUCTURED_IDENTITY,A
MED-06faddd50c57d076cd86c38f,SRCM-aa70f4a1caab4b85da44713b,SRCR-6f715de6061f92fd0568b7a6,EXACT_STRUCTURED_IDENTITY,A
MED-070814752b176acf4ae3b704,SRCM-810452cc42ce6f2a0a3440e4,SRCR-690fab1d87577bb0c40a5475,EXACT_STRUCTURED_IDENTITY,A
MED-0711777d30d32af5fee19a72,SRCM-924e72bf900d71dcfd5a7fad,SRCR-19f771f83fdcfa4ae36ecd4c,EXACT_STRUCTURED_IDENTITY,A
MED-0711f79361d74a83d3242f9d,SRCM-2756af8a5d7463a5fb35a4cb,SRCR-9314121a989faecae4199b72,EXACT_STRUCTURED_IDENTITY,A
MED-072cd1405f191f464258a490,SRCM-9a2ff66473394b07bd77b7b0,SRCR-b49a950ddb5eabb39794d7f1,EXACT_STRUCTURED_IDENTITY,A
MED-072d294c3b1ae6e52e4032f5,SRCM-50980f429703588ded706d85,SRCR-367b3391b3546d572e8f1e71,EXACT_STRUCTURED_IDENTITY,A
MED-073caeb1214cc5f3b1991175,SRCM-9c8ba2e74dd74716fce61ca9,SRCR-1a18161dc5bfb5e26d644b75,EXACT_STRUCTURED_IDENTITY,A
MED-073f7378fea10143df3b67e9,SRCM-40c6f5428d232631400f9fe2,SRCR-14632be73e0efadd54284a15,EXACT_STRUCTURED_IDENTITY,A
MED-074b52c3c5a5fb84e0a26c9e,SRCM-2f873d89d568e1f8b4b334ef,SRCR-927854e12d1efd980f8e7962,EXACT_STRUCTURED_IDENTITY,A
MED-07665efc608493017dd34bd2,SRCM-5867a675fe24b24f9ea274d7,SRCR-c303b688da6600821d4455a2,EXACT_STRUCTURED_IDENTITY,A
MED-07ad78c365bc56356f9d9326,SRCM-7d218da2be6cee7bfcb8e995,SRCR-21f922059e0a0281368202d1,EXACT_STRUCTURED_IDENTITY,A
MED-07bc5379c7bfe33ff1074236,SRCM-d863dcce6f3dfc2d129b74f4,SRCR-dbd1bfa814ab244401f949e5,EXACT_STRUCTURED_IDENTITY,A
MED-07ca6d8a9f1a54ce801d2274,SRCM-f92934e2a38c7ee88eb4608a,SRCR-3114d166d87c3c1c51c0f7cd,EXACT_STRUCTURED_IDENTITY,A
MED-07d277853a04778663685bc0,SRCM-fc8a68f0e37a5a402906be2a,SRCR-964328f5829a2e1615f6f1fe,EXACT_STRUCTURED_IDENTITY,A
MED-07f67f41994d870fccc2ae39,SRCM-9170201c7c1912db26376013,SRCR-ad0113b3a3b2029ee0ab370a,EXACT_STRUCTURED_IDENTITY,A
MED-08427a7d4dccd54469d011bb,SRCM-e693a3a4ac84fa7fd9faa42e,SRCR-0562d3c936b69945ffac7d5a,EXACT_STRUCTURED_IDENTITY,A
MED-08600cf6fb77167f4924cfe0,SRCM-d11ebb0a8c4d14d37b5e3e4e,SRCR-8eb33848efd2fcd5e4669ff8,EXACT_STRUCTURED_IDENTITY,A
MED-089a5053c349d14825404a66,SRCM-5cd4d8e650cbaa3a23c5a988,SRCR-07605ee3cf01c47626dc2387,EXACT_STRUCTURED_IDENTITY,A
MED-08ab5758d3e0743ce5c13536,SRCM-9d52ef8fc5e316bcabc82d9b,SRCR-c557c6aa4daf6e92aee032ce,EXACT_STRUCTURED_IDENTITY,A
MED-08e40aa030e422c5b6a9d738,SRCM-f3957633d8780a8fff34eb10,SRCR-d7541240fdd1e6e99c71426a,EXACT_STRUCTURED_IDENTITY,A
MED-08e9b31b04860f14d4424861,SRCM-4f6e606723022d701661d705,SRCR-47c9a47f40c9a9b988ff7c23,EXACT_STRUCTURED_IDENTITY,A
MED-08fa53ef0c1734c8a3420118,SRCM-5207131c126823ad5f01152f,SRCR-e98203240c16d58d2dde6c97,EXACT_STRUCTURED_IDENTITY,A
MED-0905fcedd5fba6023f6c2ff5,SRCM-853d8d11d65a88457550b4f2,SRCR-0755ce90be2ec2751b34d8cd,EXACT_STRUCTURED_IDENTITY,A
MED-09352832ba09bf1e466699c1,SRCM-1d6b8366a071229ad7c00ba8,SRCR-2db6c0f32f0c89d487a4a4bd,EXACT_STRUCTURED_IDENTITY,A
MED-095c597616dda9e8151bc7e9,SRCM-48961aa5f969e531e606dfb6,SRCR-5694036806668c6b608b59dd,EXACT_STRUCTURED_IDENTITY,A
MED-095e9e0c4c87fd5e6b240f61,SRCM-e4332479ff65639bcb0ac7ab,SRCR-e42f8a90a920122ae1175014,EXACT_STRUCTURED_IDENTITY,A
MED-09641a73484a6f9f901c85f5,SRCM-cb4c0aa96288bea32fb1601e,SRCR-2ab91f31ea4442b7a0a5c739,EXACT_STRUCTURED_IDENTITY,A
MED-096d19ab688ca45eb5bbbe37,SRCM-b1147c1fe7fe7d0caaba582d,SRCR-bdfec1baa566eca05705d69d,EXACT_STRUCTURED_IDENTITY,A
MED-097111b9d0f88d38d36daecb,SRCM-d3ea3a1fbd0d4a4f1ff7e1be,SRCR-44b98f0fa482e1b686cb671f,EXACT_STRUCTURED_IDENTITY,A
MED-09752e048844a7cd4f7cf969,SRCM-5420f17b8bd3ff9ddf41cc5c,SRCR-c72ef9ea8085b7fb1a11fa09,EXACT_STRUCTURED_IDENTITY,A
MED-099b8af413aefff10b09e5f2,SRCM-28e1a52cef352360a89d9f2a,SRCR-51bb9bcaa8b8c0b0a2a1396e,EXACT_STRUCTURED_IDENTITY,A
MED-09b7d3e1ae4b1a829b52444f,SRCM-05855c5dfc6b666321226b34,SRCR-80e22e2319c38dad14dad1f4,EXACT_STRUCTURED_IDENTITY,A
MED-09bd88d3351a1ebc7aa0975b,SRCM-2988aaed10aa4d7dcd40e4d9,SRCR-622aad4bb26abe5d9320f1a8,EXACT_STRUCTURED_IDENTITY,A
MED-09c98a370f88353639274b18,SRCM-592ffe2a6e9bc5363e5273d8,SRCR-6ed672a3a3196bb748dbc63e,EXACT_STRUCTURED_IDENTITY,A
MED-09edb337a5e50f74f8009c63,SRCM-a44741874971478f2adc63fb,SRCR-007f30fd5fb929713e03cf2e,EXACT_STRUCTURED_IDENTITY,A
MED-09f228a15286d7f606ad23cd,SRCM-ccd6bb794733a5c209e9bb41,SRCR-b6e8499deec1ce8ff45ef19c,EXACT_STRUCTURED_IDENTITY,A
MED-0a020a75d20566db1b0b7eab,SRCM-29ddf4f2ceb2c97294279bd5,SRCR-9e9ef9106ba1ad5bbe6667ab,EXACT_STRUCTURED_IDENTITY,A
MED-0a157dc8b468933b6a804254,SRCM-4616da9abf0a084eca9d6daa,SRCR-e99c8b164c3ea2ebce742dac,EXACT_STRUCTURED_IDENTITY,A
MED-0a37a2237cde4ad042fab90f,SRCM-d40299f93fce269c21048b5e,SRCR-f1bbd620c8668ed7c3296838,EXACT_STRUCTURED_IDENTITY,A
MED-0a3e2cea051ef34837682cd0,SRCM-8cd71f9601e0f321d542192f,SRCR-9781dd4b0422ff08db2d84be,EXACT_STRUCTURED_IDENTITY,A
MED-0a450fdbbfe5878d1a1d7960,SRCM-2c34b8e9e9137fda28378aee,SRCR-f287cf7ab49717fe31ddae1f,EXACT_STRUCTURED_IDENTITY,A
MED-0a51221b960f171481738a96,SRCM-662d32f387dcbc21b6f860e2,SRCR-97ca4f7dc9ff84ed65698642,EXACT_STRUCTURED_IDENTITY,A
MED-0a5271b6585ad7497ff72063,SRCM-b1c5f90319d17db0766821be,SRCR-2b8a989c90f1e60433887e25,EXACT_STRUCTURED_IDENTITY,A
MED-0a6e02eb73349edeb56dce9f,SRCM-c75b85e9cb3b5edbd01b4c24,SRCR-20ccbda91be7a63d610af67d,EXACT_STRUCTURED_IDENTITY,A
MED-0a79998d1b5ae52c45811ec7,SRCM-2682b7d390ac494a53874e3e,SRCR-bb58c1e77e17eca6bec1e3a4,EXACT_STRUCTURED_IDENTITY,A
MED-0a81c89d0c1f4db0a4846591,SRCM-47c460c51de361f925df0b1d,SRCR-5a9a6a07fdae9fae99e8baf0,EXACT_STRUCTURED_IDENTITY,A
MED-0acdd5dfab7fe586c6e6847c,SRCM-562dfbd78812f07e9c29441d,SRCR-f8e34d9243c007f143d1b571,EXACT_STRUCTURED_IDENTITY,A
MED-0b4f47407915a87cee2af772,SRCM-9c57719b184502a211851e6e,SRCR-3b887bd4206971036fd8bf46,EXACT_STRUCTURED_IDENTITY,A
MED-0b53e938b95108cec0404e20,SRCM-c26219e6cda7e0c0d6954aad,SRCR-1aa8c77aa0d2f601e09ec676,EXACT_STRUCTURED_IDENTITY,A
MED-0b81397f9eaa3262a814fd21,SRCM-77d9b3923828394fdc715fc9,SRCR-4025853c7dacef3530cea23a,EXACT_STRUCTURED_IDENTITY,A
MED-0b90ca49dc6d21c0d1237f74,SRCM-b74f383e437a326a54c9c2b4,SRCR-d6833d363f548ad9a91f14db,EXACT_STRUCTURED_IDENTITY,A
MED-0b939bb00ce1c884057dbd3c,SRCM-7438f16eb0a8007c0365ffbf,SRCR-c39b27ee6b352a17ffb08e46,EXACT_STRUCTURED_IDENTITY,A
MED-0ba398f7831c93811e5c32e5,SRCM-9e19e647123b320c402500fc,SRCR-2dd44dd9b69569e044373ad7,EXACT_STRUCTURED_IDENTITY,A
MED-0bc2e25a4d22d8bcaa8cd235,SRCM-97036785aa4a98277760c161,SRCR-9d717cc2e8cc29b94d1afc18,EXACT_STRUCTURED_IDENTITY,A
MED-0bca1efd1a1b39ca4e048408,SRCM-9d5501ba79584319be4e9acb,SRCR-36cec60c44276d3eb015fc80,EXACT_STRUCTURED_IDENTITY,A
MED-0bcb02221c16edb75d3e1696,SRCM-2ddd681a2e6f30c3ece83d48,SRCR-0c80dce636e4ba5d4531e9a0,EXACT_STRUCTURED_IDENTITY,A
MED-0bea73a7273d541063bbc9ef,SRCM-c6ef1f2c20a8598c32f16182,SRCR-5bfa7f94547b843a402922e4,EXACT_STRUCTURED_IDENTITY,A
MED-0c1042acd67a2728537edf30,SRCM-50b38edc437e220bd537ed41,SRCR-f7ee3217d03fd0942dd58442,EXACT_STRUCTURED_IDENTITY,A
MED-0c2658a4973bd8520622714c,SRCM-353fd4e5f322885ff71d315c,SRCR-522380b0cda5ae7aed009ef9,EXACT_STRUCTURED_IDENTITY,A
MED-0c2c6f87105b574b0c285d2f,SRCM-3b51cb81c546b9d05dd8c426,SRCR-8d50c6b78d6037d246d638b4,EXACT_STRUCTURED_IDENTITY,A
MED-0c4e8cd05f185eca0a52c087,SRCM-a61baec693f1e0f771a09080,SRCR-9eae7454ce5fac29d2cca0de,EXACT_STRUCTURED_IDENTITY,A
MED-0c55e3c6bde92056db138e9c,SRCM-2ab47e25f4e779dec81bd226,SRCR-a14cdbe00774372e91b79d10,EXACT_STRUCTURED_IDENTITY,A
MED-0c5db3f3e1f4b93b0e761037,SRCM-9e385a107d86f7dbb9a66df7,SRCR-c419e033d247910cf617cf14,EXACT_STRUCTURED_IDENTITY,A
MED-0c5ff25277da49a0bca4166f,SRCM-01e84b22d9e3d764957d1b1a,SRCR-c10aaf9abce3ddae02e87102,EXACT_STRUCTURED_IDENTITY,A
MED-0c846ff88c013f544e85e84d,SRCM-fdf1e0dad4e505fd586a25f7,SRCR-70042315c1207682fe9e602e,EXACT_STRUCTURED_IDENTITY,A
MED-0ca62eefd8b3e1e5f2ae5766,SRCM-5dbf1fb8e13ea58648221b09,SRCR-25b73fab7a57737e5e50ae58,EXACT_STRUCTURED_IDENTITY,A
MED-0cae5aaec0888d4b5a1416ab,SRCM-5ddaf3e3d984719d144bf539,SRCR-f11b3b9aeefc1cb0d756ac35,EXACT_STRUCTURED_IDENTITY,A
MED-0ccf8c97f8f42e3e199ffa1a,SRCM-401fad82b4a7da523a05c36c,SRCR-6758868d83f98d2eb3aed11b,EXACT_STRUCTURED_IDENTITY,A
MED-0cd6d048e51d307ba3d049e6,SRCM-02fe7f5ce1e4639d16622d9b,SRCR-20eda890c3f326edbde490f9,EXACT_STRUCTURED_IDENTITY,A
MED-0ce18a6632f46a547d7edb2b,SRCM-11e721a8a583ce0c3b62fd94,SRCR-966b203cc330a216c4d4da88,EXACT_STRUCTURED_IDENTITY,A
MED-0ce2742b69d37a3fe39180c2,SRCM-33f744056e6e7c8a5f2500d2,SRCR-0ee7b650acfcd9be74b57aa3,EXACT_STRUCTURED_IDENTITY,A
MED-0cffa072d662d0e3cae504d0,SRCM-38b387e4abfeb5f309c37437,SRCR-9b9c68e47ac509717c46a455,EXACT_STRUCTURED_IDENTITY,A
MED-0d308520876e0b302f92a19d,SRCM-c845c330121325735650531e,SRCR-9b233c8830527e1af269fcb1,EXACT_STRUCTURED_IDENTITY,A
MED-0d394f3478dc762bffee76a4,SRCM-f9a7f24a13a209408aab807a,SRCR-fa5c476275c5ec5b13a1ccca,EXACT_STRUCTURED_IDENTITY,A
MED-0d3bc157966f69528b0bb426,SRCM-1cfb0e3917a909345bbc7da6,SRCR-3ad284dbe4304f4640622cfc,EXACT_STRUCTURED_IDENTITY,A
MED-0d87f9b4f211b489845f1097,SRCM-945ac0a0dd86a3a07e1af82a,SRCR-475a688bebd8503101f0a7bc,EXACT_STRUCTURED_IDENTITY,A
MED-0d9713d4f00215f68b3139d3,SRCM-d8691c4656932a70c3c2b0b6,SRCR-f2c0d9da919e668835f6d754,EXACT_STRUCTURED_IDENTITY,A
MED-0dcaaadddeee57c92008af44,SRCM-0a8f781fd96eca4b408289ac,SRCR-4562efcca439f1b92033cbbf,EXACT_STRUCTURED_IDENTITY,A
MED-0ddc57c48b3d8d3cc959f01d,SRCM-b9f82fba171efc3ef3d34562,SRCR-fd3919985a0d09c1f78099e7,EXACT_STRUCTURED_IDENTITY,A
MED-0ddfef9a4dc257891d61f9ce,SRCM-5c3d054dfb531fc02591b310,SRCR-34331ad9a533dae870c5faf0,EXACT_STRUCTURED_IDENTITY,A
MED-0dff824be89dc30ec17cd04e,SRCM-7814c9c9aacd766fcf7eeaa3,SRCR-592dd4925a1101ed87b6c699,EXACT_STRUCTURED_IDENTITY,A
MED-0e03f3131ac9375702dffbb2,SRCM-e45108f364006f9c5f428db6,SRCR-8359de788191dd251f0e562b,EXACT_STRUCTURED_IDENTITY,A
MED-0e0b860c6e73b90816853cdb,SRCM-d17788c2d9be9b2cb48eead3,SRCR-468b90136638edfbaa5964bb,EXACT_STRUCTURED_IDENTITY,A
MED-0e21697071cad97eae6d6e49,SRCM-e3038b6a71b81989fefa47a9,SRCR-ee8f793911501ccbaac9769c,EXACT_STRUCTURED_IDENTITY,A
MED-0e47073c81e19955a14165fb,SRCM-371ca871e76c5f975498830a,SRCR-0b73dfbdbb5fbd1c4c5d7f34,EXACT_STRUCTURED_IDENTITY,A
MED-0e50db748723cd5b0b9f484e,SRCM-57586619eaf941ba890b9ae6,SRCR-30a812c071a01ded2c28687c,EXACT_STRUCTURED_IDENTITY,A
MED-0e5a72072f01b21379a24774,SRCM-7a07915b1d7429640bf87dc9,SRCR-41f27b88cef09179eae19915,EXACT_STRUCTURED_IDENTITY,A
MED-0e5c7f452e4e6df756d4cd55,SRCM-5bbd0aca2b5e87a9cec508b2,SRCR-37e7b08b027361909095a424,EXACT_STRUCTURED_IDENTITY,A
MED-0e7ced0889ee4e51c99571fc,SRCM-ab07dabb590dc25f59c3fa69,SRCR-c592d6fd42be6efa6b9e1f26,EXACT_STRUCTURED_IDENTITY,A
MED-0e89fc36d4dd9b512c53d86b,SRCM-4fc9003aca55a9cf6978cf5c,SRCR-33ff6257090d480dd2430ab3,EXACT_STRUCTURED_IDENTITY,A
MED-0e8dce000ee0822ca661f9e2,SRCM-fa2d2289e5fc2d64d1f2c0da,SRCR-8f1e27502f907c2356d3b27f,EXACT_STRUCTURED_IDENTITY,A
MED-0ec9673b7aecfb827a7c6194,SRCM-615a27269bf8fa53e0d9bcfe,SRCR-e3d67bf03f86b6ef6325c1a6,EXACT_STRUCTURED_IDENTITY,A
MED-0ed7b747be7661f2b185dcbb,SRCM-0165670569f926216f89688f,SRCR-a2dd8c8163950ca64ec6f4c5,EXACT_STRUCTURED_IDENTITY,A
MED-0eeb6aa239db43511b3cde6b,SRCM-4ae88f114cb8fc998ba9cef7,SRCR-1dbf4f468831b8a3f7f8f48a,EXACT_STRUCTURED_IDENTITY,A
MED-0f01931bb3893316478c50cc,SRCM-c784c6bef197711e7b65e13e,SRCR-7df78225f6f5ae2b1eca9b2e,EXACT_STRUCTURED_IDENTITY,A
MED-0f0dfcc563c3129d981ff01f,SRCM-73912866c14d17ef42493ed6,SRCR-a36f68064d2bbcc4dc5f36bd,EXACT_STRUCTURED_IDENTITY,A
MED-0f23d8b1b894ff269c765c72,SRCM-877e0d66465d0143b89b548c,SRCR-154ebdf2ce176ac4828c2f0b,EXACT_STRUCTURED_IDENTITY,A
MED-0f38f062088693c9de1b2200,SRCM-b60d877a746732de768a658f,SRCR-1379eef0903be749e476e493,EXACT_STRUCTURED_IDENTITY,A
MED-0f5f42640c437954bc98693f,SRCM-5fe7b22c442d8fcc0b1f3edd,SRCR-b639d95c60b6239e78b3eec7,EXACT_STRUCTURED_IDENTITY,A
MED-0f793e686dd09e9129726e95,SRCM-dd094cc6cb0aa0170584194f,SRCR-f40c4d6e0ce6876f3a3f894b,EXACT_STRUCTURED_IDENTITY,A
MED-0f8699a4da9c4f37c0a94ef5,SRCM-04a5fbab2e1168118f8c39f5,SRCR-c3fc32606c4810898a64436f,EXACT_STRUCTURED_IDENTITY,A
MED-0f948de136d0b1f9722dcf04,SRCM-97252a8cb1a68de0165a62e0,SRCR-892dd87f23d693ad46295551,EXACT_STRUCTURED_IDENTITY,A
MED-0f9c931fc360be7b18e472c3,SRCM-b0e16ac3ee1844e30e285a0b,SRCR-b4c7c93d0b85175fa3f6c331,EXACT_STRUCTURED_IDENTITY,A
MED-0fb39e80293f613812a14dd2,SRCM-edf46a2a3a0d8ceda65de9f7,SRCR-21a1b3041a9fe4fec17a6c94,EXACT_STRUCTURED_IDENTITY,A
MED-0fd7393c98797590834ef888,SRCM-45cb51dc9a544c851df1c867,SRCR-e181128f5f9801494ccc10a2,EXACT_STRUCTURED_IDENTITY,A
MED-0fdaca7a789ec461317f95e0,SRCM-9075bb76ecb7176376fea75f,SRCR-c1a2215fe0b07d43cc5b0ab0,EXACT_STRUCTURED_IDENTITY,A
MED-1004613bb3e4ad2c25a0afab,SRCM-622018999f32f135d20ff9e4,SRCR-0726d53c8df15a754941ed0d,EXACT_STRUCTURED_IDENTITY,A
MED-102ecfea2c193bb00e570586,SRCM-c737da405489e9ca17087754,SRCR-31c409fc81a099be8f489fdb,EXACT_STRUCTURED_IDENTITY,A
MED-103c0e8e45d4148ad7a58eb5,SRCM-ecffeeb42e995b60903dd982,SRCR-57cc666c0aa9e0abc6b357d4,EXACT_STRUCTURED_IDENTITY,A
MED-108108fbe94a588c9dfe17d8,SRCM-7deba852c7f1770115f0ca72,SRCR-1523b2b6f6cb644e3e42362c,EXACT_STRUCTURED_IDENTITY,A
MED-10853b51d8936b302d5d0b0f,SRCM-8b32031042a80ecb53eef8d1,SRCR-60e09f017b2f0d3c858f0707,EXACT_STRUCTURED_IDENTITY,A
MED-1089bf9a4012578220e5ce66,SRCM-8211c013e837bf8718278007,SRCR-f76baece2a0e7f62fe4cbf60,EXACT_STRUCTURED_IDENTITY,A
MED-1092e1e9b8db653d1377144d,SRCM-4b9e77162e5b3e66519a2ca2,SRCR-91875eeccebe11d0ddc90513,EXACT_STRUCTURED_IDENTITY,A
MED-10a926d721d1d6b810a8b3d7,SRCM-3a9c6762b7cf390ae875e54d,SRCR-676eaaedf7ff012f3cf7d71f,EXACT_STRUCTURED_IDENTITY,A
MED-10ba289ee1bdb1fa70fc7c7c,SRCM-53c2ce9557f8acdb5cbea201,SRCR-48931e3b57df0fdf9ef0d19e,EXACT_STRUCTURED_IDENTITY,A
MED-10ce864df77d150a03b47cbc,SRCM-11e775f8a4eda447e9fc7b05,SRCR-d0c68a81372aa68f23083489,EXACT_STRUCTURED_IDENTITY,A
MED-10de2243611b4dd2c142e1c9,SRCM-82d5495798a48aa7a1c9a623,SRCR-2bb053f770e05eb6cb094cea,EXACT_STRUCTURED_IDENTITY,A
MED-10e4f6530aabfa817c13f5e2,SRCM-cd0caf00d9b79c042a2245a1,SRCR-d175fa618b61fb6b49659eec,EXACT_STRUCTURED_IDENTITY,A
MED-10e86a6e1a4de29bd4266169,SRCM-e6f71ab0e12a553682b292b6,SRCR-dca1c795c87f984e7e0b1043,EXACT_STRUCTURED_IDENTITY,A
MED-10eb2f82ad3076f4aa3f7839,SRCM-5f7a37ddd839c8f7a5b44299,SRCR-c62e84158e5019afe0535a8b,EXACT_STRUCTURED_IDENTITY,A
MED-10fb0a6dc1df34e9981f45e7,SRCM-77f4b4c12032fca48e9df81d,SRCR-a42c6a9875de781f41b87605,EXACT_STRUCTURED_IDENTITY,A
MED-110a83db3653b56cee781c23,SRCM-f4d2ee365805a097b4cf37b7,SRCR-2faa230b16aa57a625da7fee,EXACT_STRUCTURED_IDENTITY,A
MED-11159c3bb5879d89f0b88571,SRCM-2352bfea90939625883677a7,SRCR-80fe1939012c4d2e066d3d7b,EXACT_STRUCTURED_IDENTITY,A
MED-11383cb918903bc4fac24f93,SRCM-b9669359cb287372ca953636,SRCR-4a4fa2f62fdd69f39d07097a,EXACT_STRUCTURED_IDENTITY,A
MED-113c7f132bb918b364cf8165,SRCM-caab9c75aafef42d11d37155,SRCR-e60d725f91fd6520b7719529,EXACT_STRUCTURED_IDENTITY,A
MED-1168fe2480ff9f3637f99cde,SRCM-bd069db0c01111111f12bf6e,SRCR-a4363d067721bec931b75ca2,EXACT_STRUCTURED_IDENTITY,A
MED-117513295aae05c82f11d1fb,SRCM-d7e5541247c3227d9284096c,SRCR-6069439e7b889d5a4c0cfbf2,EXACT_STRUCTURED_IDENTITY,A
MED-11b0bdb125e0f6e5c8436e6b,SRCM-5169c1690e026a9ccb43658f,SRCR-05c002265896acd77e015c9b,EXACT_STRUCTURED_IDENTITY,A
MED-11c6bb42a914b90bebf2b723,SRCM-1309bf1d6f649e8912d3095b,SRCR-3f2a4de7f44ce75a4feb981e,EXACT_STRUCTURED_IDENTITY,A
MED-11fea67d78d7db907e5e74d3,SRCM-f064171bd4177eef9c681260,SRCR-5e894c7f153b46335fdeb284,EXACT_STRUCTURED_IDENTITY,A
MED-1218dd4e02fd259a7e5ba2ca,SRCM-5c6e305eb3623db87383b887,SRCR-fbc775a3e304567238aeb545,EXACT_STRUCTURED_IDENTITY,A
MED-121b2b7142fe53d00c28c2d9,SRCM-c604004c7565a7c009a587c1,SRCR-4f55c3e8092ccde99e046610,EXACT_STRUCTURED_IDENTITY,A
MED-121d4f673bab22512c75842d,SRCM-2cb0a7ce9b845ceff13fc6ee,SRCR-2c767d7cc9d2710e132ef8f5,EXACT_STRUCTURED_IDENTITY,A
MED-121dae33322fa7b288f80956,SRCM-f7511bd6c02d48607aecdc9a,SRCR-30cc46ebc3983d120a2a26da,EXACT_STRUCTURED_IDENTITY,A
MED-1247761e5f64afcb40a363fb,SRCM-c7fcf2485381f94f97d423a4,SRCR-e9eb796364de0504761314df,EXACT_STRUCTURED_IDENTITY,A
MED-125139bdc1fc7186188b9841,SRCM-f566c8d90e04ec77ecf05d23,SRCR-0c8dc0a87f3c80afe5cc3f93,EXACT_STRUCTURED_IDENTITY,A
MED-12614230fcc80703888fa360,SRCM-094ab598c9912e96af7c9cad,SRCR-8274c01f3771c09a11da1ce2,EXACT_STRUCTURED_IDENTITY,A
MED-126840e3ba471580875cd61c,SRCM-5e97c6fff251afb9e54f51d2,SRCR-9388b624c2344ee93591bd33,EXACT_STRUCTURED_IDENTITY,A
MED-12863c9485bcfad3a8866b33,SRCM-97607ae0fd3f957dc3fa4222,SRCR-c34059416b92f9a71848eee6,EXACT_STRUCTURED_IDENTITY,A
MED-1288665fea527333311476b5,SRCM-260fb5860dacc306be53aa91,SRCR-bffa15011c35db3507647938,EXACT_STRUCTURED_IDENTITY,A
MED-12988b4d05cfb91f4b246688,SRCM-70fd4be422ebfe2c5e5f33a0,SRCR-51b28bbfaf6cbd455769a359,EXACT_STRUCTURED_IDENTITY,A
MED-12a8bbe8f48855d29eb21e20,SRCM-2d6e94efbb7d7295ace18f7f,SRCR-016607b00635c9a35a541da4,EXACT_STRUCTURED_IDENTITY,A
MED-12b16264f3e51266e47c4f86,SRCM-003baff535fde5e5b95674db,SRCR-b67e269b9cbe46bff80aa604,EXACT_STRUCTURED_IDENTITY,A
MED-12b8ee88eefde99348ec93ad,SRCM-a3e019729fc3c5ba44bc5c4c,SRCR-6db73f5b75ab2f0fd7704ea4,EXACT_STRUCTURED_IDENTITY,A
MED-12bef8bb063f12f68ffc7b7b,SRCM-f5d98d610925c3f980f27d4a,SRCR-5ad8927c749f526f3740c3cd,EXACT_STRUCTURED_IDENTITY,A
MED-12ca98fcadadae1851c5a69d,SRCM-8ef929264e7a7e0319f47eab,SRCR-374466a440fad1e221f4dd10,EXACT_STRUCTURED_IDENTITY,A
MED-12d0c5884d1bef65b46da430,SRCM-b40360a71dd86fb2aaba1f40,SRCR-d27e68ac2726c07dcea12365,EXACT_STRUCTURED_IDENTITY,A
MED-12d3ab8860b5a6f855bdc507,SRCM-d6d3da26aa5044f2656e7111,SRCR-e6f8b4ed6290412010720a17,EXACT_STRUCTURED_IDENTITY,A
MED-12de9db703b619ecc3749edb,SRCM-fb3d10df435b407bdd2fbae4,SRCR-3731fbf5d4066c4aa93faa14,EXACT_STRUCTURED_IDENTITY,A
MED-12e1ee9d8bb6ae9d603f16f8,SRCM-4f7ef7734ae606c9a9ef9c85,SRCR-2a952beee78259867a731cc7,EXACT_STRUCTURED_IDENTITY,A
MED-12f1bfce17bbb225dec990d8,SRCM-9641921889a1d79f161d6f9e,SRCR-06611d8460ea0d352d50c7a6,EXACT_STRUCTURED_IDENTITY,A
MED-12f92d81f53607f22b70d66c,SRCM-5fa62b18cfd9263d2ed2b390,SRCR-ef01552ca1dd7359aa256879,EXACT_STRUCTURED_IDENTITY,A
MED-130edcb77c5aa5f9c3560f7d,SRCM-bb62c848199bd69921807f73,SRCR-2cf822532fa5aa165e119fcb,EXACT_STRUCTURED_IDENTITY,A
MED-1344ded67a8d29e2870794a8,SRCM-ddd68608eb2811c22b3bfde0,SRCR-729cc891f13854d495381985,EXACT_STRUCTURED_IDENTITY,A
MED-1348295f5f8820b1bc61d653,SRCM-56eb8a12c7658238aa7b919e,SRCR-81dd3cd27bb50ba52ee52043,EXACT_STRUCTURED_IDENTITY,A
MED-135e8e90d530b0256cfd441b,SRCM-9682c70b49756dc13c5ddd02,SRCR-9f558a3aa9844854da3fc837,EXACT_STRUCTURED_IDENTITY,A
MED-136d5557fbc97262b440f4d3,SRCM-f0dd27494a03c458c2967bf3,SRCR-1e5e3d857cb1e6796c3e8d42,EXACT_STRUCTURED_IDENTITY,A
MED-13770a46da707fafe6385b9a,SRCM-d7f86c77fe89b1cca7e4253f,SRCR-a4d71013a7e26da8915ab079,EXACT_STRUCTURED_IDENTITY,A
MED-13874a5ca3bf149de63563da,SRCM-f0ad719a6c0b9da097221e5f,SRCR-caf4b1db8e9bf0f4f6a76bb4,EXACT_STRUCTURED_IDENTITY,A
MED-1396b1e97fa07f0ff3d61990,SRCM-e900d4224f39d983a459b4a4,SRCR-c21f90467f1a70961fa31fee,EXACT_STRUCTURED_IDENTITY,A
MED-1455dcb66d8f10ef8fafe8a7,SRCM-ca735179337df695df9c9c6f,SRCR-43bba99940b19bca3e513bac,EXACT_STRUCTURED_IDENTITY,A
MED-149cc8668349d6b95e07435f,SRCM-101fb2ed2788942014e04819,SRCR-d24c23da5ee765da563abfb4,EXACT_STRUCTURED_IDENTITY,A
MED-14c2d2b1f3f0405d1d388ca7,SRCM-ecbc0e254ee1c41d001124e9,SRCR-d38ed6bcf7ba909aa0ee8dee,EXACT_STRUCTURED_IDENTITY,A
MED-14cf68775e8542d2e5f89547,SRCM-067b0e09da360ea5cda94fa1,SRCR-5ca8849d5c5ebd3cfdf6b616,EXACT_STRUCTURED_IDENTITY,A
MED-14df8ea30adfd972492e5ba5,SRCM-3b065fbae62d0288ead1f254,SRCR-cc1a3fda3551f2a20c68eb7a,EXACT_STRUCTURED_IDENTITY,A
MED-14f1f70c6f6d90910eaf3c07,SRCM-466dad201fbc5871648014d5,SRCR-14688a32fdb8fa9884dd8bb3,EXACT_STRUCTURED_IDENTITY,A
MED-151f63ded5f8ad9a4e74074a,SRCM-10af6fc13019520d77c1471d,SRCR-c100e5c957e252a769adc10d,EXACT_STRUCTURED_IDENTITY,A
MED-1559a9c41d8755ca2055656c,SRCM-97d4ab376a2a2d1274348ed3,SRCR-b7e4e1902b1219161cf460ff,EXACT_STRUCTURED_IDENTITY,A
MED-156be606cea93a6039f41cc1,SRCM-41a5781666d58f4c4a9d6b11,SRCR-e8167138753d011feab2f138,EXACT_STRUCTURED_IDENTITY,A
MED-15971222bc158344030abf04,SRCM-84cdd8a724064074f042ccee,SRCR-cdb366ea904627b5e24c561f,EXACT_STRUCTURED_IDENTITY,A
MED-15a00c97499d78765f1823eb,SRCM-3875935705aedf1ff18e8d12,SRCR-b9f9c26717a7498423ae0c74,EXACT_STRUCTURED_IDENTITY,A
MED-15d3fe4c8883233b48344923,SRCM-16d098de6c0e91ef43194945,SRCR-37d25e613bc9a8b4d72a91f1,EXACT_STRUCTURED_IDENTITY,A
MED-15d98e06c2abe26c8375706e,SRCM-a4e3b865577be834b0f1afc4,SRCR-726ea41720abc204fcefef0d,EXACT_STRUCTURED_IDENTITY,A
MED-15db597627822a4c6515de57,SRCM-5395f9fc547385c34bb9f89f,SRCR-62291320e184e057e89ff936,EXACT_STRUCTURED_IDENTITY,A
MED-15e752af07459852954b305e,SRCM-78d3db9fee0454a1c757a738,SRCR-eb887dc331e08852c061ac05,EXACT_STRUCTURED_IDENTITY,A
MED-15f2c780b1e4e0912a85cb66,SRCM-7b6ba6221f33bbfaae3ed244,SRCR-744d2d2c6958f710a0d7a70e,EXACT_STRUCTURED_IDENTITY,A
MED-15fde816d88540bae7a7d24f,SRCM-6e1fa0faf980f17218cc17f1,SRCR-4d691ea2243b7c072831e17d,EXACT_STRUCTURED_IDENTITY,A
MED-1603ffef13c1e9151ac525a0,SRCM-8dea6c81879a7da0fb1ddf2e,SRCR-d742f872a1ab32c7a84b6089,EXACT_STRUCTURED_IDENTITY,A
MED-1614012e32aa81e094eb3947,SRCM-f4d9f4bda1b084f4a3831f03,SRCR-160d1ee134b90f6ee8f0ef15,EXACT_STRUCTURED_IDENTITY,A
MED-16244252c2f3ce4ef9d6d109,SRCM-f7cb3cdafbb66f1a36a220a5,SRCR-46a89ff35f192e40907dda2f,EXACT_STRUCTURED_IDENTITY,A
MED-1626c4b5f16b29b6db4cea12,SRCM-8ca4c4a7bc6fcb890ecf1260,SRCR-eb1c4bc6a0d0a47b4815e4fc,EXACT_STRUCTURED_IDENTITY,A
MED-1628f31c9304dfda82dbc2ac,SRCM-381e7388ae5837f830d8bc21,SRCR-af32242837379bf6792aa5d3,EXACT_STRUCTURED_IDENTITY,A
MED-163665b56d9ab6be73cc6633,SRCM-39fabe8d37ccfe3a7e64108a,SRCR-a373c231d4b7bfe50bb4cbb0,EXACT_STRUCTURED_IDENTITY,A
MED-1654533f59d570ac356dc74c,SRCM-8442b5a1d6ea99893e805664,SRCR-cc6fb3c77a9df48983f53759,EXACT_STRUCTURED_IDENTITY,A
MED-168a5ec7d4efd0b01ea71396,SRCM-ba78ef6f2c2e89072e302ee5,SRCR-fb9bd29d405b78ff12904aa2,EXACT_STRUCTURED_IDENTITY,A
MED-16ae327d907e8d30add8e70a,SRCM-bafa2c10b3303ed878dabd16,SRCR-0c87d23a778b8c655d1d65d0,EXACT_STRUCTURED_IDENTITY,A
MED-16c4fde6513e69d14cd82898,SRCM-cd26eeb15082171e518975d6,SRCR-666b71da3aba15000cefad58,EXACT_STRUCTURED_IDENTITY,A
MED-16e404006e3af0593a26483e,SRCM-685ff70b2e64a694c8e98cc4,SRCR-19ac7ff231537ca6e72b50d8,EXACT_STRUCTURED_IDENTITY,A
MED-16eed74f6a2852debf42c315,SRCM-d2346f5b8ef4e95bc66df2bc,SRCR-c98d263993bd2d6723300494,EXACT_STRUCTURED_IDENTITY,A
MED-170ebd5a12c4adcc7d0ad6d7,SRCM-63022de66e569adee30d0829,SRCR-524a4214f4e10f3cc383f54b,EXACT_STRUCTURED_IDENTITY,A
MED-171489656ac6fb0edf500ea4,SRCM-68fc08545d9741b022e55407,SRCR-51688f696c991244a45bac13,EXACT_STRUCTURED_IDENTITY,A
MED-1716ad1e913f9916447a2f97,SRCM-b4bfc51f866434634308eb4d,SRCR-9f184671e3c601ab0c08cb7b,EXACT_STRUCTURED_IDENTITY,A
MED-17284d4af8f6ed3d4fea51d6,SRCM-be889e96002875e2b14d17ab,SRCR-261b3859cd82919b7d136de5,EXACT_STRUCTURED_IDENTITY,A
MED-1750a24365bf95ba8cad7c99,SRCM-7ced2cf2356eb5808cd43068,SRCR-9f5c01e8a5817c7a51b9cc40,EXACT_STRUCTURED_IDENTITY,A
MED-1750f1ff822411b315bea689,SRCM-1ba76d40ceeec8134e025cc2,SRCR-cb65baa21109fd64b3e7d56e,EXACT_STRUCTURED_IDENTITY,A
MED-1767a7a0864a33d3ed37ea7b,SRCM-38b5be450dcf3246f771e41f,SRCR-7bb1defa8ff26c100cdfddc3,EXACT_STRUCTURED_IDENTITY,A
MED-17701cf1b66d386507b72f0f,SRCM-a8a1b6cc89dcf34e5210619d,SRCR-4cabd3cadce203553111dcf0,EXACT_STRUCTURED_IDENTITY,A
MED-177f48185f250cb23d2d5718,SRCM-8046fde6ade929232d4250a4,SRCR-eb1de738904d33ffefa4294e,EXACT_STRUCTURED_IDENTITY,A
MED-179bb1b4169eb087eeb6347f,SRCM-e204ca826bca99ef8884b094,SRCR-62508237e4ba4df54e908e05,EXACT_STRUCTURED_IDENTITY,A
MED-17b57298613bf2f1e834751e,SRCM-610bcb4f30ccf4ed51df2dec,SRCR-4921fac8a7bc3c0b19d76301,EXACT_STRUCTURED_IDENTITY,A
MED-17b7a8a2cdc6ca1c4bf4488a,SRCM-61c13061f8faf69b27d65f4a,SRCR-8cee5d4d0d67bfc9a6fd25b5,EXACT_STRUCTURED_IDENTITY,A
MED-17c502488efdfabf15f249fa,SRCM-dae60d32dad0f90b14a86d05,SRCR-aa5b3aa93bccfcd7b52df993,EXACT_STRUCTURED_IDENTITY,A
MED-17c7b5e7184ec8e709f06ab8,SRCM-fbc7b9c6e3616b47cde69a26,SRCR-d0db2534fe916cbcfeb56447,EXACT_STRUCTURED_IDENTITY,A
MED-17c9a0895c3d0e77ea257116,SRCM-aa840ba9447367cf0e31bf66,SRCR-c09d42f0f041d0808554a6c7,EXACT_STRUCTURED_IDENTITY,A
MED-17e61a7daf04bc0903cfa1ca,SRCM-8daea2429f65ad98b664e571,SRCR-afc24fc8b75c78843e2efe22,EXACT_STRUCTURED_IDENTITY,A
MED-1807f380d812b8ea93b246ac,SRCM-5689b0642d5d30c25986f7ec,SRCR-f401ece07e384bdf9998865b,EXACT_STRUCTURED_IDENTITY,A
MED-1810cc5c1dd027f14bc90aa4,SRCM-e84df4846dca8007be08ee91,SRCR-7eda4052a7355835dcd5e7fa,EXACT_STRUCTURED_IDENTITY,A
MED-18137fd3274ff34a74861c49,SRCM-4000a7c78a3659a63d5668b1,SRCR-b6d0b6e7a7840cf3c216b164,EXACT_STRUCTURED_IDENTITY,A
MED-18176c9506e4b546c6ebe99f,SRCM-d5ddc98e16fed91f64ef956a,SRCR-a3aa2cee48b3ac25fa3c1411,EXACT_STRUCTURED_IDENTITY,A
MED-1826fa2049d71272fb1c5062,SRCM-ff792347c92b885609123455,SRCR-489ebf4ad2c2b81a824f3396,EXACT_STRUCTURED_IDENTITY,A
MED-1836441b663e025902ead011,SRCM-0d21bb067a850b950db3875b,SRCR-7a102d2544048a70cbe684be,EXACT_STRUCTURED_IDENTITY,A
MED-1846a116d3f7289d8dc34ecb,SRCM-ac43e6e27d6657132cfa9613,SRCR-2ad8f4e0868f994741b2a308,EXACT_STRUCTURED_IDENTITY,A
MED-185b0b5418297171bec70004,SRCM-5dc1de521e68ec76f9895eee,SRCR-e957690b0fdf1944f5a3dab1,EXACT_STRUCTURED_IDENTITY,A
MED-1868f093410d018cb65275eb,SRCM-e74a96393ac4ab6c48914068,SRCR-075b98ff2186d2966a3362a1,EXACT_STRUCTURED_IDENTITY,A
MED-1888dd9b12cc8f8a6436b19a,SRCM-6c2f6c81f6dc48d6af024329,SRCR-7de221e579d0b66cc3ee1922,EXACT_STRUCTURED_IDENTITY,A
MED-18b0ab72454ef6951984e21d,SRCM-80dbc418077d9716cdf3f99b,SRCR-25b548eb160609b282a1afce,EXACT_STRUCTURED_IDENTITY,A
MED-18b4c346f7f6b1277ea119df,SRCM-56d89e80de83ba2a317d2958,SRCR-7be12a4317384810e53294f1,EXACT_STRUCTURED_IDENTITY,A
MED-18bd3c1192cdba5abafb517d,SRCM-a1e2db6241f0f182d03ffb9a,SRCR-681bbf7cd390059a0e7dc222,EXACT_STRUCTURED_IDENTITY,A
MED-18d17471beb2816fbb2e2598,SRCM-c5c7d799f3927ed7fbf9b94f,SRCR-341feec442b2d727f7bd4c53,EXACT_STRUCTURED_IDENTITY,A
MED-18d1a0cc3b0a5b2d8a0c4909,SRCM-8be64e64bd024aa7fbc60acf,SRCR-2fca5a214edf7474ee6e3ece,EXACT_STRUCTURED_IDENTITY,A
MED-18d745fd5d7777174bed26cf,SRCM-25876daf4a0d2f0d12f6908a,SRCR-321749b65a79ec32440a6b54,EXACT_STRUCTURED_IDENTITY,A
MED-190beccb2f9b80fad0eaad8a,SRCM-14420eb3be92ffd085317c33,SRCR-8bb78aa9fc767d51de227ed9,EXACT_STRUCTURED_IDENTITY,A
MED-192e82b085424b96bdd0ddd4,SRCM-10753e4b112224426d68b9d3,SRCR-632d32442de89837b0bd0db1,EXACT_STRUCTURED_IDENTITY,A
MED-192fc4a871010935ff0e5a9f,SRCM-fe3cbee5a4809feca9c05580,SRCR-370a5c4ffdf0cdcb06560113,EXACT_STRUCTURED_IDENTITY,A
MED-1955c17514e63b9f7b3e1b04,SRCM-86c235e7ab34cd0bf0a1d2fc,SRCR-e367364a7ee2b0ad46afb611,EXACT_STRUCTURED_IDENTITY,A
MED-195f52b612e1c13821ec65c9,SRCM-095d1538d478863986d3a726,SRCR-8049a4354b7112689b798e4e,EXACT_STRUCTURED_IDENTITY,A
MED-1965ab3796114bb3eb59f37b,SRCM-c249374e3ac4193fb0ea2aaf,SRCR-3dcc7b3f3a21a03142b7e673,EXACT_STRUCTURED_IDENTITY,A
MED-1974b6bea03b7e181b3dd207,SRCM-f9bbd721ecb8f8543b6968ab,SRCR-46c9febda7519df0e3b3d7a3,EXACT_STRUCTURED_IDENTITY,A
MED-198f10f0a7d1036569c55524,SRCM-1c62ad36263a2596949ae9c4,SRCR-b315f348e6fdd2af3f0ca87f,EXACT_STRUCTURED_IDENTITY,A
MED-199ec1f4fd1347765f162dbb,SRCM-610513148e1b1a3de9b774b1,SRCR-d3ffcd6cf08b4c59eb56f5ee,EXACT_STRUCTURED_IDENTITY,A
MED-19a6ba3ca55635e093f89c0d,SRCM-9a26b993eae8943d3a2e4caa,SRCR-7fc2fbbafef9327ca3cdcdde,EXACT_STRUCTURED_IDENTITY,A
MED-19af4dda4245b9a17be6ee94,SRCM-f09c61f059c3abd77e2bc027,SRCR-81a4fccc5416a0ba884d03ad,EXACT_STRUCTURED_IDENTITY,A
MED-19b2f642c6fc5e0050e8cae4,SRCM-dbe50991d2ebb4ce59a374c7,SRCR-573bee562d9379e397168dd4,EXACT_STRUCTURED_IDENTITY,A
MED-19c670766412a77408b851cf,SRCM-fbbd79c7b31c83c8459feea5,SRCR-22ded96144d3c529a246dad7,EXACT_STRUCTURED_IDENTITY,A
MED-19ca5efb05df89e6dc2ffbda,SRCM-45b0fc7c87e09163b4c7e338,SRCR-b938bf5108ed74c7ac5bfe8b,EXACT_STRUCTURED_IDENTITY,A
MED-19d40d2fec5c3f775155957e,SRCM-dbd3afcda1879bddd5a79fb8,SRCR-cf1308fa8b8f05d0430193e8,EXACT_STRUCTURED_IDENTITY,A
MED-19e00fc9cc5e94d15ceb8c63,SRCM-da004b377946f8a15df7d718,SRCR-b4dbdb761f6089ae8dbf944d,EXACT_STRUCTURED_IDENTITY,A
MED-19e66815762305b98580d6a3,SRCM-7864ea587c15db1618d5af47,SRCR-6b808476180527518db38f27,EXACT_STRUCTURED_IDENTITY,A
MED-19e9f7c036e4b9dd40658cb6,SRCM-82685578f4b804258157aeaf,SRCR-265f3c7e9c7eb1cde26c7fbb,EXACT_STRUCTURED_IDENTITY,A
MED-19f41b0dd22d1990ba011519,SRCM-ab69d31a66134610e85985d6,SRCR-9f7d5a42446a57a3785e165a,EXACT_STRUCTURED_IDENTITY,A
MED-1a0b71e159a5db6d1d048e02,SRCM-d199d2b68278c80f2574c592,SRCR-3502135af7d2f3ca99d93d43,EXACT_STRUCTURED_IDENTITY,A
MED-1a23990b902c8b698c4e80a8,SRCM-08bcdf5bab817b110dbc192f,SRCR-34ea557b249b4bcf660ebc94,EXACT_STRUCTURED_IDENTITY,A
MED-1a296b0b71e5980eeb7c3c5a,SRCM-9aab2befe6056c7286c78024,SRCR-9590195a4eace4949c8f1917,EXACT_STRUCTURED_IDENTITY,A
MED-1a3651620800fb45a97dfdf9,SRCM-169168e2978e01ec93d39ebf,SRCR-91de08abff40e66f0e02596f,EXACT_STRUCTURED_IDENTITY,A
MED-1a5782acd51baf7cbcfa0929,SRCM-286218eb0857f69cd61e7639,SRCR-945a682cbf26e55adb7a3e9b,EXACT_STRUCTURED_IDENTITY,A
MED-1a5cf9789dd3c4dae2a66cb4,SRCM-0a75560c882689697f11d24d,SRCR-b6ee3c178b0c6afeb34d76ea,EXACT_STRUCTURED_IDENTITY,A
MED-1a885b8a4278d6baf2ebd9af,SRCM-89e7deea49a18ae0b82d7405,SRCR-ee8a711a3350e8ee80ed7d5d,EXACT_STRUCTURED_IDENTITY,A
MED-1a90b6469613394119df53a6,SRCM-0c195373149e993488a06823,SRCR-eb3fb9d753504bfd256bc967,EXACT_STRUCTURED_IDENTITY,A
MED-1a9fdb3c8c45caea78d09f74,SRCM-e09913d129004916af56e23e,SRCR-14d94af5b0cc559c1c3d9d81,EXACT_STRUCTURED_IDENTITY,A
MED-1aad8b34695bf3c17f85212b,SRCM-e0e4da9f07fc8c10932844df,SRCR-ef56a37f5c4bddd127a32bce,EXACT_STRUCTURED_IDENTITY,A
MED-1ae2b32e2cd14734cb07ee72,SRCM-e12ebc922d2e80d85fddf085,SRCR-d5929a758a08eac097a06d7d,EXACT_STRUCTURED_IDENTITY,A
MED-1ae5c97aa8faecc60a152a63,SRCM-d502d22f3ed4e05fc90b099f,SRCR-63a30aa5a8baf6fe800ab6ba,EXACT_STRUCTURED_IDENTITY,A
MED-1ae7c34f51cec0f894e02124,SRCM-47776dfeb7cc338f07682351,SRCR-1f562b437f4b20609af20723,EXACT_STRUCTURED_IDENTITY,A
MED-1b071904ed5f3db814e4536b,SRCM-3204d0ceafc59b8f6888510e,SRCR-188a247606b0470b2ed41e89,EXACT_STRUCTURED_IDENTITY,A
MED-1b0f1f42ae9b904051736461,SRCM-4ced1896d30bb04d979cd416,SRCR-88dc08a9367c4649d8cf4b5c,EXACT_STRUCTURED_IDENTITY,A
MED-1b168b7884f08db5b0f57ca4,SRCM-d3eaeb6f15c344e5a3d9c4a5,SRCR-09bfe9e8c4b8d4fa6ec38b99,EXACT_STRUCTURED_IDENTITY,A
MED-1b3f173b75f08539af9cc0f4,SRCM-aa9fc9e9fc7e91935575edd2,SRCR-8ae7705fc917d05cd65e19ad,EXACT_STRUCTURED_IDENTITY,A
MED-1b4b4f5ab2179f147d3ffb2d,SRCM-a14098f3e7ea854ae25d2e91,SRCR-0a22c8bd93611a8daebbb3d0,EXACT_STRUCTURED_IDENTITY,A
MED-1b70989d834ea3a83cff057f,SRCM-ef4608b4290fb9e607811558,SRCR-5a0ca247ff69f362b4511ef6,EXACT_STRUCTURED_IDENTITY,A
MED-1b9e1cf7adcf6eab8641b7bf,SRCM-3bf30ee2594fdda9102079d1,SRCR-07780c8e5ccc6ddae1d360cb,EXACT_STRUCTURED_IDENTITY,A
MED-1bbd17d14a9a5ab361b17835,SRCM-8a8e5b86be2f0e53351ada8a,SRCR-089270b7d8134f82a6cd5b83,EXACT_STRUCTURED_IDENTITY,A
MED-1bc1a3004b26b5591b4fd001,SRCM-4f9da225e5531bcd2c9d4162,SRCR-aa1a2a58d138f0fa0e302af5,EXACT_STRUCTURED_IDENTITY,A
MED-1bd239efcbd7ac3f8f636958,SRCM-4b16d9b35faa0ddf669c6328,SRCR-f067554bff20294abb23a35d,EXACT_STRUCTURED_IDENTITY,A
MED-1bd2525ca18e074e20da269c,SRCM-d0c5cf845429d9a8113cfc01,SRCR-da1338f497adfe9f87695701,EXACT_STRUCTURED_IDENTITY,A
MED-1bed5c81313ac97acf128186,SRCM-b858627cf1c2a5aebc5a5248,SRCR-bc3764fa4562707dd6382cf5,EXACT_STRUCTURED_IDENTITY,A
MED-1bf74300e49027401f1bf857,SRCM-5e8abe890edf2fb43b5a6b6f,SRCR-0dbd25f696327b2d1bed11f1,EXACT_STRUCTURED_IDENTITY,A
MED-1bfafb2b92cf66424a9bfd79,SRCM-9cf3e31f9fe93547d135848e,SRCR-639078a7c5a8edb83ebc8631,EXACT_STRUCTURED_IDENTITY,A
MED-1bfeda6fbec1f61976eb60b5,SRCM-0210ade46fc31a92d51734bf,SRCR-e8f0b63039d0f22f3ed05d9f,EXACT_STRUCTURED_IDENTITY,A
MED-1c19caf051b6d8acf13d9714,SRCM-69496d472b644a714da0b72c,SRCR-e178df277395d76241d00771,EXACT_STRUCTURED_IDENTITY,A
MED-1c3d25992c65b1a2cbc76583,SRCM-bb096e8fadcf5fafc4d14217,SRCR-9649b7875d48bf2d09d7a250,EXACT_STRUCTURED_IDENTITY,A
MED-1c5320a4450f2014e2a6e372,SRCM-a969f1642550ac4cfd48a249,SRCR-ab58efbae7a70b71d56961b9,EXACT_STRUCTURED_IDENTITY,A
MED-1c5ee4f88f0cff1f5e312255,SRCM-8789d47774252a74ef695d29,SRCR-be4496e08665469f77fea2b3,EXACT_STRUCTURED_IDENTITY,A
MED-1c7576fe3eea287f5edb6e95,SRCM-b06303b8a2873f4dd0a5c0f7,SRCR-fe460c5c3ad82f0d44258e8d,EXACT_STRUCTURED_IDENTITY,A
MED-1c8ae0a1de8c2148bef26d2f,SRCM-a4bd4975b4b393086c6d0493,SRCR-2174a57ffa82d6f8fc7163a2,EXACT_STRUCTURED_IDENTITY,A
MED-1cbe26360e80361793b0f1a1,SRCM-4d81d8c3f1d3af46dfb34c21,SRCR-f0dee199fdea92400e4f4785,EXACT_STRUCTURED_IDENTITY,A
MED-1cc906f13e451830acdac0fd,SRCM-fa0236fdb0cb4d881622d7b8,SRCR-602da2daac16eee59925b33f,EXACT_STRUCTURED_IDENTITY,A
MED-1ccde2d6598096fca278a28a,SRCM-796860b42a4f1120df228007,SRCR-bfc660a16f6b22a3994387f3,EXACT_STRUCTURED_IDENTITY,A
MED-1cfc8d4758a13909d460a910,SRCM-78906a89d8cae95c46afd7e5,SRCR-c099f72a9955095d57e08b7c,EXACT_STRUCTURED_IDENTITY,A
MED-1d00639c17de50ee9e5d2db3,SRCM-28e27dfe34f35bcbef23b340,SRCR-e18199da6fa8d7657af7c6c9,EXACT_STRUCTURED_IDENTITY,A
MED-1d156930122311fbd8ed972d,SRCM-7130f10e32fa6dfa0ebef076,SRCR-b23b7e69461f539ecf42b8b9,EXACT_STRUCTURED_IDENTITY,A
MED-1d28909db99ed8a6401197b3,SRCM-cd24a45fed51e1c5c4db2f5b,SRCR-d702151bbd8a56d89ad61323,EXACT_STRUCTURED_IDENTITY,A
MED-1d3489b3e7ebc2562d0276f0,SRCM-5fb36ff3856ace5e4b410853,SRCR-c5c08ad9b33eb1ed97449782,EXACT_STRUCTURED_IDENTITY,A
MED-1d35607026e4980e26508af5,SRCM-0cc52a354cfb53b28c72028c,SRCR-be1eb6e09d6cc0e4bd269dfb,EXACT_STRUCTURED_IDENTITY,A
MED-1d48856b1db410b102cb0042,SRCM-b0fca0a35355246f97780622,SRCR-ea91b76b40afb315618064d1,EXACT_STRUCTURED_IDENTITY,A
MED-1d546becd246b242057a2138,SRCM-0111dad8506ef803e0002c3a,SRCR-718d6e4c0a6e475dd8501ef2,EXACT_STRUCTURED_IDENTITY,A
MED-1d6372a458be052aa5063ab4,SRCM-9b100289b39a9419cdc7d705,SRCR-4d50ffac28c9134da1a104fc,EXACT_STRUCTURED_IDENTITY,A
MED-1d8b02bcf3ac82d3fd234b98,SRCM-4eba91ae45aaf19d9d23bdc0,SRCR-f6730e338b2da237e1b77b26,EXACT_STRUCTURED_IDENTITY,A
MED-1d90be5c56922bfe28f7f6d0,SRCM-ec614f6480fda9fc2e4ed4d9,SRCR-6e3522bf1604c0fc3338ba80,EXACT_STRUCTURED_IDENTITY,A
MED-1d93c15ec6b599514aa64a8c,SRCM-2252d0fb32711ca1657cc571,SRCR-2857440981c235def576df04,EXACT_STRUCTURED_IDENTITY,A
MED-1d999370887cd39c9a525629,SRCM-d3b4cb5040c71ac0c3cc44d0,SRCR-0addaffd2dbc66bdd21eb088,EXACT_STRUCTURED_IDENTITY,A
MED-1daad13e76d32a7786087cc5,SRCM-6d27bb47ec19f8e967b6a190,SRCR-35204615911807e78c7bbed9,EXACT_STRUCTURED_IDENTITY,A
MED-1dc5ff087e88b6932329c7c3,SRCM-2183a7a776b6e6fca79a9b78,SRCR-f9f4844f6a475e58cf78d33c,EXACT_STRUCTURED_IDENTITY,A
MED-1dd6db6ad6e4d37da24eed86,SRCM-a02983cb912a6cde2ed05673,SRCR-383076f39d9f70c3b71b2c33,EXACT_STRUCTURED_IDENTITY,A
MED-1de13cee0780df4a5396eacc,SRCM-7de4d99bb0d6b7f309ed0965,SRCR-d0aa99c524503f17a694e3ae,EXACT_STRUCTURED_IDENTITY,A
MED-1de478db031b13a335fc6e72,SRCM-c46885cda0251babf1dfbb68,SRCR-1ac1f926c5f3dc9f5150140d,EXACT_STRUCTURED_IDENTITY,A
MED-1de76067092b4e0a80cf1bd2,SRCM-071c7c0f79e1a70439da2db6,SRCR-8372bea8498a1320f9c65a2c,EXACT_STRUCTURED_IDENTITY,A
MED-1deb5db4ddf1ba6d24972937,SRCM-4b12fc7c121cc46b3369553a;SRCM-588b55de0eba62206e6e9a89,SRCR-2faf2b5b2790981ed9f0c79f,EXACT_STRUCTURED_IDENTITY,A
MED-1deec280a6112d81b0e1f7dd,SRCM-87b6bf679575028ec4d6d738,SRCR-01e5ce6baeed05eed7110140,EXACT_STRUCTURED_IDENTITY,A
MED-1e19c5dde1efc9e1994c1ed4,SRCM-59bf03e6faccc1e4b1a62681,SRCR-8594d876b65635b2f87ea614,EXACT_STRUCTURED_IDENTITY,A
MED-1e3849204ea83c528ee56bc9,SRCM-c08d505a7d02641162a3fd89,SRCR-6390855464e4e6fde6716404,EXACT_STRUCTURED_IDENTITY,A
MED-1e3c6d508ec21f493eaf9c19,SRCM-7d1a2f84868d3f7893c6f027,SRCR-b2c1bf699eabf112659a3854,EXACT_STRUCTURED_IDENTITY,A
MED-1e5f4df5979eee86d17e12a9,SRCM-dedec37e496add841fc77cfb,SRCR-c3abe1a118c30c8354ad1172,EXACT_STRUCTURED_IDENTITY,A
MED-1e6411045452ac9aa3ee09da,SRCM-a162372bf721e5fd2c62c98b,SRCR-78d0a99be7772d21794ae29a,EXACT_STRUCTURED_IDENTITY,A
MED-1e99a12c23b4306fc0f697fd,SRCM-15591dacecfacbb7e8394590,SRCR-b56d66b9d772ef47ec70196e,EXACT_STRUCTURED_IDENTITY,A
MED-1eb06dc9d392c86bd6fbb93a,SRCM-ac272fbeb720936fe0fa38cb,SRCR-8c5477a691eb556f768a47c1,EXACT_STRUCTURED_IDENTITY,A
MED-1eb59fe93ae5157c73469bca,SRCM-e4609f939026a62bf5b4c708,SRCR-924960db4b3c74d736583802,EXACT_STRUCTURED_IDENTITY,A
MED-1edbe19742d22dc29c916a57,SRCM-5e030153e4f0e90fbce217bb,SRCR-c447425b73a9edc7b0842e9d,EXACT_STRUCTURED_IDENTITY,A
MED-1ee48758f9c69bdd707d9e70,SRCM-31e5b1b9da39665ace3127df,SRCR-69216f741e6b4980a88b9709,EXACT_STRUCTURED_IDENTITY,A
MED-1ef27b68cc279b247ccedd13,SRCM-1f9c05f58b8291cc4fd2306f,SRCR-5524c2f75cee77b5c50f2b79,EXACT_STRUCTURED_IDENTITY,A
MED-1ef82525c7bb21ed33874574,SRCM-298c7969a6c03617c093ee68,SRCR-18c845dafda206c351dd9204,EXACT_STRUCTURED_IDENTITY,A
MED-1f0008da453c6cf4d7039bd8,SRCM-d0311da55459d69e970a79e4,SRCR-2dbfe29cdfa2069108e39566,EXACT_STRUCTURED_IDENTITY,A
MED-1f37557531a669a5cab1cf6e,SRCM-57998374d7831af9481fe985,SRCR-6e2579539557fe3dca467224,EXACT_STRUCTURED_IDENTITY,A
MED-1f41cdc6e9db5e6e7a892f3b,SRCM-463bdf1ee4418caa9d2a75d8,SRCR-5d7de4a9f98ed0341a984147,EXACT_STRUCTURED_IDENTITY,A
MED-1f4f3f44e1af4f3f757344a5,SRCM-b0bc6e3805f6d5da996821c4,SRCR-a1ccaefafe1dac5a1dab9069,EXACT_STRUCTURED_IDENTITY,A
MED-1f5dd29e9d41386d5ff6a825,SRCM-6212513c746e9ec43089750c,SRCR-a10e4f7eda0b63acdd5d5c4b,EXACT_STRUCTURED_IDENTITY,A
MED-1f5f0140e149c79791b0bcbb,SRCM-4d643c873ed75fa88c53bd95,SRCR-06f497a605b171530edae27f,EXACT_STRUCTURED_IDENTITY,A
MED-1f8719ab3c6ea1e7e18c09ca,SRCM-dfc36d5421915e49a4dec200,SRCR-e17ed811ee7b26c42be1fa6a,EXACT_STRUCTURED_IDENTITY,A
MED-1f8faa6a929f709aa8d2530f,SRCM-6a4765b1696d8cf3a05c884f,SRCR-e63fac017a1ea426ecfbf9b0,EXACT_STRUCTURED_IDENTITY,A
MED-1f934dcc3146599eb7a0bf48,SRCM-7c976f5738d7bd879ed54970,SRCR-169cbc5fd8e4f27573ad68bd,EXACT_STRUCTURED_IDENTITY,A
MED-1fa1769c84a56c19eac8e096,SRCM-b7251c158835135bfc96396d,SRCR-afff7ed05f6905d2e3fc9ade,EXACT_STRUCTURED_IDENTITY,A
MED-1fb2edf9435732cfbc501d15,SRCM-8d065c40ce32688f931ca9d9,SRCR-8a12f44faf9995d67e19b0fa,EXACT_STRUCTURED_IDENTITY,A
MED-1fb620265d9b70b9f03714df,SRCM-12ac4af273b2c7469519c623,SRCR-3b9812b40cff2dba29b2f8dc,EXACT_STRUCTURED_IDENTITY,A
MED-1fc42d7be5f1810362728881,SRCM-d7a54356c16b5afb3dc12899,SRCR-e561655b59aea4bc96aa1d90,EXACT_STRUCTURED_IDENTITY,A
MED-1fdf20a2b1b0c5de7fe0ccbf,SRCM-bedeb41a891d0ca4086bf1f0,SRCR-f4c8f10033e6ffc956e89169,EXACT_STRUCTURED_IDENTITY,A
MED-1fe42d2360fad7d587da71f4,SRCM-85b8074b3c0e61cd1c1932b5,SRCR-798593ba10f506f4015511b9,EXACT_STRUCTURED_IDENTITY,A
MED-1fef330a3c5895fd469965bc,SRCM-3e87ee5186aad3633619e781,SRCR-5d03852f519a7e29a845438a,EXACT_STRUCTURED_IDENTITY,A
MED-1ff521abafa23220c1bd5d25,SRCM-6c5420b1a05b65988da9cf71,SRCR-9bef0da37238d5046c434cf6,EXACT_STRUCTURED_IDENTITY,A
MED-204004f6d59f5df013636bb5,SRCM-224d4069cbd11a66d7ca2fa7,SRCR-cb448b3b2e1a0eba610c2647,EXACT_STRUCTURED_IDENTITY,A
MED-205727ca49320765bcfb07f4,SRCM-e44fe3d811417f9c694598dd,SRCR-7bde858330aa71763317ab86,EXACT_STRUCTURED_IDENTITY,A
MED-2057b43265f556e54c26d3d1,SRCM-62e5efdce5978c442cdd4fdb,SRCR-e6ca832987c0fd039e7a25e6,EXACT_STRUCTURED_IDENTITY,A
MED-2073a94a9b5eed03a48c2857,SRCM-c631b9c8ef018ceafba3d74a,SRCR-5d224a96d86c7a4db43f6ac0,EXACT_STRUCTURED_IDENTITY,A
MED-2081884279ab12bea6cdf27f,SRCM-7e2850575f4e0eba45f835c3,SRCR-677fe31125a572d68612c120,EXACT_STRUCTURED_IDENTITY,A
MED-209016bc7b3c0b8162f73fc2,SRCM-fc0e411fab9727ef2e966b03,SRCR-c00f3bb34fc1ade39e980fdd,EXACT_STRUCTURED_IDENTITY,A
MED-20b49a2a2705c3e6e5c759ed,SRCM-d36824fb551a1bc46384bf9d,SRCR-d889882f6d15a4e4cdea76f5,EXACT_STRUCTURED_IDENTITY,A
MED-20cc79735fc9b24ec94626c8,SRCM-6104258876f1c824fb628071,SRCR-d004be1c52cf0ee96bffa008,EXACT_STRUCTURED_IDENTITY,A
MED-20e5ee2087a6f234d824d441,SRCM-179371e8f7072f83e170ecdd,SRCR-5b82868d45c5ee7985007111,EXACT_STRUCTURED_IDENTITY,A
MED-20ea20caea7073c6a4127a87,SRCM-651d0a8bb04cb6d46b18aaa4,SRCR-f77499f536fec2a24dd6e3a9,EXACT_STRUCTURED_IDENTITY,A
MED-2165a1e3ce2746312aacd3cc,SRCM-e6a1c49f2e56bd668a4027dd,SRCR-801d5525c7617e0dde9c10aa,EXACT_STRUCTURED_IDENTITY,A
MED-217813b37e00a06fa9765ed7,SRCM-0612af50eb2fa98ab010feca,SRCR-07057166cd1c8c986192e09e,EXACT_STRUCTURED_IDENTITY,A
MED-217daf11d4b209942ad65f1a,SRCM-7b2d24c2a0e3a6a288420cf0,SRCR-f048a328e2845e2e08627a0d,EXACT_STRUCTURED_IDENTITY,A
MED-2189ab9e00479c99580ab8b0,SRCM-3be41696cd46a4e589eaf5de,SRCR-059d7f7e71d61ac10e0e5fb8,EXACT_STRUCTURED_IDENTITY,A
MED-21955ae563903edfb6bf3109,SRCM-e3099b0fb4e0e6098862e63d,SRCR-e0d2c6a41df7852ddfdc15c5,EXACT_STRUCTURED_IDENTITY,A
MED-21a72b59f9d7d3ffca54ec39,SRCM-ee853139c6eda2188e4ffb85,SRCR-fbe12eea3f46a2cf9afe9801,EXACT_STRUCTURED_IDENTITY,A
MED-21cc70d14ab0e7434bc8e9f1,SRCM-4e8cea03c24d57bf5d4a3f2c,SRCR-8523055ca82689e2a0ef9fd8,EXACT_STRUCTURED_IDENTITY,A
MED-21e5f5112e88d912b33efaa0,SRCM-0bf272b509fb99d3ffec3dfd,SRCR-32a05ea6430d402ea65b19fa,EXACT_STRUCTURED_IDENTITY,A
MED-22041f105f27a28220af7407,SRCM-7345bb22e1ae710d9653b323,SRCR-88bc8b65c3fc515eb2eae9aa,EXACT_STRUCTURED_IDENTITY,A
MED-22133ec3e5d1afeebd302da0,SRCM-52839447cbdd2704a41c2ba7,SRCR-4b448cdd84391c05a8735df4,EXACT_STRUCTURED_IDENTITY,A
MED-221cf8ce70dd5b1820635953,SRCM-f5700a9f937d2eab17d6f624,SRCR-cabfbe508e52b64d99500abe,EXACT_STRUCTURED_IDENTITY,A
MED-2223e61faa315f4c74cd8fca,SRCM-be29929b2fbd9bcefbafe75f,SRCR-6dba1ae568a181e07df97057,EXACT_STRUCTURED_IDENTITY,A
MED-22615e48a3877d25a3a3ea66,SRCM-cc54b75117ec7b69e35ed885,SRCR-482bf042af0478b5bccb075c,EXACT_STRUCTURED_IDENTITY,A
MED-22790cae712acd108537a86b,SRCM-a4dcf09a1f621dde3b3b9400,SRCR-4b40a3e2724280b76ad5e260,EXACT_STRUCTURED_IDENTITY,A
MED-2288fe2be9fbbbe7b48e0be8,SRCM-50bad18ad65df25d80eb5892,SRCR-4b927408e65c5f380cb3b3e6,EXACT_STRUCTURED_IDENTITY,A
MED-22b017414603b1bdcd429447,SRCM-20fc5cb3061c25039981cb71,SRCR-ddf24417c23ee91a2e52e2d7,EXACT_STRUCTURED_IDENTITY,A
MED-22b9c5ad83fb42009cbbd45a,SRCM-b32b22878b4ed7375df205fa,SRCR-aefad23a8071dd51bc05bc37,EXACT_STRUCTURED_IDENTITY,A
MED-22ca3cd3f161cfcd02c50979,SRCM-852f15bbae39f72ade5a6751,SRCR-bc98f62cd244b3ef1ef44905,EXACT_STRUCTURED_IDENTITY,A
MED-22d1f45ce761349d8134ddbb,SRCM-da2eef9b4b7ee9e0a2452a08,SRCR-20ec238fc45a6da863ea3db9,EXACT_STRUCTURED_IDENTITY,A
MED-2315355aa639f3f5abde43d1,SRCM-da1237d0620f8d1af4112a64,SRCR-71f7c87b3203294cbd75bf8a,EXACT_STRUCTURED_IDENTITY,A
MED-232c50d64df20e468f7980cf,SRCM-9c003280de5adbc2a2936788,SRCR-08f377ecc5e19b74b91aacd3,EXACT_STRUCTURED_IDENTITY,A
MED-234b18b4a5c441a85a55ce77,SRCM-cd22ba47181e6cea59e980ab,SRCR-89ded831f56d5696fe707fc1,EXACT_STRUCTURED_IDENTITY,A
MED-234cd9054b7efb821ef0b97c,SRCM-5cc6a4ceeacc9fef78d1b812,SRCR-a4c372069b8db57dcd9ceae0,EXACT_STRUCTURED_IDENTITY,A
MED-234fa62c9f4b6aa26e8ebb6f,SRCM-2b353c591bc2103d0e733542,SRCR-a41da283443b5aafd820b003,EXACT_STRUCTURED_IDENTITY,A
MED-2395b3ab826bab21aa95de1b,SRCM-fdada76d07c862315cf9e504,SRCR-3b26a420725ac552776082ed,EXACT_STRUCTURED_IDENTITY,A
MED-239c2bc10a4a91d95cc9bfe9,SRCM-41209543660ddffb9d676368,SRCR-42f6e927fc934a8619b39618,EXACT_STRUCTURED_IDENTITY,A
MED-239e21eda44fcf2dcd28fe27,SRCM-7282583461c05063acecdc70,SRCR-a64bcaf41d998f207d6bd488,EXACT_STRUCTURED_IDENTITY,A
MED-23a3ec9a69924c27a6982dd3,SRCM-d163fe509d9435b511f1fd08,SRCR-001cc065cca6cea62faa3dd7,EXACT_STRUCTURED_IDENTITY,A
MED-242b132a01e1c14028534413,SRCM-693145d225ba48f0c8a7175a,SRCR-76b2a31cbb2e6151818fc38c,EXACT_STRUCTURED_IDENTITY,A
MED-2448c9c24c424edbcc3f1604,SRCM-cc7b5eb5b85d60520a84169a,SRCR-aec4d59b4290697b7d4883d0,EXACT_STRUCTURED_IDENTITY,A
MED-244cd1993fc062611edeb0de,SRCM-b0a3929bb2cbf18f100ac0c2,SRCR-c980dc733f0dc29836b3c415,EXACT_STRUCTURED_IDENTITY,A
MED-244d9edb6b4c15b8ff0b0b52,SRCM-1f829af332349932955fe3b6,SRCR-2a5bd3daa7aea71cfe65040c,EXACT_STRUCTURED_IDENTITY,A
MED-244f66253dc9955e3c58b270,SRCM-7d059e34fae268e09494f63f,SRCR-f11348123ce6ce4311871a92,EXACT_STRUCTURED_IDENTITY,A
MED-245a20b12c0b989bed972127,SRCM-91cdf5fa9558173f5c895ad1,SRCR-5e5b9227d4ae3253a29eb6d2,EXACT_STRUCTURED_IDENTITY,A
MED-245c7a08dda3591da59f89d6,SRCM-1e1144325e1d669388f72b66,SRCR-5e3ae876f3efd0aca5d68351,EXACT_STRUCTURED_IDENTITY,A
MED-2480a20679dfdbbdb99c7e6e,SRCM-e2b20c98a157bb3e39a19af1,SRCR-9abd2c5855f03cd90e7032e3,EXACT_STRUCTURED_IDENTITY,A
MED-2485f317da8c9b97d504f6b5,SRCM-64502f58393b15b5579c287a,SRCR-4badf6b1c3c228357dde031d,EXACT_STRUCTURED_IDENTITY,A
MED-249cb570d6f5322cb0c873d1,SRCM-ad6eeb1a1b33825fd4dd1423,SRCR-7cc92f9263151e9483205ce9,EXACT_STRUCTURED_IDENTITY,A
MED-24c877de8a54800e5bc49894,SRCM-f78d93ef6d4540bd407363e2,SRCR-2ba7011eb42a09bfb85b5d18,EXACT_STRUCTURED_IDENTITY,A
MED-24d680ed5e90b895c512e009,SRCM-d61da3a71e65dd3785bc83f1,SRCR-12f37465e4603155c61f8a4d,EXACT_STRUCTURED_IDENTITY,A
MED-2500980b4f0899ee0b8a558b,SRCM-d7aee7891d3d3712d7fdc529,SRCR-64106ad30dadfca856e0bdab,EXACT_STRUCTURED_IDENTITY,A
MED-250d5352fad6bfff01181e37,SRCM-0b5bb1a97881050f7df6490e,SRCR-399248b190475f8564a79f52,EXACT_STRUCTURED_IDENTITY,A
MED-251f743d73380d83a9fe6b84,SRCM-cde1f8ad41e19551e132e2f3,SRCR-bc4d71367e6280f975465bfd,EXACT_STRUCTURED_IDENTITY,A
MED-252c716891d31049fc9e9db3,SRCM-5736ba55bf15811f1e59f0e1,SRCR-94b3aec3baa14a7759c9ace5,EXACT_STRUCTURED_IDENTITY,A
MED-253f61873a4b77ee9a5eecf9,SRCM-cc7dfb7bb4128f4c394eda7b,SRCR-739eb404c86c86ed555dcfee,EXACT_STRUCTURED_IDENTITY,A
MED-25427c77418ff5defc30ac66,SRCM-0c345912f421464a9a44fec6,SRCR-214fba768b2550be28acdf2d,EXACT_STRUCTURED_IDENTITY,A
MED-25782095d99c8b26fc898c9c,SRCM-cfb7afb828d6084412c44510,SRCR-d0a1ca27fcc7137eaa824885,EXACT_STRUCTURED_IDENTITY,A
MED-25a866bc4165670652b3f481,SRCM-79b2c0050c2e0619da280e49,SRCR-3cb505fd4e7dd6fc2a69abf0,EXACT_STRUCTURED_IDENTITY,A
MED-25ab50f35a8d118ae0e0135e,SRCM-4ef40cc0271ed32043533463,SRCR-cca76ea730060ae519a6ba44,EXACT_STRUCTURED_IDENTITY,A
MED-25b545613dcf48d32cc1811a,SRCM-83b1534e2cdbb57922f0475d,SRCR-87ed4690253a5adfa4eecb8c,EXACT_STRUCTURED_IDENTITY,A
MED-262ec1373e7d546e4d9906c2,SRCM-1a161590634381e3620c78e3,SRCR-4b08ececc38b90fa03692535,EXACT_STRUCTURED_IDENTITY,A
MED-2644ff71b7ce95913d5a0521,SRCM-2aa8e16d64b57aedf662c0bd,SRCR-f6285f7a7e7013cb62d7c50e,EXACT_STRUCTURED_IDENTITY,A
MED-264d12c9e65b2f0486156c15,SRCM-c45c042bd393b18afda61041,SRCR-375dd7a8ad4c39b58f6721f5,EXACT_STRUCTURED_IDENTITY,A
MED-2653efa8727a06dfe4099123,SRCM-30b208c7b7454db58491460b,SRCR-97367c9cf132a168d336ef21,EXACT_STRUCTURED_IDENTITY,A
MED-26771e351e1252e344630bf5,SRCM-d4668b95cfe708bea8ba4f6e,SRCR-d6b8343731f3dd0be5ba9b7a,EXACT_STRUCTURED_IDENTITY,A
MED-267a57d3ef8013505a8274db,SRCM-9c463b6ffbf78778ad5893ec,SRCR-e3090f44f710b16d9f378e92,EXACT_STRUCTURED_IDENTITY,A
MED-267c641c21220f4ac97e349d,SRCM-ebc52ca8381715c19aa03d47,SRCR-c5d914dcb527301b3561f1e0,EXACT_STRUCTURED_IDENTITY,A
MED-267e9348f1b975a15849075b,SRCM-b1fcb707548c59b584bcbcfa,SRCR-b60e5ce14c5470c82f51f962,EXACT_STRUCTURED_IDENTITY,A
MED-2698d54216bfdf50344168f1,SRCM-d7e199fab6b841c0733cce88,SRCR-ca8cbc03098bc3b722aee3f3,EXACT_STRUCTURED_IDENTITY,A
MED-26a4e38b1a0349bb057e86b1,SRCM-7ec9f836dff4820846c409bf,SRCR-da26133388806ee5e855f1e1,EXACT_STRUCTURED_IDENTITY,A
MED-26ac5eb9c961d591bb5ef4bf,SRCM-41b2fa53ef57053bffece7e8,SRCR-96e97b04e59ce4583db6b590,EXACT_STRUCTURED_IDENTITY,A
MED-26badc8d86496d7f42d52d97,SRCM-4ed842e9f1d26abb2dcf971b,SRCR-9c5a8807acb324dae505cf15,EXACT_STRUCTURED_IDENTITY,A
MED-26c4cf9e84888a4ac476a3a8,SRCM-26d5e95655d7c1a85ab4e88b,SRCR-a9d2681d50bcd3e1e40355d3,EXACT_STRUCTURED_IDENTITY,A
MED-26d22843b5de743fc5b837ab,SRCM-24c505c919673b15b2028905,SRCR-61110fb42e721af2be3bace5,EXACT_STRUCTURED_IDENTITY,A
MED-26de2af7bf686af7ed101fc1,SRCM-da153bb225d5526cd5617d94,SRCR-619c75317dae40f216b4c028,EXACT_STRUCTURED_IDENTITY,A
MED-26e5c3050f0f0818927a67ad,SRCM-ac285bb685a8cfddb291f6f0,SRCR-a1b5d268caba4af5712d3d50,EXACT_STRUCTURED_IDENTITY,A
MED-26f400aeede5dcf8d3c88a94,SRCM-31106db393828f80d424c5ed,SRCR-0d35fd8bad22298084fdb7bd,EXACT_STRUCTURED_IDENTITY,A
MED-26fa94d1b1206d8328ed111f,SRCM-5157ceba780ef447758158ed,SRCR-9ba216ee6506f36f102f382a,EXACT_STRUCTURED_IDENTITY,A
MED-26fdc4d89718ef0985c49285,SRCM-4f9fd7c958706d33768887da,SRCR-53249195a2c3fe91da4f6bf6,EXACT_STRUCTURED_IDENTITY,A
MED-27069e49f3206181c1637828,SRCM-62eae6bd94827293f13cdddf,SRCR-f3f9f21a9dc4b1069270e64d,EXACT_STRUCTURED_IDENTITY,A
MED-2709b93b08ab45be6d7a78d4,SRCM-a87319177097d90a36ac3431,SRCR-67ce1bac2802100d61afb3d9,EXACT_STRUCTURED_IDENTITY,A
MED-270cb0b22e574cf213c6a510,SRCM-86babeda8d8f225d77b70dee,SRCR-3273bdb0e6c47fdc5463d2d2,EXACT_STRUCTURED_IDENTITY,A
MED-2726b49932603ff92ee5df1c,SRCM-f8f1e4bc1540c282143d0b65,SRCR-011223ba3dc5f637d1c3b706,EXACT_STRUCTURED_IDENTITY,A
MED-2751ca3487b42503e25ca089,SRCM-3ebcb3d67d5c3cea41e86453,SRCR-996eed3163bdd629e0e2d723,EXACT_STRUCTURED_IDENTITY,A
MED-2755b5566be78d4d929dba0f,SRCM-bf181374c25b301ea12e1c16,SRCR-e270c9b0a39cc3f0f16c4d74,EXACT_STRUCTURED_IDENTITY,A
MED-275b8064a217c3a863f0bc54,SRCM-e43004c81b70f05c99775f90,SRCR-ae911929ad15fc3a476a776b,EXACT_STRUCTURED_IDENTITY,A
MED-27cb9b7e16b5dfed3af7aa96,SRCM-87f4ba6d792332cb720448be,SRCR-c54a4f1452cca30d30881b18,EXACT_STRUCTURED_IDENTITY,A
MED-27f93d704a8c0aba2611fbf1,SRCM-3ec2642ca211fb1a58995b0f,SRCR-0da0efa39f55f6a098c1c4c1,EXACT_STRUCTURED_IDENTITY,A
MED-27fae236d3705fe3e069af4e,SRCM-fc0a23bb78ede54069c672e1,SRCR-b8049c5263a578d5f58c98a9,EXACT_STRUCTURED_IDENTITY,A
MED-28250729f6e1ec5c3ec28345,SRCM-6d787fa1b0fd7593afaa09ad,SRCR-38d414ee770c697f920d34cf,EXACT_STRUCTURED_IDENTITY,A
MED-282955269085728e97ad9e27,SRCM-3f638cfb982e5d7ad0a91eef,SRCR-bb37b61ebcb89f47c0004d2f,EXACT_STRUCTURED_IDENTITY,A
MED-282f4299ab072121f6f0a0ba,SRCM-c1910ec39ea9e95b9cf7a8e9,SRCR-ee207ce9609c8b7aaf00c355,EXACT_STRUCTURED_IDENTITY,A
MED-2834298c1e8c50ce516981fc,SRCM-f7c227c26baf31aaa6d16029,SRCR-9ce43198959fdc8d29f72528,EXACT_STRUCTURED_IDENTITY,A
MED-2836df2692515764dcf3e68c,SRCM-975926666d31e15576a4de24,SRCR-2fedc32f21badfe1ede0fc81,EXACT_STRUCTURED_IDENTITY,A
MED-2840f61585d1bd5aa34cff0a,SRCM-70e27ba64ffcc66d0cae0ca7,SRCR-6c57f6c0b06a92e3791e354b,EXACT_STRUCTURED_IDENTITY,A
MED-288fe2673dddb6a10783267a,SRCM-c01d2b30df743c945da6ccee,SRCR-adeb0431169a44d4b5da15b1,EXACT_STRUCTURED_IDENTITY,A
MED-28a98756bb9b02143e484e99,SRCM-2231b0f2269b3c2ff087d8ab,SRCR-54895f36d66e7a3206ddc6ec,EXACT_STRUCTURED_IDENTITY,A
MED-28b2634c515329e1870a5e1a,SRCM-1ff661cec1cadbc1f3afda86,SRCR-705486b9cce67f8bffe8b18d,EXACT_STRUCTURED_IDENTITY,A
MED-28c0c532412be89f9197c750,SRCM-a68de4773e691f1a5661141c,SRCR-fe15a1da463b7c72840df895,EXACT_STRUCTURED_IDENTITY,A
MED-28cf3be3659ea13535a17fbe,SRCM-03593813ce66da950b3a0c7f,SRCR-92a0a376ef4daefd3e18be25,EXACT_STRUCTURED_IDENTITY,A
MED-28d10de9968cddbb844d2f1d,SRCM-7b73dad124efe783b1298fb9,SRCR-d0f81d6031719790707cdcb0,EXACT_STRUCTURED_IDENTITY,A
MED-292d8b6d79cc37529a94c2f1,SRCM-7a219be8e051372137bd661d,SRCR-d51c88b5ef7fe820ee9859c1,EXACT_STRUCTURED_IDENTITY,A
MED-2930095de2df746ec4d9e995,SRCM-07499647254a8475c00727f1,SRCR-6c6e148e319934dce9260ff6,EXACT_STRUCTURED_IDENTITY,A
MED-29397a950c938cc19a270ab6,SRCM-b6ea32d0db8789bcdfe03ec1,SRCR-1f49eee59200a4052bcd36b3,EXACT_STRUCTURED_IDENTITY,A
MED-294111f57fb277a358a1d65e,SRCM-2684b29054c4419190aceb6c,SRCR-eec7debc64fa1d6ef129e32b,EXACT_STRUCTURED_IDENTITY,A
MED-29411d6f39b7267cf59f1c46,SRCM-ee28063a80be1bcd0cc5f62a,SRCR-f2931d0a5d6742bdeef549e4,EXACT_STRUCTURED_IDENTITY,A
MED-2957729d11eae68b49904409,SRCM-20fd4978325e4b295cd3407c,SRCR-8d2c7e2d28b45ca2a6299ad0,EXACT_STRUCTURED_IDENTITY,A
MED-297499d44deac48ca05cd0a3,SRCM-2b81a443713d0a5a164ae5ae,SRCR-7bccbf876ff306885fde31a9,EXACT_STRUCTURED_IDENTITY,A
MED-297a24baa9082a1076be226f,SRCM-65b4ddab2c651a2690bb5fb7,SRCR-a37417a25892653130d53964,EXACT_STRUCTURED_IDENTITY,A
MED-298d36a18ede232ac7246e5b,SRCM-d357cbfd735605472ec3b8a6,SRCR-140174acbc05eec7fa197b10,EXACT_STRUCTURED_IDENTITY,A
MED-299e5570f641147d76795d8d,SRCM-96be4cd00d27f1902bdc97ca,SRCR-107114f70992880c90f70fe5,EXACT_STRUCTURED_IDENTITY,A
MED-29af837c5c129d448015164a,SRCM-3154d0a3f9dd191ff40d2b0a,SRCR-0d98b5eea37d8e091151c6dc,EXACT_STRUCTURED_IDENTITY,A
MED-29c1d83a736c12f0cae4e802,SRCM-996d324bed49c07ef03e5858,SRCR-c8f4170c00e7451073584565,EXACT_STRUCTURED_IDENTITY,A
MED-29c6944fd0fa4d46006382e9,SRCM-ee3d261f428621dd1c62408b,SRCR-ad1889f9ace1804bf068edde,EXACT_STRUCTURED_IDENTITY,A
MED-29c6fec02bbd0f10624fde4f,SRCM-34ecf806b1981af2b779a4c3,SRCR-ef90b010a9ff40c4603bcce9,EXACT_STRUCTURED_IDENTITY,A
MED-29c8c51aa98d51fbc3b3aeaa,SRCM-0e8b120513bad40bee84ef6a,SRCR-58abadd395de71427c8c09ea,EXACT_STRUCTURED_IDENTITY,A
MED-29d7df5ec9fd977642039f48,SRCM-611d0f819dbfcd3a303906d9,SRCR-637596082e5521017bfc7ba6,EXACT_STRUCTURED_IDENTITY,A
MED-29ed7884dd5d4334db2456be,SRCM-dbb7ed087066db8deece9581,SRCR-cdab406831e5c5b2e5ed25b6,EXACT_STRUCTURED_IDENTITY,A
MED-29f9891cd3ebc449faa3fd45,SRCM-3951e85310ec82cc98837511,SRCR-e295dd36ad06bdd71c57fffa,EXACT_STRUCTURED_IDENTITY,A
MED-2a109f4665f4fbbd0ba119b6,SRCM-9df62036723497e11da600f9,SRCR-91b37dd65ea2ab0192e37fa0,EXACT_STRUCTURED_IDENTITY,A
MED-2a1d1fb119639683d15ef272,SRCM-6fcc1ee703d87aca25a4a5fb,SRCR-2f8174b42669b2687f7c1760,EXACT_STRUCTURED_IDENTITY,A
MED-2a1de2c538e8cb1f2ce764a0,SRCM-dcb936bb00120785f13160d5,SRCR-b5dbc85387925263f688a193,EXACT_STRUCTURED_IDENTITY,A
MED-2a1e388963f228c0ba3ba333,SRCM-23eb8e1390c3aa51baaa5773,SRCR-cde6b8dc857c23f1fa73d10a,EXACT_STRUCTURED_IDENTITY,A
MED-2a34f8fa8a6babaaf5c3423a,SRCM-a4e7aae30c680fca0b4ae903,SRCR-4e4083a174bcb1d301ef4ecc,EXACT_STRUCTURED_IDENTITY,A
MED-2a4e9945d6de139b673ab9fa,SRCM-7be2c7bb62c071e47ccf444b,SRCR-b550bf04ef7c82ede0f48579,EXACT_STRUCTURED_IDENTITY,A
MED-2a555dd24c0ccee3e688e23b,SRCM-7e37a2c926f0332922a9ca42,SRCR-6c13c51c387f1411d015974b,EXACT_STRUCTURED_IDENTITY,A
MED-2a76a0c9691c2ca1bed0871b,SRCM-085ebee5cb114bf687bc9cf8,SRCR-9e052120e29b0c8563df8f82,EXACT_STRUCTURED_IDENTITY,A
MED-2a787d21cd8562e349d5aff5,SRCM-5b06d87ddc4de6f95db53128,SRCR-3460011a5c95fb079ef9cecb,EXACT_STRUCTURED_IDENTITY,A
MED-2a8d9f42c500fe6b2f814261,SRCM-e7cc0d664d9b95dcceaa7b82,SRCR-1f7c58f5dac6c09be2d0cd62,EXACT_STRUCTURED_IDENTITY,A
MED-2ab1c8f151072b0b1e91dee2,SRCM-f104d4bacb2b9987aa20c42d,SRCR-2475fb9f14a695fe9273c7d6,EXACT_STRUCTURED_IDENTITY,A
MED-2abbab7dd5ebb381a54bce18,SRCM-fbe2f997a75ea65479374b1c,SRCR-8cb456f20a534c4a7b992f16,EXACT_STRUCTURED_IDENTITY,A
MED-2ac11cd3e9ed8e644db34e79,SRCM-345fa3be72c085cf7ded9bab,SRCR-4636b44bd1a7b65ad183812b,EXACT_STRUCTURED_IDENTITY,A
MED-2acba604b054057773f2170a,SRCM-ce4716438976dfc6088122c5,SRCR-c104bb365ccc4dd41da36088,EXACT_STRUCTURED_IDENTITY,A
MED-2ace2c8d84ff06d823fd6c1a,SRCM-098746b73c0be037ae02cf59,SRCR-88ad51a040544bbc8e24ff67,EXACT_STRUCTURED_IDENTITY,A
MED-2ad0d594704f329720b94fef,SRCM-46398065157f87b4c0118f38,SRCR-ec668ecb2cb860db6b6b26cb,EXACT_STRUCTURED_IDENTITY,A
MED-2ad4dfab76a4da565b6c720f,SRCM-352cdf0b33a4117b9ea60c01,SRCR-2f83ef5f73e9f06698f53307,EXACT_STRUCTURED_IDENTITY,A
MED-2ad6f32bead18a69a97094ac,SRCM-bfaf345ef2220692058ea394,SRCR-daff38f62c0e1b83cf4682fb,EXACT_STRUCTURED_IDENTITY,A
MED-2aea2840a2114665eefecaff,SRCM-190c6822ffd1e7624bc5803c,SRCR-fe54bcd0f4f9a96f537afd0b,EXACT_STRUCTURED_IDENTITY,A
MED-2afed4713a69e03dadb09b19,SRCM-92d123893c0f360142829870,SRCR-2aad3097e121c6fc1d64ad4c,EXACT_STRUCTURED_IDENTITY,A
MED-2b05e8e63ed09ad94cf90d33,SRCM-76234dfd9e69ba850e92363e,SRCR-d3dbd2614c74ca624519b61c,EXACT_STRUCTURED_IDENTITY,A
MED-2b1289a4f038437c6993b26e,SRCM-bb6c98ebdb405e4f59034f84,SRCR-bf59783b5833be946a41a8e1,EXACT_STRUCTURED_IDENTITY,A
MED-2b1eb3c087e12df6d807d345,SRCM-13b8743bdc2d7d08af9829e4,SRCR-d4e4254202587c22a0b3b512,EXACT_STRUCTURED_IDENTITY,A
MED-2b4fef4bd765c7a5e0abd5ab,SRCM-cc8729c438d7ec29cb2f7ce8,SRCR-f08b59e3b3ca254de1313f38,EXACT_STRUCTURED_IDENTITY,A
MED-2b5887a4a8d27e2b9dac1b1f,SRCM-ae7922adde08faae22a40513,SRCR-a361d82410bd22c948409989,EXACT_STRUCTURED_IDENTITY,A
MED-2b71ce4b08e6aaecf6e85173,SRCM-af9a63eab2f3081783317bba,SRCR-9ed21743145847ffadc0c195,EXACT_STRUCTURED_IDENTITY,A
MED-2b78b2691fa6d94678892a3a,SRCM-c495fe83ab5217807c76c368,SRCR-1c4c6eb444ed2215f3f0a6ec,EXACT_STRUCTURED_IDENTITY,A
MED-2b7d7cc296e468f16972c546,SRCM-f370ddbaa7959c3530fb4a9a,SRCR-f8ea75210679422a684a0cf7,EXACT_STRUCTURED_IDENTITY,A
MED-2b87703869843eca53e36512,SRCM-c8379e0c7b7c52e5100b4daf,SRCR-0cb1dad08a44349e2844c66b,EXACT_STRUCTURED_IDENTITY,A
MED-2bbb0f38ec07a79f532d14b4,SRCM-cef6727b8c5b11a89cdd58f9,SRCR-55a4b2bbdc42268f9fbf5659,EXACT_STRUCTURED_IDENTITY,A
MED-2bbc1e6e261eb73f4e7dcea6,SRCM-a2f5c4b695760fd7814db124,SRCR-2e5620133264ba2d68b4b980,EXACT_STRUCTURED_IDENTITY,A
MED-2bbd79cbac282d3ab0940732,SRCM-97b14283d894f4ad360f910f,SRCR-2d09dc5a90e095685d67edc5,EXACT_STRUCTURED_IDENTITY,A
MED-2c29b94174fc0e89be605abf,SRCM-f4eb9badb8c605dbd141c325,SRCR-3508545a6dc5542e89da5bfd,EXACT_STRUCTURED_IDENTITY,A
MED-2c2f9cfe2f04059f3cdf1506,SRCM-7d7f2391b2ab586b9cac8ce6,SRCR-d3a053ade97142ca58ef9ceb,EXACT_STRUCTURED_IDENTITY,A
MED-2c3fef21f36d0c3e90322a4f,SRCM-90570ae1cd08b01f98ec7fd8,SRCR-524d8f99ca244f6e470265bd,EXACT_STRUCTURED_IDENTITY,A
MED-2c73430087fa9ef36e7a265e,SRCM-4990bfdef0a9ec89e93415f2,SRCR-95613ff6ca93ec075050ea12,EXACT_STRUCTURED_IDENTITY,A
MED-2c80c9dd7da7a6984fe19382,SRCM-b448bd6d60805de62c0ede74,SRCR-fea7c07f3cf5c0aab001e1c9,EXACT_STRUCTURED_IDENTITY,A
MED-2c84dc84d368550a70b59db0,SRCM-603c9cdc8639114699ef179b,SRCR-d5f801ba1685f03a07794448,EXACT_STRUCTURED_IDENTITY,A
MED-2c86f42f117d4c17e1fc3193,SRCM-452fd847c4ebb2eeb73490b4,SRCR-84ba1c9e5ebb1a739903043b,EXACT_STRUCTURED_IDENTITY,A
MED-2c90743a436f865312bc0707,SRCM-964b2c758808c9c2d8f8372c,SRCR-899b7b95cb5b949627a71a64,EXACT_STRUCTURED_IDENTITY,A
MED-2c948b4b37cdf9463fe329e2,SRCM-049c9be06f57ee74e1360ad6,SRCR-994d6015c52e7e4c691a30b8,EXACT_STRUCTURED_IDENTITY,A
MED-2ca49ad10c8ce2bc2b40a85b,SRCM-389492e83cb2aec76e515006,SRCR-a0d304bd34477b546422aa43,EXACT_STRUCTURED_IDENTITY,A
MED-2cbe944a854b02ba9f574ad4,SRCM-d3c31bf7c50c2a57a195e291,SRCR-e595bafc81f0735abecfc5aa,EXACT_STRUCTURED_IDENTITY,A
MED-2cc511391f6b78210b77f260,SRCM-f9e6ff3e9202fd5237885fc8,SRCR-0fbbe7ee41dd1aa1b4122eaa,EXACT_STRUCTURED_IDENTITY,A
MED-2ce5ea75493c6673bab1eacb,SRCM-338c0454a7fa7548365940c3,SRCR-1214d51957f30d484bf51d9b,EXACT_STRUCTURED_IDENTITY,A
MED-2cfe37932bfc596cdfbca7b8,SRCM-86e3c04bda7ad696d48044aa,SRCR-eb69b8adcdf9b7122afa4dc8,EXACT_STRUCTURED_IDENTITY,A
MED-2cfe707d983ce3349cfef105,SRCM-f6297c8e6a4fe67cb2bc1682,SRCR-7d1d2d3ad28fb0b5716deeac,EXACT_STRUCTURED_IDENTITY,A
MED-2d2ac4439901e02cd1c8cc93,SRCM-a9ffabfd106520e5a1b51516,SRCR-354c6af7d2d9c9835fd6cba5,EXACT_STRUCTURED_IDENTITY,A
MED-2d466d448f5aff47c0dd9f38,SRCM-ac821646b732a882a01f537c,SRCR-b055f818cb0b3377096e026a,EXACT_STRUCTURED_IDENTITY,A
MED-2d558a81f879bd43defd76dd,SRCM-52f4e4a9c0ab694b31528564,SRCR-87241efaa2bedbc1accc259f,EXACT_STRUCTURED_IDENTITY,A
MED-2d55ee12c11ce2fad7f038e5,SRCM-41a971a0d55827c9d23541cb,SRCR-353837ea2a98da9d0852da13,EXACT_STRUCTURED_IDENTITY,A
MED-2d656006ebf5f389ca20bc34,SRCM-580cfd5ac4470db07f8f7bc0,SRCR-39c6b588f786cf89ccea50a2,EXACT_STRUCTURED_IDENTITY,A
MED-2d686f839a9e631398e91611,SRCM-d87d0c4570cf8e3d67a00f25,SRCR-e97a613a880ed6c4a32b7df9,EXACT_STRUCTURED_IDENTITY,A
MED-2d7b3af3b76c88788ea57359,SRCM-ff1e3f9cef970003bdecae1b,SRCR-735db7461d477755962da9d9,EXACT_STRUCTURED_IDENTITY,A
MED-2d995d9d37bf57a2798fb0db,SRCM-78585643af5a36b03ebfd4f8,SRCR-2c9f6cc8b86d52a9678a0fd0,EXACT_STRUCTURED_IDENTITY,A
MED-2dc056f87d3a4f97e2b632af,SRCM-356bfb52010adb0bdcb696ac,SRCR-cd4ac85e350e93c4604b3094,EXACT_STRUCTURED_IDENTITY,A
MED-2dc650138e9f4f57b4618c74,SRCM-6107055e4b0d93a472515adf,SRCR-3f6b27ded3a61e30e3d07660,EXACT_STRUCTURED_IDENTITY,A
MED-2dc932e1d8233e01d8b88e58,SRCM-e9b39afecb94511df1e6dd71,SRCR-1579c52e70fb82f17c6aa34f,EXACT_STRUCTURED_IDENTITY,A
MED-2dcff4d7c5960c6aaccef953,SRCM-c6438488d36ab5db184a08f0,SRCR-fd1cfe7a58a425ba4d66b047,EXACT_STRUCTURED_IDENTITY,A
MED-2de9dfd718a03e0944d1a37b,SRCM-59cd7df69d45068345a22e00,SRCR-2e310a18a2836370c65d53d7,EXACT_STRUCTURED_IDENTITY,A
MED-2e374823d70a94a3df24d405,SRCM-42b82e6538b0c03e8ecd64a7,SRCR-7918a389f220c57e71041b13,EXACT_STRUCTURED_IDENTITY,A
MED-2e5c9c6a30cded763c13b708,SRCM-48d208eae7e984a8a7720ebf,SRCR-e4aaca856c1b3b3456fd0d7f,EXACT_STRUCTURED_IDENTITY,A
MED-2e7f5b1b871c5b0559adcfe2,SRCM-3b1e8a6f78b66b93b16d1c1d,SRCR-deeaed58f88607b9658ecbe6,EXACT_STRUCTURED_IDENTITY,A
MED-2e8ab829b7dd647afc605318,SRCM-16218049e43de7216564a7c6,SRCR-5b68167481afb957e8a77a8e,EXACT_STRUCTURED_IDENTITY,A
MED-2e96610b1fde66fe58be2e1c,SRCM-2bf52bab2648baa7cf18c14e,SRCR-1e0f8e0a42434bd2b28204aa,EXACT_STRUCTURED_IDENTITY,A
MED-2eab28008c2c955e43ad62c3,SRCM-64e8424e8b2c8aeabaa22626,SRCR-585fb156e62787165d10c335,EXACT_STRUCTURED_IDENTITY,A
MED-2eb50fd4b36d64373393c28e,SRCM-93f24578c0e633738631113d,SRCR-b7d05c916860b21b43080894,EXACT_STRUCTURED_IDENTITY,A
MED-2eddb12f9a07c1b69b341429,SRCM-325ba6f33f70850107a757f0,SRCR-e71e8441843b174c7aa0e2ac,EXACT_STRUCTURED_IDENTITY,A
MED-2efd1e54dbb11d8444b9b830,SRCM-fdc29c37ec02e9d6867ec6dd,SRCR-47a20856deeb8161651645fa,EXACT_STRUCTURED_IDENTITY,A
MED-2f0c91532ede68ed063d4a2f,SRCM-f3e3c5c86deb723676b1eb1b,SRCR-245bfc81637c8280ef8f537a,EXACT_STRUCTURED_IDENTITY,A
MED-2f22e23a603ccfaddba9a1ee,SRCM-e88404debeb1aa8e037e9360,SRCR-dad3f87251a769df7e7fcb05,EXACT_STRUCTURED_IDENTITY,A
MED-2f2888958d0d5be33f6db18b,SRCM-dd4393cf8441cb2a54d930f6,SRCR-72db01bdf7238c9536620257,EXACT_STRUCTURED_IDENTITY,A
MED-2f2c2171f10fb728f22cca9e,SRCM-a826c4161729bce154143057,SRCR-ff0188d29a20afd596f0a5d8,EXACT_STRUCTURED_IDENTITY,A
MED-2f43b65537a1fb5fbb5f35b5,SRCM-ddd79d6a69c5a3374f40d762,SRCR-698726a158e29d4ddc9cd127,EXACT_STRUCTURED_IDENTITY,A
MED-2f4dd38b451e875c8ecdc30d,SRCM-e76871fa3bdc0a1391a1bcc2,SRCR-6f89c1e9c2c0180dd8a7c095,EXACT_STRUCTURED_IDENTITY,A
MED-2f5731eb311e5dd32f9dd634,SRCM-e42ebe4ef357f3330a5b58dc,SRCR-14ca25e2a356b30046bc720b,EXACT_STRUCTURED_IDENTITY,A
MED-2f7ef7f4d0bcc10ae41a1c96,SRCM-7ab67f50bd48e3f7964149fa,SRCR-b4c2227f4a171e2bce97cc6c,EXACT_STRUCTURED_IDENTITY,A
MED-2fa05ad48c267b5333289a0c,SRCM-87545ad5e5c08ab6cdd3b0b1,SRCR-d1c5ee562f68288eedf90b53,EXACT_STRUCTURED_IDENTITY,A
MED-2fb0ff35d3ff41acf1607ce7,SRCM-2389cfa6491e178beddad30f,SRCR-b10d6b44ca707042ec6366d3,EXACT_STRUCTURED_IDENTITY,A
MED-2fb2fd6aef9f1ceff48b590e,SRCM-b26485902e600bb90cbc07a4,SRCR-aef4cd553273b560292e9283,EXACT_STRUCTURED_IDENTITY,A
MED-2fb91deb652dcb7ba3e20ea5,SRCM-76f01f0a198c09989702d801,SRCR-d9854654fbea40aefd0d373c,EXACT_STRUCTURED_IDENTITY,A
MED-2fd0e17ecf4d7e3d9f12a014,SRCM-74a11ee85e6b8e88dc18556f,SRCR-bd239ace0a4e67ac2a9e9dec,EXACT_STRUCTURED_IDENTITY,A
MED-2fea921ff92252a281e3a5a7,SRCM-ee62069170fc3471881277a9,SRCR-b4ddabd4fe814d0406474474,EXACT_STRUCTURED_IDENTITY,A
MED-2ffc7c390b3e43f931cb5100,SRCM-0b46027b2e3fb804a3f54d02,SRCR-7117e4554f79cde6c14f756e,EXACT_STRUCTURED_IDENTITY,A
MED-300cf740257b25d8544b6435,SRCM-55931158b7186ad9fb62a464,SRCR-c280d5f038416afa535aef79,EXACT_STRUCTURED_IDENTITY,A
MED-300f320229d3208f051c88c6,SRCM-e6d8d38687ec8b2eaf7610fd,SRCR-8a39318f53002df9e024c091,EXACT_STRUCTURED_IDENTITY,A
MED-302e42ba2cc5220e6d257014,SRCM-1783a64dd59e670e023b5b2b,SRCR-77bbbaccad0bf02e60ee1163,EXACT_STRUCTURED_IDENTITY,A
MED-30533a1670ffca0c34ca25e6,SRCM-6b58f16115565e965edf2e33,SRCR-9427d88dd9d1ffeaf68deb2f,EXACT_STRUCTURED_IDENTITY,A
MED-306fe73b088869ab8c4d5ed9,SRCM-96dac2b72d1417affcfd3d91,SRCR-8425f2035ea726be50ba2ca1,EXACT_STRUCTURED_IDENTITY,A
MED-30a5f962add968ef5cfa8959,SRCM-73c945d2df71b09888eb5b9a,SRCR-7d0defc84e4073434b50c4fa,EXACT_STRUCTURED_IDENTITY,A
MED-30b322bfa5a1497a477c4fcb,SRCM-f96425786d43238d58c4a983,SRCR-f389ecc48d99b0aed5635cc9,EXACT_STRUCTURED_IDENTITY,A
MED-30c37807e3d202d9f9760c5a,SRCM-f0ec986fb1d7ea9daa0e2bd7,SRCR-eee0bd5c663d5e5a2130126b,EXACT_STRUCTURED_IDENTITY,A
MED-30c91e3c6ea978ead2810dc5,SRCM-407efa6fafa5209e7d0623bd,SRCR-ecb365fcfe44b983677d73f7,EXACT_STRUCTURED_IDENTITY,A
MED-30d55c2d7de45e4dfef7f04a,SRCM-e6c3c8d27d26a5c6a7443f5a,SRCR-68f3d739952376757df88945,EXACT_STRUCTURED_IDENTITY,A
MED-30fea3e3cfac60e43ce79a22,SRCM-758430415b1867ad85a33d48,SRCR-4b418e3ab28f76aca7793a70,EXACT_STRUCTURED_IDENTITY,A
MED-31051d0abb0f090ebe1d9e37,SRCM-99c041cc0532e255a0325818,SRCR-c28aa1974f7ca8278f62c40e,EXACT_STRUCTURED_IDENTITY,A
MED-3116f64593b6d0cb6cd61c3a,SRCM-88c09bcb53116ae6dd58ce58,SRCR-505070684007160e110625c0,EXACT_STRUCTURED_IDENTITY,A
MED-31682bc2347b5fb1fb9eef7f,SRCM-47aed87624873635125b072d,SRCR-fa28c91170c146943a4afad9,EXACT_STRUCTURED_IDENTITY,A
MED-316f6ae085083f89d1db11a7,SRCM-16ad902f3e7deda161ac1df5,SRCR-348409f52daaea7122b36c67,EXACT_STRUCTURED_IDENTITY,A
MED-31776a8d95481350c520686b,SRCM-caaf3486e7c4771020b6c303,SRCR-a4438f95f9f61536e4a0c577,EXACT_STRUCTURED_IDENTITY,A
MED-317805485fa175330eabc4de,SRCM-4db7414bfe12ddf95ccf4333,SRCR-ed2301408bc804d06ded3e4a,EXACT_STRUCTURED_IDENTITY,A
MED-3187278de655fee346a9b8c3,SRCM-f722d771883627b1ad588df9,SRCR-5782f9d6cd0c40c9db5c2458,EXACT_STRUCTURED_IDENTITY,A
MED-3188dccc0162dea45fc73d49,SRCM-810f33fe278ad12c86f419aa,SRCR-6812271ded7dc0fcdb95aa1b,EXACT_STRUCTURED_IDENTITY,A
MED-319ddf9c13c5fcb020656be2,SRCM-ab1b6c42a1ced4bdeb245171,SRCR-7ea6bdec54a9beafedbc3fe8,EXACT_STRUCTURED_IDENTITY,A
MED-319e3f0df381537584059626,SRCM-96a4d79c8cecf5cfd74d0148,SRCR-a7fd7fa13da8e4d0c8d0360f,EXACT_STRUCTURED_IDENTITY,A
MED-31bf9b1da4e0f9d98d84013e,SRCM-d2b488f6c80629168973b384,SRCR-8b5b6e253fb282f4b2d6077c,EXACT_STRUCTURED_IDENTITY,A
MED-31eea43bb14981e288d830fa,SRCM-a46a4922d3a8df28c717d540,SRCR-2bebdf0296e53112b70fb232,EXACT_STRUCTURED_IDENTITY,A
MED-31f827135cf20bfcf30a5bb1,SRCM-3a3ffce144e265c3638f213b,SRCR-2a8727dac47a5ad4255cd1c9,EXACT_STRUCTURED_IDENTITY,A
MED-31fa34363e06ff332eff1e9b,SRCM-5a7d1b3d83ec2cae59885472,SRCR-6e4caacacbab6b23c6c7bb41,EXACT_STRUCTURED_IDENTITY,A
MED-320a129cc558974803197399,SRCM-383ee0eb94136dc0b974da72,SRCR-004d37fd9857bea704d702e4,EXACT_STRUCTURED_IDENTITY,A
MED-32165a39bed50de594cb01fe,SRCM-ee7479901a93374c592ff0a8,SRCR-51ef68bb44f781dec0dac53a,EXACT_STRUCTURED_IDENTITY,A
MED-3252c79e06aa1b9127ba3746,SRCM-92b2ed501e36e731e7e13df7,SRCR-03aec0dfc2a90e4d108db217,EXACT_STRUCTURED_IDENTITY,A
MED-3255d0cfd05e5d1ccd32c991,SRCM-15746b7be7b5d3a65d7e9806,SRCR-ebdf62c399c463b42756108a,EXACT_STRUCTURED_IDENTITY,A
MED-3261a5cee18a366c91b33b08,SRCM-9fd6b23ef2b6b6bb37e418ce,SRCR-d328ec984bd21a21c5e44394,EXACT_STRUCTURED_IDENTITY,A
MED-3261fcc6b13b56dc0ffb6700,SRCM-979b64feabdb7f323607723d,SRCR-a9ad8bd4fb2ba88b994959a3,EXACT_STRUCTURED_IDENTITY,A
MED-326dd7580a1926eea626df99,SRCM-59b8b17c8410f30fc9ca1264,SRCR-90dfb24d18f27fb1e135a228,EXACT_STRUCTURED_IDENTITY,A
MED-32b74bf5324371d8d2d59e78,SRCM-6a9610b01582468f162270ac,SRCR-c69372f19e23e392e14b41eb,EXACT_STRUCTURED_IDENTITY,A
MED-32bad2752eb4dc7ca67caa22,SRCM-13bb7ec3500553cc4df743e7,SRCR-661a54e74e1b68d9ca39fa94,EXACT_STRUCTURED_IDENTITY,A
MED-32c075e544d19fe1dc3601ab,SRCM-c1c8c44b5f4e5a0722889c64,SRCR-92b51337479f273fad2d3bd5,EXACT_STRUCTURED_IDENTITY,A
MED-32f43b984a4270cae5d8cff5,SRCM-2da6f9db61b296e97acc4c5a,SRCR-9643a6d5316e63f5a7aaf305,EXACT_STRUCTURED_IDENTITY,A
MED-33076310cac53f7be2ca5e3d,SRCM-4fb3e59bf579dc608b5db0a8,SRCR-0ea79c3ad5e75710ef2b6f0b,EXACT_STRUCTURED_IDENTITY,A
MED-330e6958b1ac14a7603e9172,SRCM-6e761bbd34a0575e8f0771f0,SRCR-21fb85af65630ff6049c5bba,EXACT_STRUCTURED_IDENTITY,A
MED-3347eeda589357c2d99a0201,SRCM-ba123acca6ae05bd4d67a559,SRCR-bc65229c597f09c8d71e9ada,EXACT_STRUCTURED_IDENTITY,A
MED-336c4468d5abd8a504a66df5,SRCM-4c75a130a8523560299168a6,SRCR-97a80152247f66ec09e7c5c7,EXACT_STRUCTURED_IDENTITY,A
MED-3389de49ba3be09c8200dfcb,SRCM-a7ba130c98bd4fdf43a60c80,SRCR-1eefb007027efd483a7f1de6,EXACT_STRUCTURED_IDENTITY,A
MED-338bc568f2ef3ae1d369f404,SRCM-3a3f6f71755058da2beffd57,SRCR-0016cc4b47bae83393852f7f,EXACT_STRUCTURED_IDENTITY,A
MED-33a7b37c554fe5e0509d8851,SRCM-26019e04759dbbf33331f943,SRCR-518bf44b7d17afc7831a1b04,EXACT_STRUCTURED_IDENTITY,A
MED-33ae9ef6e904e018dd7c69da,SRCM-463a0b8f6c90168547ac5665,SRCR-54c7f0f6b3a18258c22622b6,EXACT_STRUCTURED_IDENTITY,A
MED-33df3a64276edaf13bd54aec,SRCM-64992da02532a51797d7e53c,SRCR-1a960c3af5761166495c91b0,EXACT_STRUCTURED_IDENTITY,A
MED-33e6ca78ed83227d479d6558,SRCM-d96065dd997f5e4b1b9bcf60,SRCR-92f6b7592ad3ec496ff350af,EXACT_STRUCTURED_IDENTITY,A
MED-33e766d0f1e4ff64f208f242,SRCM-8e78a411e4ebf98cd3db7bf1,SRCR-38b3e9f5fc1f1bce923fd092,EXACT_STRUCTURED_IDENTITY,A
MED-33e8f3b2c375d7e63e709071,SRCM-e77b022cc3429f94e3498448,SRCR-087bce0b0546ca39e42e35ca,EXACT_STRUCTURED_IDENTITY,A
MED-33ee08d6b503c37d9b46c2d2,SRCM-9146692fc39e29dbca225a15,SRCR-d4198c758ab057b5308bb46d,EXACT_STRUCTURED_IDENTITY,A
MED-33ef34d1475235b5c1599bc2,SRCM-532b0f6e39818fa8426e8d54,SRCR-dae6c1551ec3b99cab7a38f5,EXACT_STRUCTURED_IDENTITY,A
MED-33f1c128ef16d0e299786060,SRCM-a3e562fd0a61527a157097eb,SRCR-ddf4524c6fef02a7118c6e1b,EXACT_STRUCTURED_IDENTITY,A
MED-33fdd12cbb8e3a09003b2e62,SRCM-f9d4b8cc8700b41473b9fb2d,SRCR-9e03690816b1f58acc19025b,EXACT_STRUCTURED_IDENTITY,A
MED-340685025e406a6f93981a29,SRCM-ca4bef0ec9bca75afd3da190,SRCR-31f057c9271315e9f9b8e4bb,EXACT_STRUCTURED_IDENTITY,A
MED-3410ad9bda1592fb2f274689,SRCM-054d85feb898f795bffd9932,SRCR-6460ab4a51a4724120fd9a48,EXACT_STRUCTURED_IDENTITY,A
MED-34131c5b25dd3f406d78e2bc,SRCM-744cbdb010ede01db8c0f5ae,SRCR-afc88c5d9dc6ea9887070298,EXACT_STRUCTURED_IDENTITY,A
MED-34354699a329b4fc127433bc,SRCM-a2eabcc53beeae855d8c45d5,SRCR-4e65a26b8c73779efd591618,EXACT_STRUCTURED_IDENTITY,A
MED-344e111b1800c9f7f2a3cd39,SRCM-7e9085dd61cfcf0981df6d56,SRCR-e44d4d795c31794a85c7df9a,EXACT_STRUCTURED_IDENTITY,A
MED-3450783f5ca42d8f408f9a57,SRCM-be73a0946c66c39a75872945,SRCR-b328f7086b8a47fcb1728773,EXACT_STRUCTURED_IDENTITY,A
MED-346f5b24d01b18a68f80baf2,SRCM-d9bd91a3453cf0d5de284966,SRCR-eb0114c33e4010757fa2dbe0,EXACT_STRUCTURED_IDENTITY,A
MED-34b8c848dad7fe208eef4aa9,SRCM-5db2fa368e7cbc9b03aa7aac,SRCR-42603efa66e8d96dc93af2b8,EXACT_STRUCTURED_IDENTITY,A
MED-34e13ecc76940e4152376336,SRCM-00ae0ab8f0b76021c9759bf0,SRCR-805a85854f6f5968810b70f6,EXACT_STRUCTURED_IDENTITY,A
MED-34e80e41365b67c066646c4d,SRCM-409d9cd52998818517f67e79,SRCR-a5721bc665f306dee7a6ff45,EXACT_STRUCTURED_IDENTITY,A
MED-34f4b226ace670153e6791c5,SRCM-31bd93d59c7700010e18ddca,SRCR-e315c365e2625fc33e9f2fcc,EXACT_STRUCTURED_IDENTITY,A
MED-34fd62c55b247bcdec28a4c6,SRCM-38b45b08cc0570e869bf2e8c,SRCR-6eb3a386e9193b9df179a400,EXACT_STRUCTURED_IDENTITY,A
MED-3505f8889f4284ec7537d1e0,SRCM-d9154f88c954dc388cd965c4,SRCR-d4adc415e58fb30292909f4c,EXACT_STRUCTURED_IDENTITY,A
MED-351d9762287c083db60098c8,SRCM-3aefd74be9e7e2fad277f6f3,SRCR-b3f1b0cf4e677d60b2c89228,EXACT_STRUCTURED_IDENTITY,A
MED-35248da38f8c7319423bedd3,SRCM-7a0af33605959d69ffdd22f5,SRCR-ba60f0237da4e7961b94730f,EXACT_STRUCTURED_IDENTITY,A
MED-35274b344e9675240281b4b0,SRCM-9ab8be500f75ff84ea548762,SRCR-034f238b1a9dbf89a5ffe70c,EXACT_STRUCTURED_IDENTITY,A
MED-352824686cfcfc58de7b4e1a,SRCM-892df0362256291f9c3f3328,SRCR-46fe9095744b24cfe3154388,EXACT_STRUCTURED_IDENTITY,A
MED-35345bf2220228aa4fc12bb9,SRCM-54620a94987f74de5e16a66b,SRCR-85ad66df61fd936bb474a8bc,EXACT_STRUCTURED_IDENTITY,A
MED-354540047cfff8823929e69a,SRCM-f38ac5664532455d91ff411e,SRCR-2eb9fa1eaa49fc62a63880ca,EXACT_STRUCTURED_IDENTITY,A
MED-354f227ac0e85234a49a1a26,SRCM-83ea1d0eb5111c0790d308ae,SRCR-288a74aa923fce7a153e40d0,EXACT_STRUCTURED_IDENTITY,A
MED-3581c0fc7d3f5160314436c4,SRCM-be8dda51387b9ed8b7e5fb1b,SRCR-0c2a3cc91f9718a4cab3ffe4,EXACT_STRUCTURED_IDENTITY,A
MED-358632297e4d11e221818dee,SRCM-87e2e2397f6140d079c51be3,SRCR-2724c8e109ce993999014251,EXACT_STRUCTURED_IDENTITY,A
MED-35cd9ac135024ca6a17d552c,SRCM-fb6ab534326f467f72307310,SRCR-93a4de5cd1d61425ba695fe0,EXACT_STRUCTURED_IDENTITY,A
MED-35d7e81e68cc0fce2210351d,SRCM-fd36eb54013cbe191fdb2288,SRCR-7b1c1c45b294956f30c06c20,EXACT_STRUCTURED_IDENTITY,A
MED-35dae3eaf93358435617ad03,SRCM-828b56c5dee8f42981b5d280,SRCR-cfa4b1b23caa9681e2a56564,EXACT_STRUCTURED_IDENTITY,A
MED-35de5fa0c8d2f5213670c77e,SRCM-3ac8aad77a80ade5def50b65,SRCR-70a55acae0b0843fd253074a,EXACT_STRUCTURED_IDENTITY,A
MED-360184d4090c05e6d2f5313b,SRCM-8cf48e8a16d387bb510d9cb8,SRCR-976aed079883a6438dc6e866,EXACT_STRUCTURED_IDENTITY,A
MED-362015c2352a3517bd5bbf94,SRCM-c8331536d2922c261a989fec,SRCR-cb797c72abe4c7bb6e1cc205,EXACT_STRUCTURED_IDENTITY,A
MED-36235169c60d7521c9358172,SRCM-86f233df48e0fdfc0d228f1d,SRCR-186ca1da07c7e90195af2c81,EXACT_STRUCTURED_IDENTITY,A
MED-36269e146c7225840d0657e8,SRCM-fd80183b490e3d99f1859763,SRCR-39d4b5c466694e433ff84552,EXACT_STRUCTURED_IDENTITY,A
MED-362836d51ea745b804bdd705,SRCM-3beed2fd432881886ef504ee,SRCR-4d07c91232b9405083e88386,EXACT_STRUCTURED_IDENTITY,A
MED-3636d6039ba32f8890699411,SRCM-b2ac18e611f0453009b60d10,SRCR-5edcbe79bb20bef156e00bed,EXACT_STRUCTURED_IDENTITY,A
MED-3643950526cc92330cdd395e,SRCM-3c84ef95134c90c2ff9d010c,SRCR-af545ba6054c85bc1593b587,EXACT_STRUCTURED_IDENTITY,A
MED-364978de1e2cffcc58b98add,SRCM-c6a146445b38ff4056d9881c,SRCR-0d1d2aebdd25024e5ddec960,EXACT_STRUCTURED_IDENTITY,A
MED-36546dc13c309dd0563ad263,SRCM-09e64c25c2946dced3bd1e92,SRCR-c86b800563064dc0e7e4a757,EXACT_STRUCTURED_IDENTITY,A
MED-365f8bc0bfd8359f3947bd8d,SRCM-f391736dc4b1d4d6ee3e0c48,SRCR-99342cc1331065fabd27cce3,EXACT_STRUCTURED_IDENTITY,A
MED-366efd2a28f2fade92e19925,SRCM-3f5362ad6b41ecdb02f7a4a4,SRCR-0c15613b2800993d53079be6,EXACT_STRUCTURED_IDENTITY,A
MED-36745fb08acff0703bfb987c,SRCM-56ae796c4eeae40d40fbf3a7,SRCR-71f8651cd29b4e3df8c63aba,EXACT_STRUCTURED_IDENTITY,A
MED-36783bd9b88c25cb855f71cf,SRCM-0025c1e07201365ea4fb8d49,SRCR-e2f06f626502ea3cf0f51303,EXACT_STRUCTURED_IDENTITY,A
MED-3690ba29676dd4f4c439b7de,SRCM-eae47a24a4377b7bfcdd016b,SRCR-aa0bdd77d70dfe53cf661ae3,EXACT_STRUCTURED_IDENTITY,A
MED-369ed7cef934163c971e4e03,SRCM-4df205382edeb6faa695b4b0,SRCR-17e341866824740939b5baa0,EXACT_STRUCTURED_IDENTITY,A
MED-36d0f0adcc25a210b5a88386,SRCM-a36897cb4ca4957ea40987bb,SRCR-6aaf51206f75f282ac24706e,EXACT_STRUCTURED_IDENTITY,A
MED-36e8cd35a720013cfd978a35,SRCM-cea0210eb211fa17b8ff7d33,SRCR-d476e246567cad2ca4a5e144,EXACT_STRUCTURED_IDENTITY,A
MED-37001304e5b5a16d82f7df14,SRCM-4ccf6c64e737267d011433eb,SRCR-44b42c23fc6c1c4cbf671343,EXACT_STRUCTURED_IDENTITY,A
MED-3715e9d068cc0cf796cfa657,SRCM-eecfb7964c218c19bafe5149,SRCR-9b192cf02d857a7c0f4ab153,EXACT_STRUCTURED_IDENTITY,A
MED-372d7e561a7c06c9bf357451,SRCM-13858f6497d0ff8c3d902bfc,SRCR-3dae4cba79c5a467123e281a,EXACT_STRUCTURED_IDENTITY,A
MED-37546579829fa1bb01d9dc22,SRCM-eb7108df9eb11b2c469f4e08,SRCR-6c6c9321d508bf937efd37d7,EXACT_STRUCTURED_IDENTITY,A
MED-37747f07d6b9e0dc141b8005,SRCM-b7710f15965806acc6d3e019,SRCR-ea69e9a51231073abe876781,EXACT_STRUCTURED_IDENTITY,A
MED-37798c6f5f98755e2ae30611,SRCM-14a23970638d92ff5b0fc6db,SRCR-61c80e2b3238723fe8d89370,EXACT_STRUCTURED_IDENTITY,A
MED-37897084248f77068b466333,SRCM-cecafb82f2ffad48786f3ba9,SRCR-2090ccbc466515063a2ea948,EXACT_STRUCTURED_IDENTITY,A
MED-37a5fd01382061adcf7446cd,SRCM-99c17d58ba2282f5d0ab8396,SRCR-f62e7eafe22eda3a9244255d,EXACT_STRUCTURED_IDENTITY,A
MED-37d15eade90036bf4d144e6f,SRCM-0f11c49de593e6db00363f97,SRCR-5364ecff0a38f59595f6a766,EXACT_STRUCTURED_IDENTITY,A
MED-37d17cb487da120b1e7d8964,SRCM-be26584cbf728066759840ce,SRCR-60242c2c9f35d073a3595607,EXACT_STRUCTURED_IDENTITY,A
MED-37efd0d890782b70607a52b6,SRCM-ca82ee3e9293fa80ad204be8,SRCR-2904842bdcd4d9ba8334fd1b,EXACT_STRUCTURED_IDENTITY,A
MED-37f5ed75ce91b1b94eccbf0f,SRCM-3ebc5d9a8820248d9b356f95,SRCR-02f28286a4506cc4350c4df4,EXACT_STRUCTURED_IDENTITY,A
MED-38100d7027d1d1d08279d804,SRCM-934bf40099dbee54d4eedec5,SRCR-ff1527892b7611d5df059ee6,EXACT_STRUCTURED_IDENTITY,A
MED-383054b40dfb55877b673f32,SRCM-fe3825c60b3cb4ed6d6ed2af,SRCR-becc43dfc42bfe7906bcc795,EXACT_STRUCTURED_IDENTITY,A
MED-38406d825e406da91fcd4ceb,SRCM-54f4999e83328cbd6a16b8a1,SRCR-d4cd5822d0271f96de7ad9a9,EXACT_STRUCTURED_IDENTITY,A
MED-38473c7c20f3caddacf86840,SRCM-cb52e9aed7e792d8d2b84277,SRCR-1b34b5b8bad809198429eab4,EXACT_STRUCTURED_IDENTITY,A
MED-3873fcff873fe612adcaeef0,SRCM-17e711b19b8ee2222083e991,SRCR-0673bf93bc92924b643e2537,EXACT_STRUCTURED_IDENTITY,A
MED-3882331372144fc6ba25525e,SRCM-f278ab600fe739e8722fcd8d,SRCR-efef29915d53ca8833d0d29f,EXACT_STRUCTURED_IDENTITY,A
MED-38aab81dc9a7aa96d95211a5,SRCM-806e5b284449f97d8bd57932,SRCR-4334f6f6e06cd5403a389eb8,EXACT_STRUCTURED_IDENTITY,A
MED-38d4953e666044e1a1bb87fb,SRCM-ba2946737d0990a7a30aee85,SRCR-3473987dadf3e5f6109bb183,EXACT_STRUCTURED_IDENTITY,A
MED-38f0d9bd16c456b1e75eebbd,SRCM-ee31f7afbc2ec6a280b403f3,SRCR-c9c1e3a4d77edf70fc4fcbb2,EXACT_STRUCTURED_IDENTITY,A
MED-38f138656dd8f31a2e55af7e,SRCM-d6a6285c017bb6208a138e54,SRCR-65c3140d6eaa20754b906b15,EXACT_STRUCTURED_IDENTITY,A
MED-38fb6e4ee2a79c342d1cca1e,SRCM-32a8d4bb293bc8ff465b0b49,SRCR-e370727df3c04e1665628624,EXACT_STRUCTURED_IDENTITY,A
MED-390bcc4faeef40bc6a9a645c,SRCM-66663a23808093ccd42228dc,SRCR-0f5c6438bfe7d0f41440297c,EXACT_STRUCTURED_IDENTITY,A
MED-3928d57c8926854d595ad529,SRCM-8dc14823d1e3e37d49887ddd,SRCR-39c92100806d57992066466f,EXACT_STRUCTURED_IDENTITY,A
MED-39309efae7b4c2410caf9a9a,SRCM-cd8bb34d983188003e4c088c,SRCR-9f4eaae661238cf82c0319d8,EXACT_STRUCTURED_IDENTITY,A
MED-393168fdec154f8a952d767c,SRCM-683fcbdb29f592333f381da2,SRCR-a7a94207dcb744845f4e9556,EXACT_STRUCTURED_IDENTITY,A
MED-39465e1ba1722bcffdf2708b,SRCM-61e72c54d1d58856a9d3da26,SRCR-933d5b9ccb292a4f034986cf,EXACT_STRUCTURED_IDENTITY,A
MED-395346b1e77ecb0e506fb9ca,SRCM-aaed6e388577e37f239f388b,SRCR-46b9bb5debb5eda686aa7adb,EXACT_STRUCTURED_IDENTITY,A
MED-395a63c042b3f0061bd65a2e,SRCM-c226cc9b8dbcb9c1a6043e26,SRCR-39149305a289b495549a85ed,EXACT_STRUCTURED_IDENTITY,A
MED-397cc5f4faa0b5815634c0d7,SRCM-479c969332f008211a15f7be,SRCR-b61b9f78c98ef68b41bc9d13,EXACT_STRUCTURED_IDENTITY,A
MED-3998b6cc3483d9f5008cbdcf,SRCM-922d64fb32e5174ca2629afe,SRCR-1b1408a8732881b9035e2f3a,EXACT_STRUCTURED_IDENTITY,A
MED-39a23bf76de15d7a068379bb,SRCM-9f8183fc8171bd92a12f1c9d,SRCR-b33a8e418d582bded3c9133e,EXACT_STRUCTURED_IDENTITY,A
MED-39a7c39dada9ad2678d41f27,SRCM-f2c4dedaec6d66eced04fd7b,SRCR-ae25e9ba8122fe94c9d4943e,EXACT_STRUCTURED_IDENTITY,A
MED-39c953b37c1799dc2314c0f2,SRCM-4bec9b95e47f7db28493ce6f,SRCR-bb376f1382b3304c502f9e3e,EXACT_STRUCTURED_IDENTITY,A
MED-39cda9a6d65fb7952942d240,SRCM-1b978e60163f493d0be03823,SRCR-aa325e9d732e560cfb0731c5,EXACT_STRUCTURED_IDENTITY,A
MED-3a0ef8690fddcdb04d574062,SRCM-51dcb7f12ba6dcf03d0bf8c5,SRCR-979e6b1642bfcdd1a087bb55,EXACT_STRUCTURED_IDENTITY,A
MED-3a12e80114b552418ab4a3cd,SRCM-def5e58f889b200f64e2174e,SRCR-86dc9e9d62fddf406c14ac52,EXACT_STRUCTURED_IDENTITY,A
MED-3a396274b2eef74794d1e846,SRCM-8c2cf483f0593a04ae4f0ca6,SRCR-580bc6579661f6fcfc697246,EXACT_STRUCTURED_IDENTITY,A
MED-3a3cbe8af27e6a542d539845,SRCM-7f798c4966131243354f1de5,SRCR-e643ee4022d827d275a5a493,EXACT_STRUCTURED_IDENTITY,A
MED-3a3de94462e7d20dada813d6,SRCM-7ef7cb0896572e30385aeffd,SRCR-1871ba099b8c92bc5bbcbf67,EXACT_STRUCTURED_IDENTITY,A
MED-3a46b6e00fc75b30221611d0,SRCM-da5803dd0cacc7df9cf9c0de,SRCR-72a052135cea6181dba0c802,EXACT_STRUCTURED_IDENTITY,A
MED-3a4be1abbff47d60c991aceb,SRCM-62904776b41bb517c03aad3e,SRCR-79126ceb3696732eed2b9c00,EXACT_STRUCTURED_IDENTITY,A
MED-3a4c7a4d2131cd6405e27c60,SRCM-b71f6001ec889353d49ed4f0,SRCR-5334083599aea962e3f15d90,EXACT_STRUCTURED_IDENTITY,A
MED-3a524292300896a14f9c06a2,SRCM-58ab13611ba26fc8cb8a0e8f,SRCR-79a2bb55dc9c63a098de65d8,EXACT_STRUCTURED_IDENTITY,A
MED-3a6209b8ff7e605bacfccaa8,SRCM-2fa9f99f2995a088708d3607,SRCR-fa6a4b505f0ad43dd8536ce9,EXACT_STRUCTURED_IDENTITY,A
MED-3a91a441b7409bf2b3d43c18,SRCM-2637fa979f626bc193bc7c1a,SRCR-0312f31d0470def189b55c0b,EXACT_STRUCTURED_IDENTITY,A
MED-3a98813f00b6793a9592eacf,SRCM-9ea7bda91e024049fe8f9ccd,SRCR-7525305709b944b65c80c562,EXACT_STRUCTURED_IDENTITY,A
MED-3a999bcf169184dc555d9944,SRCM-7a3b7a0b721e674115b903fd,SRCR-4a15521c06ed055674bb2bc4,EXACT_STRUCTURED_IDENTITY,A
MED-3ac6f2bfc6a167e66b592ee2,SRCM-9a4fa20939187dcfb9d87d11,SRCR-aab11f48871878ed0824f7ca,EXACT_STRUCTURED_IDENTITY,A
MED-3ac71d5d37df46f1bd1369b1,SRCM-7a5a2eede88e6016110dd668,SRCR-ef6b229f9161a459ade54efd,EXACT_STRUCTURED_IDENTITY,A
MED-3aec717c5540631eca677379,SRCM-3090f6fb380e03016ecf2fdb,SRCR-3a611726b4b0041a4a08168b,EXACT_STRUCTURED_IDENTITY,A
MED-3aef92e3afdb32bcb59e3a0c,SRCM-57a0f0aa4bbcde94490a7af9,SRCR-dd0062083b5c94e3c7aeef0f,EXACT_STRUCTURED_IDENTITY,A
MED-3aefc3954f65e4d7728a1808,SRCM-22d5efe7d3a5e6c8dda3a49c,SRCR-802e1a156e5d3e1487863963,EXACT_STRUCTURED_IDENTITY,A
MED-3b03bc5d2f750db1fc2b7039,SRCM-7aded5606405032fcc01e037,SRCR-0decf77c40a54d29228e244d,EXACT_STRUCTURED_IDENTITY,A
MED-3b03ff63e75c8631c2f58b2f,SRCM-24802bc1c6864a6eb4d78051,SRCR-e69f1e6704192ddaa423212e,EXACT_STRUCTURED_IDENTITY,A
MED-3b17b443b3aa0732b207a0cd,SRCM-38646ee9518df890bcdf7e91,SRCR-9014520d26c232ffcc06ca20,EXACT_STRUCTURED_IDENTITY,A
MED-3b2d7daeb25c4e71dcb10fa3,SRCM-08a74ae14ce5b91af2a7367f,SRCR-0989f999674aab5035403883,EXACT_STRUCTURED_IDENTITY,A
MED-3b300101112d46c21a5acbf6,SRCM-692450a5204862c29d4bec8b,SRCR-6e550617061cb1170723822d,EXACT_STRUCTURED_IDENTITY,A
MED-3b302d3ea5a338c4bf1ded19,SRCM-96263a9982649ce87e9a4460,SRCR-917cb88e121702eafa78a66c,EXACT_STRUCTURED_IDENTITY,A
MED-3b342da609d9b2f21d5fba06,SRCM-5ed7d4a8373efc3752227a83,SRCR-8914aec3511dd0b8bc804664,EXACT_STRUCTURED_IDENTITY,A
MED-3b46b4cbbf343b65c740ffc5,SRCM-931a3b2e0adef18c037f348a,SRCR-c7ce96d0bc912082a8cb7aa6,EXACT_STRUCTURED_IDENTITY,A
MED-3b5f58c383ee1750b9af96bc,SRCM-974fcf39fed89de8f4d59974,SRCR-b4d51035b377bba4c31afc4f,EXACT_STRUCTURED_IDENTITY,A
MED-3b662a3669055d21ab12f87a,SRCM-d1b6b2539791107d7a3f8a30,SRCR-28efd53ac1205a7e4f594ac0,EXACT_STRUCTURED_IDENTITY,A
MED-3b693408915d5ef7562b6682,SRCM-c9394cb7120138bf198ed13a,SRCR-869fc9e47189bfdba595d098,EXACT_STRUCTURED_IDENTITY,A
MED-3b8f54e417f84b32a5cd7903,SRCM-83dca4f75e7c31d7fb48fcf4,SRCR-ecdb9138be9a7bb2d1f0c0a6,EXACT_STRUCTURED_IDENTITY,A
MED-3b9ba36eb2d6b71ebe422e5b,SRCM-4d60b6c86f1405a223592372,SRCR-2880d40d7bc9d8b4d8a7d7e8,EXACT_STRUCTURED_IDENTITY,A
MED-3bad0f1816c04983cb3b7a15,SRCM-4b23a78502a7c12eb77d9e85,SRCR-4e09356632c53e0eab0d30ae,EXACT_STRUCTURED_IDENTITY,A
MED-3bb7d67fe5043d9946181ca3,SRCM-48f4afed24bd0ac65c6eee1f,SRCR-7af8516a5c4efac1083a67ef,EXACT_STRUCTURED_IDENTITY,A
MED-3be97ea553908c158d7a2088,SRCM-5810504c4b7d7035a12a6cc2,SRCR-04eec41796b59913c4108ac0,EXACT_STRUCTURED_IDENTITY,A
MED-3c0871b9db18afe0d4438f42,SRCM-4c6ee165392be6116831b01b,SRCR-32008b408de39893c13d7c5f,EXACT_STRUCTURED_IDENTITY,A
MED-3c0bd4d5c1dbae110b3fef57,SRCM-31c32ad601d40d0cc0b4b331,SRCR-cf004ea8b15c6837d7347386,EXACT_STRUCTURED_IDENTITY,A
MED-3c198ca6942df1dff645fdeb,SRCM-1f5a00c8b243a7a1524646ee,SRCR-2f11167baba83a6cdb2a246a,EXACT_STRUCTURED_IDENTITY,A
MED-3c3ed0c84502136b877c9e52,SRCM-1f0b60614f9dd600b125f894,SRCR-f194749cca90f436f0742ce6,EXACT_STRUCTURED_IDENTITY,A
MED-3c6560eef85d0a9949c5e523,SRCM-91171f03389d3a8d8d877ec4,SRCR-a5cd6f49ea8fc585c4db0a68,EXACT_STRUCTURED_IDENTITY,A
MED-3c7bc01f4ffe3da0256bea95,SRCM-3d4d1eb168c3197f9b29cc34,SRCR-d7e1362fe01ebc1716f5e942,EXACT_STRUCTURED_IDENTITY,A
MED-3c8b7f28232e3935bbffdae9,SRCM-10dfa3e47761107c045f0782,SRCR-a492e684fadc2a186d71728f,EXACT_STRUCTURED_IDENTITY,A
MED-3ca59ae53bd15192d07f0597,SRCM-c49f9ba796e87cac09798ed5,SRCR-1fd8a54b6befe22d9547e1a5,EXACT_STRUCTURED_IDENTITY,A
MED-3caa781fdae4e4029cece3b5,SRCM-f70ea0fc1703b16450431791,SRCR-f7cea0ade8e8427c8bbf9036,EXACT_STRUCTURED_IDENTITY,A
MED-3cb39076d4be439da0036ac5,SRCM-360524533b0273e93709e16e,SRCR-0a00b4f7e0cb223418d46620,EXACT_STRUCTURED_IDENTITY,A
MED-3cbc08869da87ce647eb1bd1,SRCM-84dc7d368f6c01acc10b58c5,SRCR-1fc5a33477fcd23f4c396d8e,EXACT_STRUCTURED_IDENTITY,A
MED-3ce291a96835f5853d5f64b6,SRCM-501ee9aed1799070f5dd5a87,SRCR-931b9009c480316f5de7d9c5,EXACT_STRUCTURED_IDENTITY,A
MED-3cece0b2c1ef5e5f28a2af79,SRCM-93072becdc886d6c87f8b5b6,SRCR-1181076181805b214380adc9,EXACT_STRUCTURED_IDENTITY,A
MED-3d04b4a8a9c9d3ca1b341eba,SRCM-77ae7b908492cd2a822c28c0,SRCR-870d3de3b62ab18261bee8fc,EXACT_STRUCTURED_IDENTITY,A
MED-3d11de58c93e4e4abffa840a,SRCM-1942f55430b2d0b4958c18ec,SRCR-eaad74f13d059102b84d895a,EXACT_STRUCTURED_IDENTITY,A
MED-3d2e0032b1cd23a7f09f1fb0,SRCM-a8a372c57e73e3abc905de1e,SRCR-710b8a7e39260321e0dde5d2,EXACT_STRUCTURED_IDENTITY,A
MED-3d3a61921b9b17515c36f5e7,SRCM-58f493cdb7832b19b0aa21f5,SRCR-fff1f2ef387e7b0b3aff6659,EXACT_STRUCTURED_IDENTITY,A
MED-3d48d6cb073eb526d1e0a802,SRCM-0a01f36c0804394e7abcc135,SRCR-9b617747ffb7e513eb97ef1d,EXACT_STRUCTURED_IDENTITY,A
MED-3d49105770fbe2c7169bb3b8,SRCM-3d657fbb6dc4a79a3f661b71,SRCR-cb7fa960676c1b7b0680d0ce,EXACT_STRUCTURED_IDENTITY,A
MED-3d75fcacd9546d48d2a319ac,SRCM-79eea8a1f4dceb5a17dce0f4,SRCR-9f81086801d501aa400d2a80,EXACT_STRUCTURED_IDENTITY,A
MED-3d7d4e28005298d895cf0a92,SRCM-eefffc9700fbeed2e854b1f9,SRCR-d384e1c7870e7e43717d1d54,EXACT_STRUCTURED_IDENTITY,A
MED-3d82e80f5087d621f2b10f90,SRCM-881399b19b46bd2a7c61a0a8,SRCR-a42f134723c80eaa3687d710,EXACT_STRUCTURED_IDENTITY,A
MED-3d9d53e2c4c62365a3839748,SRCM-e47653a7de0a16018f9a1563,SRCR-e8c38298773828371cdcd313,EXACT_STRUCTURED_IDENTITY,A
MED-3dc5332215892e605b73d734,SRCM-a2c8fa1f4ed4bf23088daa20,SRCR-cd47b6e8023d02db3a895fa7,EXACT_STRUCTURED_IDENTITY,A
MED-3dd120db3ccf3c71b5788537,SRCM-080f2b1b5c97769b0590c563,SRCR-1a7df08c0ae1949475f00303,EXACT_STRUCTURED_IDENTITY,A
MED-3deb26bcc7d7126e48eae205,SRCM-aa6d46389a8a29327f81dfb7,SRCR-e3e55b1391058318dd7a41b8,EXACT_STRUCTURED_IDENTITY,A
MED-3def2f5353e5e06a89d0c80e,SRCM-287348442753a7362e8a6ca3,SRCR-a35736c6020c3ebb7422178b,EXACT_STRUCTURED_IDENTITY,A
MED-3df7f4549f6c9c3ee7d02099,SRCM-691799dc4609b017d0b5a0d5,SRCR-11cfa5b6769c521775ebdf02,EXACT_STRUCTURED_IDENTITY,A
MED-3e091e40b142704ed9ab8b50,SRCM-a830f5da81d169db31d37b2b,SRCR-09da69d004ac86a2f983c95a,EXACT_STRUCTURED_IDENTITY,A
MED-3e3e83a5b4cd4dc5731b9171,SRCM-22e62f9d5ae39a6e6f13e1a2,SRCR-702f642402dd1e1a69d223fa,EXACT_STRUCTURED_IDENTITY,A
MED-3e49a5e82cd36404b5181539,SRCM-e54477123d043aaa04401ea7,SRCR-d0fa3bd9323b46a6d9be754a,EXACT_STRUCTURED_IDENTITY,A
MED-3e583a1af3e3cc0ea4bd7e8d,SRCM-76af69e047644137b5e5624c,SRCR-4cf88e8e460892b1a42c2284,EXACT_STRUCTURED_IDENTITY,A
MED-3e5a3d9b00ac6a3c2a2fe0a0,SRCM-cc186dc683395977bcfe981e,SRCR-2a06ae6047b6372faebcc5fb,EXACT_STRUCTURED_IDENTITY,A
MED-3e784cd9b4907b1539420d94,SRCM-c4902e5eef29b2718fdf6e1f,SRCR-cf37514f59923334d0308a45,EXACT_STRUCTURED_IDENTITY,A
MED-3eb0f7d39f39972de96e6035,SRCM-2fc6955d9d755fa89abf829f,SRCR-00ea5799de57dd3627de750e,EXACT_STRUCTURED_IDENTITY,A
MED-3eb8bb342e47aed2245d697e,SRCM-4b1bc5a7359176fc306836da,SRCR-970f441aac049a9841d4d513,EXACT_STRUCTURED_IDENTITY,A
MED-3ed7d4095087b85e259fae44,SRCM-0d4eaf115557b084ec0a94b6,SRCR-77a12043ff96d96e285a8b46,EXACT_STRUCTURED_IDENTITY,A
MED-3edcace097fb12e6f4bcf864,SRCM-be3511282c4ea31e251f7e98,SRCR-fe749575a41bdb4ecea6d1ae,EXACT_STRUCTURED_IDENTITY,A
MED-3ede300a9826e660482f7b33,SRCM-c5d33405a453859d05c1b64b,SRCR-73546f10dab5c5aed8231b30,EXACT_STRUCTURED_IDENTITY,A
MED-3ee336758a427b4fed869d6a,SRCM-e689b0e4a43c9f21267315fd,SRCR-b9175618c0f3367c8fca71da,EXACT_STRUCTURED_IDENTITY,A
MED-3ee7ecca6db8de6e9ad81b6c,SRCM-cd1c5872c0723eefde183115,SRCR-48e7e77410611ad64977c1a3,EXACT_STRUCTURED_IDENTITY,A
MED-3eeb0ed4e72d84d7901ab1ff,SRCM-bf93d46551207cf7f02c76d2,SRCR-9204261914e8d2f5e07c13bf,EXACT_STRUCTURED_IDENTITY,A
MED-3efa0475f44c2291b264c512,SRCM-f8b0ccf3807743c27b0e9a2d,SRCR-2fdb9fb4784dcc9cdd7ff3a8,EXACT_STRUCTURED_IDENTITY,A
MED-3f0ce41d15483c8d6d0e7e14,SRCM-dba5d6be6f6329ca6fe2c369,SRCR-93f8d881be4512da382aa7ff,EXACT_STRUCTURED_IDENTITY,A
MED-3f13863ed9da4cf9f5739bd6,SRCM-dad5be1288f0732a9f9bb15d,SRCR-00b9f1bdd65142b1fc3d9361,EXACT_STRUCTURED_IDENTITY,A
MED-3f4602bbaa0ca2eb913fe4dc,SRCM-375afbfd7413109b8ab4b725,SRCR-22fc530462bfd81555355a58,EXACT_STRUCTURED_IDENTITY,A
MED-3f65645b8c41f75c627dd17d,SRCM-beddd9e7646f7612d30052c2,SRCR-712359af225c35795e90e6a1,EXACT_STRUCTURED_IDENTITY,A
MED-3f8866c4d1eea6b73fdb03be,SRCM-eebc7e89a7a628f7075c8630,SRCR-d699b113a81224613920aef2,EXACT_STRUCTURED_IDENTITY,A
MED-3f8a59b27f506ef8e63df3e5,SRCM-6e99a92a20e342b1619f6e96,SRCR-f8e40e983cd54b01b213a2f9,EXACT_STRUCTURED_IDENTITY,A
MED-3f8ec7fb60edda641dbb6260,SRCM-7e1f6c2f0d964d068164da6e,SRCR-7e61227990a986f375282253,EXACT_STRUCTURED_IDENTITY,A
MED-3fa906c3f233484985f2ee22,SRCM-356b1c1410d0798bae61d015,SRCR-3da50a8ccf7ed59b670f440d,EXACT_STRUCTURED_IDENTITY,A
MED-3fd21bfab750036ff6ec1260,SRCM-a9d0f8f33ef9687fa69cf552,SRCR-7836f28072da4a2a55a8460c,EXACT_STRUCTURED_IDENTITY,A
MED-3ff996f053205c31f3043b86,SRCM-de777824898df270cbb0e50c,SRCR-49cc8288cf3551db64772ba8,EXACT_STRUCTURED_IDENTITY,A
MED-40047ed60090cad2c033f24b,SRCM-e24b4cef7ba4369711f70c4a,SRCR-7e64e92bd61c19ff249ee25b,EXACT_STRUCTURED_IDENTITY,A
MED-400cc6c6eb5692154a18bc4b,SRCM-60cb413fa6798be4761c71f5,SRCR-5fcf0cb055b9770e77ccd709,EXACT_STRUCTURED_IDENTITY,A
MED-404ac9bf3c4828123f6760fd,SRCM-207386299a630e2a5555eec1,SRCR-979bff07b3edd1145738c4c6,EXACT_STRUCTURED_IDENTITY,A
MED-40540ffa83dc0c84ac1127c6,SRCM-75fb7f96938c7e9e11adb478,SRCR-f26ca8de1dfe12d049e9d9bc,EXACT_STRUCTURED_IDENTITY,A
MED-40551f5662c30e9219ab495a,SRCM-7a89831de65f3dc95b3d862b,SRCR-1f4679b4b162c4e22b0fb8fd,EXACT_STRUCTURED_IDENTITY,A
MED-406559ce8b641e3ee5d6d54c,SRCM-333288813f97a20aa25dd8bc,SRCR-57eaf6c2cbded67d3b7bc303,EXACT_STRUCTURED_IDENTITY,A
MED-4068e19cfc84e0fdd2f8ba69,SRCM-8227f57601b75754e9b8d172,SRCR-a571a98563a630ad51d93fa9,EXACT_STRUCTURED_IDENTITY,A
MED-40807b447bfc3a05cea64940,SRCM-3207433adaac142b3097ca26,SRCR-65fde65553ad0afd2d110ddb,EXACT_STRUCTURED_IDENTITY,A
MED-40b57093d8efb1c72ec6f2e8,SRCM-96186a638069df70358d854a,SRCR-5e946c39f601d7fc122e0efe,EXACT_STRUCTURED_IDENTITY,A
MED-40b901d4f51de0bc64829de7,SRCM-d87243ef26dec6b7ea9fc2b4,SRCR-c8291e104d5fbb5e5813b75f,EXACT_STRUCTURED_IDENTITY,A
MED-40c63200be3cabdb5bc127c1,SRCM-53d1d15f62bdc55f97b7a3f4,SRCR-182a9548a27db7ac7f4ce405,EXACT_STRUCTURED_IDENTITY,A
MED-40dd04f86e597704039c7791,SRCM-bc7d280c3bccbe0fa67599f6,SRCR-a7759041e204d9ea07194c32,EXACT_STRUCTURED_IDENTITY,A
MED-40ef197873de9fcc607171d1,SRCM-879a7eb6dca7ff047bf6f021,SRCR-ebaf42ae1a488fb7059566d0,EXACT_STRUCTURED_IDENTITY,A
MED-4114196854975dc6b97dd8ec,SRCM-fe4c034867d46563ec960dc0,SRCR-dd056c00bd72b2fdcbf1e616,EXACT_STRUCTURED_IDENTITY,A
MED-411ce485e44e9f0a3b0bde05,SRCM-3b5596569504a46e4c74f4d2,SRCR-8ef2393d1471ce355716feda,EXACT_STRUCTURED_IDENTITY,A
MED-4126633f8a09883cbc56ac27,SRCM-e694223ed964daec1083d488,SRCR-e1a9b6f2a3b47e6349da47ff,EXACT_STRUCTURED_IDENTITY,A
MED-414c34302b36ec43b5385e2b,SRCM-7e36a0d68e473d0ec9d5c3d9,SRCR-48e2db3a3aefaed0c0f1b119,EXACT_STRUCTURED_IDENTITY,A
MED-414ff92805c8b62008e3a218,SRCM-5ac6fbc877b6720808cf96f1,SRCR-1e46c437e5d0be16c5e703b5,EXACT_STRUCTURED_IDENTITY,A
MED-41af613299ba08810a13e1c4,SRCM-2edf184c129d27967cf88135,SRCR-5ef48d9b8e52786bf91b4d33,EXACT_STRUCTURED_IDENTITY,A
MED-41c48c8475a8184cb9a927ee,SRCM-1f2d7aadf9bce6382a48023e,SRCR-27f12977efc335d2888a2151,EXACT_STRUCTURED_IDENTITY,A
MED-41cc780c07898ee203b9fd2e,SRCM-55e58c1e55f47d49af3624dd,SRCR-d2f975cea605e1afd68e488f,EXACT_STRUCTURED_IDENTITY,A
MED-41cf7e087ae88ce51c34ea6a,SRCM-90bac49e7026a7d6a7a500c7,SRCR-a0c9dec28d3f7a55c2161188,EXACT_STRUCTURED_IDENTITY,A
MED-41e19f9dbfe964884672a98f,SRCM-ad4215d2c8752dc4190f3231,SRCR-1f5b113d1851ecf0c46c9978,EXACT_STRUCTURED_IDENTITY,A
MED-41e96b047c960fd164d1b2f1,SRCM-9209de689b086f2391a68738,SRCR-98886cc0edc9245ebf117bdd,EXACT_STRUCTURED_IDENTITY,A
MED-41ff02ca1d82ad6537abd4be,SRCM-4f320b51413ae5d1e4da241c,SRCR-a13ef9d96eb2ac4ff4e79c3f,EXACT_STRUCTURED_IDENTITY,A
MED-421e51a55b4ec19e7dd90cf6,SRCM-88bd94573a3f765c1e7760ff,SRCR-ca2268278d6004b11ce8a83c,EXACT_STRUCTURED_IDENTITY,A
MED-424b36a102d6a81890fd7696,SRCM-44935f1a745490bb89aba3a3,SRCR-56573adef584c0bd26aef9ce,EXACT_STRUCTURED_IDENTITY,A
MED-424e63686945da12786fca5a,SRCM-7f53b05a2f6d24c2720c86be,SRCR-6c99a49ae14503ad51a4d9d6,EXACT_STRUCTURED_IDENTITY,A
MED-425690e8d847eecbbcd8a4e7,SRCM-996608660d181b804287d339,SRCR-bbe54d259c3236dedb5d1263,EXACT_STRUCTURED_IDENTITY,A
MED-426206ac382f3f8ce3faab7f,SRCM-47dafdc6729c54e6b792952d,SRCR-582b5cc72f7a6ba93f2bf219,EXACT_STRUCTURED_IDENTITY,A
MED-42a482a16f4daa04d4be7701,SRCM-53e4fcab9881fa23e739c009,SRCR-990e3ca8b1f218fbba5b6444,EXACT_STRUCTURED_IDENTITY,A
MED-42a7f849398324980fcf4f6a,SRCM-9d5cc6c7c4c5410505f82919,SRCR-6a78e92164a2827f70d6d77f,EXACT_STRUCTURED_IDENTITY,A
MED-42bfc2dd4858be9e2947a204,SRCM-eb19d03c494e2060fc0b07ab,SRCR-d834ad0937d603dd1329eb32,EXACT_STRUCTURED_IDENTITY,A
MED-42c8d4a7b8f9fe56ba25dff2,SRCM-174c8abd1b316261fc26709c,SRCR-1e9239030c789265a8ad3aa9,EXACT_STRUCTURED_IDENTITY,A
MED-42f00921afe3a7850ecc1c9c,SRCM-09b0186aea3354f66750053f,SRCR-951b9f6ddd869f406c8eb9af,EXACT_STRUCTURED_IDENTITY,A
MED-434857cdc8776c452e103d8c,SRCM-518800b94f93006524f0518b,SRCR-f7923f635c7b1888d311d311,EXACT_STRUCTURED_IDENTITY,A
MED-436809890807e5fdd2fa71c8,SRCM-09b40e16ab9788befa1bce21,SRCR-5c80ae7691391a08bb020acb,EXACT_STRUCTURED_IDENTITY,A
MED-437ffc7d15b43137aae91d06,SRCM-a522a25809566db9d5c01501,SRCR-cc692569a12aef33522b0e07,EXACT_STRUCTURED_IDENTITY,A
MED-438c5859ba6e1c0ae8196d66,SRCM-429880889fb48e6476b4c67c,SRCR-cb7c01abae43d5be6510bf49,EXACT_STRUCTURED_IDENTITY,A
MED-4397df1c26809f1ce0c322f1,SRCM-6ea492934b7f70ece399e0c1,SRCR-7d51983a46c2248d05772b42,EXACT_STRUCTURED_IDENTITY,A
MED-4399901415a16d813307afdd,SRCM-ad88503d49d41985cdd9b42e,SRCR-6c4216efefae0c0bb140bf81,EXACT_STRUCTURED_IDENTITY,A
MED-43b01e7cccefef023e3e3c24,SRCM-f9f35bbb279b964b9850c41c,SRCR-59773b4153f47668d1b7e8dd,EXACT_STRUCTURED_IDENTITY,A
MED-43c4869269db2e3019772b7d,SRCM-426ab952cd9388ac52b3c964,SRCR-71c86ca94e70f35425576c63,EXACT_STRUCTURED_IDENTITY,A
MED-43cf7a60dfa6205302d54859,SRCM-a06f9ade5b8661976e05cc10,SRCR-ec95647014f911e8661b08fe,EXACT_STRUCTURED_IDENTITY,A
MED-43d35092a5d8bca2588d8c1d,SRCM-9e3914cf0f9a70e3e03e1b89,SRCR-404cde99fe89a80765f35fe7,EXACT_STRUCTURED_IDENTITY,A
MED-43d59679fc650c3352c87f06,SRCM-0c866b0237fddda84341e3c3,SRCR-a4fc432041df798fdfc22ee2,EXACT_STRUCTURED_IDENTITY,A
MED-43e030dbaf73e0cffd665fda,SRCM-d968f00dab228e74952f2ef4,SRCR-15cdd972fb924adbac2c9093,EXACT_STRUCTURED_IDENTITY,A
MED-44406d9b726c1619da7f4aab,SRCM-39aa987dd64721cbf499f151,SRCR-59a68057b94735bc1b9059ec,EXACT_STRUCTURED_IDENTITY,A
MED-4459eb985f2ddd4179bb4d8a,SRCM-67734b7c3a8eacfdd6d88e83,SRCR-dd3ef9780937f6a3c67ceea4,EXACT_STRUCTURED_IDENTITY,A
MED-44676cba1be1faacffede1e9,SRCM-b60618e8dc920ca4178b2895,SRCR-161e8094afc26e6ca79d60ea,EXACT_STRUCTURED_IDENTITY,A
MED-446f2d2c2ab524d0b57f750b,SRCM-62479db771379854596f36e0,SRCR-513e80e6621c1f3b510fe2c4,EXACT_STRUCTURED_IDENTITY,A
MED-448303a20b312ce2a91608b6,SRCM-4033d6cdb8ff11065f1b33ec,SRCR-4198408d573c0e683944ce84,EXACT_STRUCTURED_IDENTITY,A
MED-4483b00a555c4fe61e60c9aa,SRCM-cb09470012f2c9cb498d80d8,SRCR-444915e84907cdbca2165bed,EXACT_STRUCTURED_IDENTITY,A
MED-44873cd91bdee2bdff4728ea,SRCM-b67ae1e0172800af793253bb,SRCR-2c105c850eb37a32216ccc19,EXACT_STRUCTURED_IDENTITY,A
MED-448a9d35a8d91e74b911de08,SRCM-2e38d2f48ab22a27b720ea75,SRCR-91d4216815e263ad9ee2cced,EXACT_STRUCTURED_IDENTITY,A
MED-450796a414b2a60be46b9dc9,SRCM-7c5d98f5bdde448f72791ee5,SRCR-ece26b38a904916b665967ec,EXACT_STRUCTURED_IDENTITY,A
MED-450914e9b7db0044ff7dae4b,SRCM-5602934317f6e59ac27cd1f7,SRCR-64b36a0eb1c90d80ba374a6c,EXACT_STRUCTURED_IDENTITY,A
MED-4512d939a9034debcf62f0ec,SRCM-a425dfef24ff1fa01b1ab0f4,SRCR-b2a6c0cf5ad139b6bf2d0a5a,EXACT_STRUCTURED_IDENTITY,A
MED-4517fc9a15637aa042b30148,SRCM-8be51075fefae0aaee9ab2fe,SRCR-ff2559d1fae58afa793daf2a,EXACT_STRUCTURED_IDENTITY,A
MED-453358be54916eb798caab1a,SRCM-7cbc2ef4c2033082ecb8d1ed,SRCR-cd4786822ce2859f98561201,EXACT_STRUCTURED_IDENTITY,A
MED-45360430d26fec13390efada,SRCM-d1f0595b7645987e56749447,SRCR-d93aa24625ae612d54f58d9a,EXACT_STRUCTURED_IDENTITY,A
MED-453c0d29a5307861331e806a,SRCM-33694dfee0c7cf537322042e,SRCR-e789b2683a84d029ee74b2a7,EXACT_STRUCTURED_IDENTITY,A
MED-45421d71479cee3a34cdbc62,SRCM-ae42e487887c549e07122834,SRCR-1293863e2408a20ad14b07a6,EXACT_STRUCTURED_IDENTITY,A
MED-4592f5ee19bc09f0ce2dc077,SRCM-52dfc00ddb7a26ddf8e56fff,SRCR-6ca08ade5baa85cdd8605c6c,EXACT_STRUCTURED_IDENTITY,A
MED-45996db2237d289eeb44a075,SRCM-10b7bcfc2a21dc0257955c7b,SRCR-6209d46ebaf11968c04abd0b,EXACT_STRUCTURED_IDENTITY,A
MED-45adba47aadde8b119dd6188,SRCM-279ecbfff64d8db270d38576,SRCR-693d67a09d8cba50fdad6a61,EXACT_STRUCTURED_IDENTITY,A
MED-45b29d2cb5f2711afce69e3d,SRCM-b029c2aa205e97b1f59bf4f1,SRCR-20550cd3d11e877e73123257,EXACT_STRUCTURED_IDENTITY,A
MED-45d15c2dea7c9f26786f6250,SRCM-920320add661b52601ace86c,SRCR-f0872c8de9f9dac94f1fb2da,EXACT_STRUCTURED_IDENTITY,A
MED-45d48fcf3cb3df7affd52fa0,SRCM-04f9b7f06e780b14af946291,SRCR-3da1235a54f4274f0436de38,EXACT_STRUCTURED_IDENTITY,A
MED-45d65f7d923fc1adbb1e2faf,SRCM-57e84f6f49a92f05be85cfb5,SRCR-0efb9614fd1f5a865dd3c230,EXACT_STRUCTURED_IDENTITY,A
MED-45e1ca49e63a8f5f6d128351,SRCM-ce00791fd7ceb89b02e3b93c,SRCR-10e6c44b0cb1acbc1963faf1,EXACT_STRUCTURED_IDENTITY,A
MED-45e265b44137c976f7d17c0d,SRCM-e39d053df26530bfc1a4c25a,SRCR-192e314807abb5f11bc71df1,EXACT_STRUCTURED_IDENTITY,A
MED-45f72b9ce1ba068532199ea9,SRCM-86fe53f5df48d035588ae35e,SRCR-6d2a79210f2130707cf464b8,EXACT_STRUCTURED_IDENTITY,A
MED-46107df4be10ad8cff1992c0,SRCM-82b35c845d8ea41fe6060f77,SRCR-622c4ba866ef846610a83141,EXACT_STRUCTURED_IDENTITY,A
MED-4612b7b1727a21442b81c50f,SRCM-bc186e600a9bd7623864fa36,SRCR-cbbe394b881f8e0354067f7d,EXACT_STRUCTURED_IDENTITY,A
MED-4635943387cc9159ca6610da,SRCM-02fae7a3361898db0d92dc85,SRCR-1dbdb5058ccd7b82aba88307,EXACT_STRUCTURED_IDENTITY,A
MED-464a277e8e3358df867eb95b,SRCM-d8cd41e93c91aa0e0474bd95,SRCR-2a0ae16bb910fba0f07eab39,EXACT_STRUCTURED_IDENTITY,A
MED-464be1fccc9f7563882458d2,SRCM-55d44ae60cb8d6d525b9758d,SRCR-472496021bcdeae9e72b7a86,EXACT_STRUCTURED_IDENTITY,A
MED-4652ba1b91814f72369c2407,SRCM-34fcc735e23729f10caa6e2d,SRCR-66631e1509d421dccbbed08c,EXACT_STRUCTURED_IDENTITY,A
MED-467ad841fc176dee8967ef32,SRCM-4ff22ffc149e4ef7c5026236,SRCR-926834edeac8a7e11fb1427e,EXACT_STRUCTURED_IDENTITY,A
MED-469f956de0a983a9e8e498b1,SRCM-f40e8cb2de846b3c1820227f,SRCR-11ea5cda4e299fd327a12c3f,EXACT_STRUCTURED_IDENTITY,A
MED-46cda14c4253f610409d96dc,SRCM-8817d9642f5b4c3bb69ff383,SRCR-cd69cdcea16ca8026597fa77,EXACT_STRUCTURED_IDENTITY,A
MED-46d5bcbeb9f110d7d64df8cc,SRCM-ae151b91a0ade01b32de9350,SRCR-ac029234de78e9c2dab30dab,EXACT_STRUCTURED_IDENTITY,A
MED-46d6c904738b0c687f9d73cf,SRCM-4251c668a98ddc74d643672e,SRCR-1e953f6ec340b6476d2dc5d4,EXACT_STRUCTURED_IDENTITY,A
MED-47042cc09fd9ca888ca9148a,SRCM-610866763a727b641b63ce4b,SRCR-e62b0aa030a91c3544220bfa,EXACT_STRUCTURED_IDENTITY,A
MED-472e0cf5ab6802b6449e05a1,SRCM-eb64b87ac42ebcfd72225cd0,SRCR-b3b925dd0f0dad3bc80baff1,EXACT_STRUCTURED_IDENTITY,A
MED-4736a0b278636235404dab6a,SRCM-1858afe485ca136b22ee39c3,SRCR-47436a21f60f771d1d70e24d,EXACT_STRUCTURED_IDENTITY,A
MED-474eefee5f6a28fd8590fef4,SRCM-14eeca2212420ac9e1faaca4,SRCR-1b07c15ed998d42f3f3584f0,EXACT_STRUCTURED_IDENTITY,A
MED-477352a765b0df383d3adb54,SRCM-45b4970367de5a1cba3275c4,SRCR-1dd6fb5564f3850f62df91e5,EXACT_STRUCTURED_IDENTITY,A
MED-477426fd5d910857f67ef0a9,SRCM-66a3e9410f2bde5b99280bd8,SRCR-85b8ec243f7cc6353dd199bd,EXACT_STRUCTURED_IDENTITY,A
MED-4776c1390df3e8ff3670a4d7,SRCM-d9706294cfaaa87aa446b595,SRCR-6587cbdd1d299cc6a133fa6d,EXACT_STRUCTURED_IDENTITY,A
MED-47843d5e2c495e845853e683,SRCM-10e058094fba2cf0a136d9c4,SRCR-5bd27f99692af19e33f86bdf,EXACT_STRUCTURED_IDENTITY,A
MED-479a3cedc87dfd9e1035b229,SRCM-5c91f1228ebc2faa7285765e,SRCR-a8e97f5a185bc011a6d1beac,EXACT_STRUCTURED_IDENTITY,A
MED-479ea3b33f9d3f293550c742,SRCM-de2a192dae12ac758340caf4,SRCR-94a7b7fb9af18e5f0699e1e8,EXACT_STRUCTURED_IDENTITY,A
MED-479f4bf56af5d0ad7e2a4649,SRCM-fb208a3dfeef335dc44fe591,SRCR-1dcad89aa99b9933be232da1,EXACT_STRUCTURED_IDENTITY,A
MED-479f8e296f46ccebb3f0c4a3,SRCM-e750caab0f90c945089be70e,SRCR-50c0dba96404abcf7e65600c,EXACT_STRUCTURED_IDENTITY,A
MED-47b4e2f3eb3afac6feb0f232,SRCM-c1149d53712a442962e46b4f,SRCR-64416f2139bf437986fc591e,EXACT_STRUCTURED_IDENTITY,A
MED-47df036afd6c681367325be8,SRCM-74efd5f4d42e8476e25c1b14,SRCR-f314c86dec2dcf4e884f5503,EXACT_STRUCTURED_IDENTITY,A
MED-47e7b6f7d10f719ed6c9710f,SRCM-a9726d9c17babbdedd9d1534,SRCR-d05b0cb9522187adeb183e5d,EXACT_STRUCTURED_IDENTITY,A
MED-47e99c9269810a5b4f5e7df3,SRCM-7a1449bdecda9a652147d9d3,SRCR-0d0fb138b4c1d109d7c684d4,EXACT_STRUCTURED_IDENTITY,A
MED-47ea81e9ff7e0bf09cbc1760,SRCM-b3198e74ef0da1f5df5d34d1,SRCR-10bfc32a02eb0e2a14a62bf9,EXACT_STRUCTURED_IDENTITY,A
MED-47f64deb503f2b7040a5587f,SRCM-30c37de48bb9596ce7b278a8,SRCR-c1e76c9bd35778e898616089,EXACT_STRUCTURED_IDENTITY,A
MED-4808fccecccabe5f1d1f7bbf,SRCM-2c0935d7e544fb7b83f5b0ac,SRCR-1f31b11e1e7d1f4706afdd22,EXACT_STRUCTURED_IDENTITY,A
MED-480c74f9ead573f22df11d2b,SRCM-79587c6e5b6e6cfdd0168cac,SRCR-6c172390183ee28f78e3d0d3,EXACT_STRUCTURED_IDENTITY,A
MED-480ed822b340ef8b937bf731,SRCM-fc7f19e55e375f716705e9ef,SRCR-c41dcd08a23188a601e0ebf5,EXACT_STRUCTURED_IDENTITY,A
MED-480f998d16a4153e5c6250d8,SRCM-f03534d5ea37c5d6b0da5bd5,SRCR-f05499e29990796819433b6f,EXACT_STRUCTURED_IDENTITY,A
MED-482697d7c5b4f48fa70f71be,SRCM-f03d9fba0003fd62d08f996f,SRCR-cd3546f650bf8945a504f7e0,EXACT_STRUCTURED_IDENTITY,A
MED-483250b584c86c8efe64be0c,SRCM-35b53ddaba24fe5deffb2ca9,SRCR-b037497b149aaaa2bae08b33,EXACT_STRUCTURED_IDENTITY,A
MED-4836eaecde5fedb0ade1b009,SRCM-c00499b82618c8146a5735ab,SRCR-0298f59087cbd0b7319a4740,EXACT_STRUCTURED_IDENTITY,A
MED-488cdbece86639c8198c7e40,SRCM-62cde819403b27d81709c1b6,SRCR-46061bca209658719ab4f797,EXACT_STRUCTURED_IDENTITY,A
MED-489488623213ee661408b395,SRCM-210e6809e582a4384f6864c2,SRCR-90b15fe7eee7e54918b0d45c,EXACT_STRUCTURED_IDENTITY,A
MED-489c2324ab2a00b7edcabdb7,SRCM-9cfb58fddb57dbad255e9251,SRCR-a696d7f4a7b309adeaa6e3a8,EXACT_STRUCTURED_IDENTITY,A
MED-48b0832067af430a29b27e0d,SRCM-3a873761292faae6f6a6ee28,SRCR-660287c509c10a7d9a5f1d87,EXACT_STRUCTURED_IDENTITY,A
MED-48d0e36d2b0ede0c9ce4947a,SRCM-d687c8d98b12dac0c0ca31a6,SRCR-34c55d6aa2a1532090854aa6,EXACT_STRUCTURED_IDENTITY,A
MED-48d2572ac688b391c9a5d5c0,SRCM-b52e45bc97daf1302e390adf,SRCR-8634cf5a9c48c3d3debda25f,EXACT_STRUCTURED_IDENTITY,A
MED-48d5181f4b3c2f0a9d6c29af,SRCM-d6949588c79de3f6edb62119,SRCR-f434b9d5fd1cb0f51622e199,EXACT_STRUCTURED_IDENTITY,A
MED-48dcf783bf15518d8647309e,SRCM-8338403d09cb01d88bde3d3e,SRCR-50603c50cfcdd4d3c53b8113,EXACT_STRUCTURED_IDENTITY,A
MED-48f2e7185c0a8552d1eb1459,SRCM-cdb8392b78db5c7c0524e876,SRCR-0f35d97528d290ca6871db84,EXACT_STRUCTURED_IDENTITY,A
MED-4907fec3e394be515233be83,SRCM-0560ccc67b7964c1f1a44962,SRCR-e76631e4384c7924d090198b,EXACT_STRUCTURED_IDENTITY,A
MED-4919f52a7a5ada11e51d96b2,SRCM-bd6d4766245097222e1ec80b,SRCR-2a91c9af35ac364f4cb6b87d,EXACT_STRUCTURED_IDENTITY,A
MED-491bcef3af8c4feffb56e89b,SRCM-625e0cbbb9933e9a4b4e5611,SRCR-01e234c141403b0b82946200,EXACT_STRUCTURED_IDENTITY,A
MED-49395af7f266d80a431e15d8,SRCM-fd8172ed623b4aec2786f52a,SRCR-22b2ec87b8f260782443294c,EXACT_STRUCTURED_IDENTITY,A
MED-496b1a350c8375f3c277ea3d,SRCM-f729e4bf929c23936a26d504,SRCR-2c692dc3034bee158e7677e8,EXACT_STRUCTURED_IDENTITY,A
MED-497bc980a8e5f7bad69ad443,SRCM-5663c3a26b21b82950b37e00,SRCR-0ae79d5043e63ba09ee01c27,EXACT_STRUCTURED_IDENTITY,A
MED-498066c74223ffc20d52f4e2,SRCM-4b1a4766a05e0d7ae63ec49f,SRCR-112fcae53c2f50cb760693a8,EXACT_STRUCTURED_IDENTITY,A
MED-498501ae96a4d7bb41c1e0f3,SRCM-6fe10a6da3d52a257a8316eb,SRCR-ad84a5decace816e0a005293,EXACT_STRUCTURED_IDENTITY,A
MED-4989acb08413c8c4da086c3c,SRCM-0a044b960fc032f09f2ce4c4,SRCR-3b2372eade588e78803ccc2a,EXACT_STRUCTURED_IDENTITY,A
MED-49d7afb1312569ff27c4c79c,SRCM-db808cea6082003123ce067c,SRCR-3cb3a0410cebfcc6a506ba85,EXACT_STRUCTURED_IDENTITY,A
MED-49d846e2d4a4458098d53446,SRCM-bd3e383ee5992b3f57daa66b,SRCR-475339bac14dbbbb1d46a528,EXACT_STRUCTURED_IDENTITY,A
MED-49feb73ae81a695d4a5e0e2e,SRCM-e0ea50235c5fc83d0df7ca85,SRCR-e80abb2ce4acb7dfecd8ee0b,EXACT_STRUCTURED_IDENTITY,A
MED-4a1cbce623cbe5d230303095,SRCM-8af823b83d4b8539008978a7,SRCR-1df6165199392cbd16ffaaaa,EXACT_STRUCTURED_IDENTITY,A
MED-4a2679a8d9be97364a02c720,SRCM-89969cac20b1eeedcf73f372,SRCR-79e81aac65c66c71dc884f07,EXACT_STRUCTURED_IDENTITY,A
MED-4a2fa113559343822561b100,SRCM-365ad2784a166defebababc6,SRCR-48a515081fe3e70cbced3697,EXACT_STRUCTURED_IDENTITY,A
MED-4a672554486d17205d5d23da,SRCM-b06af32eb4552bccace885eb,SRCR-208f25c0959f376ebf58a5ac,EXACT_STRUCTURED_IDENTITY,A
MED-4a764821c173c53fc07ee53e,SRCM-20985755f5a1623d7de50637,SRCR-22f83334b7eaddee77dcedca,EXACT_STRUCTURED_IDENTITY,A
MED-4a82d7da1a21de3c19dfe55b,SRCM-95381bfbbfa54fabff7513a9,SRCR-f00089d8c21b851fce3d90a6,EXACT_STRUCTURED_IDENTITY,A
MED-4aa3c36cc65366ea917adb0e,SRCM-b52671a7c57f56933c2b28d3,SRCR-2edf09c1e31b800c15e73bdc,EXACT_STRUCTURED_IDENTITY,A
MED-4aac4b09e02d6fe295fca8aa,SRCM-06527287e7b0eb014eaebd81,SRCR-fb76d81bccffb37e439a8d8e,EXACT_STRUCTURED_IDENTITY,A
MED-4ac92c941fb7668ae6f07c05,SRCM-46e1807c81440f904f7e0d6c,SRCR-71f90d41c20add2186aae67a,EXACT_STRUCTURED_IDENTITY,A
MED-4acb028729ca9a49cbebd962,SRCM-c9f8f7a3b65f1bfa46c8dfcb,SRCR-48d4a6c88b49627c440a91df,EXACT_STRUCTURED_IDENTITY,A
MED-4b0967c046e621049ee07d2a,SRCM-4459f13acc3199d31ff5eddf,SRCR-2280dd344bfdc4b3c2abc8b3,EXACT_STRUCTURED_IDENTITY,A
MED-4b119d154b68331d30f9d7cc,SRCM-0f54109c07aa2e037f01c610,SRCR-f28b74af2a21b3ca07ac2c70,EXACT_STRUCTURED_IDENTITY,A
MED-4b65fea0cec0705c67000651,SRCM-373a98c4015317491e035968,SRCR-4bba0dfe3e5c54bf41aaf52b,EXACT_STRUCTURED_IDENTITY,A
MED-4b6e98006b8ef4a661e11acc,SRCM-99fba53707a46506eb280059,SRCR-57452c7fd5a90c846844388a,EXACT_STRUCTURED_IDENTITY,A
MED-4bb6cfe3d8ef5e11666abaec,SRCM-00204506dcc929bcd98288c8,SRCR-39056ec1bf7a26d5460bffda,EXACT_STRUCTURED_IDENTITY,A
MED-4bbbb1239fab7adf75160b4a,SRCM-47410aaa2c7258ba2f6ca572,SRCR-9b73ce8ca66a123375656e1f,EXACT_STRUCTURED_IDENTITY,A
MED-4be098748ad02fc54abc55b0,SRCM-57dcbd68a800e10e63ee5f4b,SRCR-9c95c5853b03b78ac3271c50,EXACT_STRUCTURED_IDENTITY,A
MED-4be156c7a29a9d0da893ab4e,SRCM-dea072798ef46fbed419097d,SRCR-48170a4e96e2743e1d5293c5,EXACT_STRUCTURED_IDENTITY,A
MED-4bf0eae42e475a1d7922008c,SRCM-6b35c6c69ea657a176e04f1f,SRCR-7dde341a32cc28451dffc611,EXACT_STRUCTURED_IDENTITY,A
MED-4c00e559fbc2bdc2c9e53e24,SRCM-57546604311aeb52f7224235,SRCR-8ed4051029d213c9dba8e635,EXACT_STRUCTURED_IDENTITY,A
MED-4c10f8b35c3ff961c67a745b,SRCM-1ca317c546a1b4947fd1b6f5,SRCR-60d89fa2990e99a5f9ce8a2c,EXACT_STRUCTURED_IDENTITY,A
MED-4c117cd874e8125f63f9c696,SRCM-ebb2754e616a92eff92a22ad,SRCR-8c5f5df6cd4dce08386bdece,EXACT_STRUCTURED_IDENTITY,A
MED-4c12ecb74ca07280af9d2a90,SRCM-fc726d7d7839c1f5b02907ab,SRCR-e9553ac68cf6860981faf9d1,EXACT_STRUCTURED_IDENTITY,A
MED-4c39331b3f55369ee8f43a12,SRCM-dd2e9807598fe3d98bf50946,SRCR-9a1c2543335492d37682ad8a,EXACT_STRUCTURED_IDENTITY,A
MED-4c3ede96af16af4cf633f8fe,SRCM-ed3d30611b608ee946f25f96,SRCR-1d86e1234804790c4e73771a,EXACT_STRUCTURED_IDENTITY,A
MED-4c435b0e674796b6c425efd1,SRCM-b7bd2e0f546c0c326046c0c1,SRCR-9668b2e69de5ed4c54f5e632,EXACT_STRUCTURED_IDENTITY,A
MED-4c45e8dfc6ada7e9ed6445a2,SRCM-cca005721d70f5b6d97fa166,SRCR-564a3b15555dd7995ae53720,EXACT_STRUCTURED_IDENTITY,A
MED-4c4d3eb8a88f403c83c4b3cb,SRCM-0d6bd72384a03d113bcbc4ff,SRCR-71cd2cef5aadace531d0ffb6,EXACT_STRUCTURED_IDENTITY,A
MED-4c6b98ca2055232f6a25e6eb,SRCM-61865e58d97b96a0d0ef6993,SRCR-18a83c84fdbef8adcbe394e6,EXACT_STRUCTURED_IDENTITY,A
MED-4c7bb210a60771ede9b851e8,SRCM-e9f5ad68d4f4fe4689d0b76c,SRCR-a9c4945fbf6c4e5175e91095,EXACT_STRUCTURED_IDENTITY,A
MED-4c7c14afde9fe99944dfb05f,SRCM-f3c28f9dda35efcc01f7d347,SRCR-915509dc7d2ad8196f8f87e8,EXACT_STRUCTURED_IDENTITY,A
MED-4c81727c2220ae5c45814d6d,SRCM-ca4ac951c1772c31d0cbf129,SRCR-b85dd21760e7770f8f53461a,EXACT_STRUCTURED_IDENTITY,A
MED-4c88f9208bafb637b75a2910,SRCM-e220dbc168706deb1af7efd9,SRCR-502a903d140469e2b9882584,EXACT_STRUCTURED_IDENTITY,A
MED-4c8e7d1e04fceb51d8361107,SRCM-45444b760675ed72b45bb1f3,SRCR-3081ded3328cc8efe53661bb,EXACT_STRUCTURED_IDENTITY,A
MED-4c8e848de6df96e95950a8aa,SRCM-1a51d7ebf794f5b5a0b88963,SRCR-f3b677bba49ee0b94541cc07,EXACT_STRUCTURED_IDENTITY,A
MED-4ca0bb9f08e145ef174728da,SRCM-248b9385dae68baa599811c1,SRCR-d3539dfcd7dad10bbebfad4c,EXACT_STRUCTURED_IDENTITY,A
MED-4cb2eb846110c811948e8453,SRCM-f87e6cd44b1dce9c27f99cd6,SRCR-671cae0bedcdc131f6e03c5c,EXACT_STRUCTURED_IDENTITY,A
MED-4cc221107bb96d5660b9a422,SRCM-28da900bfff350b79efaf976,SRCR-f74bcb2832a47b69b8aba8b7,EXACT_STRUCTURED_IDENTITY,A
MED-4ccffe567b390378534af9ef,SRCM-09dd129d6c96c92ebf48d203,SRCR-efb3bec97c087928c00d6900,EXACT_STRUCTURED_IDENTITY,A
MED-4cd2a91ff685a948b251a3b2,SRCM-04c929823cd747309f861403,SRCR-918ed985bb32fe6674a407d6,EXACT_STRUCTURED_IDENTITY,A
MED-4cf28fe6ae3be3178288c42b,SRCM-e5af7a1dd6429dc066515a18,SRCR-d4752752cf07f55a00a3bcd1,EXACT_STRUCTURED_IDENTITY,A
MED-4d089bf0ab808a5f8b4ec567,SRCM-d5eb1aceff4e61942fc6e88b,SRCR-9f82c37aa311133bf8168577,EXACT_STRUCTURED_IDENTITY,A
MED-4d0e19e11c1dd03f183a1274,SRCM-07f99df1f5f27f74b8e005dd,SRCR-fe3f2038b9a6252175ab46da,EXACT_STRUCTURED_IDENTITY,A
MED-4d0f8d7716c3d43749db5f4d,SRCM-290a5ae09f07d888558acd54,SRCR-3a4a1e0349c351015d957b97,EXACT_STRUCTURED_IDENTITY,A
MED-4d1a2bfafb08945e7e0404af,SRCM-2a97a2ac625e435069a522a5,SRCR-c4f7cab9aad7bd884435c1a7,EXACT_STRUCTURED_IDENTITY,A
MED-4d1b39e81c2077427d8f2291,SRCM-6c66c163fb4f6f97e22d6d1d,SRCR-e3bcad93df316181c4d60a65,EXACT_STRUCTURED_IDENTITY,A
MED-4d1c4cadf6fa7b09773bcd86,SRCM-d154f45a603194c25908a1c1,SRCR-3aef28b2fe74048f8d0a4af1,EXACT_STRUCTURED_IDENTITY,A
MED-4d3b6674fc5ab047a40f085a,SRCM-b02d6bc7c9aceb1bd41abcb0,SRCR-ac4b7660d8857d2ee589d1a4,EXACT_STRUCTURED_IDENTITY,A
MED-4d3b7c420491131ac5136cd9,SRCM-7785ea247c22fdc6254a7a10,SRCR-6ee353ac1f847c180a1693a3,EXACT_STRUCTURED_IDENTITY,A
MED-4d57a8e877b63c5cdd222555,SRCM-5f3469b04575b18e9a9d6058,SRCR-2149d71e3f3e7883a57939eb,EXACT_STRUCTURED_IDENTITY,A
MED-4d5d4ae4430c2a24f2a4d0a1,SRCM-cd662c89f212895bc9d5eaf3,SRCR-23e4cac1c0529876d1fc7f79,EXACT_STRUCTURED_IDENTITY,A
MED-4d75578dd399c2f0d3a6d8af,SRCM-4dee4115c813075040d30a5c,SRCR-e818189090369765935b7581,EXACT_STRUCTURED_IDENTITY,A
MED-4d77a16aa4d5be7673d16473,SRCM-ee38ae091b40bc453879ea4c,SRCR-99fb127f752bf3d27aac8568,EXACT_STRUCTURED_IDENTITY,A
MED-4d81bea8d676c507771545ea,SRCM-52e7af9e5cc2c4c563805a53,SRCR-6962d7ea44d77f3c7664e475,EXACT_STRUCTURED_IDENTITY,A
MED-4d9049435db39a787ce22ded,SRCM-f40b42af0024863c594bea79,SRCR-1c1e6d465b5676f0d3aa9315,EXACT_STRUCTURED_IDENTITY,A
MED-4d97fc7cf256f7c735c5ebf3,SRCM-18f8410af99d2127cc9ce548,SRCR-dcf50640e121c6fe1e5fc132,EXACT_STRUCTURED_IDENTITY,A
MED-4d9ed26757da444198dbea6b,SRCM-95259c86855fac72552ed206,SRCR-71f1e1b731fa6ac153b7dd72,EXACT_STRUCTURED_IDENTITY,A
MED-4d9f3fd5e5f8af83acfe51e4,SRCM-9e730ff9d3b9605555d47ff7,SRCR-094373a72dde2eb7cf4c3517,EXACT_STRUCTURED_IDENTITY,A
MED-4d9f52ce33650657161210bb,SRCM-433baf4b6f1653b9fd2efc62,SRCR-5b996364494806651ce66332,EXACT_STRUCTURED_IDENTITY,A
MED-4dc2a26b99112ed9503a5186,SRCM-f6d440d6f85e334d1ebbb2cc,SRCR-8bd7e04cfc43a12c121e631c,EXACT_STRUCTURED_IDENTITY,A
MED-4dc2de0646c43b52c4075810,SRCM-6f31b0185bbae02143153841,SRCR-5a58492d027f51f86b6c5d4d,EXACT_STRUCTURED_IDENTITY,A
MED-4dd51b09b6e7decb4c0459f1,SRCM-e0363ea8a64d2d124f4039b5,SRCR-bfb652bf9c5bcb2cd03bd1fd,EXACT_STRUCTURED_IDENTITY,A
MED-4df8ddb30e7f7d7542e19553,SRCM-6686d26b0c3f01f4090f9811,SRCR-47ee6032e4c344449ad5d0d6,EXACT_STRUCTURED_IDENTITY,A
MED-4e0266c0c34d26c213d219fe,SRCM-2c1693978364a441e57fdcdc,SRCR-c37546a99574be8fba7d6259,EXACT_STRUCTURED_IDENTITY,A
MED-4e06df9c5064f456b406d62b,SRCM-85678b658f859a0999526e1b,SRCR-000e870bbb15dd4790638aba,EXACT_STRUCTURED_IDENTITY,A
MED-4e0a483ba49c2d47335dad84,SRCM-5101eb44ba450abf3dcd1c0f,SRCR-fd0d88942e492b6b7dceeb98,EXACT_STRUCTURED_IDENTITY,A
MED-4e2cdcd15e0df73b67bb3587,SRCM-9ed4bebf995897582fd31fa8,SRCR-d8618329f33a7503422b46e8,EXACT_STRUCTURED_IDENTITY,A
MED-4e2e3df07010414251e92b01,SRCM-8b4194e780543bb23d9fccbf,SRCR-c26ff62c349ee0f064c38d24,EXACT_STRUCTURED_IDENTITY,A
MED-4e5f5072b215670995f5eb04,SRCM-a0681ed82b7b99a71b03cefa,SRCR-75a70099993549911278198f,EXACT_STRUCTURED_IDENTITY,A
MED-4e63346617e27b8327f18d29,SRCM-52d5c7384ffd2f0729a71abf,SRCR-f58cda7a49ae697e17b72889,EXACT_STRUCTURED_IDENTITY,A
MED-4e8bdeab74476033c7b4cc4b,SRCM-a2ea8769a7ef67990a813a2a,SRCR-ff7aa3ea3cb30dbf29f5e0ad,EXACT_STRUCTURED_IDENTITY,A
MED-4e977fb849045d1988fb6a7e,SRCM-fa66367756479b8f123a9717,SRCR-1923ac97fb744f38f19fa6ad,EXACT_STRUCTURED_IDENTITY,A
MED-4ec3bab85bf1be5a76558a54,SRCM-b836a32324b0be158524e6b9,SRCR-442bca772bffac63cf4c1d77,EXACT_STRUCTURED_IDENTITY,A
MED-4ef714f424ac68426297f98d,SRCM-4100d5b532305e66b1a8fc62,SRCR-8c01596ecd251924ce7fda27,EXACT_STRUCTURED_IDENTITY,A
MED-4f0cca8eff9f559cca115ac2,SRCM-13844c2e7e1110bee2f3f390,SRCR-1845e54c1c33dc76a24c69e9,EXACT_STRUCTURED_IDENTITY,A
MED-4f1bd72c026034029f33d5c4,SRCM-26178842762f73cc99582cc9,SRCR-24c431ba0a34960e85337a24,EXACT_STRUCTURED_IDENTITY,A
MED-4f2021e125a8fa958350839f,SRCM-d5bc2536c72e4e185671e51f,SRCR-7e6a84d4ea49707ed436431c,EXACT_STRUCTURED_IDENTITY,A
MED-4f2a4ac252f5569721d51847,SRCM-158306143be5ffddd22a775f,SRCR-f6ab553c321e4ef034689f13,EXACT_STRUCTURED_IDENTITY,A
MED-4f2ff4b0b9ff4b29988bb467,SRCM-9c2d9f6a495d13bfe4791f4f,SRCR-e69eed19759fcf72feddab66,EXACT_STRUCTURED_IDENTITY,A
MED-4f38310e95130a6ada9b4bb3,SRCM-bb89883171f895733fd77e08,SRCR-ef0bd7dbc1878f06e7a02c3f,EXACT_STRUCTURED_IDENTITY,A
MED-4f4800b335f2555dd86a239e,SRCM-baf37d2594e9f32d5ddb1cb9,SRCR-5d7b3a851e11a5d28ca5bd5a,EXACT_STRUCTURED_IDENTITY,A
MED-4f4a1487a722d8c39ced9358,SRCM-9d4cc0f111ecbebd160f2e9b,SRCR-3220b614fece9dbe68528c42,EXACT_STRUCTURED_IDENTITY,A
MED-4f9df6dd8ae9c134ecb5cb70,SRCM-d52ec45d61af3ffb8662098c,SRCR-ed5dfe389789ab4d02f238a7,EXACT_STRUCTURED_IDENTITY,A
MED-4fa60808104e7655622767c1,SRCM-7e1f6a11fe80439781c7b567,SRCR-8342a27d6ee0f7da22576341,EXACT_STRUCTURED_IDENTITY,A
MED-4fb05d03b322a741e5ee0377,SRCM-bebfbed2d7235e9b9b2db1c6,SRCR-5017582cc9316d9d899388f0,EXACT_STRUCTURED_IDENTITY,A
MED-4fdbb1ffb86e7a35faf8b32b,SRCM-04b6ef09add0358f202dd82f,SRCR-3f5c94ee398de0bb4c283fad,EXACT_STRUCTURED_IDENTITY,A
MED-4fe4c18c9fb27c5b79f5e27c,SRCM-17b022c40946643f7e9b19d3,SRCR-0d81fa115893f3ca0f8e603f,EXACT_STRUCTURED_IDENTITY,A
MED-4fea8ac9152826ec725f7d7f,SRCM-f2967b22a871fc765d7a126d,SRCR-5e090db548710681af2aa270,EXACT_STRUCTURED_IDENTITY,A
MED-500b7f5fec83486f04139654,SRCM-da0122b07c6f54df9e171d50,SRCR-de08da693d2439e574c895bf,EXACT_STRUCTURED_IDENTITY,A
MED-5019cbfdca758e7fad1cd93e,SRCM-55b828dde6c3d4e8b5407544,SRCR-5e63a0c6bd16c0df3eb53513,EXACT_STRUCTURED_IDENTITY,A
MED-501b3682db03d15c228f55e5,SRCM-d58eef384c790dae1b666be5,SRCR-53cc71d47d851719c8d2e854,EXACT_STRUCTURED_IDENTITY,A
MED-508640ec680fd9474ecf1f6a,SRCM-c4e653de45d21b06e5446df7,SRCR-699e13d5ef222a2141125a6e,EXACT_STRUCTURED_IDENTITY,A
MED-508c352a9870ac03d9812c41,SRCM-bf8541a69ae9fb84fdc10d5c,SRCR-bbd6633952ed280834e5128f,EXACT_STRUCTURED_IDENTITY,A
MED-508d46f2eefc9b37fdefcfa1,SRCM-94e54d82340eec167888eed5,SRCR-9d71873768d1ab7a3f922e75,EXACT_STRUCTURED_IDENTITY,A
MED-50a7bdaacd7e0efaa73640f7,SRCM-fc0c2bb6ea5b3feb7e54391f,SRCR-8241f5e25d107146deadf6fe,EXACT_STRUCTURED_IDENTITY,A
MED-50a861dbb928a8a3dd5e4031,SRCM-bf69b15251a5ced0a5004e3f,SRCR-9fdd4c802805b9c150dadc22,EXACT_STRUCTURED_IDENTITY,A
MED-50c3ac1642dc70af2630eb47,SRCM-1c4081c7f892128402ee1190,SRCR-e504941f08a2c7f0899ad709,EXACT_STRUCTURED_IDENTITY,A
MED-50c539b293374b31f273c594,SRCM-230a9ba3a388672419ab90bd,SRCR-2744b8f5754d2304517dd1f6,EXACT_STRUCTURED_IDENTITY,A
MED-50c8f1db636a3be46efb78c9,SRCM-0a90295468b681fa66f31266,SRCR-fb31c7f228e684e184aacced,EXACT_STRUCTURED_IDENTITY,A
MED-5105f029b33b2a2bbc15ccfb,SRCM-d0c429f76ec5080bc9575286,SRCR-8b62e42e499b91c57abcb755,EXACT_STRUCTURED_IDENTITY,A
MED-510cf1e058ccb397c9769554,SRCM-9922c72d3f27fe2adc24f48d,SRCR-659325262d1de9b4db4f41ec,EXACT_STRUCTURED_IDENTITY,A
MED-511c0b22c1cd97cd661cbfbf,SRCM-c513469e698bbbff3d7b0b17,SRCR-596c769bdd0c86be9c9876ad,EXACT_STRUCTURED_IDENTITY,A
MED-5156e13dc7a2cf3d07d6b37b,SRCM-b8d23b31eb9dea17b13d3d2e,SRCR-574fd05367fa8ce5b05ae564,EXACT_STRUCTURED_IDENTITY,A
MED-5160927d91f2ec614e74b8f9,SRCM-4b139099736deb8c6c1feb7d,SRCR-8b4336678a9144a6934a6293,EXACT_STRUCTURED_IDENTITY,A
MED-516117d574fbdb5cc6ccd7e0,SRCM-f5a3145a72b19d5010094f92,SRCR-39340fd4b6204d64239de2ac,EXACT_STRUCTURED_IDENTITY,A
MED-516da0d67021746c007fcd48,SRCM-d087978cf7a62188891ac163,SRCR-8d7df615f473cc2ef722314b,EXACT_STRUCTURED_IDENTITY,A
MED-51704c11d8495e231cfce2ec,SRCM-77b93c711e56f6827f808847,SRCR-906e2e02a1fa3764cf5806c3,EXACT_STRUCTURED_IDENTITY,A
MED-51a1c643a0869e0275f81845,SRCM-6cf84a59e6ed7bdc7c94fb69,SRCR-55b0e5a02ab2fcdc51bc1d36,EXACT_STRUCTURED_IDENTITY,A
MED-51b3c4e55bd0b478e1b39d32,SRCM-253a684083e78ca7ef87b7a5,SRCR-a6d775293c72b7d563441bc2,EXACT_STRUCTURED_IDENTITY,A
MED-51b8ba764abc76b8b2c150b4,SRCM-71a8dbf5c91c7073e5663873,SRCR-59349d9c9a484b7e6520edd1,EXACT_STRUCTURED_IDENTITY,A
MED-51c53cd31e56be55c96f2a9d,SRCM-3d9bb82c49b88fc5a353ff84,SRCR-eb4bcef86742d8c2f796e3ed,EXACT_STRUCTURED_IDENTITY,A
MED-51cc0d170f6a87e01a64274d,SRCM-94bd5a31bdad87896065dd46,SRCR-a1c6ad1f1659cc6264c5c326,EXACT_STRUCTURED_IDENTITY,A
MED-51db2b6ea78881edc2c89402,SRCM-ee21e6903d6702b545adbb6b,SRCR-dc4628059ce8c8e3ab34ab31,EXACT_STRUCTURED_IDENTITY,A
MED-51e10d884f95be65d9b4fb63,SRCM-db6e559fdfdeee09506170ea,SRCR-3e3f348418dc6dc454001da1,EXACT_STRUCTURED_IDENTITY,A
MED-52159b3c723e82c9aec56158,SRCM-eb14e579c1637c8ff83097bb,SRCR-42b063428a7b99c0e1f69b9c,EXACT_STRUCTURED_IDENTITY,A
MED-522581c913c282d14b903831,SRCM-fab24f3565ef05c09af1f877,SRCR-3bbda0f55112bbb2d7b51af5,EXACT_STRUCTURED_IDENTITY,A
MED-52411c272a4f08b9556356cd,SRCM-373497d664ec248e90a0077a,SRCR-e9355fa76781c1f89c09cb3f,EXACT_STRUCTURED_IDENTITY,A
MED-5250fa9924f5ff1ef4af9356,SRCM-c74a917727464f261f180771,SRCR-685f424e471a8b0d7572ba0f,EXACT_STRUCTURED_IDENTITY,A
MED-5266274a0f7ed2fac64c47a9,SRCM-a00ac05f34483f51722999bf,SRCR-11596c7d6bf7018ae9ce4bd2,EXACT_STRUCTURED_IDENTITY,A
MED-52686038690c573a807a438f,SRCM-d86e5103f5e71f9441e137d1,SRCR-830ed2a80faf480337514699,EXACT_STRUCTURED_IDENTITY,A
MED-528e4924878a966cac9bcde5,SRCM-4dcfbaeb6834559a9b01c5ac,SRCR-8e72d6c285ad6e495491b42d,EXACT_STRUCTURED_IDENTITY,A
MED-52995282dd1ecdf5bf7de62d,SRCM-0485f45ade99141f7b5cbe92,SRCR-4c2289f13ec838697a19f2cb,EXACT_STRUCTURED_IDENTITY,A
MED-529cbdaee1f33357a1b1bda9,SRCM-58d311c53386ff9329cbf0a6,SRCR-0e9305a3dc93a0bc495146b2,EXACT_STRUCTURED_IDENTITY,A
MED-5310d0e8810896779a69dc56,SRCM-c1ca42d32999b138de6d057e,SRCR-28c8c746d47589687a074f3d,EXACT_STRUCTURED_IDENTITY,A
MED-532e63454a01ef38b0fa4e1a,SRCM-6756f4fbf12a8d7751154bc4,SRCR-64ccf80276d905fd6dc3f390,EXACT_STRUCTURED_IDENTITY,A
MED-535031e70d4bb21e5eb26703,SRCM-11f1102c177d88d4bc86a68a,SRCR-611309895307205c12946641,EXACT_STRUCTURED_IDENTITY,A
MED-5354dbc72cb1b5135775a841,SRCM-2c9de7bdc4d78bd919d3ff0f,SRCR-6d7c72aacf8e254e41f15d9a,EXACT_STRUCTURED_IDENTITY,A
MED-535e89fcf66448384e896b43,SRCM-d3986d1d4c548b8108544130,SRCR-154e76e2c52e653b4446eed9,EXACT_STRUCTURED_IDENTITY,A
MED-5375caf45719c7c4b621d72f,SRCM-8099ffb3165d61230bbe6afa,SRCR-f04aa51de9616bcd4716845a,EXACT_STRUCTURED_IDENTITY,A
MED-5388159c94e29e7b5c07d7e1,SRCM-93a541bf08f68285ea73bccf,SRCR-3c4558463c19f43605388051,EXACT_STRUCTURED_IDENTITY,A
MED-538a5e71f27ca8e4baf3e082,SRCM-a6db46687909c189283ff26d,SRCR-38259e8cca00ee3015b2813f,EXACT_STRUCTURED_IDENTITY,A
MED-53a455a66efdc3f0335e0e6b,SRCM-6825d9fb4a2602fedaa35e57,SRCR-2027a8ea97ed0cbdfee5fb2a,EXACT_STRUCTURED_IDENTITY,A
MED-53aa64b754998a48466443ad,SRCM-d06771d98f20a6fccb26d471,SRCR-ca7fb9fdd8193e6db3ce94b4,EXACT_STRUCTURED_IDENTITY,A
MED-53af3df049eb87ef149961af,SRCM-b9e03276dc6ee6754f1e92bc,SRCR-dca26bd0f98a0ec4a90d629a,EXACT_STRUCTURED_IDENTITY,A
MED-53b476bb92581325b57ff402,SRCM-345210f751ea6a6d29c70d93,SRCR-0eea2ba8274e3410e8272a08,EXACT_STRUCTURED_IDENTITY,A
MED-53c6669286d149325319c399,SRCM-8778ce58afe3f55fb4bcd005,SRCR-f82345cb32850eb6220e19ab,EXACT_STRUCTURED_IDENTITY,A
MED-53cbb7fdb8af57b365663a29,SRCM-d12f570735944dca6ad26102,SRCR-91fe3cb781268543c9899c6f,EXACT_STRUCTURED_IDENTITY,A
MED-53e8d44e37daa8fffaeb7590,SRCM-e54d4c0a56f371f132ea144d,SRCR-7fbaaa34fbfd6d39f9aa271d,EXACT_STRUCTURED_IDENTITY,A
MED-53eea6b4c68d450e5c7042af,SRCM-495f4d074b366423e1618539,SRCR-24210801afe53fa460de6982,EXACT_STRUCTURED_IDENTITY,A
MED-53f22ddcbff4c93fe3eb1c0f,SRCM-edcfadba97f766cfe89ffa8c,SRCR-4f76ea0c76819865559b2c7b,EXACT_STRUCTURED_IDENTITY,A
MED-53fa054918bab7d424b2bfc4,SRCM-5ae4eaf69ab34fbfcb26e7da,SRCR-f4c8966b06d8daa58cd1a6a8,EXACT_STRUCTURED_IDENTITY,A
MED-53fb54622d3488c16e8cc47b,SRCM-70cedbda9b2e6f7c2a3f4e27,SRCR-0e26bbaf5d87a9665d2bfa9d,EXACT_STRUCTURED_IDENTITY,A
MED-540d5a2d0fbc850edfb2bf95,SRCM-6453343ba42d7990780f3cfa,SRCR-e960fdb51ddeb8cfcaf79b19,EXACT_STRUCTURED_IDENTITY,A
MED-541464b11f00466c76f783e8,SRCM-bc17a270fc7625aba88330be,SRCR-86c446fc1e607b76d790903f,EXACT_STRUCTURED_IDENTITY,A
MED-541a2e9a07f7dfa3010f5a5a,SRCM-cef2b4335a52169706b16398,SRCR-956c82a82f8881707ea696e6,EXACT_STRUCTURED_IDENTITY,A
MED-542f17efc2f6d1789310488b,SRCM-a23e5c421d6865a568e9c709,SRCR-9864100819ceaac3fd0390be,EXACT_STRUCTURED_IDENTITY,A
MED-5452d929f1fee267385e4802,SRCM-6fb5627b0e468e11838ff1b5,SRCR-4a87c183a1ddcd223d96612e,EXACT_STRUCTURED_IDENTITY,A
MED-54638ade9e0294b78925d120,SRCM-857f54772a4a30d5cce81e3c,SRCR-55f325daef8a4be50f8a8c06,EXACT_STRUCTURED_IDENTITY,A
MED-54697bc7798a3016320fca10,SRCM-faae0e92b69ea49cf6123b21,SRCR-37f628b3405d1d0ec5d7103d,EXACT_STRUCTURED_IDENTITY,A
MED-548b57135e7776a6d921bc68,SRCM-7422fc719e55ea43074fbbde,SRCR-1667e07efffe6f249652c8c8,EXACT_STRUCTURED_IDENTITY,A
MED-548b89e4ee98e030b93ea5d0,SRCM-27c89f859393dfbd97299b9f,SRCR-569de92ec63566955263ce5a,EXACT_STRUCTURED_IDENTITY,A
MED-548d821827c32375f85340f8,SRCM-a2802053cb4aa536cb71c804,SRCR-1c7b9414305de4fe1b88bea6,EXACT_STRUCTURED_IDENTITY,A
MED-54928aa4697e1e65ea247fc2,SRCM-f3faf99db062891e442e585e,SRCR-fbf858e88c304a591c2f305e,EXACT_STRUCTURED_IDENTITY,A
MED-549e5f511df3c09085de16ce,SRCM-e06dcc88ff4faaa7ea9988ef,SRCR-dccc48059d7f42f4498bc0f3,EXACT_STRUCTURED_IDENTITY,A
MED-54b5d276de6848666bee5594,SRCM-abfeb32e7750d0db0ef5dba1,SRCR-5388a16e8a4dbab54718b8a7,EXACT_STRUCTURED_IDENTITY,A
MED-54b9e7a09ca21a6a408cd169,SRCM-34af337120c52f791bdfdb54,SRCR-c96747c9ea6840414eb56019,EXACT_STRUCTURED_IDENTITY,A
MED-54de5600c43e6c03ccb30d87,SRCM-989d78d8b509e535f25a831c,SRCR-960408193c50db979c3bdd3b,EXACT_STRUCTURED_IDENTITY,A
MED-54eb39e68de6d829d3ff507c,SRCM-0af2c9df54fc3923813f8ab3,SRCR-242329eff7d17831b7495871,EXACT_STRUCTURED_IDENTITY,A
MED-5503858f81e9e8e0d6a996d4,SRCM-cd2313cbca83a07b13acbad0,SRCR-179110450aad52e7c4638013,EXACT_STRUCTURED_IDENTITY,A
MED-55072f22526223d7406174b7,SRCM-35307ea69a8a22d3e6613fa0,SRCR-1c19e4b6f6f19dfb10583415,EXACT_STRUCTURED_IDENTITY,A
MED-55183f5879266ba42a68f14f,SRCM-3b14f232c4d4ab6d305a3d01,SRCR-25bf7250d2f776c7822ba8bb,EXACT_STRUCTURED_IDENTITY,A
MED-5540c292d297168d7305bf23,SRCM-8933168e5eade54fe327856c,SRCR-662ed0fcdfc1e443e8cc9546,EXACT_STRUCTURED_IDENTITY,A
MED-55441ec92725d463337dc305,SRCM-b84f741f6c37bd4ab2753707,SRCR-bbb023e56379ed6e222d0ea0,EXACT_STRUCTURED_IDENTITY,A
MED-5544dcb7b63162e607d2218d,SRCM-e70f8f678e4639c243998b98,SRCR-e318f96156bc673f5135e362,EXACT_STRUCTURED_IDENTITY,A
MED-5551412b427a00dce83353c2,SRCM-d970746c0462d8890eb5778a,SRCR-506196ce643bb6f983a020de,EXACT_STRUCTURED_IDENTITY,A
MED-5586591cb106a5f366c85a8b,SRCM-8bdfdede2704037f76831047,SRCR-aae92426b908444edd47c564,EXACT_STRUCTURED_IDENTITY,A
MED-558fae81340b5d056c4881c8,SRCM-f3c164645ba4a154da2bdd72,SRCR-0396a7ce51e769f6cd73a24e,EXACT_STRUCTURED_IDENTITY,A
MED-559ba526e39c63e8f272018c,SRCM-d4203d7dc2fa79385e692ef3,SRCR-4af8307b7e1d930256bcfaf2,EXACT_STRUCTURED_IDENTITY,A
MED-55bd88470673019fcec15cfe,SRCM-a1bd89f6bc7e67007ee4d122,SRCR-dd5de1694ad19bfbe796272e,EXACT_STRUCTURED_IDENTITY,A
MED-55e5599fef24e4ccb82ac055,SRCM-ab8745f0841aae1e6873b5ce,SRCR-7320b9a6f9a6fa28026013f7,EXACT_STRUCTURED_IDENTITY,A
MED-5609ba3a17ce40135b9c5d71,SRCM-4b01cd8a4fffe50539a6af50,SRCR-2c05ebba6a9f85591a4e578f,EXACT_STRUCTURED_IDENTITY,A
MED-5610decbf20c3bb9f88a4265,SRCM-b3d90086b17fdce7729e3b09,SRCR-defce1126d76e4ebc5de1972,EXACT_STRUCTURED_IDENTITY,A
MED-564cbb799807caf64f6139e3,SRCM-25dbc40a45ed5d51616a7346,SRCR-f265a03420ec76c717e507d6,EXACT_STRUCTURED_IDENTITY,A
MED-566e2d127b383a9fa9e24292,SRCM-06900985710ed157b9e32dc2,SRCR-a08481bf4249446ab10db7a4,EXACT_STRUCTURED_IDENTITY,A
MED-567be20d56505295f82b9891,SRCM-297c75da3ac72dcbd177f578,SRCR-614188ec05200658f5d9efd9,EXACT_STRUCTURED_IDENTITY,A
MED-567d905c8b4d0e7731a6a935,SRCM-f004f2c54f914ce380146569,SRCR-b1849849fd490d83ad4b5499,EXACT_STRUCTURED_IDENTITY,A
MED-568abc7ab00630e5e17e25f5,SRCM-250f6fc4f884b7bde42e48a9,SRCR-4e3256b81fdbc6c51026a6a0,EXACT_STRUCTURED_IDENTITY,A
MED-56acdbab8127750d73d52730,SRCM-bb9f6ebf2d459486f4e2a343,SRCR-36eae5119a83ead377da7e9a,EXACT_STRUCTURED_IDENTITY,A
MED-56d247768944de4e37fe35c2,SRCM-b1284f941e2c191e9e3ee50f,SRCR-4ae44ceff4fe9f695e7139c6,EXACT_STRUCTURED_IDENTITY,A
MED-56d49a0c050d889556113aa9,SRCM-1bebcb79802b8072923e3e24,SRCR-c1a36feeaa1ccfa566140040,EXACT_STRUCTURED_IDENTITY,A
MED-56e2b9260123a1cbbb83ebc0,SRCM-ad8558f25c975578eeb2a256,SRCR-11430e34aba3996674edbe46,EXACT_STRUCTURED_IDENTITY,A
MED-56e9c8c2cb861ebe65cdc130,SRCM-d0ffcc92d5968571e0b1f577,SRCR-47039fc882e9a2fa7d302c72,EXACT_STRUCTURED_IDENTITY,A
MED-56ecea20985682f8a37f7bfc,SRCM-3f3ba385e57cab6684fa6a47,SRCR-26d15b835f203729c0f2574d,EXACT_STRUCTURED_IDENTITY,A
MED-56f126d60a10a9ca1c952a4b,SRCM-175193f1939508229354f517,SRCR-4e6e2f984809d3642bdcd3b2,EXACT_STRUCTURED_IDENTITY,A
MED-5704cbe18232ed7df8ca90b5,SRCM-536fc5f8a763d1d2d0fe8bb2,SRCR-e8f2cf51e57c1f4ccccef78b,EXACT_STRUCTURED_IDENTITY,A
MED-570a028df9178f5e65d671e7,SRCM-34006d58f31433415f6f9069,SRCR-ada410b434d1121d3ce346f9,EXACT_STRUCTURED_IDENTITY,A
MED-570bd7a47d87e19feb59a518,SRCM-0bcf40de5ddf910261c3b40d,SRCR-0f642eeefe526ec723573acc,EXACT_STRUCTURED_IDENTITY,A
MED-571005a4484a4819e06aa19a,SRCM-bdf13a0b4b8bd592ce05c41b,SRCR-5103118cefe05d9f04e43c8f,EXACT_STRUCTURED_IDENTITY,A
MED-572cb5b62abb137d7f1a4e9a,SRCM-b769db36f6eb45aa8249fd3d,SRCR-9aeaa86460bd265419cc4f37,EXACT_STRUCTURED_IDENTITY,A
MED-5749eacf7668afb041349834,SRCM-2826e2c001f0d7a738817288,SRCR-836badba943ea75274d6dcfc,EXACT_STRUCTURED_IDENTITY,A
MED-579decb5903a20239fb3f407,SRCM-34986b74b69aeb940bceeffc,SRCR-89ace888e3a6be2578b38098,EXACT_STRUCTURED_IDENTITY,A
MED-579f8b26dbd032075db4a34c,SRCM-c221bdcb42b4c021a2ed4478,SRCR-6fc5d4bac5824bf45ae68cb7,EXACT_STRUCTURED_IDENTITY,A
MED-57afab8bb1818e0ef913d7f4,SRCM-071880714f5166fd6e7087ed,SRCR-68ea8c80ee4a88c3987eae99,EXACT_STRUCTURED_IDENTITY,A
MED-57b2402270452095aeca2df7,SRCM-b5c0d4404fd50105467dafc3,SRCR-0a01a40b95c355e6a07cfe5b,EXACT_STRUCTURED_IDENTITY,A
MED-57bae4cf1cd0787bc9136f61,SRCM-cee0329f8e249d37d5885a89,SRCR-7d617162534fdec1801191c0,EXACT_STRUCTURED_IDENTITY,A
MED-57bb2fa7941e4012ec3f1c27,SRCM-6f8e0dd62314216eb1f75afc,SRCR-f665002e07cc29302c312920,EXACT_STRUCTURED_IDENTITY,A
MED-57cedc646bd1ae10ff6119f7,SRCM-5a1bac3412365ae8408f223b,SRCR-fa6b8c9a6eecb3b586bdc7cf,EXACT_STRUCTURED_IDENTITY,A
MED-57d64ea8288614b66fdb0b52,SRCM-af2763b6f166371a38dc6b80,SRCR-aeebd8697701bd2c0b106233,EXACT_STRUCTURED_IDENTITY,A
MED-57dc6778340e0bf7e236abc2,SRCM-43197169ed500419936ece22,SRCR-42c2336fb374b90a6507ad92,EXACT_STRUCTURED_IDENTITY,A
MED-57e20493c9646a7b8f257ffa,SRCM-c1e064a428ab4b57d1785ef1,SRCR-804fca25394d02f4d14d617b,EXACT_STRUCTURED_IDENTITY,A
MED-57e4ca29fee02c552e2882a9,SRCM-4ca53493630173e5f61d4a63,SRCR-601c61f5a369cc5968e3d43d,EXACT_STRUCTURED_IDENTITY,A
MED-57e95fa70e2fd089b4627e37,SRCM-f8598cb1162169379ddfadb9,SRCR-48ac2c506f781cc36cc30a99,EXACT_STRUCTURED_IDENTITY,A
MED-57e9aa2b0e722d18c4ccb465,SRCM-8112f9caa320faf2a97c2389,SRCR-f6b247ef63bd246a205d9e87,EXACT_STRUCTURED_IDENTITY,A
MED-5800b3513dac2ded1cd48234,SRCM-bf7d1f9c2628cd2a9a971185,SRCR-6be353ea4c0897643f9c7845,EXACT_STRUCTURED_IDENTITY,A
MED-58055c1c603fec54bdec5c60,SRCM-22a96980f3753ee3d1450e15,SRCR-f7197e6de0fea8f7ffebbe2a,EXACT_STRUCTURED_IDENTITY,A
MED-5819d7fa7596c82b9f44c048,SRCM-206eaee2f2efb45510a9c017,SRCR-c57bd457b6479a8edc24a724,EXACT_STRUCTURED_IDENTITY,A
MED-582b92f36489e3adb9776f30,SRCM-98854b5da8f40123cb12683d,SRCR-e0396780e43853ec87ee6535,EXACT_STRUCTURED_IDENTITY,A
MED-5830f639f05769368beb0015,SRCM-84564e64009d5c29d027188d,SRCR-2def2dce2fc181cfb529fa72,EXACT_STRUCTURED_IDENTITY,A
MED-583a231ae5f827b538d1c16b,SRCM-e8c2e767386da5e76ffc10f8,SRCR-a100497eece365341bbee3b4,EXACT_STRUCTURED_IDENTITY,A
MED-5852f0c15cac10c7829431ce,SRCM-ce20a49bc772f56982b77843,SRCR-a5f0dad98ce97ec10889b05a,EXACT_STRUCTURED_IDENTITY,A
MED-586c05a6dc3bfb1a601add4e,SRCM-1515215c70bd39be996ece43,SRCR-4a56d88afd0df2ee8621c522,EXACT_STRUCTURED_IDENTITY,A
MED-58786fa097989d9d2e312415,SRCM-9daed5f568a7f3b5ef075951,SRCR-584429d499845806d7840c0b,EXACT_STRUCTURED_IDENTITY,A
MED-588b42d7dad215769677eb2e,SRCM-a281621b21dbfdddc698ddaa,SRCR-6685bdeba273e7503b81a800,EXACT_STRUCTURED_IDENTITY,A
MED-588d277f5999815b62b56369,SRCM-0b62bd2c74b31e95162bbc52,SRCR-d59a4c19af92bb1ec838c61a,EXACT_STRUCTURED_IDENTITY,A
MED-58a74652f44efdac031af2ba,SRCM-848ec940657e523b583ac9d1,SRCR-52b26717ae8227755392bb12,EXACT_STRUCTURED_IDENTITY,A
MED-58b667b1eab30b5c55888342,SRCM-dcdbac3e4c6e7557a4c1e8c1,SRCR-cf86b12fba070d4be667c6d8,EXACT_STRUCTURED_IDENTITY,A
MED-58bcb0884bdd30cd8da1accb,SRCM-372b1bee8b805d766feb3b33,SRCR-828b2b1146d6b5a70b90a060,EXACT_STRUCTURED_IDENTITY,A
MED-58e37337e966e17d044ed775,SRCM-3abd58fa4b22c5af47f08647,SRCR-6e945805be9fd62a745cd961,EXACT_STRUCTURED_IDENTITY,A
MED-58e9757490a86d054367d144,SRCM-0cabd3ae47dd2f1017736d3f,SRCR-6b6d83b040548236e239980e,EXACT_STRUCTURED_IDENTITY,A
MED-58eb570a154b842f0c4b9535,SRCM-a9f996dd2ab03dfb8015f461,SRCR-4ea6a95f21f48c01fe0951fe,EXACT_STRUCTURED_IDENTITY,A
MED-593c1c73dd13a73ddf165716,SRCM-9b424bce06d66d9561caf480,SRCR-405ef9743ca1f3ea40189c92,EXACT_STRUCTURED_IDENTITY,A
MED-596e20660af42056a21c4db0,SRCM-0d1f02038bf90f145620af39,SRCR-796fcfadfacd5659cad029f9,EXACT_STRUCTURED_IDENTITY,A
MED-5970ebec901d66b56fba387f,SRCM-6ed19781e0a816c8022f5251,SRCR-d8a226d68ae79f6d864adf86,EXACT_STRUCTURED_IDENTITY,A
MED-5978dbe6bbee880d3d3f94a5,SRCM-aed020fd312c0006fd20fdfa,SRCR-5ff8d10589ab53faeb24b857,EXACT_STRUCTURED_IDENTITY,A
MED-597b0b8a5ab035020290383a,SRCM-9f9c29d0df374891d158e31b,SRCR-d991fe411161754c05f461ff,EXACT_STRUCTURED_IDENTITY,A
MED-59ca7273c47840ebdf193d45,SRCM-97eb23c63b6cc8ddcb2468eb,SRCR-a7d571aecb5805de8603ca13,EXACT_STRUCTURED_IDENTITY,A
MED-59ca8febf29503d7ddaaa00e,SRCM-7d228cc1201cda26e3dd380f,SRCR-62fd113e6f3e16e72eee9d47,EXACT_STRUCTURED_IDENTITY,A
MED-59e182083fc3aa2cdacbe049,SRCM-adecf0947b062e82e1568f63,SRCR-0f8a37bf7f743457f6786898,EXACT_STRUCTURED_IDENTITY,A
MED-59e1ed2431f40b02746fad54,SRCM-bbfd9633f78eae8e78e0ef46,SRCR-53ac6ac13b13088ac5f5c7cd,EXACT_STRUCTURED_IDENTITY,A
MED-5a1481b6cfdff0384363da04,SRCM-7c59e9dede02a152930465f8,SRCR-2d5590f73df585a3bba359db,EXACT_STRUCTURED_IDENTITY,A
MED-5a16854f2254088a30c02966,SRCM-74d0f41e00401e088243e63c,SRCR-3f445c7d8d4d1c3e33281f19,EXACT_STRUCTURED_IDENTITY,A
MED-5a1f7e3aa3a7bf2150759fc6,SRCM-a0175b0c237e24da8b5f8233,SRCR-fd44bb5045199bce202e7853,EXACT_STRUCTURED_IDENTITY,A
MED-5a2705fcb108ad8e4ec02dd8,SRCM-76d2175b344b729b9c11d431,SRCR-e6d5496edbea37c06ea7d4ad,EXACT_STRUCTURED_IDENTITY,A
MED-5a396385a2a8e3104b6d74b6,SRCM-c2b004ebe0dd6e595d13b309,SRCR-59978e0a64c47ad1a215ad41,EXACT_STRUCTURED_IDENTITY,A
MED-5a559d48d86850fcdfb961f3,SRCM-584e91b0e8a9f07a9ca8aa88,SRCR-2177e0287028ee3598c92978,EXACT_STRUCTURED_IDENTITY,A
MED-5a64261188fabe434b8d14d4,SRCM-a3bac00fa7793015b88c58c3,SRCR-2e8364fc19d998a521a34f19,EXACT_STRUCTURED_IDENTITY,A
MED-5a673e627eec5571b41e79b5,SRCM-3ff3cab13a5b47fdb36f396b,SRCR-91006ec5ff1f4ed5d326e2d0,EXACT_STRUCTURED_IDENTITY,A
MED-5a8409248f70b90d0bade59d,SRCM-12dc198560573e6c1ca95eb5,SRCR-a207005e2a02e6fd908fa389,EXACT_STRUCTURED_IDENTITY,A
MED-5a8b7ab4fa2035a225aeb797,SRCM-4aa933b51f22867db486f7f0,SRCR-afd88155555036e67a042fad,EXACT_STRUCTURED_IDENTITY,A
MED-5a8e601b782f91172133ebac,SRCM-eaef70726a7db3134fc48a06,SRCR-a651a918e57f8fc3847af70e,EXACT_STRUCTURED_IDENTITY,A
MED-5a9188f45eeb9b6619a66e32,SRCM-c4b9f144819ce77e50ec6d6e,SRCR-1d66215b6b27a740c5e4e7db,EXACT_STRUCTURED_IDENTITY,A
MED-5aa5842a1e9a619010d53f81,SRCM-64fb57f29351a01d5711db80,SRCR-548ecc7219f30cf72b6c1b89,EXACT_STRUCTURED_IDENTITY,A
MED-5ad86fc54c3f32310b4f5e95,SRCM-8eadbb16136425a5893cd76b,SRCR-6220c960c1134f684889d8e2,EXACT_STRUCTURED_IDENTITY,A
MED-5ad9afde99797b8d81853ece,SRCM-414b7365961462c5a97ac14c,SRCR-629075dbb07e40eaaa75299b,EXACT_STRUCTURED_IDENTITY,A
MED-5aedfac7765d25077f3a931d,SRCM-a4848bf014a04bf0b658f5ee,SRCR-8d96ae0a198f4bf588065d97,EXACT_STRUCTURED_IDENTITY,A
MED-5afeda34ebd08d49df9909b8,SRCM-80b8b4a6c50427ba006b8ea0,SRCR-1632aa2d3b9ae50a15f2b477,EXACT_STRUCTURED_IDENTITY,A
MED-5affba4d1d7bf1b4f8f2ec1d,SRCM-5b5cdea6ebd4efa20f2c86c4,SRCR-d531ed69aca3a075291dc9ee,EXACT_STRUCTURED_IDENTITY,A
MED-5b2dcf94006744f0cf772299,SRCM-66c9a42ffd94739e6fa2b657,SRCR-66dcc28e4d29c637741aea16,EXACT_STRUCTURED_IDENTITY,A
MED-5b661ab461f103dd12624424,SRCM-99c4be361b10d670a3c9cf31,SRCR-e8a90d783dcae57c40dd8a47,EXACT_STRUCTURED_IDENTITY,A
MED-5b6c6dd9c8e36d747f8a156e,SRCM-70da594bc771389c2805c8bb,SRCR-29eed65fc02ec0fd88bc32b4,EXACT_STRUCTURED_IDENTITY,A
MED-5b8413ef8fbf8458f823afc3,SRCM-543cddbca56cffb4edcc0c30,SRCR-b17ab129feea1fee35c405c9,EXACT_STRUCTURED_IDENTITY,A
MED-5b87e077fee35c24af7ee683,SRCM-81f15d59b228630b71e078e9,SRCR-8bf5829f77d3379712bf2d03,EXACT_STRUCTURED_IDENTITY,A
MED-5bb3144ec2cfbb400da73790,SRCM-5170c2b895f28ae9b0cb447c,SRCR-3073643ac7506cdb4ee60aca,EXACT_STRUCTURED_IDENTITY,A
MED-5bc9708646f3afc8158ac278,SRCM-0dd5433d7dfa779bfd8400e9,SRCR-08a2dbebfb35451a1b345b30,EXACT_STRUCTURED_IDENTITY,A
MED-5be84063dd8b2d38db02bbe9,SRCM-ec8d4e4e12cc3c51bc6239a4,SRCR-0b829374752a69b2840793f5,EXACT_STRUCTURED_IDENTITY,A
MED-5bfa183cd476a4c8c5e3ae14,SRCM-5efd0b43fc1ce082336fedc9,SRCR-8dcb143a03d84eb9e3f14282,EXACT_STRUCTURED_IDENTITY,A
MED-5c0d611ec4e592d51a541576,SRCM-269cf9d96643ef60a5d3a3a4,SRCR-abd1cff19ab07fa767730639,EXACT_STRUCTURED_IDENTITY,A
MED-5c33d64e563863ed608e5b19,SRCM-50d20bf85674195050ce10af,SRCR-c1b4bbbb8f41b20bcd6c5983,EXACT_STRUCTURED_IDENTITY,A
MED-5c3ab3b93572bb6a9632ce33,SRCM-23cb60166366651da90f0739,SRCR-5edf530042a91b0358de24cf,EXACT_STRUCTURED_IDENTITY,A
MED-5c42f86d6db1396ec3078d08,SRCM-0e2f61ecb522e4e12c91a01e,SRCR-f1aa57ebbac0fe9fdcb57904,EXACT_STRUCTURED_IDENTITY,A
MED-5c55eb4ee9f98fe80a06045a,SRCM-289b302d54cbff83f70ab43a,SRCR-2132d6bad24ed364b0099256,EXACT_STRUCTURED_IDENTITY,A
MED-5c586cabb8c33189b55431fa,SRCM-20ca0151f69194b73c3ff05f,SRCR-d80caee38104c9255a965a11,EXACT_STRUCTURED_IDENTITY,A
MED-5c7086afc1b28dbf6d4f6367,SRCM-4592562a9a978cb4e7e3d7b8,SRCR-5fc238f17ebfc785e7d6281b,EXACT_STRUCTURED_IDENTITY,A
MED-5c75abaa7d0051c98ed7809e,SRCM-bfaeb00088a2855814eb3eab,SRCR-7353358b02df23f8f2102c13,EXACT_STRUCTURED_IDENTITY,A
MED-5cb3cbfb398dc07f8d1e5f50,SRCM-432945863f049f1487ac74f3,SRCR-988cf7a054738fa49f38ce2b,EXACT_STRUCTURED_IDENTITY,A
MED-5cb89f173002ac3d851d136d,SRCM-eeb32e29ee9caa4b1b5e8fe3,SRCR-fa934a1c58aa8a270e039c1d,EXACT_STRUCTURED_IDENTITY,A
MED-5ced4988d814a2b2a2e3a798,SRCM-0b5e6ff0f36c4d9ef7fb5c49,SRCR-f10c860bd825b3a8b447f1d0,EXACT_STRUCTURED_IDENTITY,A
MED-5d49ac5f1857ce19f17b28ca,SRCM-235b2ec838791f8c109d1730,SRCR-c2ac53260cbf98ccc341eb2b,EXACT_STRUCTURED_IDENTITY,A
MED-5d6cf8a4c8b2a407b7b585c2,SRCM-d7b7678af2a45ac5115c75d7,SRCR-f35f57e8f67a06aa71c5d27b,EXACT_STRUCTURED_IDENTITY,A
MED-5d8e54d40254d862cf5099b7,SRCM-05e1b2c410afdb49e56cbef5,SRCR-e9ccb88553a953862dd384d9,EXACT_STRUCTURED_IDENTITY,A
MED-5da47d3cec0a0de3a4706b83,SRCM-2eb56cac0a4be906a9b3ece9,SRCR-d34f3ece940dd60a7877dcd1,EXACT_STRUCTURED_IDENTITY,A
MED-5dc227bd1d70c0d4c43411f2,SRCM-e6a68446bc53bde52e24e343,SRCR-37e6a782829ff1ba7b8f0d39,EXACT_STRUCTURED_IDENTITY,A
MED-5defcea8515b551022106794,SRCM-9cf1c1e6936c9d3243782bec,SRCR-b824db5ddfb16b9b080e1ae6,EXACT_STRUCTURED_IDENTITY,A
MED-5e0e609c169fbce2a23eceb6,SRCM-b92c8e7be48e2a221f96caf5,SRCR-fff6cc0a96afa992f890cfb4,EXACT_STRUCTURED_IDENTITY,A
MED-5e56a0d1a2f7c53d4ac1868f,SRCM-7df514c6ded799b7df148cec,SRCR-bd0bcaef844c3246271885b9,EXACT_STRUCTURED_IDENTITY,A
MED-5e6d58b3e0701ee15b8b920f,SRCM-d87bd9b0ab1d7b2497bb33cb,SRCR-def1018aaa32585ca29a209b,EXACT_STRUCTURED_IDENTITY,A
MED-5e6dda702c592f3a7a465c7b,SRCM-c3104545d0c0d7cadb5d2400,SRCR-5fe431f5eca13c484f0bc52d,EXACT_STRUCTURED_IDENTITY,A
MED-5e914b78707251f848973f62,SRCM-d8a9e2cc36bb4d2bc7360dbf,SRCR-19141b2778405a2812fc3764,EXACT_STRUCTURED_IDENTITY,A
MED-5e99177fd745a6e4ece8025e,SRCM-53db99eaf77b5fabf6990d92,SRCR-88be9049d77a06e4a62761bb,EXACT_STRUCTURED_IDENTITY,A
MED-5eb4c9ff0f5861b2aff81e16,SRCM-91ccfa6e326a9485b9913db9,SRCR-cba5f1dfd38528de86e8d77e,EXACT_STRUCTURED_IDENTITY,A
MED-5ebb969a6402c12333234b80,SRCM-d3918a46903a014ce374a8d6,SRCR-34e389c5d9a9c731fa20f42e,EXACT_STRUCTURED_IDENTITY,A
MED-5ec7825730c09b45e7f0d3f6,SRCM-1c216ade1594bbcd1eee2380,SRCR-7516bd7d7c732bb63a6e2ffa,EXACT_STRUCTURED_IDENTITY,A
MED-5edf9f456183ee0c6a3ba843,SRCM-d79fdb0acafd90e8db8a4089,SRCR-186507579fcc131cf4c1ec49,EXACT_STRUCTURED_IDENTITY,A
MED-5ee34cbec6e8163334ef6559,SRCM-657284cc436b70063ad5f899,SRCR-1f7dcfd2b3d8bb260207db3e,EXACT_STRUCTURED_IDENTITY,A
MED-5ef2efeb965708944294dfde,SRCM-a585a9214fcdebdd57729b2c,SRCR-4707c93639d3034379cc7204,EXACT_STRUCTURED_IDENTITY,A
MED-5f2ab1539919e41c5757f7e5,SRCM-959e5110b8add6b73be700ec,SRCR-3667a9b1abbdae888053054b,EXACT_STRUCTURED_IDENTITY,A
MED-5f318dd1f40bc2ae68fed12c,SRCM-230500af7500c497af5013e8,SRCR-13c88671ae4f54fd117c8064,EXACT_STRUCTURED_IDENTITY,A
MED-5f3765173d273bf1a8e8fde6,SRCM-cc013af7ec88367345ea7c09,SRCR-10d320d4f34bb637d092edb6,EXACT_STRUCTURED_IDENTITY,A
MED-5f4b8f1d2214062bfae47094,SRCM-cace9f84be3bb5518952e3e4,SRCR-6da140c30fdff4387c1d81ee,EXACT_STRUCTURED_IDENTITY,A
MED-5f56de11239047fcc963c167,SRCM-ebb50bf9f2235b0ae34f6683,SRCR-16bb9964fd87f081e1acebe8,EXACT_STRUCTURED_IDENTITY,A
MED-5f588913bcf68912e006d692,SRCM-4c7a3648a7f33123e08bf230,SRCR-20b72dfda909e30204b1d566,EXACT_STRUCTURED_IDENTITY,A
MED-5f5a2fece0e2b6caecea7752,SRCM-36d4a0aacd1fedc862dd4017,SRCR-1a785292403a7606c6afe014,EXACT_STRUCTURED_IDENTITY,A
MED-5f5ff53fc602e58fa4200628,SRCM-eb0289a9ec890acd2faa1380,SRCR-9ee5770ce7d8213e8cefe7e2,EXACT_STRUCTURED_IDENTITY,A
MED-5f62e035993907a0e6020ef4,SRCM-1f169ce9e4c0d18963da741e,SRCR-33770a3e8cd25a9289414b98,EXACT_STRUCTURED_IDENTITY,A
MED-5f6f037ae75593d90df2811f,SRCM-08ab4e3dfd0261dcf945b22a,SRCR-29f174c39572f75a5dfbfb80,EXACT_STRUCTURED_IDENTITY,A
MED-5f8073cbfa8cdc1fcd403898,SRCM-b886ee5527e706c75b1a39bd,SRCR-7f7146b709c0658828f36711,EXACT_STRUCTURED_IDENTITY,A
MED-5f89b101b69a721b1a87807f,SRCM-f1d5f074a1454d4dd21cfc63,SRCR-94a5588d74271fe751e64292,EXACT_STRUCTURED_IDENTITY,A
MED-5fa7b4fa8002a3a17d348519,SRCM-45385245cddb1ec98480fb62,SRCR-1c791538c2c3ab4e0b7b5548,EXACT_STRUCTURED_IDENTITY,A
MED-5faae0aaffaba5a79960caa5,SRCM-cc7f6792c8110eeca0f03d94,SRCR-29d43bf5d0a71886a557584b,EXACT_STRUCTURED_IDENTITY,A
MED-5fc2333b09fcc2f6a0e8d244,SRCM-bad40918e4776e6778885c5b,SRCR-f319306e2d959774bb173005,EXACT_STRUCTURED_IDENTITY,A
MED-5fc2a712bab3166a3653f1ec,SRCM-1ba8f6f4d677baf164aeffc1,SRCR-54dedcdd349f8d72f89e693f,EXACT_STRUCTURED_IDENTITY,A
MED-5fd1dc63b5f640c6daf75951,SRCM-1324e4e5d63798de24a90df9,SRCR-2cfbc95f8f82dd1b1c5ff554,EXACT_STRUCTURED_IDENTITY,A
MED-5fe30d63c39464e9d23f46ca,SRCM-e20b8b61d397f5da422ccbc9,SRCR-826f4a0238104416d1c578ec,EXACT_STRUCTURED_IDENTITY,A
MED-60187bc3a5e792a6a71608bf,SRCM-8bdd1d0fb250dcd512c02fcc,SRCR-64057a7cb74dccf820943204,EXACT_STRUCTURED_IDENTITY,A
MED-6042586188d45affeb6ad702,SRCM-983f8e218359c4f8d89dc6e8,SRCR-c5d0e8bd778c08e06d7894c5,EXACT_STRUCTURED_IDENTITY,A
MED-60568d9d0393a624570ec5a7,SRCM-4d90bd001a49ba9515bf7daf,SRCR-ad70c98e633601010d482159,EXACT_STRUCTURED_IDENTITY,A
MED-608922339b496cdd537a95e3,SRCM-bb9c2c59b33e52ebd337d745,SRCR-49f235a9614cb3e13caee18a,EXACT_STRUCTURED_IDENTITY,A
MED-6089fd665ea1824fa7eb4875,SRCM-92b8ec10663d608a5523ab2f,SRCR-bc586cd0bddca1a132103e85,EXACT_STRUCTURED_IDENTITY,A
MED-60a6af391f77243cf2164518,SRCM-0554224d92f824d0ed0d9bd9,SRCR-b0e6211ee460904383f1f500,EXACT_STRUCTURED_IDENTITY,A
MED-60b97ea7ce0f5a071d3509d1,SRCM-35a6ddcf1bcbe74663d08e54;SRCM-9dea0c2691a42ec4761d4e45,SRCR-0df78e01836fa17cf9e4f979,EXACT_STRUCTURED_IDENTITY,A
MED-60c9f12703f4de0f4e626dad,SRCM-9d57091da8163d8180f78f2b,SRCR-590ec74c16c46e506094c20a,EXACT_STRUCTURED_IDENTITY,A
MED-60d8f36063f2752b998230e4,SRCM-f5895a22fee527599b44afc7,SRCR-20836b55ca388a181ed7dbe4,EXACT_STRUCTURED_IDENTITY,A
MED-60e5437b7cd030a209a427f0,SRCM-630a6183abf219d6e00c3d97,SRCR-f6e661a461a38f8ca33acf5f,EXACT_STRUCTURED_IDENTITY,A
MED-60f23112ffabd4518a611f37,SRCM-b908454c074a4b12c111f463,SRCR-e6c2824c8e79d62600c90ecd,EXACT_STRUCTURED_IDENTITY,A
MED-610aea7ca7bed2c0e5554d4b,SRCM-6b8e1c8082f4e6789093bcd8,SRCR-9710467b885f848828016e44,EXACT_STRUCTURED_IDENTITY,A
MED-610e75162f78518ef03e35cd,SRCM-5ce2742ded95b24620ed214d,SRCR-fdc2be5b86f4fb5193474ded,EXACT_STRUCTURED_IDENTITY,A
MED-612e36ab5af549abd2766cf6,SRCM-ff1a7ec39ece6444ef956b07,SRCR-cf68def0b607385f13baac5e,EXACT_STRUCTURED_IDENTITY,A
MED-613874bec0f78f4c7cea92a6,SRCM-eff9c7422b66b7daf607c87e,SRCR-c827e39d4208298cab60e85d,EXACT_STRUCTURED_IDENTITY,A
MED-614a19fac55d30776a78b00e,SRCM-c53a7418ca7484226e839446,SRCR-509d45c8f78c8aa88adc3b59,EXACT_STRUCTURED_IDENTITY,A
MED-617ece94f18a1e63ba66b535,SRCM-be8775caa2a1334037799c1a,SRCR-b9ca20c67d98319d0a69aa09,EXACT_STRUCTURED_IDENTITY,A
MED-619fafedeba1b874f1d92540,SRCM-853b2aacfd7d40ad1a01d059,SRCR-7faa7345bbf94fdf72da082f,EXACT_STRUCTURED_IDENTITY,A
MED-61a93534375d02445efaa9ef,SRCM-df24d7fdcfeb8dab0107058f,SRCR-e601a4a0e5d258dcdd7cdebc,EXACT_STRUCTURED_IDENTITY,A
MED-61af37aed517d494f8d126d2,SRCM-d35732b636e2db9a573e2bc4,SRCR-83a27a78243a7641fb1062ec,EXACT_STRUCTURED_IDENTITY,A
MED-61e38732348a26fef268df37,SRCM-f6d8fd3a16ed79e0a8218c98,SRCR-2b31833eb83739b87f575cf7,EXACT_STRUCTURED_IDENTITY,A
MED-6217c51b57f330be4c7963f4,SRCM-50ba1cfebb6f9ffb52ffcb39,SRCR-9734e0dfb876f28fd1048a89,EXACT_STRUCTURED_IDENTITY,A
MED-62245b7deac2f04ebb087de7,SRCM-2ca4a66ad5d7f01784153024,SRCR-dfa75c3cd9a7ff92a91ab2cc,EXACT_STRUCTURED_IDENTITY,A
MED-6224de56c3cbb3755f4fbe0c,SRCM-d2427dc73b58c526ca44514f,SRCR-e5e4af522b2dc347f3f05fcd,EXACT_STRUCTURED_IDENTITY,A
MED-6225d76f3515d2b663190c75,SRCM-de2a5c2f5bc5e3136b3b6cbe,SRCR-dbfabf53a3f5368acd6c3d85,EXACT_STRUCTURED_IDENTITY,A
MED-623a32c25377293c1b1559aa,SRCM-7f609c0a91baee1a6fe639df,SRCR-53b25c5c9241ee6fa5a22dda,EXACT_STRUCTURED_IDENTITY,A
MED-623f90321e74e108a424aeae,SRCM-f46b079b3a36456ddcb2274a,SRCR-7481051afbb56c02e5e4c727,EXACT_STRUCTURED_IDENTITY,A
MED-6249e018694c30d215926e02,SRCM-26481dabf6dc9b27fda3c364,SRCR-373b3149d40327ab7865a133,EXACT_STRUCTURED_IDENTITY,A
MED-624c59a93cb28c83bb0e71a1,SRCM-b9a6e66467f7b02a8d6c7030,SRCR-755be2f08b617d6a943a4db5,EXACT_STRUCTURED_IDENTITY,A
MED-62795763f662e2f4e70e06f9,SRCM-e310608581dfd569f9c7739a,SRCR-cb753202f222fa947203fcb8,EXACT_STRUCTURED_IDENTITY,A
MED-6282b6dc09e3eb358002adb8,SRCM-fe120937c199832d5cb4f5f0,SRCR-e2821d7a87187e545b19d5ce,EXACT_STRUCTURED_IDENTITY,A
MED-62905aad7e70fed17451f7f1,SRCM-9bec42f283dd66e11926a9ea,SRCR-28a6bd195b218e7464cddbd2,EXACT_STRUCTURED_IDENTITY,A
MED-6291926cc2b2d4821d9ff815,SRCM-eeeb2571d34c0c131b9dc494,SRCR-f47f0bdf7f11c5b899f657f3,EXACT_STRUCTURED_IDENTITY,A
MED-62979a3434021ed3d8424eb7,SRCM-e6c6dcd4a4cd3e47abca43a5,SRCR-a2a266570a77cd143f2ab8fa,EXACT_STRUCTURED_IDENTITY,A
MED-62af5ef2e2121e7a3b0f6016,SRCM-76e0000ae20988cebcce1c1b,SRCR-89a2f056b61f3b48b1001312,EXACT_STRUCTURED_IDENTITY,A
MED-62bab8858a099d1736b7fda3,SRCM-35ca30fd08d0ed74234be9b0,SRCR-6ff46635eabe5beaf9cff39b,EXACT_STRUCTURED_IDENTITY,A
MED-62e3d965176593c4fd6b7a39,SRCM-4ca293c836b2e2cae42b875f,SRCR-1b9dc13f124b5fad508eaa24,EXACT_STRUCTURED_IDENTITY,A
MED-62e631e7d67868f65708db59,SRCM-78255ed3c6d5b1ab8a526952,SRCR-e2501c8ba73c2eaa25d4c5de,EXACT_STRUCTURED_IDENTITY,A
MED-62f027e1f17836f7d35a0af4,SRCM-d3089413492d9ae9857cd4af,SRCR-cd62d197b4f27ebcff0c37e2,EXACT_STRUCTURED_IDENTITY,A
MED-62fcc4080d84086e3f29d0a4,SRCM-1b31c08062b9d00108430604,SRCR-8247319b57a9e343eb2baa64,EXACT_STRUCTURED_IDENTITY,A
MED-6301eaabac34a17fa2a7f553,SRCM-22546c681f9cb5ee7cf15e19,SRCR-aa5a518f0464b9b2ab84fd08,EXACT_STRUCTURED_IDENTITY,A
MED-63260f9664fd1f45ef373470,SRCM-bdb5d7d65b2f26c1c65df288,SRCR-9867c15d281b7c242cf40edd,EXACT_STRUCTURED_IDENTITY,A
MED-6345cef8c4b1e7aa1241b1c3,SRCM-dde4e1ec889dae605bfe1503,SRCR-d1e6e40bba795318a63d772d,EXACT_STRUCTURED_IDENTITY,A
MED-634e69316203e7d1d31da368,SRCM-1ba7bf51b444b0c3f914c31a,SRCR-693900ab4bdcdcfdf9907842,EXACT_STRUCTURED_IDENTITY,A
MED-635ccae7531b8fec7faefd2b,SRCM-54907b311765d7f79b33eab7,SRCR-bd4dfb703edab9a8dbc667ef,EXACT_STRUCTURED_IDENTITY,A
MED-6399e610ff8b999c29a5e5c0,SRCM-6a222508831121aca0827762,SRCR-a0aa8f31c1717b38731977d4,EXACT_STRUCTURED_IDENTITY,A
MED-63b10635b64d1d1c6f065882,SRCM-c546caa6817010e88f9ad90b,SRCR-012cadc53b5545dba80d820b,EXACT_STRUCTURED_IDENTITY,A
MED-63c5856ffc95f90df9ca8c01,SRCM-6e8fdd6d94455abc48f7a00d,SRCR-02c4eb8e1e54fbd55f646fb3,EXACT_STRUCTURED_IDENTITY,A
MED-63c6e94c1afed3f70152ead1,SRCM-29476b15621e5d0fd9cca692,SRCR-2876a3c17140e3d17c95c9c5,EXACT_STRUCTURED_IDENTITY,A
MED-63e86170614379136e27b303,SRCM-cfb68e0c861cec10abe1d9c9,SRCR-fc0e92d3bbf94995671a4eac,EXACT_STRUCTURED_IDENTITY,A
MED-6407068d862866d8204c5d76,SRCM-3701869717ac2538aaad9ca8,SRCR-0df8bb8257dcf4491e31ff0b,EXACT_STRUCTURED_IDENTITY,A
MED-640e7049f3621a09fd6f0398,SRCM-c62c9c98d98c9dc1b999d799,SRCR-88fa45d75a2b1d15c97c8444,EXACT_STRUCTURED_IDENTITY,A
MED-64202aafc8254919b647ef29,SRCM-e9fcdcb5ef8838c6f01b610d,SRCR-353749bb32f869b234831b17,EXACT_STRUCTURED_IDENTITY,A
MED-6426aeea19f26a29b8d8e65a,SRCM-702837d21a76f1f8c7d4214f,SRCR-c50c322bce9cb2cc7d5b5f61,EXACT_STRUCTURED_IDENTITY,A
MED-643a5004c42c111911c9e919,SRCM-2735df96dc53f15137b35459,SRCR-ea1095f6ac0334f360d6dc3e,EXACT_STRUCTURED_IDENTITY,A
MED-643b326f7228fb4055c16e2d,SRCM-4daf469b0fb7968d2d214b1b,SRCR-448e415b18c8d7ac0b5fba9a,EXACT_STRUCTURED_IDENTITY,A
MED-644221546c3bf923066e1527,SRCM-be3ff45095242756c898b2f5,SRCR-c065361a2a1b2e25eba79b68,EXACT_STRUCTURED_IDENTITY,A
MED-645769a1bee71b15d1619792,SRCM-369b7ad4a1967a034ad410aa,SRCR-a85232ace3d468e331b1403d,EXACT_STRUCTURED_IDENTITY,A
MED-646779a36177743b98a1f8b9,SRCM-a3fcf9fc4e608e08c740c2fd,SRCR-6d50ec35200d744753c40283,EXACT_STRUCTURED_IDENTITY,A
MED-646b258499124ae08f10fb8e,SRCM-9327a01d9a2861f14971e886,SRCR-a876026634af68843e044efe,EXACT_STRUCTURED_IDENTITY,A
MED-647a3a2d85e672d6dc238766,SRCM-47ec4ecd3bf48dea3ff5b7d4,SRCR-f99e6ef828e1eac72a7c6f09,EXACT_STRUCTURED_IDENTITY,A
MED-64884489690da2b7ee49fbb1,SRCM-7253a7f29abebd2f4b4408ab,SRCR-644c444895f7c4e0f45398e2,EXACT_STRUCTURED_IDENTITY,A
MED-64a85e3525851e5e86e5a34e,SRCM-5a206457e18e834cbcde5580,SRCR-f0bbdc2a6342de43dcf246c7,EXACT_STRUCTURED_IDENTITY,A
MED-64b0777c6655d5f76e4eb7c1,SRCM-75e25e95b3603def1c678b1c,SRCR-892871e935ae6179338c9c81,EXACT_STRUCTURED_IDENTITY,A
MED-64bb719ffa1f4c28c053491c,SRCM-893276bfb3df7beeb91498df,SRCR-9b5cca44bbdc3afd3932c0ec,EXACT_STRUCTURED_IDENTITY,A
MED-64e91df75d806395a8311997,SRCM-df194ac13af5e266af2bf9a8,SRCR-77182e236d34ee63e886640e,EXACT_STRUCTURED_IDENTITY,A
MED-64f19048fbbde61f0b0a1232,SRCM-a3b720744b055ddf349a46d5,SRCR-7c9fa6c90c2075ac8e98e889,EXACT_STRUCTURED_IDENTITY,A
MED-64fbcc3f6feb7fc4581ea237,SRCM-f27ee06902f7d640c0ab4bb7,SRCR-b8af69c2bcdb7c897fb1f0ee,EXACT_STRUCTURED_IDENTITY,A
MED-65083aafc4a9ba4349c0823b,SRCM-0562b9366f00f9a2c1c52a2c,SRCR-0c7ac238d1ad1f873d9ee975,EXACT_STRUCTURED_IDENTITY,A
MED-650a743da1bf28144e669ec9,SRCM-124e7014ac82a724990b1c81;SRCM-e8252b2750a493f2ffbdf2ce,SRCR-bcaea24a8c4625557c9b30df,EXACT_STRUCTURED_IDENTITY,A
MED-65178f25728a19bea1d60903,SRCM-acc86a6c3a7e7845b4103bc4,SRCR-9969445665f186895ffc4694,EXACT_STRUCTURED_IDENTITY,A
MED-652dc531ca5e801f7096620d,SRCM-c151412ff4d1af7b7e5bf828,SRCR-582d308c1cc80798f3a837df,EXACT_STRUCTURED_IDENTITY,A
MED-652f2947b55eb77f5fd7eeac,SRCM-22ad2b9b44e68128272030f1,SRCR-74b4c49aceb708b359630c75,EXACT_STRUCTURED_IDENTITY,A
MED-6538494ecad2bb0c420ad9b7,SRCM-65ea92e2636288fbf6f654c6,SRCR-480ccf339aa3b188b77bcb4b,EXACT_STRUCTURED_IDENTITY,A
MED-655098c5a90187e379ffdda5,SRCM-b160e8e0355e5eae3a677315,SRCR-df95b4b5413aec263024f58e,EXACT_STRUCTURED_IDENTITY,A
MED-6570ce365d6787cbdc1de2f6,SRCM-e80a147d1cee9ccd61561a44,SRCR-e2eae6cd1e2b8d95c6653d71,EXACT_STRUCTURED_IDENTITY,A
MED-6573aaf6e6bc2bb4ac34e09a,SRCM-7327567f85f30275b9be1ca5,SRCR-6ee7c0c211f4d29da47c819e,EXACT_STRUCTURED_IDENTITY,A
MED-659546258630ede786a0066d,SRCM-1b70c66c711bf8ed7760bcb3,SRCR-26807ac157103d12e31bd731,EXACT_STRUCTURED_IDENTITY,A
MED-65b4c266ea27da546ae43cc8,SRCM-9fac7eed062277ed7a753f4e,SRCR-7f5fd3b44e2c0c3cd6130a53,EXACT_STRUCTURED_IDENTITY,A
MED-65e8b65cf21d89f0f76fcc69,SRCM-25d78c6c75e372a0e90c235a,SRCR-373fa6a7bcca3e2059702c42,EXACT_STRUCTURED_IDENTITY,A
MED-65f19d94943f4bf0214bacae,SRCM-4f2d57a982329d1adff3add4,SRCR-2634df16358f0d4d77620a12,EXACT_STRUCTURED_IDENTITY,A
MED-65f4cc2afc4ff72fe2bc8b07,SRCM-4701c509eb71c13635f26197,SRCR-57199a6e7aa4dc48d29ba8dd,EXACT_STRUCTURED_IDENTITY,A
MED-6634d1c663649d052e31b3bb,SRCM-e2f3f0cf9abf94158e1e66c0,SRCR-1aa56e36fd775bf8271e488d,EXACT_STRUCTURED_IDENTITY,A
MED-66370131e0817b4e65beddc7,SRCM-49e0c696a9a1ecbed8cd87e4,SRCR-66a80fd559db3c15727ddfe6,EXACT_STRUCTURED_IDENTITY,A
MED-6639340055843ceb00d866c2,SRCM-d6159deed3b2b3018de90b0a,SRCR-22bba8412d324dbb4d340719,EXACT_STRUCTURED_IDENTITY,A
MED-663d73de9702868077fa68f7,SRCM-616f55ec99bfd2ca973c5fb8,SRCR-68832fc38bc51b66ad125ff3,EXACT_STRUCTURED_IDENTITY,A
MED-6644999a4dd98c50f096d7b6,SRCM-2df031f66b72fd5912d9084c,SRCR-f1af82bf6db180bec9bba7ab,EXACT_STRUCTURED_IDENTITY,A
MED-6663b60fcc2a7835d34b3bb4,SRCM-898279f3a20924fcc7966c86,SRCR-74ca788d87251161e00da8d3,EXACT_STRUCTURED_IDENTITY,A
MED-66652160c12a6cd59a955ac9,SRCM-a6372e4969a3b5f5843efb4c,SRCR-027836f32d9946ccdbd47d06,EXACT_STRUCTURED_IDENTITY,A
MED-666e572a621d6b77c58de512,SRCM-34bd0bb0e6266814c1d695d1,SRCR-9e3aebd139eafc7f41607e5d,EXACT_STRUCTURED_IDENTITY,A
MED-668afc54007c35977e992cde,SRCM-8f9a84f99a21c0daa018974a,SRCR-3cbdceaf0313b5617048d0e8,EXACT_STRUCTURED_IDENTITY,A
MED-668bcd57ad3c1da4d102b577,SRCM-ec273b455fe91efc5f408ed8,SRCR-6b2a89628a9c79fc3b5fc5bc,EXACT_STRUCTURED_IDENTITY,A
MED-668db78120552146d91598eb,SRCM-ef125e711bd3db281dbfea27,SRCR-202818f90ee807fdb6555929,EXACT_STRUCTURED_IDENTITY,A
MED-66994c957278c29885a4d5e2,SRCM-da48f0f25df8a0a2bb7a7474,SRCR-0a67fd306a216cf598e639c2,EXACT_STRUCTURED_IDENTITY,A
MED-66cc1b46bcf81c4f209734dd,SRCM-d8d5ad0fe2bea1fe015ca475,SRCR-98d7ebf146ac648e071470aa,EXACT_STRUCTURED_IDENTITY,A
MED-66d50cf7d246c9e6938b2ffc,SRCM-7f926dc3b6bf30bc61ca5508,SRCR-7886990662e3dc0f2bb3dfb7,EXACT_STRUCTURED_IDENTITY,A
MED-66f20d78dcd51c77e9715b4f,SRCM-c88dda1d5e98c8936d57073d,SRCR-a488dd39e386d6f73776be01,EXACT_STRUCTURED_IDENTITY,A
MED-670297fa4e99e67cd87d998f,SRCM-6520dc9f958e1e87005b19e2,SRCR-275f1ac2d3cbe2cbe520d5b5,EXACT_STRUCTURED_IDENTITY,A
MED-6707b037f426bef741c64e5c,SRCM-eafcc66d8fcac00dd96a3faf,SRCR-2c410e00009ca30e6c044dce,EXACT_STRUCTURED_IDENTITY,A
MED-671487201617151f9f4b6084,SRCM-ebc354899453a090c7a621a2,SRCR-fc77aa33f053988cfd6d0bb2,EXACT_STRUCTURED_IDENTITY,A
MED-671f15ff40082de62c7a5a04,SRCM-2b52536f0af20c536fbcd5c0,SRCR-ceefe5f5703b46abd7ed6112,EXACT_STRUCTURED_IDENTITY,A
MED-676091f59698f05d5030c816,SRCM-6eaf966d3a56596067c7904f,SRCR-a54d2255edddc95000e94b5b,EXACT_STRUCTURED_IDENTITY,A
MED-67683973e179be21322ec808,SRCM-5a82fc65757c6b2517fb6571,SRCR-dd8a57d45420b506762b336d,EXACT_STRUCTURED_IDENTITY,A
MED-677eb740df51003a9ac1f87c,SRCM-f9448aa3b2f4c90aac9b3469,SRCR-8dbdf28b63a5e4b7efa65464,EXACT_STRUCTURED_IDENTITY,A
MED-6790faf202cc9880013793f4,SRCM-4d24de565da903a96c1c9b29,SRCR-ddca9e8457c488a70352274a,EXACT_STRUCTURED_IDENTITY,A
MED-67931f868560377ef5317bc9,SRCM-8ad2f7cad75ae3cd7311f5bf,SRCR-d48889de27d11ad692440406,EXACT_STRUCTURED_IDENTITY,A
MED-679456ae65f1c859d8fdfae3,SRCM-7c862ca68e2be709de630440,SRCR-e5a8b126e07d8383f2a46e9e,EXACT_STRUCTURED_IDENTITY,A
MED-67af8ec19762bfeca914f5b6,SRCM-97a404520b58fa19faa6ed60,SRCR-babe4fc4cf84caca9d52e5ca,EXACT_STRUCTURED_IDENTITY,A
MED-67ca2c4cf69f9a50efa68a05,SRCM-29fb51113b67e3e0c053550c,SRCR-3a6533795457a5f867607809,EXACT_STRUCTURED_IDENTITY,A
MED-67d74e307aa4b5d4d96a4ae4,SRCM-1ffd0a15258403fa502c6413,SRCR-ebe6c0741be8afbc1f1fdb8d,EXACT_STRUCTURED_IDENTITY,A
MED-67f02dabd1099c2cc86ef5c7,SRCM-5cb575dace26c9de6c9b7e8b,SRCR-e14d9e674b1056005416a6d0,EXACT_STRUCTURED_IDENTITY,A
MED-680abe957bab9c41ddb20d79,SRCM-3e6778c110d435aa50d4a497,SRCR-e8c2ac53be1bebecd24c2279,EXACT_STRUCTURED_IDENTITY,A
MED-6826611f647a06f796bac610,SRCM-5ecf47a2910ce598da757976,SRCR-addc8ae69026d8514576a6ff,EXACT_STRUCTURED_IDENTITY,A
MED-683101c6024b00cc7c368ae8,SRCM-d2cdc66ad3f2a7a453cc2c06,SRCR-d81239ead50f745a18d15347,EXACT_STRUCTURED_IDENTITY,A
MED-683312682d8aea6389cd2ea0,SRCM-2a4751188978c84367bcd5be,SRCR-f7949e12086ce4a0f5735356,EXACT_STRUCTURED_IDENTITY,A
MED-6862da9df184166b44a9b9e9,SRCM-4b0f5f02a13c6e662cd04b7f,SRCR-4e7d3cc743560878c006dd96,EXACT_STRUCTURED_IDENTITY,A
MED-68724572d720228b2d0757cd,SRCM-d178841b17d7a4a3e0130de0,SRCR-a45994859a5f57c2f67e9368,EXACT_STRUCTURED_IDENTITY,A
MED-68aa4ea3bcb798cecf3de9cb,SRCM-d21d04eac29e7080bb69e5a1,SRCR-fe709fc4295ccac6ded5b87a,EXACT_STRUCTURED_IDENTITY,A
MED-68b136600c7731aca30049cb,SRCM-b25f239275d1330d50631a55,SRCR-11b0d0abe1f28406411646dc,EXACT_STRUCTURED_IDENTITY,A
MED-68ba9f97b60d9cbd3a7fb25d,SRCM-2bffe8e3cff21d9723c86ff1,SRCR-666616fa4d149f1cad7ceb9a,EXACT_STRUCTURED_IDENTITY,A
MED-68c70c90c0e86c956201760a,SRCM-dffaf7e0dacb42f0bcf2e92a,SRCR-48a957ae60ce402c5099320d,EXACT_STRUCTURED_IDENTITY,A
MED-68d49e67cbb47673b3130775,SRCM-2125d854fe4f31a507e99c0c,SRCR-992703db3a05d117f74f512c,EXACT_STRUCTURED_IDENTITY,A
MED-68dd7987f4fa76fa25b2b7a6,SRCM-d935c770d1e48af70e0e8485,SRCR-2f9c80c6e277ccb2de11fe3a,EXACT_STRUCTURED_IDENTITY,A
MED-68ddaef94b4bf829746f8f15,SRCM-afc0aa0eece813e904b4b3f2,SRCR-0cca6d36b3cdcf91f9a2b52a,EXACT_STRUCTURED_IDENTITY,A
MED-68e27727280685d465b21469,SRCM-c2f09713bdb80a20fecd043b,SRCR-e97af7367841b54c5c0b4399,EXACT_STRUCTURED_IDENTITY,A
MED-6914cfc339db672e24de4cfc,SRCM-7e2139609ff84314c6974c29,SRCR-df6e969106399bf194d7fc22,EXACT_STRUCTURED_IDENTITY,A
MED-6967d932927216296f624740,SRCM-343825a2b5354e634fb80aff,SRCR-c5691399b782ef93e8923e77,EXACT_STRUCTURED_IDENTITY,A
MED-696a7d2f555693c4db266ac7,SRCM-fe589b459cd5865dccf91e45,SRCR-77dbef356a71903da2859dfd,EXACT_STRUCTURED_IDENTITY,A
MED-696c65e717120d7a6758ba89,SRCM-fdc2914f678cb4e0c7ad955b,SRCR-fd9f9018374919c7dbcebaf3,EXACT_STRUCTURED_IDENTITY,A
MED-6976952dcbb8dbab670de5a0,SRCM-f2bfbcc3ad790858a166f688,SRCR-59c1571a1aae1fefd83af8fa,EXACT_STRUCTURED_IDENTITY,A
MED-697b64468e4b196080684d55,SRCM-8872ce04aad01a2f7e57ef81,SRCR-bedb1ad3354596a9fb4fae59,EXACT_STRUCTURED_IDENTITY,A
MED-69850b9f64475aa2b4c1eaa1,SRCM-4bd53b14476414491c247c37,SRCR-be294c6d5e140e72c10307f9,EXACT_STRUCTURED_IDENTITY,A
MED-69a922474c020b13610c2e44,SRCM-42c8bd558551f67b4f699749,SRCR-0a59ffb6dee3e5de18a32182,EXACT_STRUCTURED_IDENTITY,A
MED-69af9c2b23b1680f23b9c079,SRCM-33aa14624492dc5229316a07,SRCR-74514ebf04a804a69b4df290,EXACT_STRUCTURED_IDENTITY,A
MED-69b18318997f432bc3a47d3b,SRCM-177f5c7208a961cc5d000de2,SRCR-da451423baf4427ec804aa64,EXACT_STRUCTURED_IDENTITY,A
MED-69c43f7ce7617c7384688784,SRCM-c3ccfdd558c4b05aa8963a4d,SRCR-02cee8698e2b77dddbcd9193,EXACT_STRUCTURED_IDENTITY,A
MED-69ce1f12a0bbc804c00c7f37,SRCM-8cb0cd758ec72c32d0e4792e,SRCR-132da106f04e752c713376a9,EXACT_STRUCTURED_IDENTITY,A
MED-69de6e248c8e10e8869bd226,SRCM-d56b3700cdc693d5a8410f70,SRCR-05cf01abcf1f2e1b6f7f4493,EXACT_STRUCTURED_IDENTITY,A
MED-69fffe8d820b2f56dd4ba01f,SRCM-500f8b2045beeceaa69ec064,SRCR-f223939c1c244bf53a027e0c,EXACT_STRUCTURED_IDENTITY,A
MED-6a0b74ffade3f24b6208e94f,SRCM-2d69ca5daf734caa8030ad7c,SRCR-1e90a9c970c5d69234859907,EXACT_STRUCTURED_IDENTITY,A
MED-6a1e39d2377effe1f8609515,SRCM-2d07da7235a600cfaf600f99,SRCR-158fcefb229964fa9d677f78,EXACT_STRUCTURED_IDENTITY,A
MED-6a21a69a19728b61a7a8ef2c,SRCM-4e7ab53272ab586899a4cc95,SRCR-f35d800a5a03159fe8d6fd68,EXACT_STRUCTURED_IDENTITY,A
MED-6a2ffd987b1a4945fe1b23bb,SRCM-ccbd56e4da23f65ad069a277,SRCR-606c1f901486868833c9b67f,EXACT_STRUCTURED_IDENTITY,A
MED-6a79b0cae40da13624b72476,SRCM-de9aeb78fea601ab6fff991f,SRCR-c81a2221230ce7c49c539e6b,EXACT_STRUCTURED_IDENTITY,A
MED-6a859f236dfa997971de3367,SRCM-2b0a886ffe300748071c1ba5,SRCR-e72b375d8b32bb91229a4132,EXACT_STRUCTURED_IDENTITY,A
MED-6ac41c46706da9d3748f1c48,SRCM-5483ee315cfcce3f236f5da4,SRCR-2d44ca155e08b5cdb7add90f,EXACT_STRUCTURED_IDENTITY,A
MED-6ac50517aa42aec55eb12131,SRCM-e069c0eab42c37d1b9c923cf,SRCR-cc4f2ef2a672a7aad0e94480,EXACT_STRUCTURED_IDENTITY,A
MED-6ad84b13213c451ce932733f,SRCM-2b286996749a1c86d3edb39f,SRCR-32983604e34e9e27bff2734d,EXACT_STRUCTURED_IDENTITY,A
MED-6b165683712a4e5b6a3edef7,SRCM-32582b3e20acba262660bbcd,SRCR-677dd20f643d931cb597e586,EXACT_STRUCTURED_IDENTITY,A
MED-6b3ecd0c9b4be4e0c5e53a43,SRCM-8849597c5d7acaf7ab0378ed,SRCR-0f91df08c5b05d29ffd0e0ea,EXACT_STRUCTURED_IDENTITY,A
MED-6b4204281b94d3527fdd9bef,SRCM-6dba41dedc39cfe642e21692,SRCR-bf62af8eb688a4645fa7995b,EXACT_STRUCTURED_IDENTITY,A
MED-6b4dfaebc568e6293821ec13,SRCM-708cfe47e91cfb7bbe81b42e,SRCR-7c5de2a91d8a61b29c06bf30,EXACT_STRUCTURED_IDENTITY,A
MED-6b5bf93fd8b2e76211831f7c,SRCM-c5b61316da2aebd9ca51d3c0,SRCR-02d6df6c0371c97b91e54097,EXACT_STRUCTURED_IDENTITY,A
MED-6b5ec7a567c9bf646897d234,SRCM-1fb1b288da6045b525572746,SRCR-8d06f8836e73cbe04c0e5967,EXACT_STRUCTURED_IDENTITY,A
MED-6b6876a307dd4936c6608002,SRCM-217a557af2337db98e42120d,SRCR-1538b0241dfb8cfbcda7001a,EXACT_STRUCTURED_IDENTITY,A
MED-6b8f832f847aa9ed8765443a,SRCM-b727c5fb06d0de516907e904,SRCR-e1d6fe2d6323fca19aabd0d2,EXACT_STRUCTURED_IDENTITY,A
MED-6ba78f0ad90851d70e23a70a,SRCM-fc363b440c81ab7fd1824499,SRCR-78c9d9ad4f04d2ff2d7c102e,EXACT_STRUCTURED_IDENTITY,A
MED-6baedc43487bb0143a2b2c20,SRCM-181cca13acaa80500c5fae1e,SRCR-f50970d6f398b1260eaf7cca,EXACT_STRUCTURED_IDENTITY,A
MED-6baf335ef727a115ada47eae,SRCM-c108179f519d589d174c62ae,SRCR-235527995a30fa017276c36d,EXACT_STRUCTURED_IDENTITY,A
MED-6bbff8b27d3378bf2c1f3767,SRCM-1992c01f18dfa7834a6784b4,SRCR-817edc32f2f556156f648cdd,EXACT_STRUCTURED_IDENTITY,A
MED-6bddbf5e00d63c83feed0d1d,SRCM-a0a0a84a13b726db20a3ab77,SRCR-5a5f1086de4dbdf2a6bcbeb6,EXACT_STRUCTURED_IDENTITY,A
MED-6c04772a3ddf465ecafc49ae,SRCM-cb83e4570cc41929fa14d605,SRCR-0e4c646538b87d1ebc398b7f,EXACT_STRUCTURED_IDENTITY,A
MED-6c0a43c9f37486ce6795d64c,SRCM-ad8145a8bd7bede7c9f3c6cb,SRCR-ebfa6e6204350d864646a029,EXACT_STRUCTURED_IDENTITY,A
MED-6c0b9a7e31434c79c2f8b658,SRCM-fef089341d10b6123bcec8ab,SRCR-5c2134e0d287977d47a2bb04,EXACT_STRUCTURED_IDENTITY,A
MED-6c0d858fa0c8d0578f222fa6,SRCM-a06c6d5c285f9a112ab941e6,SRCR-ca4cda22b476a0ea8ccf1c3b,EXACT_STRUCTURED_IDENTITY,A
MED-6c0dcf50888900aad18bf576,SRCM-450f4c99dbfaccb124a05dc3,SRCR-e92506f650590bf53edbb0bf,EXACT_STRUCTURED_IDENTITY,A
MED-6c12e7867c442ba5c188fefc,SRCM-834df3835a4834d2c5557fba,SRCR-990f3b5720d2a3a8b21c7580,EXACT_STRUCTURED_IDENTITY,A
MED-6c149326353fc59a5ec52387,SRCM-da8353d14dad7d20142dc85a,SRCR-86ddfcd3a3df097f30a10f6c,EXACT_STRUCTURED_IDENTITY,A
MED-6c236acdf880a0654f624da1,SRCM-6b1d986a24c4d02872abe21c,SRCR-f034b6c712f5a9f01cecf0cd,EXACT_STRUCTURED_IDENTITY,A
MED-6c2ec892928904579355faf7,SRCM-f80e78b3f2b3ce8c730b8397,SRCR-c6afa2ff6f865a4a4bd62672,EXACT_STRUCTURED_IDENTITY,A
MED-6c38fa4c84afb06243988622,SRCM-c46fde4bec5f5a6553588abf,SRCR-731e08f754a71130c5e44b5d,EXACT_STRUCTURED_IDENTITY,A
MED-6c47e01bfa4886afb2f2f5ef,SRCM-39736823ba86149f69fe6675,SRCR-d0beccb8f988582e5eafd5bb,EXACT_STRUCTURED_IDENTITY,A
MED-6c4a5fe4206f4d8121a18b44,SRCM-39313b4505cf1ff23cd4a20d,SRCR-52d4b9d9978a8e5564ef682e,EXACT_STRUCTURED_IDENTITY,A
MED-6c57bed9ac3702c74acd3b2c,SRCM-2379c759dad96a5e9dfa0080,SRCR-e781734af0ffa1bc483344a9,EXACT_STRUCTURED_IDENTITY,A
MED-6c5c5cc34c00dac61116002e,SRCM-bc637307eb1c9247ec88e16c,SRCR-c8f22fbfec5937a7344294cb,EXACT_STRUCTURED_IDENTITY,A
MED-6c5f83f2f3ada8b53dad1c37,SRCM-7d9f790c1652b197883dd111,SRCR-4af981c80435efcf69f33bac,EXACT_STRUCTURED_IDENTITY,A
MED-6c6555768f477343582972c9,SRCM-f24880edd10c8093747fe216,SRCR-8ddb8318df556b77e90eba88,EXACT_STRUCTURED_IDENTITY,A
MED-6c76b3a57baaae4f793ca100,SRCM-46732197b0a6492b4a4ad386,SRCR-df07fbd7039920bbfa6c6aae,EXACT_STRUCTURED_IDENTITY,A
MED-6c796befe7ef8d24407a833c,SRCM-4ba0309e8dc738f692b47c5f,SRCR-1c68794e4eda5aaf52476af9,EXACT_STRUCTURED_IDENTITY,A
MED-6c864ed19a2245e8e73a753f,SRCM-1b944f53f9d472c02c7baed9,SRCR-43322a3aee1e23348cc43ae9,EXACT_STRUCTURED_IDENTITY,A
MED-6cacf1ffc720d7b3ef13f33a,SRCM-f3e8c49347f8208f49342515,SRCR-b7dfbb14798a9929c270645f,EXACT_STRUCTURED_IDENTITY,A
MED-6cb8c0290996b2d95e0e30d7,SRCM-58d5e89159a8c9ac5956734d,SRCR-47cd38b6a373580e49b91487,EXACT_STRUCTURED_IDENTITY,A
MED-6cc2442da9742a930cd9895e,SRCM-1e7c516f96c7d7394d2d9ebf,SRCR-f5dc736904c597e95f8fcff3,EXACT_STRUCTURED_IDENTITY,A
MED-6cd3e65213fc8906453e9ab1,SRCM-404242d76afe31f5438ec437,SRCR-0ef20a24a995890cab2f09c1,EXACT_STRUCTURED_IDENTITY,A
MED-6cfc18ee15c21c33c8f5bc6f,SRCM-73d9fb68ce6043bb7e93faef,SRCR-c71c2f056a104e11e3dfdf38,EXACT_STRUCTURED_IDENTITY,A
MED-6d1485cc5a5e85a20def25ea,SRCM-0e3549d2da97c9afe9b8d815,SRCR-3a37e7067e396ec0f383ad17,EXACT_STRUCTURED_IDENTITY,A
MED-6d15d9884ed31412a19f35ae,SRCM-de848f29ee7c75d9ba67c221,SRCR-c6ff994e4aabe4bf9fb35ffe,EXACT_STRUCTURED_IDENTITY,A
MED-6d1c984d93919597d7a27072,SRCM-408a6975200a984a844e53a2,SRCR-8140e1c7237a28189661b038,EXACT_STRUCTURED_IDENTITY,A
MED-6d31d803e57715513a4a7455,SRCM-c60bc9e73c34bd0e9ea13176,SRCR-399fd406b4d79d5aae13d8b6,EXACT_STRUCTURED_IDENTITY,A
MED-6d428e476fa4bda735b11f6e,SRCM-fb6598ed9bf25ff1088911e5,SRCR-262aa3eedfb4bbab3cb362c3,EXACT_STRUCTURED_IDENTITY,A
MED-6d5173399426c32cf7a04c0c,SRCM-6fe503c34afcfe9c905ec121,SRCR-d6895711cddb7d6f24967d41,EXACT_STRUCTURED_IDENTITY,A
MED-6d5b1b0021a93f480f282421,SRCM-ae230d6e3cdf085b1745e1d2,SRCR-7a0b0151245ec580d8ae2a09,EXACT_STRUCTURED_IDENTITY,A
MED-6d5cca51434a5547711a649c,SRCM-a4e7b07e3db24683929d4df0,SRCR-02c1d92146e92fde339aa51a,EXACT_STRUCTURED_IDENTITY,A
MED-6d5e6af9cc335883a26252bb,SRCM-f81977ac7df69648c6fe30b3,SRCR-b9bb4ffae70a51ce3844f6d0,EXACT_STRUCTURED_IDENTITY,A
MED-6d659c30b27e0fd29003f6e2,SRCM-db96c3521be6c9ee36955699,SRCR-b675e234e961a9cef0910049,EXACT_STRUCTURED_IDENTITY,A
MED-6d73dcfc477cf37e42a21e91,SRCM-625ff62221549429b1f2058a,SRCR-a5dd8978ab71802443382522,EXACT_STRUCTURED_IDENTITY,A
MED-6d79e612545577fdda9766b2,SRCM-0500cf67de0e2d446f8be294,SRCR-9b8a93fd731a5de1b1dd068e,EXACT_STRUCTURED_IDENTITY,A
MED-6dae0959d72ed73c24d20d6c,SRCM-7447907793c27a557a866045,SRCR-f75a2317657353d5461fb175,EXACT_STRUCTURED_IDENTITY,A
MED-6dd8310c24f408059556f3aa,SRCM-86a4e73a297b1d05e0b4bfe2,SRCR-c9fa3543daca3b5864835980,EXACT_STRUCTURED_IDENTITY,A
MED-6de5d144988793458d63fff9,SRCM-cede6e6df8896b4a2bcc70c2,SRCR-c0056fcd97609f1df570f711,EXACT_STRUCTURED_IDENTITY,A
MED-6dee43d6a2a163680d7757eb,SRCM-f2205b0970b222c870cb6a66,SRCR-279b3c1f145138995416a80f,EXACT_STRUCTURED_IDENTITY,A
MED-6df8f96e12ffaf6c8f2a8e09,SRCM-5f258115c7b469078f7c6050,SRCR-d996fcc2a28d6be415e6b632,EXACT_STRUCTURED_IDENTITY,A
MED-6dff90d5980eb4df271b4aa7,SRCM-a7109799d873ec1aceb6d2a3,SRCR-02c474223a0319fe4a5be7a5,EXACT_STRUCTURED_IDENTITY,A
MED-6e0fe00a637184554b084e14,SRCM-62f0fec7cae71eed860535a3,SRCR-2055d6d1c2550e127cfe4a7f,EXACT_STRUCTURED_IDENTITY,A
MED-6e1b65276deb5a189ec4f6fe,SRCM-0b9bcb005009905d4b63540c,SRCR-71366861c0b48e932772e5e8,EXACT_STRUCTURED_IDENTITY,A
MED-6e27310929aeae0952c95a8a,SRCM-9049b3173bcdbaea28bb5cb0,SRCR-26adaf75a283dc464b7390ab,EXACT_STRUCTURED_IDENTITY,A
MED-6e58bace09324745c33f2f32,SRCM-791662acc164ea57e0be3991,SRCR-388fc5b245819051388b1e6d,EXACT_STRUCTURED_IDENTITY,A
MED-6e611192b7406dd9ed638533,SRCM-09b00939d988f8971af0c37a,SRCR-7b0bf79ddb202d9d54255937,EXACT_STRUCTURED_IDENTITY,A
MED-6e65f4d423ad4e494809bfd0,SRCM-caeab1770cea09a4b480250f,SRCR-bb257d3c541cab13fc856d0b,EXACT_STRUCTURED_IDENTITY,A
MED-6e6f0dbe0fba66591b56e383,SRCM-d910dc74898d3cc5dd498114,SRCR-fec1a0d3c989e811cd5d8b8f,EXACT_STRUCTURED_IDENTITY,A
MED-6e7301bdcd10a4896630bdd7,SRCM-1fee3a5005da664599d06844,SRCR-04895bba1758d7df8e542d5d,EXACT_STRUCTURED_IDENTITY,A
MED-6e8677ec731acf74cbfa45a4,SRCM-b42d1970f678d4e07103e47d,SRCR-e101e25f3fd4ef66d55d6214,EXACT_STRUCTURED_IDENTITY,A
MED-6ed439418ca5afe86be39ce2,SRCM-7aae3f1d8896ec29af498f86,SRCR-f41a911b684427447138b423,EXACT_STRUCTURED_IDENTITY,A
MED-6f112a88ec35a2267d77121b,SRCM-5d2991eaa85eb196b246af46,SRCR-7435b30cffc0c40f32f9e8c0,EXACT_STRUCTURED_IDENTITY,A
MED-6f1fd16a30b8d642b9009a76,SRCM-633a64a84724a00c069967ff,SRCR-aeea606c6285ac3a5f84cb22,EXACT_STRUCTURED_IDENTITY,A
MED-6f3f35904dabbf682c2e6ff6,SRCM-8864c4e74cda2d9558065df3,SRCR-32ce96504709c245a2d67961,EXACT_STRUCTURED_IDENTITY,A
MED-6f4265f47e1e718267fb2be8,SRCM-5f30c09defc7622f9636c08d,SRCR-478aa1795c0f06d418352ecd,EXACT_STRUCTURED_IDENTITY,A
MED-6f44af64b0ba6c9ffdb6fe2a,SRCM-80828e26e9012b404d561ff1,SRCR-02559207ba3d97af6a237d3a,EXACT_STRUCTURED_IDENTITY,A
MED-6f53aca11d7839fea12e3b0f,SRCM-0e68c3283d98c5abafc13c78,SRCR-d6a325a57766654225226c38,EXACT_STRUCTURED_IDENTITY,A
MED-6f590cdfa15022e343ee450b,SRCM-76fc3f749599ee7ae34225f8,SRCR-9cd626286ca92cc145b7c54e,EXACT_STRUCTURED_IDENTITY,A
MED-6f5a69242a1165e228f4bf3f,SRCM-94b127998a7e8d23df56eeff,SRCR-3eeb72172945fbf2167be75a,EXACT_STRUCTURED_IDENTITY,A
MED-6f6549f0fcaf62fce73f806e,SRCM-99dda6598b8ab3517012a3fb,SRCR-89fe8bbd2c01f53ccc0e508f,EXACT_STRUCTURED_IDENTITY,A
MED-6f78e288730c4a10bd8bf1bb,SRCM-a614091c6b9203bbf74d8eee,SRCR-972958e9d50cbaf8d06a6279,EXACT_STRUCTURED_IDENTITY,A
MED-6f7ae4fffddc88a72bfa7ea2,SRCM-5fbd5615da1da7593a554099,SRCR-258a45626a87d56efa73467e,EXACT_STRUCTURED_IDENTITY,A
MED-6f7f0d81d5c4fdb7c8016024,SRCM-4bb6ad797fe86e4554475e81,SRCR-bd5488e33f204289a4203e6c,EXACT_STRUCTURED_IDENTITY,A
MED-6f80abb89d49834f7560cf49,SRCM-cc4c18af94a05bc2a51c4d1f,SRCR-5f3f03e6403321c7f44ce374,EXACT_STRUCTURED_IDENTITY,A
MED-6f9052fa080344b9bbdac808,SRCM-5e90a47d134fb3f3e8af9850,SRCR-edb9830ee4ee06705ca34d44,EXACT_STRUCTURED_IDENTITY,A
MED-6fb7d95ab7eeb1d62951db5e,SRCM-9a7a28e4d139496643409331,SRCR-0feca53198f6b54d20f08e0b,EXACT_STRUCTURED_IDENTITY,A
MED-6fbfe566cdb72ce9ac3304cf,SRCM-2ee197e6742383ebe20d985a,SRCR-8033d45ed95d93374bfc18d8,EXACT_STRUCTURED_IDENTITY,A
MED-6fc3aae3a9807f697243a043,SRCM-842540d5f56c46797e877604,SRCR-6a0e884466e590861b83fb0c,EXACT_STRUCTURED_IDENTITY,A
MED-6fe6234a525c17c40e9a8cce,SRCM-489202bfdd11a3f253f2b804,SRCR-c335b70794eaba93e86ea01e,EXACT_STRUCTURED_IDENTITY,A
MED-7008284a4ce4ca9460e0d60d,SRCM-37b58a21c087aad507f0e2ed,SRCR-752e0e255e8bb50a6fefec0a,EXACT_STRUCTURED_IDENTITY,A
MED-7015fab943d9511d8eb85068,SRCM-e7de6f11c7434bdceb1f08f9,SRCR-f67ffe96018f13aaa84cfb31,EXACT_STRUCTURED_IDENTITY,A
MED-702fdabd738fef7066460c60,SRCM-2e1878f30914add064453f32,SRCR-fb1dd9fe18df6081ce6f4b7b,EXACT_STRUCTURED_IDENTITY,A
MED-703f33f0c3a06c4295239fbb,SRCM-a28c927fbc185ab29fe746d5,SRCR-0386c4f4bc7d8cc263c01360,EXACT_STRUCTURED_IDENTITY,A
MED-704085bacecd8fe9abffde74,SRCM-06c06bb416fb03fe53005a18,SRCR-75398df4526708229f2782bf,EXACT_STRUCTURED_IDENTITY,A
MED-704eabfe3292993811c58fb1,SRCM-a01a8e9cb451e98468f4cf08,SRCR-6f43d4c0592cec30f3184b50,EXACT_STRUCTURED_IDENTITY,A
MED-707030859a367095c8337514,SRCM-b60f0d770b20ff3bd4762ccd,SRCR-2fd04808c961289031f396ed,EXACT_STRUCTURED_IDENTITY,A
MED-7081570d17d0e9ca62d29303,SRCM-d04f7fcff1aa33890241a680,SRCR-a219e2bd1fa5c7e28567dac8,EXACT_STRUCTURED_IDENTITY,A
MED-70b427376aef95ace6147860,SRCM-70fa05f883ea1e0d2d2ec1d4,SRCR-4d84fa13e847cdd9786ddc40,EXACT_STRUCTURED_IDENTITY,A
MED-70c9d321f8a7da48b3a88bb3,SRCM-7fe038f287c359c66ca96942,SRCR-42d4747412a134e859eb06ee,EXACT_STRUCTURED_IDENTITY,A
MED-70dfcf6f813a624092e3349c,SRCM-6ce33f9d281ebf4aefb04ed2,SRCR-df30fc961679ceb06ea8780e,EXACT_STRUCTURED_IDENTITY,A
MED-70ebc62c75cce66baec313aa,SRCM-91302ae218d326199287038d,SRCR-a48d7a88875ef3373b03311b,EXACT_STRUCTURED_IDENTITY,A
MED-70f26fbc5df6da41cc65df98,SRCM-c8b61cbed63f37f3eeae6cfd,SRCR-dee9402bd945aa03e1f6871d,EXACT_STRUCTURED_IDENTITY,A
MED-70f273418aefd19dfeaded8d,SRCM-0b50d0a7b064c2401da74af4,SRCR-493c3f3315c8651bb7e9ba45,EXACT_STRUCTURED_IDENTITY,A
MED-70f92e405e2aefa1e90f99b2,SRCM-4402deb9e5cb305992c3fad6,SRCR-2b20be351e2cb96d67f17739,EXACT_STRUCTURED_IDENTITY,A
MED-70fa2aa935067fe5c63f0a26,SRCM-c7c60e5549e35fe4c8dca7e4,SRCR-4b2dded0694947b1bde9e1ab,EXACT_STRUCTURED_IDENTITY,A
MED-7108162b74cffd1620edf3d5,SRCM-e5d50a3cb45c0878c5f0cabe,SRCR-31bb44ab68c97b1d8f60ce75,EXACT_STRUCTURED_IDENTITY,A
MED-710922b5e7ad0b3f945f295d,SRCM-d2a99e3da7c6bce02e8e4cba,SRCR-28ac212ad8707c6c61cfe993,EXACT_STRUCTURED_IDENTITY,A
MED-7113cdb4839013af3afeba03,SRCM-7df6a849244ff9f017b84616,SRCR-3dd32158d3714019917d3a02,EXACT_STRUCTURED_IDENTITY,A
MED-713a23d522d7fac910c3c299,SRCM-0198cc88a716ea199459aab1,SRCR-5a01ddaf2bacbbe21c30d9e0,EXACT_STRUCTURED_IDENTITY,A
MED-713aec66b3b1945351c4e981,SRCM-5a2067d99467a63cd07fe6ca,SRCR-3fdc64072529fd2b672d92b0,EXACT_STRUCTURED_IDENTITY,A
MED-7148d9107743f7f9544e1dc6,SRCM-10299dc5c26c413d740f1a13,SRCR-4cc9426c442a3abc6046a73d,EXACT_STRUCTURED_IDENTITY,A
MED-7152c1268ecb9d92e800e9c9,SRCM-e2b064582affeb0b63b2ecc3,SRCR-7da8c59886c78b60fed8108a,EXACT_STRUCTURED_IDENTITY,A
MED-71621fb309991623b4ac8213,SRCM-7c0b881fa4f4188ec213d060,SRCR-a79bf43faa8134cc08821391,EXACT_STRUCTURED_IDENTITY,A
MED-7168fc4393ae233aadaac6ec,SRCM-51917752682173e22273e208,SRCR-3e2f232e2282dd0bbb8a2646,EXACT_STRUCTURED_IDENTITY,A
MED-7169015d37982d73ffd04601,SRCM-687b858c5559e6c08a6eceb5,SRCR-5a33a9b1dd2b6ebc50e6da35,EXACT_STRUCTURED_IDENTITY,A
MED-717bec54cac86391da387a76,SRCM-e4347199f13562180ffa185d,SRCR-ddadc17a4f25948d83b13255,EXACT_STRUCTURED_IDENTITY,A
MED-717d34bcf4bde1fe19fefea4,SRCM-dfbdc7fc5305f69e3111f428,SRCR-8ae930e41327f031c7acfcd4,EXACT_STRUCTURED_IDENTITY,A
MED-71949a83b85729a99cf21541,SRCM-5225500a06f970efc38b1074,SRCR-bf4b833be41635bac678d32a,EXACT_STRUCTURED_IDENTITY,A
MED-71bba19b8af7e74f2311c6f6,SRCM-86992770c7bf389421e88278,SRCR-9ba34b220a33621b404d0821,EXACT_STRUCTURED_IDENTITY,A
MED-71bffdd127632b3d0b238e26,SRCM-580b8749c384821f4ccea1e1,SRCR-998c1d26d73a9b31cd54862d,EXACT_STRUCTURED_IDENTITY,A
MED-71cc131efc4e3c514ac01daf,SRCM-47aaf9261aec6c764deee941,SRCR-d66c890ca9f7caffcc7eb3f3,EXACT_STRUCTURED_IDENTITY,A
MED-71d4e07ee4df9a558015837d,SRCM-312fbc7d9cbe1637849520aa,SRCR-11ebb49bb8081c6eb3063f1d,EXACT_STRUCTURED_IDENTITY,A
MED-71d63e3bc6ddd57059a0f768,SRCM-807864eb4242557ba772ff67,SRCR-4ea236a95faeb84c6ebeacea,EXACT_STRUCTURED_IDENTITY,A
MED-71de3357cc3890cc882371e7,SRCM-8d6372ed0ef1195fbdf0f165,SRCR-2ba67488c7a782dcb01531ea,EXACT_STRUCTURED_IDENTITY,A
MED-71f7df8515ef0e55239faf36,SRCM-5a1b757429897da53eb8550f,SRCR-688cdb9fda3ea7233ced66fc,EXACT_STRUCTURED_IDENTITY,A
MED-720279469456ecebe8f9a994,SRCM-c085152c9e938467a544c8ee,SRCR-46e820c864c986915018fe09,EXACT_STRUCTURED_IDENTITY,A
MED-72047f360b5c7e7e4ac27a93,SRCM-d7414bfc92171047b0a07b3c,SRCR-0d1131c3e66cbbb8ddb3540d,EXACT_STRUCTURED_IDENTITY,A
MED-7209659dedc12ae54e575e8b,SRCM-f485f3de304fc74f5ee5a9d3,SRCR-9ce87da4a2fb26b834284a15,EXACT_STRUCTURED_IDENTITY,A
MED-720bf46dadf2ed3b7a434b0d,SRCM-e1c0b78f20e4669aef652fbc,SRCR-b05f2d68ada0cad160207c0c,EXACT_STRUCTURED_IDENTITY,A
MED-72133edfb4ec59a96b550d28,SRCM-9cf5f1bb504c19e015d85bd7,SRCR-5ec9f961984f3b4fab4ac775,EXACT_STRUCTURED_IDENTITY,A
MED-7234cf3e40713252ffd16840,SRCM-d128bb1bc6697350576d5442,SRCR-b08e3a59606aab2a4e07809c,EXACT_STRUCTURED_IDENTITY,A
MED-723fd1d5240e5b8c54363785,SRCM-f314ba0de8f9f59cf364b1ba,SRCR-57ac0a04ad9cb5ff584dc983,EXACT_STRUCTURED_IDENTITY,A
MED-7262db46192bc73943cf5eac,SRCM-faf05c24d2d0049e9672ab2b,SRCR-b8fb610be71fc4e002ec6193,EXACT_STRUCTURED_IDENTITY,A
MED-727fd1e5c50fef0c6f0f41e5,SRCM-a8988a73ee856b18eb5655f6,SRCR-43fddc88679d0f53ae9e30b1,EXACT_STRUCTURED_IDENTITY,A
MED-729d7869ef370d7058015670,SRCM-9d2d5373a5521eec0560be35,SRCR-74ddac238992e0ca3794313c,EXACT_STRUCTURED_IDENTITY,A
MED-72a3a632167199dafc96fb6b,SRCM-e5a5c6b1a24eb5bf5125f8e4,SRCR-7fe438e53bab1079eb1bd854,EXACT_STRUCTURED_IDENTITY,A
MED-72af868f06e2a6d11d73b2b5,SRCM-b4aa0351cb2fb8098379ffb3,SRCR-1a432232fc9d313e49c1f9ac,EXACT_STRUCTURED_IDENTITY,A
MED-72b78c0b162d97d039f7a1da,SRCM-7e0b4f985257a4cb82f9fa60,SRCR-1fb81c4c9681038f68331a31,EXACT_STRUCTURED_IDENTITY,A
MED-72b84b5ef7d3538e29e4ed39,SRCM-b1e38d975a5b328332b3df80,SRCR-37af42ca97aacd0c6d24ddfe,EXACT_STRUCTURED_IDENTITY,A
MED-72e1f44249458f47dd516866,SRCM-9f67c703fdc8e7e8687c9288,SRCR-019a64eca174e8985a5d9ddd,EXACT_STRUCTURED_IDENTITY,A
MED-72e5d020250533d14a2611cd,SRCM-0800a77afd029fd129569f02,SRCR-956b7662e3082882456134f6,EXACT_STRUCTURED_IDENTITY,A
MED-730e325f9eced876de61cc0a,SRCM-c2a7bc454d474aa46cb88e41,SRCR-6064d15a84d1ffb0551496d2,EXACT_STRUCTURED_IDENTITY,A
MED-731a1f051707ad050eb41da6,SRCM-d0272f2cc99c1ecad8e4338d,SRCR-3939bbbf14c8d11436af3d20,EXACT_STRUCTURED_IDENTITY,A
MED-731a45f71aae26492938733d,SRCM-8f2468885568287eb616d3b0,SRCR-b6810e84736c1c5845650ef3,EXACT_STRUCTURED_IDENTITY,A
MED-73796f6cb7402eb112020267,SRCM-6dbe9c774afb70c07648b19e,SRCR-2639efbd3716aa8c3b19693a,EXACT_STRUCTURED_IDENTITY,A
MED-7396ba4bad8e6a59adc1dfe1,SRCM-f7361e2ac0c4ae7a19a67fd9,SRCR-a170e4278e098ecb00e13906,EXACT_STRUCTURED_IDENTITY,A
MED-739f58727196786fb5f985dd,SRCM-eb4a4cace2d619109abd87bb,SRCR-7cfcb8d1b78194ca86ba4db6,EXACT_STRUCTURED_IDENTITY,A
MED-73b3a6570730d0a573bf8922,SRCM-b4257aba6c235f92c628b17d,SRCR-72e8c32792b2416f9f530e6a,EXACT_STRUCTURED_IDENTITY,A
MED-73d23abcb7afef9ed30caa1a,SRCM-f70aa72e5e6f5ca08f980534,SRCR-c52a48b4e98d21a0a0cd0baf,EXACT_STRUCTURED_IDENTITY,A
MED-73ddc75750058f1e44e76815,SRCM-e5cbc42055b819421dc2829a,SRCR-f9fc7cb52360d9ba94f4b09b,EXACT_STRUCTURED_IDENTITY,A
MED-73e522febdf6639cc75bb83a,SRCM-a7feba18b5e837b36048892c,SRCR-9eb9c7becca3d104e369a138,EXACT_STRUCTURED_IDENTITY,A
MED-73e6bdafd1fc57f90f0fd2af,SRCM-ac5bc6b0382c27a70796ba52,SRCR-f2a100f03d5edce53ddb6998,EXACT_STRUCTURED_IDENTITY,A
MED-7405fff5372e6ca3a4d034ba,SRCM-b574fc6e6278e07f9dc4ee81,SRCR-7fe20ff245eecb7df127d496,EXACT_STRUCTURED_IDENTITY,A
MED-7428c2496d3a5ec10ca13268,SRCM-66468c3df07e69e6847ea63c,SRCR-c03cdfc8041d583fae3565b9,EXACT_STRUCTURED_IDENTITY,A
MED-742b430434df659eced7ba7a,SRCM-1ac7d0e849d6676e86136ab9,SRCR-91d56a6b964c19467f6377a3,EXACT_STRUCTURED_IDENTITY,A
MED-7436c401992679d6f7de4856,SRCM-5727f91fc98737bca387b83f,SRCR-642a0a3c575d63d2fa256cb0,EXACT_STRUCTURED_IDENTITY,A
MED-74500bb63033948660237dd3,SRCM-166b3cac3d829061697113a5,SRCR-f8ca27de370c6e322eed2eec,EXACT_STRUCTURED_IDENTITY,A
MED-74be77fb0ff2f7004857c742,SRCM-3bcf9273b31267701ea58f5e,SRCR-b9e132f9fdaaa6084cfc0c6c,EXACT_STRUCTURED_IDENTITY,A
MED-74c211d480a09ad1109e92f4,SRCM-669e35bc13ec993ff10cc772,SRCR-f7bce47eadda8e737a08965b,EXACT_STRUCTURED_IDENTITY,A
MED-74cc509dd805a505324d65ee,SRCM-d8b4790af2397fce7c435b9c,SRCR-9cb5a466c30a7c01c1867d41,EXACT_STRUCTURED_IDENTITY,A
MED-74cd7fcd430dc38de61e1222,SRCM-2facf175280545c76b5e2ac9,SRCR-519291c229899f25e741fff7,EXACT_STRUCTURED_IDENTITY,A
MED-74d858a928cf27324f983f66,SRCM-bf8eb2c2c080032055be64ab,SRCR-113434f69f7de0471ce45b30,EXACT_STRUCTURED_IDENTITY,A
MED-7506243b2c362c21ac0c3de7,SRCM-ace3a4f7c658843560768119,SRCR-d56250edb3b85d5418e9a1c2,EXACT_STRUCTURED_IDENTITY,A
MED-7509f0644e4133bc53d4dbb1,SRCM-98a4ab22885e20e6ee22f3bb,SRCR-939b5ab355b4f877dc7dffad,EXACT_STRUCTURED_IDENTITY,A
MED-755e79dcedf07b0f336e55fc,SRCM-9322bfa304824ce27410d4e8,SRCR-380be2ac73d426f3eef3c26a,EXACT_STRUCTURED_IDENTITY,A
MED-756174f9db8224c64a22c884,SRCM-76c2bd60e7c2fa8a5d59bd46,SRCR-0848cbe86c1008fe89262db8,EXACT_STRUCTURED_IDENTITY,A
MED-7566551d4e079e640876f696,SRCM-5d26a509275f11e1b538a79a,SRCR-42aec2de0ec241a76eb7d0b7,EXACT_STRUCTURED_IDENTITY,A
MED-758a24b182efd03e10410d71,SRCM-5e392fe78744af649c548a51,SRCR-b0280b5eb95dd03106a2f603,EXACT_STRUCTURED_IDENTITY,A
MED-75a4ddafc6d2a661cc484194,SRCM-5c50c6b2045a0f664f11b591,SRCR-3798683563b6b7f9d2e3d8e5,EXACT_STRUCTURED_IDENTITY,A
MED-75d2eb8ffad1602f358958a7,SRCM-349b8b7407d1db08b9dabdea,SRCR-8ec7bd2df10a9e264d586576,EXACT_STRUCTURED_IDENTITY,A
MED-75dc9b36d9387ef2b50953bf,SRCM-afab314bb1aac20dd5015779,SRCR-bcfe8e8c244705ea75f3f54f,EXACT_STRUCTURED_IDENTITY,A
MED-75e9411aab9eaf0c3799d029,SRCM-d760671c5203ded19d1528c8,SRCR-73cd9d0289057dbfa999d8d9,EXACT_STRUCTURED_IDENTITY,A
MED-75f7f3b4f798b331bbaf74f9,SRCM-00a5a28ebab80e49834f0a00,SRCR-45af0020b6c3193db03c032a,EXACT_STRUCTURED_IDENTITY,A
MED-760acecfa8c669019a3a01e6,SRCM-8e143659081da345b858bf8d,SRCR-c3595d6d436e92741bb9e091,EXACT_STRUCTURED_IDENTITY,A
MED-762996c2b96e97cb569c53a1,SRCM-a86bc1defbafda4a7a40fa5c,SRCR-2adebb33802c55135eb8de6e,EXACT_STRUCTURED_IDENTITY,A
MED-763e0ab9a2e58bc91c3bf397,SRCM-1ced526c6bab1a63460bae36,SRCR-9df8c6c0fd46fd77654df5a1,EXACT_STRUCTURED_IDENTITY,A
MED-764bb0d9f904e5c51788478d,SRCM-f9b757b71b707c7064517432,SRCR-74d468ebea30b866e1438a40,EXACT_STRUCTURED_IDENTITY,A
MED-765617299ac77251c482bcfd,SRCM-a4a59252259f4ac919d53579,SRCR-d2ded725c1880e40ba30fa6a,EXACT_STRUCTURED_IDENTITY,A
MED-765d6620360397d5ca6d964a,SRCM-6a6e0aca71881018710c6164,SRCR-d2a6e33d1332c87f2afe72c3,EXACT_STRUCTURED_IDENTITY,A
MED-7674df5068002328cc0315da,SRCM-fbdfff37f07dc0b196d48a38,SRCR-9ee30bd2434dd682bd926b86,EXACT_STRUCTURED_IDENTITY,A
MED-76b29d8c5634be9581f0ab71,SRCM-98c83b8f20ccb567a68c93f6,SRCR-cd5a9cfa6bf7ec41816d8e69,EXACT_STRUCTURED_IDENTITY,A
MED-76bfdb36c266946df9c703fc,SRCM-93b9192e54d69ecbb8767d7a,SRCR-6af33a8602a49c1d47b47b42,EXACT_STRUCTURED_IDENTITY,A
MED-76c019e097fe049172d8cd4d,SRCM-2ba910e684222b7ba5eb36bf,SRCR-1503b85c8c0f3168d318367a,EXACT_STRUCTURED_IDENTITY,A
MED-76c7228b4cc7b8534906fae8,SRCM-b25a11052bff5c8003a78dae,SRCR-592f4da7e29c168d8e9e3cb7,EXACT_STRUCTURED_IDENTITY,A
MED-76ca75361f4ba6142bca3d73,SRCM-e6a7308ccbab76663036109c,SRCR-644261484a7cd76341492fc6,EXACT_STRUCTURED_IDENTITY,A
MED-76db863901ae0547bef75af4,SRCM-f512907017916d061ed7726e,SRCR-046fc1f655ad7da6891a151d,EXACT_STRUCTURED_IDENTITY,A
MED-770071574a17dd2647f09d83,SRCM-68ec857b5ae76f1e89894b2e,SRCR-0236667f4b9f7c7d522334e5,EXACT_STRUCTURED_IDENTITY,A
MED-77103db2bcb178899942e4de,SRCM-db1eb99e0c216c7cf1fe13c3,SRCR-0f47b9870422ffdabcd5ddf4,EXACT_STRUCTURED_IDENTITY,A
MED-775816ebfc8ac7705158da90,SRCM-607d06ed537c7755bf5b9216,SRCR-a1f0d0ffd0ff7b0dff10e1fd,EXACT_STRUCTURED_IDENTITY,A
MED-776528621e3a42c6494cfe32,SRCM-a0ee8711a8345ed2fe0a4eab,SRCR-f7ae05b1125dbe7f0c33b6d9,EXACT_STRUCTURED_IDENTITY,A
MED-77770ae6c8d0e4e987a9351d,SRCM-b742ebebc04b04da16e5a792,SRCR-8e719fe2c95ddbdc3e1f139c,EXACT_STRUCTURED_IDENTITY,A
MED-778f8e090d79794549eaf0dd,SRCM-1b28822880510a0e8bf49219,SRCR-4c216268d8a4b3a70e8a6445,EXACT_STRUCTURED_IDENTITY,A
MED-779a728bcf8c9a8be0ed9be5,SRCM-b2a82560da70ecf50ecaf76e,SRCR-4162a5141c648035337f6419,EXACT_STRUCTURED_IDENTITY,A
MED-779c0cba3cfdbbc0a958b37a,SRCM-85b1efa9173ebc6f70a05f9f,SRCR-b69ac96312422d8fd150a120,EXACT_STRUCTURED_IDENTITY,A
MED-77b333094da7e31d7bddeb3f,SRCM-e7c7cd6a51720f96e3bf700f,SRCR-28f200cf9c8f0ff74fdf79cd,EXACT_STRUCTURED_IDENTITY,A
MED-77bec6584596e26df448872d,SRCM-7c6f9a3b088a57b534a9408c,SRCR-ffa1cb6edbec221f31b8cea4,EXACT_STRUCTURED_IDENTITY,A
MED-77d18d1c73a58afd644228a5,SRCM-e45fafbb5dc279e669069d9f,SRCR-925fdeef0adddd0046362c3b,EXACT_STRUCTURED_IDENTITY,A
MED-7810b69a01507d49a2733807,SRCM-284c85d96107e095fa970314,SRCR-17f88321b19d155941e436e1,EXACT_STRUCTURED_IDENTITY,A
MED-7811da78f909707d3d040dca,SRCM-5fd661680b0f29e4e03a6373,SRCR-2a6961feac00775159827a8f,EXACT_STRUCTURED_IDENTITY,A
MED-78175a9874586ce7556ede9e,SRCM-5352a3ee50c1fd67cb1b2707,SRCR-910a602f992e2b3a02bd673b,EXACT_STRUCTURED_IDENTITY,A
MED-7817dba282065d3ff11ba74b,SRCM-de44f09e33e07117741113d9,SRCR-04cf06293ae1c52c01d9aba1,EXACT_STRUCTURED_IDENTITY,A
MED-78186c4c333e0534eb9c4ccd,SRCM-1883cd97bd7b0d86d161775e,SRCR-fe483f060deff6862b975a31,EXACT_STRUCTURED_IDENTITY,A
MED-783d11984d4e63f27322f9a1,SRCM-47ae8bce2a3ac6c54f873d89,SRCR-80117d141fc6b86b18902efc,EXACT_STRUCTURED_IDENTITY,A
MED-7860ff16d6148bb3e62bd2f0,SRCM-eddc5704ca87c0fec36030a2,SRCR-2d6b0874300b60bc5212e739,EXACT_STRUCTURED_IDENTITY,A
MED-7873d954a7565bd3936fdb88,SRCM-f0d6ecd982436c3c32f6d24d,SRCR-96b952a7acd62d346308710d,EXACT_STRUCTURED_IDENTITY,A
MED-7881c2245ffc15a9211e3598,SRCM-0944c219845efdedb20d25af,SRCR-2618c2ad92f3abb75269a07c,EXACT_STRUCTURED_IDENTITY,A
MED-7887ab9c5d005fabc8ff7e61,SRCM-b3b7b0d652a5c08d2faa22f9,SRCR-6023464ab5fade60e88e25c4,EXACT_STRUCTURED_IDENTITY,A
MED-788dd0426ad2aa4e19530751,SRCM-8606056cb7a5816ebec8869d,SRCR-089933fe6dca7683be946c0c,EXACT_STRUCTURED_IDENTITY,A
MED-78ad190f0fd8f968472431da,SRCM-bddf44d3f1608a9a233e2b62,SRCR-a3d494ec4c0491f2a704fa04,EXACT_STRUCTURED_IDENTITY,A
MED-79044bf53c72ba5733ae7e0d,SRCM-3dd42abe08ab4477d133e2ea,SRCR-4159a46426bddc536a9d84ab,EXACT_STRUCTURED_IDENTITY,A
MED-790623f6172c182991b8a0cd,SRCM-a367da2b9512c97af034baff,SRCR-1715ca728759b85130410e76,EXACT_STRUCTURED_IDENTITY,A
MED-7912c4c43d8e206bc5777ad9,SRCM-dee2d6a6f84f2eda85ec6c67,SRCR-01abd8b9c639b9d518988eed,EXACT_STRUCTURED_IDENTITY,A
MED-79287aa2530d74cdae2aa7eb,SRCM-46f3577bfe0959e945a26d96,SRCR-a8eca2afe225442b6be5653f,EXACT_STRUCTURED_IDENTITY,A
MED-79521bf7d393b3e22e20c5b2,SRCM-614280bc5f436a3ad2010222,SRCR-da3e626545f4116f733f5f3c,EXACT_STRUCTURED_IDENTITY,A
MED-795f306bf26e07b7d6901dc5,SRCM-a351758eb0c0e8066dc83797,SRCR-c34c52c37051ad6e3cb74b3a,EXACT_STRUCTURED_IDENTITY,A
MED-796535bc080859d63c09a1b6,SRCM-20c080fd53a12164afb3a057,SRCR-5f5b232e0fd23de94b2f8cf3,EXACT_STRUCTURED_IDENTITY,A
MED-7974f51e3b33d69bfe67b753,SRCM-67ced79910023783af8d3a8b,SRCR-c17e75877d0c9fb41f3359ad,EXACT_STRUCTURED_IDENTITY,A
MED-7975452c945e4675d2268750,SRCM-9bb11a1b3c5302566a2914cf,SRCR-1dd4dbc2b7f79adf8671722b,EXACT_STRUCTURED_IDENTITY,A
MED-7982145d5f39935fac84c3f6,SRCM-e5a6f4c01b9c615898afece5,SRCR-0f7af4f90f5d9ebc5521b2e3,EXACT_STRUCTURED_IDENTITY,A
MED-79852f37597d63345c32d0f3,SRCM-2171f20bf8b5ec8dc1e325e5,SRCR-d1f58836264e0bdced32ee2e,EXACT_STRUCTURED_IDENTITY,A
MED-79a58f73f2b1db7eb0724be9,SRCM-83952388c699993d8810628d,SRCR-82b6f2b64b90e18f75e728f9,EXACT_STRUCTURED_IDENTITY,A
MED-79a868a9f81abefaa0dc9cdf,SRCM-b0655a1493ca30e06ff6c12a,SRCR-9ed405223280dd3fe0c5c0de,EXACT_STRUCTURED_IDENTITY,A
MED-79d7d9ea4ee97515932bfe57,SRCM-6da18f36b349bf832dd240f6,SRCR-e1b11c77285b1ef6c534bf07,EXACT_STRUCTURED_IDENTITY,A
MED-79ea7acd97e80841a17e3777,SRCM-da786936e2e13db3284490d5,SRCR-71213b86d7d21b05036ac7a7,EXACT_STRUCTURED_IDENTITY,A
MED-79eee0039ebb874aa44bb569,SRCM-ec9567eb01976b4b445256f4,SRCR-c975773c650ea7aa7d03399f,EXACT_STRUCTURED_IDENTITY,A
MED-79fd28f9acbb014db587dfec,SRCM-e506ff77d9352c276081ad0c,SRCR-780d9064266f6c728fcbd42f,EXACT_STRUCTURED_IDENTITY,A
MED-7a06b5832ca5448fc62ab749,SRCM-73e81dba015d47cc2916ce8b,SRCR-065540d6c67b338baf226155,EXACT_STRUCTURED_IDENTITY,A
MED-7a22168e734f095f279cd40a,SRCM-37279aaf13679b134a913a47,SRCR-23834c086b5056651a937182,EXACT_STRUCTURED_IDENTITY,A
MED-7a28365bd0921430957e93f1,SRCM-42ba770dd05e2948bbe54a7e,SRCR-48097e98cd886aa19257f49c,EXACT_STRUCTURED_IDENTITY,A
MED-7a4c94d66ba8294828617385,SRCM-7a254b87305fd7085b8d8720,SRCR-b10ea7fb96997623a9f83448,EXACT_STRUCTURED_IDENTITY,A
MED-7a5179d711775accb6b7a028,SRCM-4acb8633aff37689f53ae6d2,SRCR-0a68e1b5722817a9f5d069f1,EXACT_STRUCTURED_IDENTITY,A
MED-7a822c05d810673dfeb1db97,SRCM-8fb4b1dbc3d1a3c31ca50ef0,SRCR-ae5a1c5c6002822b1f312fce,EXACT_STRUCTURED_IDENTITY,A
MED-7a88d5357f0a98dd7346e299,SRCM-0930949069abc0eedfc78f04,SRCR-aa58139edfcbed9a83461b34,EXACT_STRUCTURED_IDENTITY,A
MED-7a8fff69738fcfb7a294d663,SRCM-2b07539581114fc11a7159c1,SRCR-920b3a0a7ce2e589d84f53cd,EXACT_STRUCTURED_IDENTITY,A
MED-7a9322456da365d594448d0e,SRCM-629283038dab943f0ff8aced,SRCR-0ff7579e655350cb01b78209,EXACT_STRUCTURED_IDENTITY,A
MED-7a93754488c406826415026c,SRCM-74ffa767cfdefcb5f19e62a1,SRCR-637093063f1c942aeed85281,EXACT_STRUCTURED_IDENTITY,A
MED-7a96c95329267ce876db6b0e,SRCM-c488253e33a13a0d57a32e52,SRCR-de079c660b3ef0bdae8abaf1,EXACT_STRUCTURED_IDENTITY,A
MED-7aa9248679f3b7132ff4ad29,SRCM-abe2b0f47f54cb43c9edcdb3,SRCR-597aea6c436303434114f728,EXACT_STRUCTURED_IDENTITY,A
MED-7ab0040105f2d6172b5669c8,SRCM-db3a34bda1a5c3c6a0e5cb73,SRCR-1ce5d1714a19a3df5bf8b1d2,EXACT_STRUCTURED_IDENTITY,A
MED-7ab448198f71d99ec3bd8414,SRCM-847b7526cfed22a819e23bec,SRCR-3439d0de610862fbc8719c14,EXACT_STRUCTURED_IDENTITY,A
MED-7ac1facbc06ac3e8d3ef3c90,SRCM-04819a35a2b8630ea45dea3c,SRCR-ccdd3eb6e5b6a5b04a3d4a8d,EXACT_STRUCTURED_IDENTITY,A
MED-7ac95ae1de1a0203aa0e4e62,SRCM-04c3b437a8cfc45c0bf3fb65,SRCR-bf0fa3d889d17531457593a2,EXACT_STRUCTURED_IDENTITY,A
MED-7ad0a93a307f02dbb61634c3,SRCM-57b7033445d7a6e6135789b1,SRCR-ae105c9504152d2ffcca59c2,EXACT_STRUCTURED_IDENTITY,A
MED-7adf2963b510288db03831cc,SRCM-790128d75879499a6910b702,SRCR-c90df201e03243f06dcd0c81,EXACT_STRUCTURED_IDENTITY,A
MED-7af2940de88260d326e38935,SRCM-d53e0fbafcef8e600c29a83b,SRCR-c9669daaabce530f2022362d,EXACT_STRUCTURED_IDENTITY,A
MED-7b1c20a482bf0d59001497f6,SRCM-a9263789f3386eecddb1abbe,SRCR-bc211c59344bc279882853fe,EXACT_STRUCTURED_IDENTITY,A
MED-7b3a27db5c68538eff86bd54,SRCM-d3b5fa5bf3fa7927939ab230,SRCR-c4cc8a7da74a8e9395e4ff9a,EXACT_STRUCTURED_IDENTITY,A
MED-7b5a86a27609c87ba7e6d0e0,SRCM-a9ca3219462d5f06487dd16e,SRCR-d6419b3ae4293248e0ae634d,EXACT_STRUCTURED_IDENTITY,A
MED-7b65c9fe997b6553310bb442,SRCM-18b17234eca9b26151be3ad9,SRCR-e89770c2ac51c2dbf5d5c576,EXACT_STRUCTURED_IDENTITY,A
MED-7b6dd84ad9c8dfea16143c5d,SRCM-b704cbcfe199ff16d50667cc,SRCR-b9c8044055d7406fe2e1d7a1,EXACT_STRUCTURED_IDENTITY,A
MED-7b719f987ce4454eeaaf01dd,SRCM-39b4eb0c9d6367828fcbe0b3,SRCR-5a1923de396e84de4226f635,EXACT_STRUCTURED_IDENTITY,A
MED-7b7266667df1293908804c37,SRCM-3f1fdb2a885b02ba6764f169,SRCR-25e8097a14a3df7b448ed619,EXACT_STRUCTURED_IDENTITY,A
MED-7b75470205d8c2974353976f,SRCM-18488fe1eae6110bf8875e1d,SRCR-d458912b0a2b590bafa9ad7b,EXACT_STRUCTURED_IDENTITY,A
MED-7b789d88b0d390812d0c6764,SRCM-7edff603cd0ef890fcc27f90,SRCR-38ab3eb4d4dee3f80ab8a2f6,EXACT_STRUCTURED_IDENTITY,A
MED-7b812572bce04cad3f058421,SRCM-67287e7f92bb3bbd9e22b182,SRCR-70b9ec40f47a54695e876052,EXACT_STRUCTURED_IDENTITY,A
MED-7bba48900a2ba9edd5878751,SRCM-883341dc665d5b156932a07e,SRCR-fd301221779707d56525a081,EXACT_STRUCTURED_IDENTITY,A
MED-7bd08f86b18626d103299562,SRCM-f9a3c32bfa88a65fa9ca42c0,SRCR-5adde4cd24566bf12412d667,EXACT_STRUCTURED_IDENTITY,A
MED-7be4903d3d18320c9a544cf9,SRCM-7296faac06b4b3dea8587a1c,SRCR-6617fa055cffab3459a3596b,EXACT_STRUCTURED_IDENTITY,A
MED-7c0fbd758c23ba13275d9cd5,SRCM-1f1b646a6729112d5b99ce37,SRCR-abc423dabec1dea05004ed28,EXACT_STRUCTURED_IDENTITY,A
MED-7c19cf41621b1622ba9b2afd,SRCM-308122d0ad22392b81c02a3b,SRCR-d0485e9e191f19ac15295a0e,EXACT_STRUCTURED_IDENTITY,A
MED-7c1f5ca5ed9d15244eb4e0b5,SRCM-031073a0626200c86e586d9c,SRCR-0582cfd814d1bcd69c230f50,EXACT_STRUCTURED_IDENTITY,A
MED-7c31798f163cc0c749714cfb,SRCM-b1056cf5d36f41eee4376874,SRCR-eda3a4eca6969029a4a626ea,EXACT_STRUCTURED_IDENTITY,A
MED-7c393c266864e148c1c31746,SRCM-46ddadca3f79e3d8e306e725,SRCR-387709cf48bb5acae0e93dcf,EXACT_STRUCTURED_IDENTITY,A
MED-7c62083ee36646ac24ad83fb,SRCM-407d3f86f8b16a56228d54f5,SRCR-bb96fc03f1728ea9a598a2be,EXACT_STRUCTURED_IDENTITY,A
MED-7c6a20c5c86f2458338a08cb,SRCM-d7f21ff77d094b0db6a5a3c5,SRCR-1978943874cf523991597aed,EXACT_STRUCTURED_IDENTITY,A
MED-7c88833dee9a5f8d676c6d38,SRCM-68282af26d7352b48643b3fd,SRCR-975f2a54106e4830390fdc21,EXACT_STRUCTURED_IDENTITY,A
MED-7c8e27e6806b070f434b5637,SRCM-e38669b6235e57ff5bde60c7,SRCR-abab5e32a4a6bbe3cd2653f8,EXACT_STRUCTURED_IDENTITY,A
MED-7c9bed405a2e1691dfb90b7c,SRCM-ab23bd64f4f8f7d744fdf725,SRCR-b7939592819c3c19699f3f64,EXACT_STRUCTURED_IDENTITY,A
MED-7c9e209a056b92336ed43e7e,SRCM-bbc6020621ed36a6968733cb,SRCR-61686e19ea7a312a167322c8,EXACT_STRUCTURED_IDENTITY,A
MED-7caaa7a125f68d72abff06fa,SRCM-f65a68c6f13b4bead095636f,SRCR-ae9a78b7ca0f5b4ea711bbab,EXACT_STRUCTURED_IDENTITY,A
MED-7cb825745ee586de5b808d97,SRCM-d4688cff1689abc696198210,SRCR-8a6750cd910134492a317444,EXACT_STRUCTURED_IDENTITY,A
MED-7cc53000c778d84af1414a09,SRCM-69a98ae2ad684ef71e3dfbea,SRCR-70bb91223a95d089c84163e9,EXACT_STRUCTURED_IDENTITY,A
MED-7cfe7d71033c57f54a16e514,SRCM-cf4014315e6c3ac85b1d7932,SRCR-86718d4f84a95747a806ad48,EXACT_STRUCTURED_IDENTITY,A
MED-7d4bb9334591f75ecd076b4a,SRCM-e3a7304e680d7d2b90f3638c,SRCR-6c09ded2c5f013a707fd7e4f,EXACT_STRUCTURED_IDENTITY,A
MED-7d63bac2941f8c1278cc9cca,SRCM-d8b46d4a51446e986865f9c7,SRCR-e90d4966458477dfca8cd62a,EXACT_STRUCTURED_IDENTITY,A
MED-7d91fbc416483ec4d4e9936c,SRCM-0b73242374c3ac6c722adfed,SRCR-2fc16adaaaab0e666c4fc65b,EXACT_STRUCTURED_IDENTITY,A
MED-7d954e4f617c68e0e985446d,SRCM-670abb991f3ee4b8533bbe97,SRCR-c1f21145bed42346824f41a0,EXACT_STRUCTURED_IDENTITY,A
MED-7d9cc66aac09b1d5d546c0de,SRCM-d2b04ad4c893328827339b48,SRCR-f9fe2d2ee23d3a3236b6749f,EXACT_STRUCTURED_IDENTITY,A
MED-7d9f3654d995fc3721748a48,SRCM-db5d31dc10b53fd9e0e85cd8,SRCR-b72b6869fe26009c8ffeb190,EXACT_STRUCTURED_IDENTITY,A
MED-7da5458510e409cfdf4997be,SRCM-ba4fbbc0db5fbda8e3ee56ae,SRCR-327cb04ece2e8348af3be6ee,EXACT_STRUCTURED_IDENTITY,A
MED-7dc6729d3ed24f2af25043d4,SRCM-af4a448607f91524c82e768d,SRCR-96ee7599bc3778f602d38277,EXACT_STRUCTURED_IDENTITY,A
MED-7dc72e0693fc771157982095,SRCM-3b7961c6f58189fa1a960fbb,SRCR-ed61743cb3aa9e313140d798,EXACT_STRUCTURED_IDENTITY,A
MED-7df7e2abe6ff9b8ef777cf02,SRCM-0b282cbcc107be78132d6447,SRCR-0976492ca43fc3de00e49981,EXACT_STRUCTURED_IDENTITY,A
MED-7df7ecb7d3935f6f0a20b70a,SRCM-f7928a551e837094a7649d79,SRCR-4281ced0babc057abc1ce61a,EXACT_STRUCTURED_IDENTITY,A
MED-7e3411a062622e3ffd127f96,SRCM-75b1f79b18e0f6fe60470b9f,SRCR-3b5af7dd38d2b963896f8f79,EXACT_STRUCTURED_IDENTITY,A
MED-7e53ac94bf409fa5b5639621,SRCM-295d0b57f857d2141c679b06,SRCR-2ea75c7256aa0e9f4bb6f249,EXACT_STRUCTURED_IDENTITY,A
MED-7e5485e4b6efc590ebf5e5c9,SRCM-b08990637c565ae86ec9eebf,SRCR-7d0f1851d8fd149d46a25206,EXACT_STRUCTURED_IDENTITY,A
MED-7e9419b938ae54d77d79475f,SRCM-608b9df071f37459b164c803,SRCR-41a18f89c7fba586dc84d395,EXACT_STRUCTURED_IDENTITY,A
MED-7e97d646a5f8620bb4f3e908,SRCM-2c336b96135601c016ed5762,SRCR-e14062583470e6cb3c651757,EXACT_STRUCTURED_IDENTITY,A
MED-7ec48251886789a69592bffa,SRCM-66cbb984a4266c5a3a1a7ca6,SRCR-25839a1042d902d4e18aab92,EXACT_STRUCTURED_IDENTITY,A
MED-7ec6274cda5b7d36a0404b7a,SRCM-769e9be524e426d2e829e69c,SRCR-1a5100a6c04f86145766dd9c,EXACT_STRUCTURED_IDENTITY,A
MED-7eefed139d8fa37307168fad,SRCM-fca329da3fa288a871dbd05e,SRCR-162f3f678444947bf6432d26,EXACT_STRUCTURED_IDENTITY,A
MED-7f119865857220bb88791369,SRCM-ad2750eee4f953cb26cc860a,SRCR-49f13079afe4f07edf61e93b,EXACT_STRUCTURED_IDENTITY,A
MED-7f12878839c5f5ba6c821b9d,SRCM-99785aeefe69fdbfb16e6e6d,SRCR-8d71d5496719f2165449f6e0,EXACT_STRUCTURED_IDENTITY,A
MED-7f31a7689628b40e9cbce3cc,SRCM-43745b6ec54f084d27aa19e9,SRCR-a5f5106628ec9c6ccd913f5f,EXACT_STRUCTURED_IDENTITY,A
MED-7f42277d093d0e8d34ee3e2a,SRCM-771d3168fc9ff5b7c1bf7c30,SRCR-1ec98ea14f37258178d41bd0,EXACT_STRUCTURED_IDENTITY,A
MED-7f521c0846ddabf25e0c3c35,SRCM-8337296227dee035f651e1bc,SRCR-c69c7ab355718575b9e5fcb7,EXACT_STRUCTURED_IDENTITY,A
MED-7f6db55b022f3b39d330a1c4,SRCM-9c47aa35d7d41acbde95b1ac,SRCR-e5749eb3dd510cbaf697ffdd,EXACT_STRUCTURED_IDENTITY,A
MED-7f89867b03b18e9616916d96,SRCM-8a78d82f51a1a74c0e32d7a1,SRCR-50e41ec5f17e1ece4a5bb9cd,EXACT_STRUCTURED_IDENTITY,A
MED-7f9761f70cc272c4c36fd864,SRCM-5a84cecfac4404915d864d8c,SRCR-319bf7d1f4dfab00d36370f0,EXACT_STRUCTURED_IDENTITY,A
MED-7fb6f7aed27b098fd90ab55a,SRCM-334f404310d02f3b7843cb62,SRCR-f84824980f2ff38a05fef757,EXACT_STRUCTURED_IDENTITY,A
MED-7fba931d78c72dd4f4705ea4,SRCM-82cedc7117a9670260cc5b10,SRCR-4a837e3afa13816756df23dc,EXACT_STRUCTURED_IDENTITY,A
MED-7ff0459e19ca056ba0aa677e,SRCM-fa08d473c3a9b72c25269209,SRCR-0c5a12ffdb706e346586e24f,EXACT_STRUCTURED_IDENTITY,A
MED-7ffdaf61a34eac4ddb0fa285,SRCM-46e973acdce3eadae435c238,SRCR-aa7044d4af10fbf552679ad2,EXACT_STRUCTURED_IDENTITY,A
MED-8000f7331eb9a6c0ae2346ed,SRCM-89f18636495d1e94eafc70b8,SRCR-11e7351db5ae3ec6d27826c3,EXACT_STRUCTURED_IDENTITY,A
MED-802d5cb9016ab2d2fb3570b1,SRCM-f106ec7f9b942d79b96898fd,SRCR-2186fa11159efe757d3afb64,EXACT_STRUCTURED_IDENTITY,A
MED-804179b51ccf12c8ec1453d9,SRCM-f8577f326e3db30f434fbb23,SRCR-98687b5804cdb5a19f336899,EXACT_STRUCTURED_IDENTITY,A
MED-80422a7255974a0f7068eced,SRCM-900fd972dbc9e552b6a74a02,SRCR-9cbd104b2df9d3d2651501c7,EXACT_STRUCTURED_IDENTITY,A
MED-804d3fd942ccb12164aee65b,SRCM-9756ed5d77f73e01794cd5e7,SRCR-0804f6fb9869e9e3eef5f834,EXACT_STRUCTURED_IDENTITY,A
MED-80817b00c5b82233cdf8cf81,SRCM-e1d340dea595067c7a9d219d,SRCR-d35eb31dbbf2e2f790138adf,EXACT_STRUCTURED_IDENTITY,A
MED-809406e33018017f3d9302ee,SRCM-402055c7d76691a337a54494,SRCR-9b10069b34aea21afcd614f7,EXACT_STRUCTURED_IDENTITY,A
MED-80a2b4722c88b85872551113,SRCM-68340d973e3d75219e22543e,SRCR-9f689624557ab01f5f5ca72b,EXACT_STRUCTURED_IDENTITY,A
MED-80a806b5ee8e94e31dd5e18c,SRCM-cfffdb121fe8dd361089c53c,SRCR-9487bc150fd144a16c05884c,EXACT_STRUCTURED_IDENTITY,A
MED-80d6ca5a3c9bb02f32ec1638,SRCM-5170f452c25ea20ecf120ba3,SRCR-42791f6393c5d9d725cbabfc,EXACT_STRUCTURED_IDENTITY,A
MED-80d915310033cc95dd6f7cba,SRCM-5f7a50b145aa17b78dae6180,SRCR-e3023ed06b358890c963af29,EXACT_STRUCTURED_IDENTITY,A
MED-810c8434d30f6b101df06bc8,SRCM-4e42938af8396196bb9db01a,SRCR-b2de0cfcd69dccda2c1ed395,EXACT_STRUCTURED_IDENTITY,A
MED-810f3edc103c889856088f1e,SRCM-0673e17d9e50fa2f49db01e7,SRCR-4b48c16b619e2fb62cbc2283,EXACT_STRUCTURED_IDENTITY,A
MED-8119dade2cf9b5be16dec08d,SRCM-6d65f28401da1cb91eca28e5,SRCR-adb68ab8253147bb403913cf,EXACT_STRUCTURED_IDENTITY,A
MED-8124f3c14729974cd7124649,SRCM-f73d31cab8c717bd6786c242,SRCR-1eddb7f1c4c59e68d025800e,EXACT_STRUCTURED_IDENTITY,A
MED-812c54a38a42b61cada3dcce,SRCM-9387274d2733867f3e520ccb,SRCR-a268dbf26782338937f582a7,EXACT_STRUCTURED_IDENTITY,A
MED-812e143e0e911ddcf5424274,SRCM-8bee2e85869d1aa4e4f54a04,SRCR-08b620a6dab4e0e8405f6dd7,EXACT_STRUCTURED_IDENTITY,A
MED-813609fb68e08005d575cd35,SRCM-e3de524288ce6e2f6fe68fff,SRCR-d434e4ee10e387767b5b6a8b,EXACT_STRUCTURED_IDENTITY,A
MED-814f5bb5e5e69b4fbcec2f95,SRCM-d33988c1d43809d5d38ae652,SRCR-5ef63f0c746d747e33fdbd9a,EXACT_STRUCTURED_IDENTITY,A
MED-814fe0cd176e88e7bbb86c22,SRCM-784b1e71fae8caa9002186a2,SRCR-a51033dfe7d21f686cc32c3d,EXACT_STRUCTURED_IDENTITY,A
MED-814fe3d116373010a5a2288b,SRCM-41b51828bcc859f6fd32c5fb,SRCR-1faad6c7d899c07c1bcb59b3,EXACT_STRUCTURED_IDENTITY,A
MED-81678890d0ee294938885cc1,SRCM-f596cf09fb7d7863e4d23c81,SRCR-2889b30eccf870f841dcd222,EXACT_STRUCTURED_IDENTITY,A
MED-818ae5c4865de79da886d72a,SRCM-965f72cfeb902bcef32f400c,SRCR-a5f47d55bca460d0c3c1a1e6,EXACT_STRUCTURED_IDENTITY,A
MED-81b0cb6a32079a9b50f2ebc4,SRCM-e96a7e4b2c1cd33113da9445,SRCR-5e1c4e2f6af41047b0ab6f14,EXACT_STRUCTURED_IDENTITY,A
MED-81b656c2e3443d776cd54356,SRCM-908931a035d4d69a80c47940,SRCR-0e91721a74a0bae677ed4d52,EXACT_STRUCTURED_IDENTITY,A
MED-81db5412255410383436833d,SRCM-4d2ab3618a6c0e4d9be6ee7f,SRCR-80602bf5b7e0cbb02ed1607e,EXACT_STRUCTURED_IDENTITY,A
MED-81e62971bc671628027cd6c8,SRCM-a8810092023fae439a4ff714,SRCR-6a6aa1a63e7e5b88ef6bfcdd,EXACT_STRUCTURED_IDENTITY,A
MED-81e7a00531a7dc42e5253ce6,SRCM-c6f0c8e5734ece27d3fb6331,SRCR-360c1b0f7d688fb5ecaade7c,EXACT_STRUCTURED_IDENTITY,A
MED-81e8ff323fec81fe025567c9,SRCM-966c785cc48660794208a1d5,SRCR-10a8438d74bda875589b063b,EXACT_STRUCTURED_IDENTITY,A
MED-81ea691949a5b98a18a97e61,SRCM-20dcb57b0c006518bb46daa8,SRCR-45421db52d595e0e9bbd4c7a,EXACT_STRUCTURED_IDENTITY,A
MED-81fbdb63ce1178dd857a29cd,SRCM-4c37a0fb9f4152939c6f04d9,SRCR-0b47210594e06281efe545dd,EXACT_STRUCTURED_IDENTITY,A
MED-822d87c630317dc1c81c1603,SRCM-5d6633d99c37b850d8e4dcd5,SRCR-fb1cf93e89f6551834e4eac0,EXACT_STRUCTURED_IDENTITY,A
MED-824410f3ebdd617aec9d8399,SRCM-b5db14676c588880e309d7cc,SRCR-a30540fc1bc8746523b579af,EXACT_STRUCTURED_IDENTITY,A
MED-82527c3f712dfaf720ce86aa,SRCM-c033876a3630286bf47e9bb2,SRCR-689a3ba1cc0610c26f43fb6e,EXACT_STRUCTURED_IDENTITY,A
MED-826111e2ee6117e3238e69e8,SRCM-fe5a0ccb60081169ab800bc6,SRCR-4e4712367e9c49387e556d3b,EXACT_STRUCTURED_IDENTITY,A
MED-82618e8eb48198a989eb1b62,SRCM-344fb6e8a31fafd9020d2204,SRCR-7c12315a9b22e79701daf64f,EXACT_STRUCTURED_IDENTITY,A
MED-8265378cd004302f80df7c74,SRCM-86e5d8f32c77773996d2e980,SRCR-a9d6e3c1cbcf288cb29abbec,EXACT_STRUCTURED_IDENTITY,A
MED-82b078115c1b215eb4a297fb,SRCM-7e1c26a91ac3c47dc122422a,SRCR-b4f7905a1c27aacc7cab4958,EXACT_STRUCTURED_IDENTITY,A
MED-82ba8fc60e50f1d4b242c61b,SRCM-aa9fd69c06390a6fb7866191,SRCR-2f17cbcafe0cc969e2305eb3,EXACT_STRUCTURED_IDENTITY,A
MED-82ee03cd7e81fbe93dddd867,SRCM-2dfe335226e7a8cc72b2a2a1,SRCR-4b80ed3c4224ba41d2a8a5c3,EXACT_STRUCTURED_IDENTITY,A
MED-82fde84e3d32681bc9a4cbc3,SRCM-93363130ed862fa80c9c94f4,SRCR-230d137d5194b10d7fbae5f3,EXACT_STRUCTURED_IDENTITY,A
MED-8311d1205e949b0a07d037d8,SRCM-302ac9b6f9f5bbf77df2ff2a,SRCR-711c00e8386a43cb752d4451,EXACT_STRUCTURED_IDENTITY,A
MED-8316665f3fbf9c9470b0db8c,SRCM-88e3c99a29daa3fab565cd7b,SRCR-b3ee7230c6f08976826f4e45,EXACT_STRUCTURED_IDENTITY,A
MED-831ea5e797f30e1b1cec0e80,SRCM-a06d51f1ae052cb0310586c4,SRCR-eadd416b52a12701dc725516,EXACT_STRUCTURED_IDENTITY,A
MED-833a7af6ff608204ffa66983,SRCM-4e2e1e5d8fe3295798018180,SRCR-400fa48ee555c592ae0ed430,EXACT_STRUCTURED_IDENTITY,A
MED-833c9bd24f45e82cd1f29744,SRCM-4b8518943a9a2dface86dc93,SRCR-bcf1d6b9ac12d44c616bb2c8,EXACT_STRUCTURED_IDENTITY,A
MED-834cbd116cf0564796e96666,SRCM-93cc7b8db210db644804f302,SRCR-054cc0f89b754d887d5f7dc7,EXACT_STRUCTURED_IDENTITY,A
MED-834d2b96f01111b078e56d4f,SRCM-c74e5b6b334f1c2485a4e705,SRCR-a61a0ea062f025237ca391c6,EXACT_STRUCTURED_IDENTITY,A
MED-835718b521a013990020d6ec,SRCM-4734c29760f7e51e5bd50451,SRCR-3f784fe1ef71f87f0d5997ab,EXACT_STRUCTURED_IDENTITY,A
MED-835d4053ea4d72b6760bef10,SRCM-9d19b8908af33618d2ceaa80,SRCR-8246dcd00e46fa068477e8c3,EXACT_STRUCTURED_IDENTITY,A
MED-836fef6a069d246fb6c88cc2,SRCM-f3b6dd53b2966116e2ae9d73,SRCR-2c0c7b9d8687ceef9e4b2bd1,EXACT_STRUCTURED_IDENTITY,A
MED-8382a925f142cea9ac8ab372,SRCM-2816e47795f5f67cd9c91c73,SRCR-4dfd1c98a10c09b38a888317,EXACT_STRUCTURED_IDENTITY,A
MED-83a23828f479a11c25d94674,SRCM-79128e8395aed923d83e5af5,SRCR-053bbe831276d7d75699570d,EXACT_STRUCTURED_IDENTITY,A
MED-83ab32a7ae4f235ac19cce16,SRCM-7e60dc22c9f8a95ee0853862,SRCR-99a9e90180e5031afbae6296,EXACT_STRUCTURED_IDENTITY,A
MED-83e137da4072d870402308a2,SRCM-0a36f24abec75bfe855aec16,SRCR-f8f7e7c035120711ee9cdb4f,EXACT_STRUCTURED_IDENTITY,A
MED-83e9b9cf2465a47ee6eaa3c2,SRCM-8ed0c5c6cbb6cd33354e9a59,SRCR-d61e89dc87695c0453238edd,EXACT_STRUCTURED_IDENTITY,A
MED-83ec42bc2bacccf25161ad6e,SRCM-4aa066e5dde612a605131ee2,SRCR-fd44fae8b91b1a62810fc89b,EXACT_STRUCTURED_IDENTITY,A
MED-83f3a5010b970e0dd4d401ce,SRCM-e1c633b003a05f9e05683435,SRCR-0a7b5392bb82611765cf229e,EXACT_STRUCTURED_IDENTITY,A
MED-84392b9267be5ac599d2ae38,SRCM-e1b919e5c4c859b7954e864f,SRCR-1760db6d10d51fcd3021f967,EXACT_STRUCTURED_IDENTITY,A
MED-8450ee6db14351c3160812c5,SRCM-5c2f4f8238f723f5eca20a51,SRCR-2263e0dffa4626488b763623,EXACT_STRUCTURED_IDENTITY,A
MED-845df165e5e1fa7c8660e37f,SRCM-58674148afb105adecf0ec43,SRCR-961ca5c87ef0de65e575d40f,EXACT_STRUCTURED_IDENTITY,A
MED-8471fc890c5df86bc5c33ec2,SRCM-5d87d77c5c4b50ba8c2a47d6,SRCR-ac34dcb9dbe390efbb4033f3,EXACT_STRUCTURED_IDENTITY,A
MED-8483134eb28a81557c7bfe0a,SRCM-19e26cd5ee83b3419e72b386,SRCR-ce188fb71753af4d9d1ad946,EXACT_STRUCTURED_IDENTITY,A
MED-849750d1b51fd1c7dca63ad0,SRCM-cb54333fa607ca2066c5c95b,SRCR-ee56907d509b1c2c9078be64,EXACT_STRUCTURED_IDENTITY,A
MED-849c7bfbd6789f4e2a372522,SRCM-a685f4fb1cfc31e47e89afdb,SRCR-d32a43d1ec381cf1452ed00e,EXACT_STRUCTURED_IDENTITY,A
MED-84ad67cea01b606e4a811e2a,SRCM-c4b846dc932f6cc00b0d9462,SRCR-cb9693eb52ac86a786466b9d,EXACT_STRUCTURED_IDENTITY,A
MED-84c0c212bb1cba06fb5bba24,SRCM-c04237fedc8abf028d922eb2,SRCR-4205ef80aeefb0c3e5bbe892,EXACT_STRUCTURED_IDENTITY,A
MED-84c43735848baa7e6ed99adc,SRCM-cfeb0a0109de0ee25fcf23e5,SRCR-75cfc089e8da2357616c863a,EXACT_STRUCTURED_IDENTITY,A
MED-84db3de4d3722568cd899e7e,SRCM-7b1ad4d1ebd291b9cba8c1ff,SRCR-4ce94049416ac15b3d359f36,EXACT_STRUCTURED_IDENTITY,A
MED-850e2f3c89cdaf04a293d046,SRCM-da82416e3faa5098775e3c70,SRCR-00195d03c0d6aa564a2a3b19,EXACT_STRUCTURED_IDENTITY,A
MED-853368c16ebdc9f2a50f6e9d,SRCM-39a8ebba69c9150f3f9432fa,SRCR-d1d7ed820323e6089667f43f,EXACT_STRUCTURED_IDENTITY,A
MED-85604a447819491e31e64fbc,SRCM-8d545ca3313a43b8099d8c3f,SRCR-7d6d10d955581e6cbefba7a4,EXACT_STRUCTURED_IDENTITY,A
MED-858f8406d10fff66bcb8f1e0,SRCM-2dfcf577ce9d42143601e7d7,SRCR-4c16d3e6acc0d7437e707b98,EXACT_STRUCTURED_IDENTITY,A
MED-85d199b329c07a26687c6225,SRCM-348b90e941daa4c748480eba,SRCR-35c21ed3386f1062df582b33,EXACT_STRUCTURED_IDENTITY,A
MED-85ebbd4218fe80d74882c8ef,SRCM-2dc3daf9f7eec4e14d514d33,SRCR-87d656ff0aab41c050e9e45a,EXACT_STRUCTURED_IDENTITY,A
MED-85f7df0fe0c2e1955d9a9a01,SRCM-4d13656670bbd34b184fd105,SRCR-f1dcaf6834e5a95440220b9e,EXACT_STRUCTURED_IDENTITY,A
MED-85f94e9f9efa1c2d55756792,SRCM-5489f77bb2986e5b3068d3f6,SRCR-b27ce33da38b6db154e10fc2,EXACT_STRUCTURED_IDENTITY,A
MED-8616bd2c8f07f3b022ffd4cd,SRCM-2c47cd74e0bcfe30e5c90e45,SRCR-060412fa7dae9adc726e4ccd,EXACT_STRUCTURED_IDENTITY,A
MED-8620ff6c5369ee74d26a8889,SRCM-79ef1eaa517e7e9784d7eb4d,SRCR-194fcd37606e39aa2614e37c,EXACT_STRUCTURED_IDENTITY,A
MED-8625cfa88b748c30a65eb8d5,SRCM-4385cd1ea941aa82d451e389,SRCR-a06e89083625d13ffa9d10b7,EXACT_STRUCTURED_IDENTITY,A
MED-86301fe1686f8a3d49685106,SRCM-37e5bd9a1d43fdfaa0909806,SRCR-b771ca6da411f1faa06bfc19,EXACT_STRUCTURED_IDENTITY,A
MED-8635981d6da294d2b196698f,SRCM-4149bea8d22e34fc9e16d13d,SRCR-61cfa377897ab4c45933d0d4,EXACT_STRUCTURED_IDENTITY,A
MED-8643a53166fb50426cf843a6,SRCM-16bf8fbd9e938b5bb5d2f2f8,SRCR-238361bc6f401bd479385d88,EXACT_STRUCTURED_IDENTITY,A
MED-8659b04999c1e276bd26b2b2,SRCM-cb3a295828dd4847748c8b91,SRCR-d941c590cb0a983258c4156d,EXACT_STRUCTURED_IDENTITY,A
MED-867ca45cbb761db0c20080dc,SRCM-e30f6b8e54e94a06e8f36ae7,SRCR-a3e22a1619bbf33f26af69d1,EXACT_STRUCTURED_IDENTITY,A
MED-86a3c49f2a324b1c2cc900c6,SRCM-5d1448b116832d85015d4889,SRCR-6fbf0912e96b30f6c0785b2e,EXACT_STRUCTURED_IDENTITY,A
MED-86d12c5a9ffba3fd8ee9b32d,SRCM-f62161c6ff5153b95e15e294,SRCR-4dc266340cb46560d38b8c50,EXACT_STRUCTURED_IDENTITY,A
MED-86d2545b5d0bed3a2d806216,SRCM-7ee2c113e447165851d542f6,SRCR-099e58e09597b3b9a5226f02,EXACT_STRUCTURED_IDENTITY,A
MED-86d95cb38f5a67dc429f4fee,SRCM-afa2135d7f5b987c991ab45f,SRCR-d084caf7ebcd7bb360075957,EXACT_STRUCTURED_IDENTITY,A
MED-8719879f21549e9847660973,SRCM-0e7804f50115a309f8e1e591,SRCR-a15c54a1ea27e6c0034fd266,EXACT_STRUCTURED_IDENTITY,A
MED-871fac4f36fbae4668165ffd,SRCM-0c01a5447b2421ed64d343a8,SRCR-2ff51ed6c0a85c0781253f8b,EXACT_STRUCTURED_IDENTITY,A
MED-873e4f6c5d21b9a175b405d9,SRCM-1395dda3fb090e6adf6df949,SRCR-42eb7d2dd8b686994e43ad7a,EXACT_STRUCTURED_IDENTITY,A
MED-874eccd52d8df5002d98f812,SRCM-e2b1c13fa327c3a4af1a4d9c,SRCR-11a2dd353935d6a142af0ac1,EXACT_STRUCTURED_IDENTITY,A
MED-8762a485a286e8b145a75d3c,SRCM-e05b73607427c86f7b605c10,SRCR-2581e833e28fc13cbcd4d6c4,EXACT_STRUCTURED_IDENTITY,A
MED-8766ed9709d5aa09068c8aa9,SRCM-d93ecb6051afcc32b33a6c64,SRCR-08b8ed54ac90774edbf6df78,EXACT_STRUCTURED_IDENTITY,A
MED-8775423af9e27fd76b2a907b,SRCM-7c198f016fa7202c313465d0,SRCR-2fc4b7d0bdfe89c5522af3f6,EXACT_STRUCTURED_IDENTITY,A
MED-87782bf7be762a1853ac32de,SRCM-bacc61ef0a52d4cdf48204ad,SRCR-18b7a34a89f38e500fe92370,EXACT_STRUCTURED_IDENTITY,A
MED-8787af91971d0b200b1e16bb,SRCM-94fe85f8afbaf7cbfff1a31b,SRCR-f2e39426dea9150a61fafe9c,EXACT_STRUCTURED_IDENTITY,A
MED-87a5a78710bf9939f967a0d7,SRCM-201355f0d8a3f50707793a1b,SRCR-f69537a5339ec40582d41749,EXACT_STRUCTURED_IDENTITY,A
MED-87cde0e063560498e9e9e393,SRCM-fdb376b30017a89ebee5767d,SRCR-a6e4ec72623da5977aa1a361,EXACT_STRUCTURED_IDENTITY,A
MED-881c20e0517063387f327fad,SRCM-2b9de0347ec4cf5861b8823f,SRCR-761954cf6de6e4a108862715,EXACT_STRUCTURED_IDENTITY,A
MED-884efda2011c784f3912e3cb,SRCM-c22c9f5c37724721fb99f3b8,SRCR-b7e4d5383e9b3f832747fe95,EXACT_STRUCTURED_IDENTITY,A
MED-885600027075db53a2769cad,SRCM-be911afb30b2ed262b2b7836,SRCR-dbad155de961cceffe2b050e,EXACT_STRUCTURED_IDENTITY,A
MED-88654284e59e38547b8c1dd9,SRCM-c75b56afcdeadd5342199e7c,SRCR-0c4e83f5234aef9ec0b8ea11,EXACT_STRUCTURED_IDENTITY,A
MED-887b37057ac62375c043172f,SRCM-3f8c2c7bf6ecb9cca4fa64a7,SRCR-e187780285f39a60602c0fb9,EXACT_STRUCTURED_IDENTITY,A
MED-88a28efe6f5e9103d1a2d6ba,SRCM-3b25892b2540b29ff487e04b,SRCR-ed31c475cadd4bbbdfe3654e,EXACT_STRUCTURED_IDENTITY,A
MED-88a8e616594846a2437c8091,SRCM-ee3604b5c0acbbad264caaa1,SRCR-145e25214f374fe60757c8ec,EXACT_STRUCTURED_IDENTITY,A
MED-88cbe581a584139e7af0dd77,SRCM-5223e5456d9d7dadb07463cf,SRCR-ea3c7724cb8b7ef85fc0e80b,EXACT_STRUCTURED_IDENTITY,A
MED-88d0b89561c10eda245fe0df,SRCM-c603024465ea63da92e816cc,SRCR-e59a5660da0b7bf0adc30c8e,EXACT_STRUCTURED_IDENTITY,A
MED-88d7b0094f52365f523479d6,SRCM-9516c2f7950c11c5bf30f109,SRCR-8b8d730a749d1ff47b0b5408,EXACT_STRUCTURED_IDENTITY,A
MED-88d903056b9298b06f4775ef,SRCM-1b6510cc264c7d0216a8cc8f,SRCR-4e168eeef217b2711f1f52f6,EXACT_STRUCTURED_IDENTITY,A
MED-88db1e7771a1aedd4d5ae639,SRCM-101ba3c9d955193a1e633aef,SRCR-4dd358afca78e9cb3d11688b,EXACT_STRUCTURED_IDENTITY,A
MED-88e4cfdbcec940616bbc58ff,SRCM-6399bbd7bf021035da46baae,SRCR-76e21c8be113d249e84cd0c0,EXACT_STRUCTURED_IDENTITY,A
MED-88fd0ecbb14dd5cbde557d4c,SRCM-706566c6c8b0d00abbd22f31,SRCR-3404854febe50dd8c83a1b8c,EXACT_STRUCTURED_IDENTITY,A
MED-893e3b767a48f1563435a280,SRCM-32d817f91d00af95e29aecf7,SRCR-258bc9d6784d8535b8967dd7,EXACT_STRUCTURED_IDENTITY,A
MED-89763e1e84484da3d3d7b46b,SRCM-84659f93e6e4d2be33db7fb5,SRCR-08ca4ed2266018fcdd4581ba,EXACT_STRUCTURED_IDENTITY,A
MED-89b10936007da11fbe310bee,SRCM-13aed087fd8fefb30c858467,SRCR-d834d965243b8346b46190e6,EXACT_STRUCTURED_IDENTITY,A
MED-89d218c0130ab5d182bf6c2d,SRCM-bf7aee51ede32d5755d752d0,SRCR-37ea26c899673f2f8ea18112,EXACT_STRUCTURED_IDENTITY,A
MED-89fd319c7f83db4d2ab1f121,SRCM-21be6bceb05a610d6a53abf5,SRCR-44d2d437facf16d2663d0619,EXACT_STRUCTURED_IDENTITY,A
MED-8a02f8b67ad12cb3014eed15,SRCM-116b5042156d574cfabe1f5d,SRCR-c183b2a62059b69138004616,EXACT_STRUCTURED_IDENTITY,A
MED-8a0f170e6f69b3aecfb98557,SRCM-ac1c05d1d7726c5935818710,SRCR-33a21e7686c252bbc96b82a9,EXACT_STRUCTURED_IDENTITY,A
MED-8a1bd1c2c523a56bea000855,SRCM-c359c7e447fd252461d50caa,SRCR-44734e67486494af5a091372,EXACT_STRUCTURED_IDENTITY,A
MED-8a24d6ba6dd7ab8bdba6027f,SRCM-17b82ffb52fab5ad3d5d7512,SRCR-c1bad885153b643e1e33311b,EXACT_STRUCTURED_IDENTITY,A
MED-8a2dd1533f32cb5e47630484,SRCM-38882423186f39f2f953c638,SRCR-8a9a476e43f93f24c3d6a7e3,EXACT_STRUCTURED_IDENTITY,A
MED-8a418059fe40c2cdf8c7a9df,SRCM-31fc61b06bc6c9eb67087849,SRCR-9f98920c824f126617627bbf,EXACT_STRUCTURED_IDENTITY,A
MED-8a4cc04499a7657fac482dfa,SRCM-eebaa2f0b641b3f64153fc2e,SRCR-b946fc98fdc8b2ee179103da,EXACT_STRUCTURED_IDENTITY,A
MED-8a513919b58c3f7a5bfd6a6e,SRCM-49db662e4ccd0d9f7b2d0fd5,SRCR-b47d0433b4920062af119be8,EXACT_STRUCTURED_IDENTITY,A
MED-8a7f3093f017222badef88a9,SRCM-97cb6bbccc2df53e92bc0631,SRCR-ad12ed16df97e05d841bb1bc,EXACT_STRUCTURED_IDENTITY,A
MED-8a88ed3bb36afe64559a3e9e,SRCM-be058e992390d350891f15c4,SRCR-77058f37f0595b75b0fb94ee,EXACT_STRUCTURED_IDENTITY,A
MED-8a8a58277ba5553dd99e7667,SRCM-69ea8cc243ae127f55d0033c,SRCR-4cbcaaa89d270ac60511727a,EXACT_STRUCTURED_IDENTITY,A
MED-8a9022013559bc474ff2b6d1,SRCM-2e30d836fe6d8b0d14761bea,SRCR-b49042ce49da1aaba661a48a,EXACT_STRUCTURED_IDENTITY,A
MED-8a996dd90eeaf765f178bc1b,SRCM-4416ef60022a34446b53cf81,SRCR-590fcb49a6714de26a764d1d,EXACT_STRUCTURED_IDENTITY,A
MED-8ab4cb3d66624743f8cb0ea8,SRCM-41a93b751be3bb9dfcd6ba65,SRCR-aba307943c1ad5fcf0777c50,EXACT_STRUCTURED_IDENTITY,A
MED-8ac32706a5ca6f8776eb9d24,SRCM-82f3b749c36e33d133e4b7e4,SRCR-a99024ccd335201913e8d115,EXACT_STRUCTURED_IDENTITY,A
MED-8ac6bed7c9c650456fac57ac,SRCM-5d0e5df1d0f0b1a6e54c1a37,SRCR-aa0b0c0f176bdf0d25cf1dde,EXACT_STRUCTURED_IDENTITY,A
MED-8ad99d724785e2b252aa0e1c,SRCM-69cbc49bb90d329ae1f3bee5,SRCR-af332f3512625f9778ebf5b3,EXACT_STRUCTURED_IDENTITY,A
MED-8b051a29f4d8a661ae14319f,SRCM-5702194c07ebd5df55a5213a,SRCR-31b96f9d14e65a829342179d,EXACT_STRUCTURED_IDENTITY,A
MED-8b352a123a01dd48bd9d077f,SRCM-2756355740c757e3d27c2e32,SRCR-7c35c70eea00fca5420ef4b5,EXACT_STRUCTURED_IDENTITY,A
MED-8b3b141ecba5c54ef365b044,SRCM-35ee2a04d595f272c5679d52,SRCR-6e9f217a70dfab2b97f205c5,EXACT_STRUCTURED_IDENTITY,A
MED-8b55dc3810143cf4cafd0b14,SRCM-490db509075aa8df3007e21d,SRCR-4ede08dea8c9e57e1bdf7c8a,EXACT_STRUCTURED_IDENTITY,A
MED-8b859123bfd7004b3c2b0550,SRCM-7048b2096279fa019b4d4211,SRCR-570ad73bb92118032ec1b2f7,EXACT_STRUCTURED_IDENTITY,A
MED-8bb4c91b88dda51874dbbbcf,SRCM-2c83a8d8c54a7b7349050985,SRCR-1131eb5a4f4988cdb7c19c19,EXACT_STRUCTURED_IDENTITY,A
MED-8bb8ff796f9b07ae52721d2a,SRCM-d427904d809558c75994cfa4,SRCR-9747e83b1202f5ef912b3950,EXACT_STRUCTURED_IDENTITY,A
MED-8bd1946bd2dc434f0447fc1c,SRCM-bae211ffa1a88c23b9604440,SRCR-2df83dfbfe2a643c6b959793,EXACT_STRUCTURED_IDENTITY,A
MED-8bf878b010ff7aab378d173b,SRCM-ffb1c39bf529f8e23d269f32,SRCR-f6a86d38206e00a6db8e3e6e,EXACT_STRUCTURED_IDENTITY,A
MED-8c007477a2598909647b4b07,SRCM-7fd76bedefb7eda49c08ea62,SRCR-9a951cf8db7a3229cc703445,EXACT_STRUCTURED_IDENTITY,A
MED-8c1e456abd21eaba520c2eba,SRCM-9ee3c2ecd6e901365687dce4,SRCR-bf9da2d50f079aab47067991,EXACT_STRUCTURED_IDENTITY,A
MED-8c219566c2fb415ce5cfdab3,SRCM-93ad256de37f6c475125f96e,SRCR-a86cefe3f203f43f612e9539,EXACT_STRUCTURED_IDENTITY,A
MED-8c42d0dbf2e0bfacc44f124c,SRCM-d06b3919ef72f81ee2531295,SRCR-678da4837de5dd68c8dbc159,EXACT_STRUCTURED_IDENTITY,A
MED-8c6a876c6647212ae5ef9cc1,SRCM-339d4af11411a1667d23871d,SRCR-4059f3dce00e3c51c0f73d04,EXACT_STRUCTURED_IDENTITY,A
MED-8c72867520443b6474c74bbc,SRCM-7ed7746178d6c3fdf49808ad,SRCR-efe7459348e6b4d1b66d8391,EXACT_STRUCTURED_IDENTITY,A
MED-8c838246a5c421ad4a8e8357,SRCM-479739703ee669b114ffa436,SRCR-3ece0e00fc423362703a298e,EXACT_STRUCTURED_IDENTITY,A
MED-8c8487f13449e81819742d28,SRCM-12eca45941a74971f0b03832,SRCR-31ce69e725c64fdaad101ec5,EXACT_STRUCTURED_IDENTITY,A
MED-8cb6a7401b43f5b99640dd67,SRCM-8f057b74a00aca3fcbf4499a,SRCR-75a731bc87b5a85adbad8ca0,EXACT_STRUCTURED_IDENTITY,A
MED-8cb766ce19eabcd04aaf93a8,SRCM-ddd22c4fea953aee15ffbc93,SRCR-188a67c33dbc930ff54ff106,EXACT_STRUCTURED_IDENTITY,A
MED-8cb8acfbd27041c432754226,SRCM-ef791f3f5a7feb76f738d8c5,SRCR-b94b760233666472394bc292,EXACT_STRUCTURED_IDENTITY,A
MED-8cc59f4501f8c21a7abee636,SRCM-041e3fa9cba03b3b167c9c4f,SRCR-d8e2d390bda262d8ec2719d6,EXACT_STRUCTURED_IDENTITY,A
MED-8cd7abe7f028ed178932c7d2,SRCM-c96ab2546c5dae61ff244b33,SRCR-6df1e8b7119356ac799d2151,EXACT_STRUCTURED_IDENTITY,A
MED-8d046b6266c0e6f300717071,SRCM-2949864fa6f3a43d764b7469,SRCR-deede0bd737eeb0b665908ff,EXACT_STRUCTURED_IDENTITY,A
MED-8d04dc21d96b0ebbf57dcbc0,SRCM-094ea06f6afdd2ec8b0649cf,SRCR-7310bc096d097e08a40279b4,EXACT_STRUCTURED_IDENTITY,A
MED-8d0c1fcc2f62f42425b003e7,SRCM-2859ae98bb53523dcd8e01ca,SRCR-68b4ee4f6c4ae074cc4a5b29,EXACT_STRUCTURED_IDENTITY,A
MED-8d102eb362d39e58a2ef0372,SRCM-f841c8feb27a90eaa8fd7f32,SRCR-698a2dad59df7134e49e9b6a,EXACT_STRUCTURED_IDENTITY,A
MED-8d4400385745224b482ec031,SRCM-259badcc9c881951040e1560,SRCR-5d1be1537ee1c41e92951d31,EXACT_STRUCTURED_IDENTITY,A
MED-8d4cc329621cb26c30e75916,SRCM-93235c573f9e68c1f2be5971,SRCR-083d7e5d0fcf02a9b6af62c1,EXACT_STRUCTURED_IDENTITY,A
MED-8d52644afa3afd06ba498149,SRCM-2e03b387f4f3024b97b73b4a,SRCR-607121d43bca5e4037c8e2bd,EXACT_STRUCTURED_IDENTITY,A
MED-8d7bc7de489ee1fdd8b60954,SRCM-ac6348977c55621a4d2a7c0a,SRCR-4a0d7dbb159b307c2fbc1b03,EXACT_STRUCTURED_IDENTITY,A
MED-8d81b7de7d20bdf259a3fbb5,SRCM-23085b244fd30d57df208a09,SRCR-72419d8bfcf2cd8ff9416bad,EXACT_STRUCTURED_IDENTITY,A
MED-8d9a38183cee65664919cb5d,SRCM-37d95fdb005c50533e01ddab,SRCR-4c3476e11000bb19ba3d1342,EXACT_STRUCTURED_IDENTITY,A
MED-8da034e1b799ec98911f0c72,SRCM-885d1bc94556ffaa614a25ab,SRCR-c32c7e443a2bff8e18866a21,EXACT_STRUCTURED_IDENTITY,A
MED-8dbd056a07233ade8fb6c317,SRCM-a8fdd2e29a010dec1d7010e7,SRCR-0c45af736c2f3b422933cdbe,EXACT_STRUCTURED_IDENTITY,A
MED-8dc5f1d7b1b91a3d6c0927f4,SRCM-054c8573930dfd5a6ba96a85,SRCR-0eec5b2d8a690e85d6a825c8,EXACT_STRUCTURED_IDENTITY,A
MED-8de2c0e1b48617378c38e535,SRCM-7cfaf94b231753beb1812435,SRCR-7adb22a086114659053878a1,EXACT_STRUCTURED_IDENTITY,A
MED-8de82330085af28e2c3162e8,SRCM-315d8d70da15b45facaab25c,SRCR-c4d82904720c5f142ef1afe7,EXACT_STRUCTURED_IDENTITY,A
MED-8dfeea6d48660a3aedb02c25,SRCM-c22bd2ff78f55a0cf9316cf5,SRCR-da9ffe757ef43623b595ee8c,EXACT_STRUCTURED_IDENTITY,A
MED-8e066812537d133da189a70b,SRCM-5dd7098fbe83df38ad4b9c75,SRCR-3579a935ff46a3eed1b180c6,EXACT_STRUCTURED_IDENTITY,A
MED-8e0c8d1dc69206b1f9329f75,SRCM-1729997ad1b229aaf384fa50,SRCR-584fc18ff79a930cf41058d3,EXACT_STRUCTURED_IDENTITY,A
MED-8e1821c197b3b889588b10b0,SRCM-91f826809f5dad2807749a76,SRCR-be3d8d7c068297ebca50a8ea,EXACT_STRUCTURED_IDENTITY,A
MED-8e35fb9c867c4e3b1c7c8121,SRCM-9601daa67dad1de55003289a,SRCR-bbd493873ea23f031114e99a,EXACT_STRUCTURED_IDENTITY,A
MED-8e456707e8366b4672977db3,SRCM-ffa9f5287fbd1f56b82b0bd0,SRCR-072e0253a3ddb46cca69cb94,EXACT_STRUCTURED_IDENTITY,A
MED-8e5d4076b449a6970599c893,SRCM-6a5441d3f150fa81a508cbe2,SRCR-604342ed66be50477dde5689,EXACT_STRUCTURED_IDENTITY,A
MED-8eaf62b8812c294396fa046c,SRCM-dc018ffa4ffe6e2d9463c702,SRCR-0c6721875edcfa81d21906d0,EXACT_STRUCTURED_IDENTITY,A
MED-8ee1f51a0ff7298587b07b6d,SRCM-ea320fdece77014a59c6cfd8,SRCR-37ecaaaeab4b63f3f1e1bb97,EXACT_STRUCTURED_IDENTITY,A
MED-8efa3329d54303f32c30268d,SRCM-f4add2b2c79159c5a61d4b58,SRCR-2a4678ed776a462e955ece2e,EXACT_STRUCTURED_IDENTITY,A
MED-8efff3fb7bf4f3069025502e,SRCM-d701c9101841d42bbab191b0,SRCR-19ecc0285d9ef0c6112990ee,EXACT_STRUCTURED_IDENTITY,A
MED-8f04656c538c016287f3d212,SRCM-11225f8e4c42af749b9ee270,SRCR-242c084ada476bf9dcb0401d,EXACT_STRUCTURED_IDENTITY,A
MED-8f2f9a5c40f84e7b2624379b,SRCM-6ed9847d75f90c8d1c928634,SRCR-131e2a391b59d5295ea9c672,EXACT_STRUCTURED_IDENTITY,A
MED-8f3479e6bde5234d528fed57,SRCM-c8bffa9cb97391c494b080ea,SRCR-a0c43cb03857c1834bde15cb,EXACT_STRUCTURED_IDENTITY,A
MED-8f5ae1e2ca9bcfd80c6c8d19,SRCM-790e4f4e305d3a9818da5792,SRCR-4911129ce480d7d2d97c77e8,EXACT_STRUCTURED_IDENTITY,A
MED-8f60880d5828077ad5eb5fbf,SRCM-6d65906b238c48cf11fab4a4,SRCR-88110f3943eacfe96a935912,EXACT_STRUCTURED_IDENTITY,A
MED-8f6eb6b1405ba3cb3f4c53e4,SRCM-ba02136fed6a9d69eb5fdbbd,SRCR-77573a9c2867c92d63bd325e,EXACT_STRUCTURED_IDENTITY,A
MED-8f854d09824079140e07dbe7,SRCM-68aa3667aea4c6df45c3c722,SRCR-fd05f983b77053b83a8a325c,EXACT_STRUCTURED_IDENTITY,A
MED-8f978a3bc8f254d2e19bd267,SRCM-5f7b713d471810b2eca4c573,SRCR-72e8f0ddcfec3b4d82ef1de2,EXACT_STRUCTURED_IDENTITY,A
MED-8fb6dcdbd52a692bea8cabd3,SRCM-f41af45ca65830580f083f1f,SRCR-1dbc2306089b234141f66fa1,EXACT_STRUCTURED_IDENTITY,A
MED-8fcf57b2e16aa6ac91525b9d,SRCM-713558efb8e34da646cba3c9,SRCR-fefbf75a610d8c39b6ae982c,EXACT_STRUCTURED_IDENTITY,A
MED-8fe5b6675ae5fe9a26da2210,SRCM-915292cfedc93647387346c8,SRCR-152570c15bab3ea117fe0d04,EXACT_STRUCTURED_IDENTITY,A
MED-8ff25bbb55d554dffff4d196,SRCM-56c547453ab1c1c012a57596,SRCR-017591a5e30eee5465d9c1ab,EXACT_STRUCTURED_IDENTITY,A
MED-8ffc256c6756d50a3ebc4a11,SRCM-1c0dbb30d5e674e410c5f9f9,SRCR-26253cc194ea41f2b2a1320b,EXACT_STRUCTURED_IDENTITY,A
MED-90151890a4b99f7b7dcde792,SRCM-f440472d4d0ad1b9e86be791,SRCR-3a3448b9820b8d0cd7c248d7,EXACT_STRUCTURED_IDENTITY,A
MED-902bd7eb8945ff039f26f989,SRCM-eb4f8ab36a8a689c23db30b7,SRCR-fa20c9ca7f01ab90bbc628f5,EXACT_STRUCTURED_IDENTITY,A
MED-903c2351ff0d0cae39081be5,SRCM-8889ec75da6a8c635f692593,SRCR-aaa3a84293cd9c1cef617673,EXACT_STRUCTURED_IDENTITY,A
MED-9042f6fc2ab26fbd171c39c0,SRCM-cdbd33d42b75a95f2fe3f15d,SRCR-c26f18ca3ad45d24af5319b5,EXACT_STRUCTURED_IDENTITY,A
MED-904f6d4b5dd1cfbec68b1c82,SRCM-4380e0d6109a004ee62fdcbc,SRCR-cb8ebea9d8a56c79a778e4e0,EXACT_STRUCTURED_IDENTITY,A
MED-90720c26718be8bed9e51b75,SRCM-e131b06376e8cd19e76072bf,SRCR-e6062436aba8b920430d6f0f,EXACT_STRUCTURED_IDENTITY,A
MED-908bb644a1efb5f85e4c480f,SRCM-47ab58ee4be3a96972973441,SRCR-d326a3890b744957142a9136,EXACT_STRUCTURED_IDENTITY,A
MED-90b481e7fd36ee9e59ede7db,SRCM-d2b50b70faa994736d0db54f,SRCR-7915ad1d770cb41f7feea099,EXACT_STRUCTURED_IDENTITY,A
MED-90b807fb712aa6df2655de51,SRCM-8e397ed910b5a34bb1a54f28,SRCR-65c9e962e1f0f79c23a9c8d5,EXACT_STRUCTURED_IDENTITY,A
MED-90ba101e71b86c9b3a62ade7,SRCM-5d9c40ce6e59e788735dc325,SRCR-c24a7e9b48f8b40856fa1fc4,EXACT_STRUCTURED_IDENTITY,A
MED-90bff9e19071c4b42398fdd4,SRCM-d1d05c175973e3c653f542e0,SRCR-5e19edd3b76c296c48be811c,EXACT_STRUCTURED_IDENTITY,A
MED-90ed380523013bcd79839064,SRCM-44c5dd7610685b946e727ecf,SRCR-2c30c95d30dc63182b5140a8,EXACT_STRUCTURED_IDENTITY,A
MED-9116d3c1ae441dab65716513,SRCM-a8c0e05ee6ae9f517531f813,SRCR-0f7f9ff4b422d442eafba2a2,EXACT_STRUCTURED_IDENTITY,A
MED-912df053e74c731214046f40,SRCM-f91f2b45974c304e5aa4e83a,SRCR-d301e51c6889836ae665ead4,EXACT_STRUCTURED_IDENTITY,A
MED-913e26280aad4a928f0cded4,SRCM-a159ec24908e478112df6d26,SRCR-999edd131633c66d6d4db9dc,EXACT_STRUCTURED_IDENTITY,A
MED-91541656883f7a70370eaf20,SRCM-b407e1d390588884585a4e53,SRCR-a8000027ccde27609a3f4cac,EXACT_STRUCTURED_IDENTITY,A
MED-917abf7e3499864a36467049,SRCM-2d676a0e36b59e42c2ff0134,SRCR-c08adaf133a324e115cebe04,EXACT_STRUCTURED_IDENTITY,A
MED-91b7c06aaa573424af0e82fb,SRCM-4f45d6754a7c28f826c6d9e3,SRCR-4a45e4776547ac36c2af0d72,EXACT_STRUCTURED_IDENTITY,A
MED-91c2bd0260e6a05fa753bc79,SRCM-44c28e521b22e8198326b9df,SRCR-20e3f66f3c0ca093045899cc,EXACT_STRUCTURED_IDENTITY,A
MED-91d3792ee09184396c4baf2e,SRCM-e0c146ce3dc3461b1c919bd0,SRCR-4a90fc07a35a62d5767fa59c,EXACT_STRUCTURED_IDENTITY,A
MED-91d72dc5572064e8b0b25b98,SRCM-36fa5da756233ea0c8b7ae80,SRCR-bcdabca2f5c902d4e9b002da,EXACT_STRUCTURED_IDENTITY,A
MED-91df6177b3b55300b399b0c5,SRCM-bdf38af83bdb85cfa6eaad92,SRCR-99cb94bb5ac57dbc7a54c7c0,EXACT_STRUCTURED_IDENTITY,A
MED-921921709cfb10f2734eed8a,SRCM-1cd5e41504797b692e828cab,SRCR-9910ae803207bec2c9391423,EXACT_STRUCTURED_IDENTITY,A
MED-921f71b8fc8767f4c06739dc,SRCM-c77859b4f7216b2690f9b869,SRCR-7788b643a22e65593571f13c,EXACT_STRUCTURED_IDENTITY,A
MED-922054266663fae296c805b4,SRCM-654a8cdaca341b21fa72f77e,SRCR-e1e62deb4431ac744ac6f587,EXACT_STRUCTURED_IDENTITY,A
MED-925b38bd62a37190c72f10a1,SRCM-8643d997452318cc57d53c70,SRCR-37dce3f42a9b706d666a9324,EXACT_STRUCTURED_IDENTITY,A
MED-926558ef22123c8dc8f632c7,SRCM-32488e19d17f9cf10e7a3630,SRCR-7cc5cc0b1b1b7ca592e6c1c3,EXACT_STRUCTURED_IDENTITY,A
MED-9274bcd0e3b17eaa4601c692,SRCM-a841f0ab477c59ffa99541c5,SRCR-0b29feaa858f4d3900c17f09,EXACT_STRUCTURED_IDENTITY,A
MED-929e07627a78e920206118b6,SRCM-972c5774cacd5c0fbaef3098,SRCR-9fadd43da86f41d90db58205,EXACT_STRUCTURED_IDENTITY,A
MED-92af34d684f7dcc569590219,SRCM-42c1aa8308e852a163d53e8a,SRCR-ea51974482a04740aaf24701,EXACT_STRUCTURED_IDENTITY,A
MED-92b0ebd7a58137eee5e8c734,SRCM-52c28fd052c20be5c0810d7a,SRCR-4fd51b64c790131bdfc98f1b,EXACT_STRUCTURED_IDENTITY,A
MED-92c91314b4777d26ad05bac0,SRCM-9bff1e7b35c6e006e939827b,SRCR-4c647f2493fa56f243bdb6eb,EXACT_STRUCTURED_IDENTITY,A
MED-92fe3ff289eb86ef9b451ec2,SRCM-e695aa5e9321285aad3fb923,SRCR-c57a079b9cde7ef2c072ff01,EXACT_STRUCTURED_IDENTITY,A
MED-930e4617398a05017e49dc57,SRCM-1cf2fb1c553a45d9351da389,SRCR-725165178ebd0145aedd9318,EXACT_STRUCTURED_IDENTITY,A
MED-9320777d3e6fe65aec1b3ac7,SRCM-00eabb91633845626a4a634c,SRCR-4d96b502e1711bf7310dc791,EXACT_STRUCTURED_IDENTITY,A
MED-935cb8a4ea0e02034f450702,SRCM-60046827efccf40bc7dfc506,SRCR-d0d3b08b3237359cb6ef8d6f,EXACT_STRUCTURED_IDENTITY,A
MED-93617c0f854e270c07cddddf,SRCM-dff1feb135675aee98299d62,SRCR-ae776625881c9ce69055c0af,EXACT_STRUCTURED_IDENTITY,A
MED-936486d73cfce11008760072,SRCM-bd152383d63067d528a308b0,SRCR-287b2f367d597e073ff71e60,EXACT_STRUCTURED_IDENTITY,A
MED-9368137ac792ba1ebeb0e751,SRCM-2b1c6073d37ecd0bcc5917cf,SRCR-8bd4ae0d5c3e60b8cd9d19a2,EXACT_STRUCTURED_IDENTITY,A
MED-936a58559a0b4dc75bfe85b2,SRCM-ccdd6ed9d3feab77ce93a112,SRCR-828cfbc5ca64cbe6c087147c,EXACT_STRUCTURED_IDENTITY,A
MED-937b841658bc771c7557afda,SRCM-d375d317863c788127842684,SRCR-f2e054520c230c92594712cb,EXACT_STRUCTURED_IDENTITY,A
MED-937c6a8024d54f29c5cee1be,SRCM-6effae40ca0d63e94fbb71b5,SRCR-d8dfa61f36d4a1c344b7be58,EXACT_STRUCTURED_IDENTITY,A
MED-93835ed95f0f3159a6b56f67,SRCM-6ed128aa3444cbc89c928ec0,SRCR-db86fdf7dd9d950bbfb17c1f,EXACT_STRUCTURED_IDENTITY,A
MED-93a06545ef51a2ebcde65199,SRCM-3103e1c6580756cde550e277,SRCR-2894b64ca7eecd75bf83daa1,EXACT_STRUCTURED_IDENTITY,A
MED-93af882486928da7d19cdbc2,SRCM-ba73c5b85b9aeadce2f97e73,SRCR-df5897578fc9707b3abb642e,EXACT_STRUCTURED_IDENTITY,A
MED-93c6961a4117549b937aac92,SRCM-5210d08e15859cb15887c540,SRCR-fb8f40b457decf4e4854b50d,EXACT_STRUCTURED_IDENTITY,A
MED-93d36810f2d45e6b5034d70c,SRCM-639e869ea98f4a8cd93a20a5,SRCR-687c0a44afe37f217c5b8335,EXACT_STRUCTURED_IDENTITY,A
MED-93f5d8b50b4f4b57b2807422,SRCM-c2b1b5654ce89a4c7675fe5e,SRCR-47906b4b2b1ab2061f503e23,EXACT_STRUCTURED_IDENTITY,A
MED-9440b2c7fd8df27f0e2909c7,SRCM-31516d673b649f86f126690d,SRCR-24a27213685e66c649a91d14,EXACT_STRUCTURED_IDENTITY,A
MED-944a7737ef11859de0f2108d,SRCM-82988a7d96ed279708c7362d,SRCR-4528b526069ccc5f4e96b675,EXACT_STRUCTURED_IDENTITY,A
MED-946679479be8342c89dd3a77,SRCM-37ccaaf90ef9eb05a806a777,SRCR-4a5766f08868c70acf5329a0,EXACT_STRUCTURED_IDENTITY,A
MED-94703055044eb4f80fa1fcf0,SRCM-daf64bcd6cf727cc78e0d966,SRCR-eca216ce7fbe1455409ace33,EXACT_STRUCTURED_IDENTITY,A
MED-948325294a46dc0d9b032502,SRCM-d729bdd4bbffbbef131681f1,SRCR-f0a2eb04911e9d6ffbd43ec6,EXACT_STRUCTURED_IDENTITY,A
MED-94a1ac16c047a07bfed5b8c1,SRCM-044fe0f3e2b5b7ec83a00223,SRCR-468bd96a3ff7255881b624f4,EXACT_STRUCTURED_IDENTITY,A
MED-94b434bc67dfa1dc55f56077,SRCM-e1dda07cc2a5d9a72763e1cf,SRCR-87beb100151045f3388aa32d,EXACT_STRUCTURED_IDENTITY,A
MED-94ce56375d2549f31ff97193,SRCM-b6899cb972496fb8a5887cd8,SRCR-e22299343b8a68929fce7c92,EXACT_STRUCTURED_IDENTITY,A
MED-94e929e7190ffd10718d2d42,SRCM-d15b949dd6c29c25fdd3bd1b,SRCR-fbf693d42a5c204fb1669552,EXACT_STRUCTURED_IDENTITY,A
MED-95678e6e6a7fa556b8c2d24f,SRCM-493e98e84ba27dfcf53cc53f,SRCR-09c6e79498ce8918c7ae960f,EXACT_STRUCTURED_IDENTITY,A
MED-95868121eb61fd531fbaf020,SRCM-c8d3cbf42de687d1ae1ad390,SRCR-fc6f70691363d728c627ec62,EXACT_STRUCTURED_IDENTITY,A
MED-9593dd74e261c172cc3c43af,SRCM-fb3e61420675ef9e02cb0bed,SRCR-8e3fe2be01d14089611e95db,EXACT_STRUCTURED_IDENTITY,A
MED-95ba14aa630f9dca3901b0a6,SRCM-c2880aa612bb27a107e6402f,SRCR-b4eb1f1d2c934bd8d6080c6e,EXACT_STRUCTURED_IDENTITY,A
MED-95c0a5c4c2debfd7686ba927,SRCM-0755a4dbb4d767440a704f9e,SRCR-47c32f20cfa96e13f0a0c2f4,EXACT_STRUCTURED_IDENTITY,A
MED-95c20d535f7fd333cb37ff22,SRCM-f812881239240c6bf39f90b4,SRCR-b9b3b517334b24df33c040c3,EXACT_STRUCTURED_IDENTITY,A
MED-95de9353ee531eaf0a586b8f,SRCM-ca2728eaa6a54de8e205ccd9,SRCR-b8e42f55bea0abc693250f49,EXACT_STRUCTURED_IDENTITY,A
MED-95e90f92b518edfcbcaef6f4,SRCM-f28e0bea28feb93b06c9c175,SRCR-21f0870a3d2ec76081a1dfdd,EXACT_STRUCTURED_IDENTITY,A
MED-96004231cc9fd4acc5765436,SRCM-a5e51c58a76686f4a8a83752,SRCR-2bb46251dc4e5737beb045c6,EXACT_STRUCTURED_IDENTITY,A
MED-962109c7936ef5f426135c9e,SRCM-12c9d0ccf27dbe4ef6e6699f,SRCR-463dd93c50db6ce1b27e333f,EXACT_STRUCTURED_IDENTITY,A
MED-963ac3f9c1c7113352a7d462,SRCM-8b937bc4ac95916a78a99d03,SRCR-36f6bb662b290923e28d3cfe,EXACT_STRUCTURED_IDENTITY,A
MED-966b1008337b593dfba18f56,SRCM-ecc44e88ac4fb0c80c91e9d9,SRCR-c5e9962e7272a46df8cf8cef,EXACT_STRUCTURED_IDENTITY,A
MED-9689e44866ed568fed7242c5,SRCM-07fb70e9a999cdf4794ce98a,SRCR-bab8087ae4d838062297b22c,EXACT_STRUCTURED_IDENTITY,A
MED-968d73a35ea613d85c42c1df,SRCM-c0fef43b2a425879e9cd79d7,SRCR-91f06688969ea9d32ccc1c9d,EXACT_STRUCTURED_IDENTITY,A
MED-96cb2f1db38ecd2e76f82a20,SRCM-0d06ad5342d1e052d1a959af,SRCR-504dbebdd06ee1e4070f2476,EXACT_STRUCTURED_IDENTITY,A
MED-96d999fe29d0a6a15d3fd76c,SRCM-418f36a634ab510e53b248ae,SRCR-c6085b7cd3564caa6c2d842e,EXACT_STRUCTURED_IDENTITY,A
MED-96e227dd5f101b0d223eb6a8,SRCM-4905a3185c18ae4a8a97fdaa,SRCR-af26a29df5a973721e31d460,EXACT_STRUCTURED_IDENTITY,A
MED-96e5fd246b964741e3b97017,SRCM-37f30d74ba21f4e9c1483a42,SRCR-8b69522b86301913c0ef06c4,EXACT_STRUCTURED_IDENTITY,A
MED-9718be46f35bec7176b61f33,SRCM-852f1f4205d2ddabffae5b9e,SRCR-7b35dd7075b4da1c2ff3c527,EXACT_STRUCTURED_IDENTITY,A
MED-9763bc44a13a89a32ae37835,SRCM-bad44ea247944720287042d6,SRCR-3ed57d05bbd646ab449b8fa4,EXACT_STRUCTURED_IDENTITY,A
MED-97666b5bfecc543239116470,SRCM-fd25687172fccdaee6aac5b4,SRCR-0140cc0092aa03f1681ae22a,EXACT_STRUCTURED_IDENTITY,A
MED-9769f46ecfa3fa07fabf2a6e,SRCM-3b5b87feeb0efd4df89fc98b,SRCR-31175e6419e01e6c751e02d4,EXACT_STRUCTURED_IDENTITY,A
MED-97709a7840d35f0dd6efc30a,SRCM-26a6e19f91693985648e2b4a,SRCR-a05916b33094af8ffef7d2d9,EXACT_STRUCTURED_IDENTITY,A
MED-978438c8e17a645d7e80656a,SRCM-e80ee7dd2f731cb2682ee102,SRCR-26795ef264438e03d8ccf081,EXACT_STRUCTURED_IDENTITY,A
MED-978a8be3f07dbfe57b17cf55,SRCM-3250f9c9516e1f380f7d4f0b,SRCR-8f268e198fc4d141fb3e03cf,EXACT_STRUCTURED_IDENTITY,A
MED-97a05c276daf5fbd3d09259f,SRCM-927b137d379a8848c70d3e44,SRCR-ea3a297556475b1560d3873a,EXACT_STRUCTURED_IDENTITY,A
MED-97a1b5c076bf47695f25496d,SRCM-de6f66e552b786478014267a,SRCR-899a77ee11e00dcb44657d57,EXACT_STRUCTURED_IDENTITY,A
MED-97a34b26afbb2da313e6ea18,SRCM-f069a10ef9ea4c6c3bd5f82f,SRCR-cc0f37e791c7c41907555fca,EXACT_STRUCTURED_IDENTITY,A
MED-97a554657da1b7b95fe1b6c2,SRCM-9546aa6ba0f3de350910adfb,SRCR-bb790efe051f7534a712402d,EXACT_STRUCTURED_IDENTITY,A
MED-97a8cc37bae8a25e2ddebdd5,SRCM-1a01fad4422ad36a68baafdd,SRCR-d7ceaf6549355fcff0beb302,EXACT_STRUCTURED_IDENTITY,A
MED-97ab71826376926f0d98b9a6,SRCM-f1ed45058fae634edc68dada,SRCR-682056cfb67d10842e913e12,EXACT_STRUCTURED_IDENTITY,A
MED-97acc9fdcbd7757cfd153e51,SRCM-9d1ee32724246736119067e7,SRCR-f4764809e74b53f40d1f6b0e,EXACT_STRUCTURED_IDENTITY,A
MED-97ae9cf78979da2ce4ef85f1,SRCM-559c030449c66b75229ad665,SRCR-9ccde369e8f7aa28b65c49b6,EXACT_STRUCTURED_IDENTITY,A
MED-97b7ea65b24098a59142a954,SRCM-27ac97717a801a78287ccef0,SRCR-e6629cfa2f2ef34150432948,EXACT_STRUCTURED_IDENTITY,A
MED-97c37ad5fe3f44d50c30c199,SRCM-4b11cf93a6935715150057dd,SRCR-b78811ff8f479cb91d3e6cae,EXACT_STRUCTURED_IDENTITY,A
MED-97c786e6824f2b4c7e1155d2,SRCM-8285952294dc6999d160519d,SRCR-6861c077f8e6ffb20d0e2686,EXACT_STRUCTURED_IDENTITY,A
MED-97cc88c2205a71fa88ab4228,SRCM-f39693922ee53341b17021fc,SRCR-e7f22f1e506aa0ec72846102,EXACT_STRUCTURED_IDENTITY,A
MED-97d36a33f311d643be0af5bd,SRCM-6375ebb697598dd61d5f9212,SRCR-38f84bc74a77a5ef162ebcea,EXACT_STRUCTURED_IDENTITY,A
MED-97e824cb55cdc882d63b126c,SRCM-e64e17de3aeb9aa92563dff8,SRCR-ec4aab447d339a6fbfa75db3,EXACT_STRUCTURED_IDENTITY,A
MED-9809d6d32002b5d447006d05,SRCM-811a4706bea915ecb8469151,SRCR-eb5e1c20a12f5eb817c7a45a,EXACT_STRUCTURED_IDENTITY,A
MED-98227f4e84ef630e9dd7377b,SRCM-4a3426c28f12c84a24359eef,SRCR-c11dd2061f5f7205147a0473,EXACT_STRUCTURED_IDENTITY,A
MED-9827e6a2f787a1485703f15d,SRCM-9c32d64c89745e490e122f20,SRCR-8ff5fc44300bef61faf5e793,EXACT_STRUCTURED_IDENTITY,A
MED-982c5ea75d64f549811a2109,SRCM-e910f0671afde3fbcd4c90ca,SRCR-5d5ed94231ef7d811a1810d7,EXACT_STRUCTURED_IDENTITY,A
MED-983422c22b1073522a05ad0f,SRCM-090dbcf13e73e246965d58d2,SRCR-0bbbf9000b6335833cd3b9d6,EXACT_STRUCTURED_IDENTITY,A
MED-98714aa97f59d4e48a9f6bab,SRCM-2e40826f5d06e0192683c9ae,SRCR-15683c005aeb473f215eefbf,EXACT_STRUCTURED_IDENTITY,A
MED-988c558d57bbcf481ee4738a,SRCM-0b67e93161fb3bdb953ecfc5,SRCR-519a1048916b2112206b4131,EXACT_STRUCTURED_IDENTITY,A
MED-98a77e7d70abe45e880916c2,SRCM-9711c977ef611423bf6cb30b,SRCR-3327c4a4e9d02ece77ded6d3,EXACT_STRUCTURED_IDENTITY,A
MED-98cb610ac4d41ba7a96f03bb,SRCM-5eab2c3ade3dea4fed661959,SRCR-379de01948bf6ed30a710e55,EXACT_STRUCTURED_IDENTITY,A
MED-98e160ef9dfaa723f36151eb,SRCM-338be9ea7c8486e02808285d,SRCR-597cebef88ffd8a82d4af3b5,EXACT_STRUCTURED_IDENTITY,A
MED-9901ac83968ac6c34956abb2,SRCM-f9185649f75b499ebfcb9f6c,SRCR-02de1e1620d533857b7e1c04,EXACT_STRUCTURED_IDENTITY,A
MED-9903c3d937ee3eb008fc7a72,SRCM-d6e886e8c04e103e841cdd40,SRCR-e8f64ea5f0e76d3ca7929b26,EXACT_STRUCTURED_IDENTITY,A
MED-9907f5e528592cba56922e36,SRCM-c097ec82a4c599847aa204f0,SRCR-0e08202fc12992d09346f695,EXACT_STRUCTURED_IDENTITY,A
MED-9924999013c9da26eeed591d,SRCM-4671464b0ca3bbf9a5964f2d,SRCR-f8d4c050a68ec8594140d8be,EXACT_STRUCTURED_IDENTITY,A
MED-99448c71134951c057b3de6f,SRCM-a33b5f4e81b39f647982abd5,SRCR-4c94eef45a261119cb2d9e12,EXACT_STRUCTURED_IDENTITY,A
MED-995250b796481c14fb58cffc,SRCM-4833460444ccbfc875840793,SRCR-315860f4173ca1df1b1cf753,EXACT_STRUCTURED_IDENTITY,A
MED-9972c5edcd9a9b9a7a187eb7,SRCM-f8746842211fd50381d4b308,SRCR-7d48384a16cc63fe7d0cf4cc,EXACT_STRUCTURED_IDENTITY,A
MED-9981cf15687625243cb9b417,SRCM-bb628703e0e05de9dd041a56,SRCR-6ce303788c47162554ffbbf7,EXACT_STRUCTURED_IDENTITY,A
MED-999589f1d9a5cdec59bc1660,SRCM-0aaebd06606372bd580297c5,SRCR-56973c8285f1c2e7e3e51464,EXACT_STRUCTURED_IDENTITY,A
MED-99b68586fdb90458418f6f76,SRCM-d45558bd42d25f3e66cd733f,SRCR-2f9ff0ba0798e1faf722dc97,EXACT_STRUCTURED_IDENTITY,A
MED-99b7af01dc53e029e5d0a94d,SRCM-785a88807d8575802b8cb970,SRCR-90aa4c96c39d040256bca797,EXACT_STRUCTURED_IDENTITY,A
MED-99ba34a83ef149c806aecfa1,SRCM-406b38c74e924107cb247c15,SRCR-2c8a0efbdd4dcfdbd40e58a9,EXACT_STRUCTURED_IDENTITY,A
MED-99bc20fb700f7016465d9378,SRCM-508a22ab7af7498d83fcfef0,SRCR-39a4d89af2ade40726c8ee5c,EXACT_STRUCTURED_IDENTITY,A
MED-99be8c228fad5c5522ca6def,SRCM-b6d935911f3a8b41e525023a,SRCR-17c82c4be8b7c88cb8d11671,EXACT_STRUCTURED_IDENTITY,A
MED-99c51ff46487745eca69ca57,SRCM-77e791a546476fc1f3f77cb9,SRCR-604b217e77acc1bbc42acefb,EXACT_STRUCTURED_IDENTITY,A
MED-99e2e642ed5abd89a1101760,SRCM-9bdc972678cd59c9f306d7ec,SRCR-f96b23813ffd6f92707e3ec7,EXACT_STRUCTURED_IDENTITY,A
MED-99eaf3df21128b699032696e,SRCM-6c60c1a3203dd8d65a2b5868,SRCR-5cd79a1b1991fd14a5dfcba9,EXACT_STRUCTURED_IDENTITY,A
MED-99ec970cb73447f172efd739,SRCM-16d5ab6b5836b16cdef8d640,SRCR-25b738edf895e1be515bdc9d,EXACT_STRUCTURED_IDENTITY,A
MED-9a095fce4b974549cbb8afd4,SRCM-a25c6d8480a650b22a590341,SRCR-b439a834122fedf65a098894,EXACT_STRUCTURED_IDENTITY,A
MED-9a0a3007ebb7ba20336967fd,SRCM-25acc1a9d4c98a1f149ebb96,SRCR-120f563bb1d9f012eaacd9c0,EXACT_STRUCTURED_IDENTITY,A
MED-9a0e9242110e42255ed0ab57,SRCM-efe321c117cefa1c143ddf2c,SRCR-0fe1c95252f7722119bc1e97,EXACT_STRUCTURED_IDENTITY,A
MED-9a262aa0c0eeaf86c15cb053,SRCM-63e2d5fa14d48fbd70b36a33,SRCR-00cc766d6e345ef5f896ae44,EXACT_STRUCTURED_IDENTITY,A
MED-9a2c611376772bb3d6a25d09,SRCM-68e751d1e40b4215e91025ac,SRCR-ad564b2f19752838687ed6d2,EXACT_STRUCTURED_IDENTITY,A
MED-9a46a2be559da868acd02a94,SRCM-8903ce08dcb6ec78087af166,SRCR-15f116c219c935c1fe4940d2,EXACT_STRUCTURED_IDENTITY,A
MED-9a561b05d1e83db99d12f845,SRCM-4eb6262a927b99d26f60d9ae,SRCR-73ca964363e56d6082d85b37,EXACT_STRUCTURED_IDENTITY,A
MED-9a5892c5274e9811ca37e160,SRCM-99eeaa2a2d10e960f9440ab9,SRCR-a0102972c6aae9dbb414dfc8,EXACT_STRUCTURED_IDENTITY,A
MED-9a6df2e72992160b19385eec,SRCM-6c1a21d4ded801fa8b15fd2d,SRCR-bd68d48f0b99d5d23d9c1f19,EXACT_STRUCTURED_IDENTITY,A
MED-9a83837bde8b6a45421e0bb9,SRCM-d83b106716ebe854d813c064,SRCR-55dedfd0cef84972b8767879,EXACT_STRUCTURED_IDENTITY,A
MED-9aaf449f7315b29ddd0f743a,SRCM-07564027a33aa15c2348f7f3,SRCR-d86584e5234b8efcdd9a0a8b,EXACT_STRUCTURED_IDENTITY,A
MED-9acb9746108b92ddedc21112,SRCM-3b4a391c39600846efba2de0,SRCR-f915d9b67bdb5c8ea00aec5e,EXACT_STRUCTURED_IDENTITY,A
MED-9ada3586a7585da34f7156ec,SRCM-aa9ea54e9aaa021ec8e77118,SRCR-dcff987c5d5f1e9222c6370c,EXACT_STRUCTURED_IDENTITY,A
MED-9ae7f979061134dd6431e945,SRCM-d3c15222e7071861a53be13f,SRCR-745af2b86bb5a8b51cb93877,EXACT_STRUCTURED_IDENTITY,A
MED-9aec283a95f66d42dcba1c80,SRCM-e81ece8af3091414e5c9c2c4,SRCR-6ce5d2bc686bc158676b88da,EXACT_STRUCTURED_IDENTITY,A
MED-9b028a86e42341b9857b00ad,SRCM-b0193ee7dc51ce1c7bec8262,SRCR-9fb2c6288cb86a88c0f3c62b,EXACT_STRUCTURED_IDENTITY,A
MED-9b0965c31a7766109f56eeee,SRCM-057339449cfd9e8eae9534ef,SRCR-377c2c361188ad3cc3e4d280,EXACT_STRUCTURED_IDENTITY,A
MED-9b30cda86bf69780cfabf140,SRCM-2682ea2d4ee0da1acf3011cf,SRCR-bd968cacfbeed5dc335fe08b,EXACT_STRUCTURED_IDENTITY,A
MED-9b4277eb656e4bdbb5c96e09,SRCM-b62e36c93801bfd5ba995613,SRCR-ab48004c745dcffe5b4f7631,EXACT_STRUCTURED_IDENTITY,A
MED-9b43dcf487e2f49ffd51199d,SRCM-885c0ff790da2e22a68805be,SRCR-aff6b23214ef933fed7278a9,EXACT_STRUCTURED_IDENTITY,A
MED-9b458b7f354004ac190c44b4,SRCM-29ce43e73b33a8f9f2dddc56,SRCR-d873c82cc28b2376fb1168b6,EXACT_STRUCTURED_IDENTITY,A
MED-9b4e93e2307e13915946da72,SRCM-5e425c056368c31500faffe1,SRCR-ee63e90e46d28558a6abe702,EXACT_STRUCTURED_IDENTITY,A
MED-9b86fe1648f1ec6cc219d5e8,SRCM-607b3677073406d8c3b9dd8b,SRCR-b94030215a5d56eb6601e75f,EXACT_STRUCTURED_IDENTITY,A
MED-9bc6d25bc623896978dbc559,SRCM-96af0c9340d033d436c676c3,SRCR-372eedc49cd7eaea9e7c1616,EXACT_STRUCTURED_IDENTITY,A
MED-9bc9974534d4a3ba57d109c9,SRCM-0e431f77e9f3171204f2cc23,SRCR-994303b8c596aa215d06dbaf,EXACT_STRUCTURED_IDENTITY,A
MED-9bd4964066987fb0a2a9b55a,SRCM-c12cdadaffbf2bc6abfd3c19,SRCR-c49392091ce0a01b4413e87a,EXACT_STRUCTURED_IDENTITY,A
MED-9bda14780c63650cf8f9f4de,SRCM-c41674921f7d641fd2204746,SRCR-b77e51c72fb24f3fd0f627d1,EXACT_STRUCTURED_IDENTITY,A
MED-9c02a6ba33ac349c50084485,SRCM-9ee4e95e1e89b0f4d49325ed,SRCR-688bfc159b0acbc3ac9469ee,EXACT_STRUCTURED_IDENTITY,A
MED-9c1220b2efbf96367b7d9fd0,SRCM-2e85200461ecf7f0a47ad900,SRCR-bfb59203d46a25dadf594a29,EXACT_STRUCTURED_IDENTITY,A
MED-9c2a650e02e6b3a47ded3aa7,SRCM-d612a7e4c5ed4bc6518fda53,SRCR-1357bf7459b3ff80933af5eb,EXACT_STRUCTURED_IDENTITY,A
MED-9c2b7091fb35f363a667b40d,SRCM-e0aecefedfb16b0fde7e0849,SRCR-d1b7f558a8d60d01329eb0f0,EXACT_STRUCTURED_IDENTITY,A
MED-9c404e1d0e38110ac8267709,SRCM-cbc1f8936ab1692a8b759f2f,SRCR-e69cd2955c39e6e700d6f783,EXACT_STRUCTURED_IDENTITY,A
MED-9c5ed5702992e0f7aa0c5b29,SRCM-c60c34179ee4219003e7c5b2,SRCR-41cd40d4eea795790cdae735,EXACT_STRUCTURED_IDENTITY,A
MED-9c63e31fbf8468d2e331143e,SRCM-c128a3133fde8d469113f0e0,SRCR-e8937144382b55775452dce6,EXACT_STRUCTURED_IDENTITY,A
MED-9c6569e5da345e75b8f8aa29,SRCM-3dc0b1882811b67d5910de92,SRCR-98fb4e09ed4a2cdf856a76c8,EXACT_STRUCTURED_IDENTITY,A
MED-9c6f4fc10520e18da54ec43a,SRCM-831adeb34a5a1141eccfb0e0,SRCR-4e617f1cb7e0b3761e39202d,EXACT_STRUCTURED_IDENTITY,A
MED-9c7a3a02258ee0c20f0c30d2,SRCM-1ad19a7fe3137a4009f21c95,SRCR-213b40485ae84be5f220cd0b,EXACT_STRUCTURED_IDENTITY,A
MED-9c886a22334f4e244193ee19,SRCM-e1f7918ee499c6259710d1d0,SRCR-33de375ef530f2d2f10cb1b4,EXACT_STRUCTURED_IDENTITY,A
MED-9c8e80061e4306abf4883098,SRCM-09695480b05ab02bb1f1bd07,SRCR-28c4e2a7ce8ade928bcdc422,EXACT_STRUCTURED_IDENTITY,A
MED-9c9183521b67cc602997d91d,SRCM-af9b49e57a4cc28e3880ac47,SRCR-b10b6803df9ef88a568b0e8a,EXACT_STRUCTURED_IDENTITY,A
MED-9cb742bd48d408f5e5d1bad3,SRCM-1d2939d9d192d1b5c84681df,SRCR-58a29307394ee23e187c7d4d,EXACT_STRUCTURED_IDENTITY,A
MED-9ccb465abb6525cdf21a85a8,SRCM-985e49f672df8ef4efe5f673,SRCR-6f0937752a68eb3fd294367a,EXACT_STRUCTURED_IDENTITY,A
MED-9cd3b4e7e534bf28f59b215c,SRCM-52c54b070037eec3404c1049,SRCR-f04005e843086878cc1f5299,EXACT_STRUCTURED_IDENTITY,A
MED-9cef97c77daf66823492def8,SRCM-cf73a3679a1884e979ddc1f2,SRCR-d3f21a800e705a1774315f50,EXACT_STRUCTURED_IDENTITY,A
MED-9d1d5f133047ad3aafef6c1c,SRCM-072a83f1de26432432c75ec2,SRCR-7216346c1f7222e8bd652a2e,EXACT_STRUCTURED_IDENTITY,A
MED-9d394fc2168d1c415b0b2ba4,SRCM-7eaa77efd013bff4b774081e,SRCR-5d4abfae9679f34bb15e14b2,EXACT_STRUCTURED_IDENTITY,A
MED-9d3b2863fb9120f6d093fb16,SRCM-0574c341edf5fb045aa2b810,SRCR-a4efdb6b52e190f71b80f30f,EXACT_STRUCTURED_IDENTITY,A
MED-9d4112eda5a52700630be4d0,SRCM-a6daa5a8890b9b5d3bed3cc4,SRCR-2cddb647e7cb87261e21c5eb,EXACT_STRUCTURED_IDENTITY,A
MED-9d73e87f6464bc29b09bf596,SRCM-4794fa9a0dec96130623839c,SRCR-cf142fa96941bb71b61a5407,EXACT_STRUCTURED_IDENTITY,A
MED-9d785276c4a63e2980c9b0ed,SRCM-48347cd283363320b6ae25a1,SRCR-a589d9551046fdc71442a3d4,EXACT_STRUCTURED_IDENTITY,A
MED-9d88712f1cced1c7cafa9fdb,SRCM-f0ad4bab7fc6c81878d56f61,SRCR-81b188d1f4a4275d91a0385b,EXACT_STRUCTURED_IDENTITY,A
MED-9d9a9824c98af11074b6f30a,SRCM-8b1e49abebc5d353e2985ceb,SRCR-0513aadd3f41a09184b12be4,EXACT_STRUCTURED_IDENTITY,A
MED-9da4b3646cdf30927d1ab93d,SRCM-7a7ab1868662ce4cdf911bf4,SRCR-eb1dc328618397770e9cf381,EXACT_STRUCTURED_IDENTITY,A
MED-9daf4eaf57a15d94d910df20,SRCM-e9b9d278d7d91c382d3b8949,SRCR-fac55dd14edb05a99357e58b,EXACT_STRUCTURED_IDENTITY,A
MED-9dbcfa7eb4568cb2df44c342,SRCM-4319ae398af6872c179e719b,SRCR-840f68327fc8bb0fc616c9fe,EXACT_STRUCTURED_IDENTITY,A
MED-9dc521bd4bc21f31215a1885,SRCM-ffa17209d38c71b5d31d5bf4,SRCR-7e712ad069c1fa605870b0c2,EXACT_STRUCTURED_IDENTITY,A
MED-9df2de8668bfa9f0c4a07d71,SRCM-d3f90a82ad45a2604a28d062,SRCR-ee29640a0d95d50b0db28837,EXACT_STRUCTURED_IDENTITY,A
MED-9dfad16f753a182038713551,SRCM-88cbed0e9cb4f9b39c8b9182,SRCR-9be243fc313f1520a7ad7419,EXACT_STRUCTURED_IDENTITY,A
MED-9e0c60d5b01ab428e1facb53,SRCM-4cbef22c9022a7af5d3d6ed4,SRCR-dabdeb6f4c2bdd75b1048621,EXACT_STRUCTURED_IDENTITY,A
MED-9e340313ed89e03c8af7042d,SRCM-b0a2e2a944af964eb949d756,SRCR-5ca058365e060af9b9990b83,EXACT_STRUCTURED_IDENTITY,A
MED-9e39e59f0d1f8bb177444e86,SRCM-ef0d3cd9a5eaf0a0bef78ebc,SRCR-468da1c08e65414cec6f1f40,EXACT_STRUCTURED_IDENTITY,A
MED-9e4763829c8c442ad25194f1,SRCM-36b560a4dfb5c74c1ada1525,SRCR-172da9fe9f434b16fc6c1a19,EXACT_STRUCTURED_IDENTITY,A
MED-9e4a3aef72518eaf76554a14,SRCM-5fb4b14c72067e4d9c621440,SRCR-fff252cea506196b32a46c04,EXACT_STRUCTURED_IDENTITY,A
MED-9e4be90b7afd13e32f57ba5c,SRCM-39da8aede8ff2140c022ed04,SRCR-e2695bca4f2f969187ca9fb7,EXACT_STRUCTURED_IDENTITY,A
MED-9e540aadae901ad38a47783d,SRCM-b154284bc6232afe97f8a5d0,SRCR-c334ff570479554148269161,EXACT_STRUCTURED_IDENTITY,A
MED-9ea2ce6221311fc7a9720c45,SRCM-3f3e67fdfa3028d923005428,SRCR-bd4cbde27cc3c5a3dcc08336,EXACT_STRUCTURED_IDENTITY,A
MED-9ea46ff534ca9201a11da8d3,SRCM-cfe0c7c2692aa946399a3f68,SRCR-025420d5a081438a3eff053d,EXACT_STRUCTURED_IDENTITY,A
MED-9ead311cd8deed944274d9d7,SRCM-e0fe6f61ede8b4562db10dbf,SRCR-b84177f3bd5207da8439f7cc,EXACT_STRUCTURED_IDENTITY,A
MED-9eb219b2d374dc53aac33ec4,SRCM-f96da395a5933177e6bd2e65,SRCR-1c5d7b2bf618e520c83620bc,EXACT_STRUCTURED_IDENTITY,A
MED-9eb78de986acd56fbd02f184,SRCM-a78160083226ce93f7557e44,SRCR-bb7d901067771cf9899bf136,EXACT_STRUCTURED_IDENTITY,A
MED-9eddda4b58c04816d8f07acd,SRCM-540e1561749d28ae13415099,SRCR-140645c1c49e76b492163ea6,EXACT_STRUCTURED_IDENTITY,A
MED-9ede3366d8c6e39a8db9f6ba,SRCM-37bf0e9bc85638251b8fe32c,SRCR-f9e34d76c9f1cb0ffa50ec8d,EXACT_STRUCTURED_IDENTITY,A
MED-9edfb0ab32eb8f7edb4866a1,SRCM-fecbfa6c7996fc345b25bb91,SRCR-200562f5e34d21d01e46edb1,EXACT_STRUCTURED_IDENTITY,A
MED-9ef21fae9db2846c4e1f309c,SRCM-fc0a8e581e058843288eabfd,SRCR-5bf0a62642810f9702e52479,EXACT_STRUCTURED_IDENTITY,A
MED-9f03591f6f8eac803d9eee0b,SRCM-fa80f74823769f9dc55e2401,SRCR-4c30f49275682065103a04c6,EXACT_STRUCTURED_IDENTITY,A
MED-9f090fd3408d6fb52d3d12b9,SRCM-21f7bb95c90b56ea92529277,SRCR-3bef6158b35f8a89ce0cff33,EXACT_STRUCTURED_IDENTITY,A
MED-9f28288829da66bcbfa75494,SRCM-3711bd7ef21003142c9bfca7,SRCR-8d6331fefdc8dc7dbc214878,EXACT_STRUCTURED_IDENTITY,A
MED-9f4b936f6e8a1a07c709a33b,SRCM-8fa6956e095d7d0e58c2d62b,SRCR-97ac7338b6bcc061ccd58602,EXACT_STRUCTURED_IDENTITY,A
MED-9f7d8f20b5a7a21efdca76f7,SRCM-aa8dcfebc02fd9cb7a4f4b96,SRCR-72e3edc9240cff2e6d0a8612,EXACT_STRUCTURED_IDENTITY,A
MED-9f9ded18c7c7a5bbdcce1db5,SRCM-0a4c5db927f2c140e8234a1d,SRCR-c551bc31b0bbf2d9aa4c6a35,EXACT_STRUCTURED_IDENTITY,A
MED-9fab9d0a4e5a287fd5820d2c,SRCM-b9232133cb2f192e7b4798e1,SRCR-ab5c0154c828e4073631d1f5,EXACT_STRUCTURED_IDENTITY,A
MED-9fc7b7b0fdeee40a97a3cdaa,SRCM-ae92e5a7bda579f8056438b6,SRCR-518af5aca99a02dbb5ba1d56,EXACT_STRUCTURED_IDENTITY,A
MED-9fcc2a2c1a61bacaf67f59ea,SRCM-d814d48c5d216081073b4958,SRCR-3f8ca4a960a70a8ac37ee64f,EXACT_STRUCTURED_IDENTITY,A
MED-9ff3b074b99792fd36ad53da,SRCM-5a37e62fa5380707455d81f2,SRCR-dfb24891305c69d7428efb4a,EXACT_STRUCTURED_IDENTITY,A
MED-a0017a092a82cf6c5eea88cd,SRCM-17ec01be82b2bf725291f299,SRCR-f620d80fc45adfdda3de2c5a,EXACT_STRUCTURED_IDENTITY,A
MED-a0218d8cd7d2393c8949e2d0,SRCM-59a2ef353b3cbb90c47fc6fd,SRCR-d8d98a7cf41a80ea00207605,EXACT_STRUCTURED_IDENTITY,A
MED-a023b92a892b4e3756bb1cc4,SRCM-ffec5868dc99be465214a78f,SRCR-7ccac0336778b3c79a018440,EXACT_STRUCTURED_IDENTITY,A
MED-a0506dd13a4951013c3e4ea4,SRCM-49d9513a1952bf1b2a34b1f2,SRCR-0e85fbfe209276ab4fd0fd5c;SRCR-9ca57a2365530734febc5760;SRCR-bdfd229cff8d1a6d25a02f7e,EXACT_STRUCTURED_IDENTITY,A
MED-a079c0de326e1fe81308d4e8,SRCM-32e770b7c7f33862460bada9,SRCR-c231fc697156541ffe0e3562,EXACT_STRUCTURED_IDENTITY,A
MED-a0816ce7d0b9e5530466b4f4,SRCM-dfed2aa8425bfae507291b34,SRCR-f25c4a72ed145be054a99bbb,EXACT_STRUCTURED_IDENTITY,A
MED-a08a44ee8e9c726fd7a973e9,SRCM-9b4a77e6f73132bba704f2c4,SRCR-4b23c23b34342ecdb1b9b9a6,EXACT_STRUCTURED_IDENTITY,A
MED-a095828a9e7863edf2a1bd0c,SRCM-b50b164ca878c8406d48312f,SRCR-d2d8df3694348d9c4ff411b3,EXACT_STRUCTURED_IDENTITY,A
MED-a0b664bbc01f636b3210c01e,SRCM-a82092573fcf988a0b0aba81,SRCR-f9f7bfa2c204bea3e3dcb2b5,EXACT_STRUCTURED_IDENTITY,A
MED-a0ee79e9a45225605613e6b0,SRCM-b2f1eb8890fc0800e19a0d94,SRCR-3c3d14c4682a8d4aa4b50fe9,EXACT_STRUCTURED_IDENTITY,A
MED-a0f01c5b6386f296f1272453,SRCM-3dffffd1f802ddd42e740ab5,SRCR-3ebbe28e657c7ef96f9b8d71,EXACT_STRUCTURED_IDENTITY,A
MED-a0f9631acc3e4c196b095d62,SRCM-6a84b7148b56f07ac981bf89,SRCR-eece0c8e5a3281ae34159e0b,EXACT_STRUCTURED_IDENTITY,A
MED-a0fdffbb30241668e709a648,SRCM-3739a61a7833d27985e77ffb,SRCR-6a252726acf997d68b96fb7b,EXACT_STRUCTURED_IDENTITY,A
MED-a1054eb893e14cdef36d132d,SRCM-e011e0420343c78bfe27f8bd,SRCR-d58996be039adfca141858c8,EXACT_STRUCTURED_IDENTITY,A
MED-a141d00edfb0aa88f74aa173,SRCM-fb7b69804d1f5bb3ea6ef80b,SRCR-9177ff0e652feee2d26fabf9,EXACT_STRUCTURED_IDENTITY,A
MED-a15103f8882c89c938a2a532,SRCM-52225b163d22befa1ca25281,SRCR-bfd96cfd90ccbe11e715f2a7,EXACT_STRUCTURED_IDENTITY,A
MED-a15d0d3edfbdc475ba6d945f,SRCM-3cb05d4eca7325935b473efb,SRCR-c891b24a849a34d238c89ad3,EXACT_STRUCTURED_IDENTITY,A
MED-a1766aea90755423c6bd96d0,SRCM-a59b4c5931394088e8148b26,SRCR-bf12d877d933e91e5e0d538b,EXACT_STRUCTURED_IDENTITY,A
MED-a18615b6ddacfa26e14644f4,SRCM-0d9b58122167f293c731f4b0,SRCR-54a97931fb0d4954502e2850,EXACT_STRUCTURED_IDENTITY,A
MED-a199a8f0aafb36d4119427f4,SRCM-34856c09792d7b0e74bff089,SRCR-084c601e67864b9ebe507769,EXACT_STRUCTURED_IDENTITY,A
MED-a19e63ab7d404101f8913123,SRCM-e405c3d356d707b92a85a7de,SRCR-5502ec8656f210738aa0c00a,EXACT_STRUCTURED_IDENTITY,A
MED-a1f51dba21f13d22e42029b8,SRCM-07bdf2e29df344dfdc7c3f0e,SRCR-bb9473c6ada7ccbbac089ba1,EXACT_STRUCTURED_IDENTITY,A
MED-a1f999753e479fab97a69644,SRCM-4706b5c33fb44f0385762ef2,SRCR-5196a9fc6abf3917d23cb78a,EXACT_STRUCTURED_IDENTITY,A
MED-a20192fdbb7bcad947b8752d,SRCM-b4b1666a3d4c28dc5dae7f08,SRCR-723531c296838925b973202f,EXACT_STRUCTURED_IDENTITY,A
MED-a215b86680a1bec36653f6e5,SRCM-108c18c2fa2fc346803f2fce,SRCR-509b57bfb7fe303ba2db96b1,EXACT_STRUCTURED_IDENTITY,A
MED-a220508c52c83239441f0351,SRCM-98a80317afae6b21a2da1892,SRCR-30c7a047cc63873e291c9a4f,EXACT_STRUCTURED_IDENTITY,A
MED-a23e2677418b5ff9e4d4f47a,SRCM-6ae08780c399960502f32994,SRCR-b05d6f48e8964ebdc9d3bf3d,EXACT_STRUCTURED_IDENTITY,A
MED-a255aaa5f91dd58fe5dc9fd3,SRCM-063b1c6e3da72e6cbc7877b7,SRCR-dae7c289e0d3ec8459892b48,EXACT_STRUCTURED_IDENTITY,A
MED-a2567bb3b7c2d13c56ef284c,SRCM-568c92d0018dba7cdbcc9406,SRCR-8e0c32b959ca1fd22fa85e81,EXACT_STRUCTURED_IDENTITY,A
MED-a25a161fbbbaebfb92aa743e,SRCM-f139e3ca3458f291f3f39834,SRCR-1466055b1a091d6f6074e2ab,EXACT_STRUCTURED_IDENTITY,A
MED-a261a567321fc971ed08d97a,SRCM-ebad2611ab57dc12c602c543,SRCR-2c9c36923878c1913cd57465,EXACT_STRUCTURED_IDENTITY,A
MED-a261ef5e293e38b8392b1bc2,SRCM-e8887e08947dddf782f4ee44,SRCR-1256042fd9f83de6136f26c1,EXACT_STRUCTURED_IDENTITY,A
MED-a27730d5ce6426845daf4470,SRCM-6f5b009adc95955c2d607848,SRCR-dc7dd125021ae4b9d3e6336b,EXACT_STRUCTURED_IDENTITY,A
MED-a2951cc7d127f1a1c9b359c1,SRCM-c11d3368957358ef44682b6d,SRCR-c9de6017fb8cf63a1359f2d2,EXACT_STRUCTURED_IDENTITY,A
MED-a29cc58bc303591a6d62e656,SRCM-985a2e1f99a7893ace070320,SRCR-782782c5ff641fdb205fafc8,EXACT_STRUCTURED_IDENTITY,A
MED-a2a502953638e9edb3c2b14a,SRCM-e6a1ff5b13e76504f5e8a49d,SRCR-f95435cb43b9ead8cde53622,EXACT_STRUCTURED_IDENTITY,A
MED-a2bd2767dda87da2335015b0,SRCM-dda1415bce155780fdaaca5b,SRCR-f3ebbcb9848ce7134ed76757,EXACT_STRUCTURED_IDENTITY,A
MED-a2d015115aa050c4330521b3,SRCM-0aba595402171bf94f27213b,SRCR-fa7bda2cf93e828acf87a78b,EXACT_STRUCTURED_IDENTITY,A
MED-a2e07d910c31fa28e50fd156,SRCM-a3c67bb7926b205ea6dd6fea,SRCR-1f6c4b29ff7bc2628648bc55,EXACT_STRUCTURED_IDENTITY,A
MED-a2e0cfa4a9cff8071e48b897,SRCM-6074360446c7aeda9664b007,SRCR-b9e7f7293cde870949b5851b,EXACT_STRUCTURED_IDENTITY,A
MED-a2f8d6b32e81befe581a27fc,SRCM-9940a5261aee87208ad4333d,SRCR-919a1eeb078026f781d268c4,EXACT_STRUCTURED_IDENTITY,A
MED-a329144417b5b6d9a12bd21e,SRCM-1a667633522f5b9696e50cc3,SRCR-265e9920becb60375ee62caa,EXACT_STRUCTURED_IDENTITY,A
MED-a3aba211380ebe4a8d74f6fe,SRCM-0505f050f2f638f2e734bc96,SRCR-02acb25ebb60c86e4bbfdb57,EXACT_STRUCTURED_IDENTITY,A
MED-a3ad8492d338a65ce4003fcc,SRCM-9edd96430f598deae4724ad8,SRCR-d8d15c28f3e82b4c325883e5,EXACT_STRUCTURED_IDENTITY,A
MED-a3af7f40c2b59bf97ae515bf,SRCM-99770e8947088cbc7d9dcd15,SRCR-c201a95e311d8aafbfda1b3d,EXACT_STRUCTURED_IDENTITY,A
MED-a3b11da6d17907c3106eac7e,SRCM-27ca1745aa1643a0e9f1d412,SRCR-4b5f3b3e0b0edb03ca981739,EXACT_STRUCTURED_IDENTITY,A
MED-a3cf8885513074c1333755d4,SRCM-a873ead80ef3040b2230d54f,SRCR-e3c13d70d905acbda6ec88c8,EXACT_STRUCTURED_IDENTITY,A
MED-a406d803a995bb71779e9607,SRCM-a9d62aa1be9027733fa34060,SRCR-42fc47639ec0c779545cec39,EXACT_STRUCTURED_IDENTITY,A
MED-a40d62cf65b327d7ab82d0c9,SRCM-7074c2f356175e2384fac6ab,SRCR-771528cee9b778b5b8405d5e,EXACT_STRUCTURED_IDENTITY,A
MED-a416de00e21c9c85eec1f0ba,SRCM-b1e88b382242d8d2e2373e1b,SRCR-8b091aa95a1c9043becdeedb,EXACT_STRUCTURED_IDENTITY,A
MED-a41a627bf346de9842b2b2a9,SRCM-66730ae86ffebf7db9c5eac2,SRCR-6754b77a2bb719f08d968b1c,EXACT_STRUCTURED_IDENTITY,A
MED-a443000797fabc04a2ddc835,SRCM-ea1028f1d151ebca021bd03e,SRCR-2cd6d03c5739b24c4e8080f0,EXACT_STRUCTURED_IDENTITY,A
MED-a473f1ac8e735ce894a8d056,SRCM-8de16939e86f02dffc33b5d7,SRCR-70df21cca7102a495f2bd830,EXACT_STRUCTURED_IDENTITY,A
MED-a4748628216066045b0618fb,SRCM-9fb7d2a016009d7b16b45d31,SRCR-7a987e1e189ff296292e49c8,EXACT_STRUCTURED_IDENTITY,A
MED-a48444b68a2027c7c466cb77,SRCM-77694741941b3dfa510350ce,SRCR-39060412781e59a39408fb0e,EXACT_STRUCTURED_IDENTITY,A
MED-a48d8456b59afdd7559b14ea,SRCM-f8af215dd0d3bdbaaa400048,SRCR-001fe174e6633063ad698674,EXACT_STRUCTURED_IDENTITY,A
MED-a4964c4c8902565c05800a92,SRCM-8f9c91b62b732e4e33290d51,SRCR-cfcceb516b491759962e1c93,EXACT_STRUCTURED_IDENTITY,A
MED-a49b9c1c7924c8329e46557d,SRCM-a3716eee4b75fc5d9d430531,SRCR-c0ba77427551400d12a4f515,EXACT_STRUCTURED_IDENTITY,A
MED-a4ef839bbf3193cccab2959e,SRCM-fd86aca1478158874d4df345,SRCR-c26598799cc76e0c1c276eff,EXACT_STRUCTURED_IDENTITY,A
MED-a500c105961199b35dfd6836,SRCM-eb11e2975966ef4469e76678,SRCR-e80d0e796f991e19092ed958,EXACT_STRUCTURED_IDENTITY,A
MED-a50564b9fe4cd86752ee5811,SRCM-7a3f2db5173784f09b33baaa,SRCR-8f12c84a7ca9672d543304ef,EXACT_STRUCTURED_IDENTITY,A
MED-a5182b367453c7ff647e545b,SRCM-5c1fcf550325b19482720e73,SRCR-160598a342a8c7176948ba87,EXACT_STRUCTURED_IDENTITY,A
MED-a52c15daedb216fb6fca9101,SRCM-4ac6f9cddb87c71e7fb1deab,SRCR-58efa606ca1c56d630672c63,EXACT_STRUCTURED_IDENTITY,A
MED-a53d54b6beb720c8f6bfe77f,SRCM-0c52bd4981fe3d44dee86087,SRCR-f6ac142e7eab526bb1f06c48,EXACT_STRUCTURED_IDENTITY,A
MED-a54430e73ac4b30928eded53,SRCM-838792caccd288a1043401b3,SRCR-d610c7caf1f8a83884aac7a7,EXACT_STRUCTURED_IDENTITY,A
MED-a55034469c4a48a27708324b,SRCM-378046dd2722c5e1011f1d0f,SRCR-44da7eddf3047163ce652851,EXACT_STRUCTURED_IDENTITY,A
MED-a550573901cad423daaa165a,SRCM-955eb8b530f8c40399e7a10b,SRCR-4bb76f12762ebc5f59aaf6cf,EXACT_STRUCTURED_IDENTITY,A
MED-a559fcc7534476aa31866aa2,SRCM-86f7c21c1cae0c528578052c,SRCR-ce771aff2855d5f738ae3414,EXACT_STRUCTURED_IDENTITY,A
MED-a55ca00d96b28d32bc648457,SRCM-a8db35bc0aa4d65979f5772a,SRCR-da7a90243e283a678119f53a,EXACT_STRUCTURED_IDENTITY,A
MED-a56624b0cc30ca1ce6a2cfe7,SRCM-93aec73be0fd7fcb756bd95b,SRCR-f883c548a8fc095d1a5d8790,EXACT_STRUCTURED_IDENTITY,A
MED-a56c75c0cc35cdd0fd435cfa,SRCM-af60cb18905c36fbf44df9a0,SRCR-10fbaa996b9574f8af46cfc1,EXACT_STRUCTURED_IDENTITY,A
MED-a572b98961ad254c98d351e1,SRCM-e4f0b4a4e47d64d93bc6cec6,SRCR-b6018f1bab4970c111a6428b,EXACT_STRUCTURED_IDENTITY,A
MED-a5735b577d98923e13af6bf8,SRCM-bbd68cbc5b5945d1c70dac3a,SRCR-c31e02b43333ac69cf8470b9,EXACT_STRUCTURED_IDENTITY,A
MED-a59235c074d539c122e12cd6,SRCM-fd33b176a62cbca022f623cb,SRCR-014e478b8cacb3b5fc4b1626,EXACT_STRUCTURED_IDENTITY,A
MED-a593a30d2dc6d4f0928a905a,SRCM-1973f547f5933137ff08309a,SRCR-8127a3ed055e13bcf9de9a69,EXACT_STRUCTURED_IDENTITY,A
MED-a5a167035383570cdd311429,SRCM-f4b0062662e7ffb89a94c8b4,SRCR-280e402647d2e9dc4de5cc9f,EXACT_STRUCTURED_IDENTITY,A
MED-a5bb4c3215beb82f2642025d,SRCM-8eb2d50c5346ce013f2b6ffe,SRCR-aea49fec8ee5ff296fd3d29a,EXACT_STRUCTURED_IDENTITY,A
MED-a5c18ae78e73f762ea35ab8d,SRCM-394d082999ba299b552da899,SRCR-56478fc25f99898677353bbc,EXACT_STRUCTURED_IDENTITY,A
MED-a5c7aa4d3a2d30a712121f79,SRCM-518aa422ccee2be970dd1d19,SRCR-662b7f1f96c3a023447b1274,EXACT_STRUCTURED_IDENTITY,A
MED-a5dfd0507bb7271ad3de9563,SRCM-9e8debd09d602340e8fdf794,SRCR-311e2fecba48f8bd0fd97f08,EXACT_STRUCTURED_IDENTITY,A
MED-a5e94431de25cec6a7190806,SRCM-4911b7aeee88187a4229437f,SRCR-a7de4932f3b632ec6623c2da,EXACT_STRUCTURED_IDENTITY,A
MED-a5fbb4226be5b26d1aa10b9d,SRCM-f71c859c71edc8977bdd1d5c,SRCR-8e24383bced8ec7474fb00c0,EXACT_STRUCTURED_IDENTITY,A
MED-a602dba0628177f340aabc49,SRCM-dd58ad180048d0ff40d7fdf6,SRCR-d7e711e2ef94d6bae8a8346a,EXACT_STRUCTURED_IDENTITY,A
MED-a60ab2fc0fb8692c81640d9c,SRCM-76e917a6971fb8d6bf4eaea4,SRCR-877484723f51e23a8c0674ab,EXACT_STRUCTURED_IDENTITY,A
MED-a61a2edcb6d1856df488a609,SRCM-3570b60237805a4bc79431bd,SRCR-d60d2e56d77ce145f4dfe673,EXACT_STRUCTURED_IDENTITY,A
MED-a65383bc340ed59cb1508ce3,SRCM-fa39dcdd28b9d7216f797af1,SRCR-3aa4ed403ac9e17348a7f62a,EXACT_STRUCTURED_IDENTITY,A
MED-a663fbe1a4aeac83dd2edb0b,SRCM-e0fd90d5b4d5395dd8208181,SRCR-8edd380844d99cc2de70bf85,EXACT_STRUCTURED_IDENTITY,A
MED-a6810d6954dabfe542682650,SRCM-4b9c4926d2ee50fe8b17b945,SRCR-dbb34a8659a60cfbd4803622,EXACT_STRUCTURED_IDENTITY,A
MED-a695e3c4692a8b36f12192fe,SRCM-a33d65055b73e3d000621640,SRCR-1b58ffa2cbe77c79698abe5c,EXACT_STRUCTURED_IDENTITY,A
MED-a69d57cf4902362d95ffe97d,SRCM-f7310c6ab779b36e0ef6ec9d,SRCR-3600e3c04fa3a9089c84a660,EXACT_STRUCTURED_IDENTITY,A
MED-a6c12ef863c83dcef1a4a538,SRCM-8cf4bb18fd6f9292795a179f,SRCR-322b388168689860510bfdd8,EXACT_STRUCTURED_IDENTITY,A
MED-a6c58dc3e95a5b96c7c9cfd2,SRCM-c5c07b6c1d11055d9b85d254,SRCR-0e977f66b71d8edc3b46e3be,EXACT_STRUCTURED_IDENTITY,A
MED-a6d41ce7fac4977f5956b35b,SRCM-64d668a5411e6bc8bba01b7c,SRCR-4c52f46f25a9f54f89114b9f,EXACT_STRUCTURED_IDENTITY,A
MED-a6e9dfa15ca2a6115bbb6f1b,SRCM-00dbf63e19acc08d4c9d54e6,SRCR-765245608206849976a607b3,EXACT_STRUCTURED_IDENTITY,A
MED-a6f02105341c44aaad70288e,SRCM-64b81a44848df8baac17abef,SRCR-1bdd5f37b292d279d1c9c979,EXACT_STRUCTURED_IDENTITY,A
MED-a71331ce940c315c1209ddd8,SRCM-4d7ee7e4afb559b9fc3703dd,SRCR-b020b28447b28713ea74fe36,EXACT_STRUCTURED_IDENTITY,A
MED-a7232b5fc7416743c9e556db,SRCM-8ab120b65398c545bfb98f3c,SRCR-1f4e9222924b669225db0f49,EXACT_STRUCTURED_IDENTITY,A
MED-a733048d1bbff7703925300e,SRCM-a33133b6b28e2126e3fa8e20,SRCR-060190ae50eef5e8a304c993,EXACT_STRUCTURED_IDENTITY,A
MED-a73cf8e8f27259a374fadfbf,SRCM-391f804dc1f54d2a2952ed95,SRCR-f2075a99ed11fe5011452d19,EXACT_STRUCTURED_IDENTITY,A
MED-a75a2c9f9895676bbd425b48,SRCM-87adadc398f577191f535f6a,SRCR-feb856174eceac3933809f91,EXACT_STRUCTURED_IDENTITY,A
MED-a75a5b901158308aa3086598,SRCM-d307adebeeeeb97efb72902b,SRCR-6e2fb680ef12a31b18d7a05a,EXACT_STRUCTURED_IDENTITY,A
MED-a784442343cb63d2c91b862d,SRCM-16a266b3a5631f4d70f3fa0d,SRCR-513dae6155dd73ea790fb490,EXACT_STRUCTURED_IDENTITY,A
MED-a788613f03b07ddfb1f551b8,SRCM-18d3c8f593ed046cd1f19710,SRCR-c2505d031dbce557f32448cc,EXACT_STRUCTURED_IDENTITY,A
MED-a7a005ed3d1173df933bf2f4,SRCM-c5cddac5fd88399539f2ebc2,SRCR-611dffc3c5a9be858b7e9e10,EXACT_STRUCTURED_IDENTITY,A
MED-a7adb0282c6e8b3f51fd3c6d,SRCM-5869a8e7d07ef76c4d1bb0cd,SRCR-3f8fa6832d1e4b12d741a61c,EXACT_STRUCTURED_IDENTITY,A
MED-a7ba48224936d9a97f1dfb1f,SRCM-aca8eae7743ee6a4ef6e126c,SRCR-d3c5d00c1a06a21948f506dc,EXACT_STRUCTURED_IDENTITY,A
MED-a7cd549004f03a03754f5b35,SRCM-aa452fe84c4db568e603744a,SRCR-b7bd9f931be61e707c43a832,EXACT_STRUCTURED_IDENTITY,A
MED-a7e04192b7b6f3f6d70192b2,SRCM-6e3a1c01e401472e53905793,SRCR-09365963dcb5bba2c843443a,EXACT_STRUCTURED_IDENTITY,A
MED-a81bff16985b11a5340a5691,SRCM-49a750f2f65b1e158364994f,SRCR-04716d1d7cc2170df9bc53e9,EXACT_STRUCTURED_IDENTITY,A
MED-a81d70ca781a662cea409a6d,SRCM-7c5efd3a22c3463a0fe6beee,SRCR-1737da86511e8de369f3e198,EXACT_STRUCTURED_IDENTITY,A
MED-a82f5331a8695a91b9e13be1,SRCM-fde20584d0164bd589d45382,SRCR-d5aa950ca9986bc34dd53506,EXACT_STRUCTURED_IDENTITY,A
MED-a83736f55cf6cd88d1004dce,SRCM-5ab3085cc3f73e9de07a333b,SRCR-f1ba1ec9c7db6ec73a98e029,EXACT_STRUCTURED_IDENTITY,A
MED-a8429715da37a5caa0dd0d4a,SRCM-5f642077dfeb9a6e08e0cf68,SRCR-ab8a5873279af54daf99366f,EXACT_STRUCTURED_IDENTITY,A
MED-a85d1227057da37aa05e907a,SRCM-cd1257a835c15c1d2c9c3b03,SRCR-cef24de14641657fd8d62c9e,EXACT_STRUCTURED_IDENTITY,A
MED-a86a851dce44028a22160660,SRCM-dcbfe5a90202325d1c32ea88,SRCR-b3834ef5e8f5da49cd8fe4a0,EXACT_STRUCTURED_IDENTITY,A
MED-a88756648b254247331a4b49,SRCM-c89896be65f91ffd1b19df60,SRCR-0299b2d678512060e6ee3471,EXACT_STRUCTURED_IDENTITY,A
MED-a88820505a179399955815c6,SRCM-b766d589766eb34ddd7be1aa,SRCR-34928ce93cae412facea9a4d,EXACT_STRUCTURED_IDENTITY,A
MED-a88bb5fcb1ec6cda3020f636,SRCM-a9dd9cd77118bd23222d8b6a,SRCR-91bb646874101208d7293076,EXACT_STRUCTURED_IDENTITY,A
MED-a8900e5280e5f6a93386c092,SRCM-7c99738f32d160db43544d72,SRCR-05829c52f5d061c92d3e77f3,EXACT_STRUCTURED_IDENTITY,A
MED-a89f3da197321fbc44537984,SRCM-69789dafcc562408c1d32e4c,SRCR-71b8f87a0c03f0d511e679ab,EXACT_STRUCTURED_IDENTITY,A
MED-a8a212c0c90e48b64ce6c124,SRCM-2524520fcab40770777bcd30,SRCR-b8702ba19e075871c4f9d605,EXACT_STRUCTURED_IDENTITY,A
MED-a8a264ddb49b6d5423103a2e,SRCM-421ee233b89a4b0a9b40a463,SRCR-95099f129e12e4dd86d8bde1,EXACT_STRUCTURED_IDENTITY,A
MED-a8cf9b0a0528834317eda7a5,SRCM-7243a9a08a9a3e80f22ed7fb,SRCR-ee7bbcbc8e47680c5097117b,EXACT_STRUCTURED_IDENTITY,A
MED-a916dd030de3c85f66c9d7c8,SRCM-8f4f0fbfd53ce1de55cdea2d,SRCR-7cb07b909c2872b6dfcbbb1d,EXACT_STRUCTURED_IDENTITY,A
MED-a91e9b54891393a51a3196b5,SRCM-085368d2399a98e3785f3320,SRCR-878dd82fcd84f87c190e7d44,EXACT_STRUCTURED_IDENTITY,A
MED-a962c73b13de1d806f301dbc,SRCM-49d6fc616da4e97e9a17f5ee,SRCR-750bb8b9065aa2e8b036145f,EXACT_STRUCTURED_IDENTITY,A
MED-a970c498e3ef872bd3ba04a9,SRCM-d26308b577e13ae3face441a,SRCR-798e53191584335e37d93114,EXACT_STRUCTURED_IDENTITY,A
MED-a9b422572a4b1fd387e03d6a,SRCM-2a571f4b767be14b604c3d61,SRCR-e5d1c05645b9e3c16de2587b,EXACT_STRUCTURED_IDENTITY,A
MED-a9c7ca4c8a335fa18d64e97d,SRCM-3b0a76b72e1add8672253e93,SRCR-04b1d26058d42fb73b66ca90,EXACT_STRUCTURED_IDENTITY,A
MED-a9dc2030cd77d0cd7b5ce20e,SRCM-c17e87a69c7d659990037bcd,SRCR-769fef2c3422a2aac3fd482a,EXACT_STRUCTURED_IDENTITY,A
MED-aa2486b55663f3e31079660a,SRCM-23825f1d5c8fdd78722facc6,SRCR-d1c7cb46f68c096c950b0e17,EXACT_STRUCTURED_IDENTITY,A
MED-aa346846045ebffd749daed8,SRCM-f57c0929b09c3ae0897f08ff,SRCR-07f8812d50604e468cada3a5,EXACT_STRUCTURED_IDENTITY,A
MED-aa35bb2c55f716f3d2293cd3,SRCM-5e33fd58a062b60f2bb689a0,SRCR-cd69e7bf2d4e78a8be2cbfec,EXACT_STRUCTURED_IDENTITY,A
MED-aa3a93ef7bb40f32adc75884,SRCM-b51db490d70d47461a66c5f5,SRCR-78d9129f708b72662edf7c8b,EXACT_STRUCTURED_IDENTITY,A
MED-aa631963957f9b7024e388dc,SRCM-2101093dbe0dda3ac4d44aac,SRCR-deef9a5aa2a5b64bf6ca8507,EXACT_STRUCTURED_IDENTITY,A
MED-aa742ce63467156c39cb8e96,SRCM-33c21db5aa4bee7c91cbc007,SRCR-53fd40bfbf7d99e78b1ea1f9,EXACT_STRUCTURED_IDENTITY,A
MED-aa88b359ba1cc631ce3f76ef,SRCM-11e875c109999c63cd098c68,SRCR-74860edaaf49015e8f8bff00,EXACT_STRUCTURED_IDENTITY,A
MED-aa9282981a165125f64163b0,SRCM-ddc125720c74515bf87da86f,SRCR-29bc7b5fbdd6fa021be11c6a,EXACT_STRUCTURED_IDENTITY,A
MED-aaa09199bafdcd530194f8f6,SRCM-d21261d21e96a127435ce67b,SRCR-056ed7e99d2b91496a465177,EXACT_STRUCTURED_IDENTITY,A
MED-aab535972c2608580eeccffc,SRCM-a430e095a80848eeb705890e,SRCR-f4dd7c0de58233b50e300773,EXACT_STRUCTURED_IDENTITY,A
MED-aab8ecfc8e66f58f6287b8f3,SRCM-905f5cee19fe71425952d379,SRCR-c021a5e85da361d263109ce6,EXACT_STRUCTURED_IDENTITY,A
MED-aaba9f9d03eb657c2e7f5a13,SRCM-4bcfebb05fc27d4f54a98dd3,SRCR-8751ee8fd3088c256d7d1047,EXACT_STRUCTURED_IDENTITY,A
MED-aabe1a2c1d6fd19374a117e3,SRCM-670c48cda24b5f75a0882a29,SRCR-485a47de82987bec74031786,EXACT_STRUCTURED_IDENTITY,A
MED-aac2f84b308afa7397d49e14,SRCM-c9a0663cb3a80d9a478cef22,SRCR-564aafdc9a7f312ae463d79b,EXACT_STRUCTURED_IDENTITY,A
MED-aacd5ddb4c93788e38d46bed,SRCM-0a0ac8901a440feb6a7a1e2e,SRCR-6e508265b4cea2a2831af443,EXACT_STRUCTURED_IDENTITY,A
MED-ab02be4c8aa6ca2dddac7fd0,SRCM-b99db456ed618759c41d5fc5,SRCR-90de1a025dbeb9d7d6d7a7ff,EXACT_STRUCTURED_IDENTITY,A
MED-ab083bde2970a9eb01b41c06,SRCM-e86b148cfa8d87bb378cc169,SRCR-6547bb4ed8a608f2a8e822e9,EXACT_STRUCTURED_IDENTITY,A
MED-ab291f4a6f0dee5b15941d9d,SRCM-451a15d590d01e0e9d749de8,SRCR-bd00cf17a977a48a9e362207,EXACT_STRUCTURED_IDENTITY,A
MED-ab4836cd98d8d744e0655e24,SRCM-889ab1b1754639ea22a80fe4,SRCR-1f0e6ea846a3064f043a60a4,EXACT_STRUCTURED_IDENTITY,A
MED-ab69662eed05b6dd72a646c3,SRCM-a94cada06561cd0f3ff56c7f,SRCR-3d42144487c4383640e2908c,EXACT_STRUCTURED_IDENTITY,A
MED-ab8e5fdf2d898dc302185040,SRCM-90954aafa533dc1a858a96cb,SRCR-85432381af7fdffd950cf6e3,EXACT_STRUCTURED_IDENTITY,A
MED-ab9568b19c0629ea7c158986,SRCM-4dfda190126cf5945b2a8475,SRCR-2fba5f96d94c3ef5a03b9ede,EXACT_STRUCTURED_IDENTITY,A
MED-abca3be0eae6ec7099b385d3,SRCM-be7e38d3f0e42c0b66da21f5,SRCR-c73e47868b00b7fe4dec1d9c,EXACT_STRUCTURED_IDENTITY,A
MED-ac0d9f444426b7a5ca8750fb,SRCM-b2d7e5c3ace5122cfb4f51dc,SRCR-140f04f7c92fceda62c524e7,EXACT_STRUCTURED_IDENTITY,A
MED-ac217a1263abf28f2ba121fe,SRCM-56637986a7465a407d7a2bb5,SRCR-78fa1753b47e7676ac0a8087,EXACT_STRUCTURED_IDENTITY,A
MED-ac47b2452d1e772348490fe7,SRCM-1d66a0f418a5b0c6ae356819,SRCR-8e8abece1251087dc28210eb,EXACT_STRUCTURED_IDENTITY,A
MED-ac6ca63ecc711a38fec1f88d,SRCM-e641ccab8171d2034a90163e,SRCR-d8d14f2ca2a621decdfa7f4d,EXACT_STRUCTURED_IDENTITY,A
MED-ac7d4016d05db687cbad6921,SRCM-6a704fac2b94a269c7ed159c,SRCR-7f52fc327f0130423bad0ec7,EXACT_STRUCTURED_IDENTITY,A
MED-acd506a5ca11bc1fe350ab73,SRCM-49da81dd5284c9b727cf4230,SRCR-28295008c3d3f7fd6e8b0174,EXACT_STRUCTURED_IDENTITY,A
MED-acde01b8a42ec4a87353767f,SRCM-5fb48c6fc6ac8a8f2d137a6b,SRCR-7a3af88b57d095e098dd7077,EXACT_STRUCTURED_IDENTITY,A
MED-ace1a316c6148c0de3138490,SRCM-8073b56e8b72d749f8bcb121,SRCR-97cf91bd547f56f7370308f8,EXACT_STRUCTURED_IDENTITY,A
MED-aced056d220f80fd4ab86e2b,SRCM-fe72af77ab70a8f56e3fcc68,SRCR-2a8eaf6376f41ca72bab46b2,EXACT_STRUCTURED_IDENTITY,A
MED-acf2d593c91df7885764f9d8,SRCM-241eae907e341fe1e7d35c69,SRCR-650705f5b0e9f2dd4cbab875,EXACT_STRUCTURED_IDENTITY,A
MED-acf9f54c3ca7fb92541b80ec,SRCM-1fc3fc47518e97ca2da43ce6,SRCR-ba5efd9cbaee83f70428b89c,EXACT_STRUCTURED_IDENTITY,A
MED-acfdf3a4922a8d135253ff80,SRCM-4b7a8330ad973d038bc0d1e7,SRCR-73aacd948fcf01115bdd6625,EXACT_STRUCTURED_IDENTITY,A
MED-ad017f469f897d7a5d19c259,SRCM-3ec886fd62698db1acb57ba9,SRCR-c8096cfe0379ebefcbc1a591,EXACT_STRUCTURED_IDENTITY,A
MED-ad193b08ac801bb08f72f263,SRCM-0f09f3887e452c67459d8aae,SRCR-569afc46acf8aa06eefa8be7,EXACT_STRUCTURED_IDENTITY,A
MED-ad3c4e89e710e0599980d58d,SRCM-b75fcf2ae156c403d5f39647,SRCR-02f04cc7fe00e40430070e7e,EXACT_STRUCTURED_IDENTITY,A
MED-ad60336a62b4a430ccca9886,SRCM-6d8c72085ca7178e2afe03c7,SRCR-49ea49ad3eb228f85ccba855,EXACT_STRUCTURED_IDENTITY,A
MED-ad9cb9b7f1390003522a9375,SRCM-2c499ee92140cd9e21b34d6f,SRCR-f7bec6c43e38ca0f4207b40b,EXACT_STRUCTURED_IDENTITY,A
MED-adb279fbe9d593d8df7f6c92,SRCM-9fe5cbab1a8f7ad93a07bcba,SRCR-a2d2e5e26efca0a2892d4ea2,EXACT_STRUCTURED_IDENTITY,A
MED-add81bdce41040515a9b872b,SRCM-5f0fec694a20b08916fef06e,SRCR-222c28bb6921c4a4e9eb078f,EXACT_STRUCTURED_IDENTITY,A
MED-adff0ff5a2aff8c7412c08a3,SRCM-40c5fc72e62acc51f01fb06d,SRCR-200fd1645a3e4648e9c18e42,EXACT_STRUCTURED_IDENTITY,A
MED-ae0d20e6850e96a376c634a9,SRCM-89f814ca73868a51124f78ba,SRCR-31c4444db25f086b66615965,EXACT_STRUCTURED_IDENTITY,A
MED-ae2c4bb67c86954887f54a2c,SRCM-9a678cd5e73313e9c77c50ca,SRCR-a25d67be7cb122a37dc132fb,EXACT_STRUCTURED_IDENTITY,A
MED-ae48330cf622547cff2c15d8,SRCM-492ea8c71a3609658861780c,SRCR-04f4056c141dfa9a292f6ad6,EXACT_STRUCTURED_IDENTITY,A
MED-ae49b296ee35062b655bae00,SRCM-bdfc1d8424f3df6d8c946334,SRCR-f05183918e73eaddf787db3d,EXACT_STRUCTURED_IDENTITY,A
MED-ae5b0a260382118ca3441235,SRCM-0e7062387bc0d6092523fca3,SRCR-435b8224a0cbc9a1afa256cf,EXACT_STRUCTURED_IDENTITY,A
MED-ae5f2b98c86a338b9c55bb07,SRCM-a7ed1be2be9bee3b2a379fd5,SRCR-125c3df65513fd3080d0ca1c,EXACT_STRUCTURED_IDENTITY,A
MED-ae641a782da09f47f9859218,SRCM-a80d6941ad1d1fc515c8c404,SRCR-fa02f47b20333837a1c12b5a,EXACT_STRUCTURED_IDENTITY,A
MED-aea9197396112a6a6ade0dd5,SRCM-2320a7dfeb40fb31c82ddd4e,SRCR-115503c0eb51d5522bd4222d,EXACT_STRUCTURED_IDENTITY,A
MED-aebd74d71dd200d34e0e5f39,SRCM-8891500aa9609d16aa3bd866,SRCR-f429ad9d5e65d433c069e0b5,EXACT_STRUCTURED_IDENTITY,A
MED-aed60f17c923f69576cfd4c1,SRCM-7a1ee1a398d8a78ab2e88e97,SRCR-387b701b5f7027c64da5facd,EXACT_STRUCTURED_IDENTITY,A
MED-aef026c127a180a3ebfec385,SRCM-57104c84685bbbbce751cdf3,SRCR-9a4a477d7566ee7b98b11fb9,EXACT_STRUCTURED_IDENTITY,A
MED-aef215286201d1473e27e510,SRCM-7e4b984e13b70312eb34224d,SRCR-863fd6d0df5ab99ba1e2e3e8,EXACT_STRUCTURED_IDENTITY,A
MED-aef95acca133b9c86de15d53,SRCM-be9e713ff9a00f38e61aef59,SRCR-b07b4c5b69fbcc5768b048a2,EXACT_STRUCTURED_IDENTITY,A
MED-af0794e6dc1a7dab2ebc64fb,SRCM-fccc882dbabd66898dfa2b19,SRCR-1c4fd03507278d5f693ea12c,EXACT_STRUCTURED_IDENTITY,A
MED-af2b0a09ab4dfce320bf3c65,SRCM-358249241371c9db8e688c70,SRCR-ab0ff1089a696ed0ba22e161,EXACT_STRUCTURED_IDENTITY,A
MED-af71c68cb66ec1966c6a10b8,SRCM-72d7b354f09a3ffdfb124fe6,SRCR-8eb84f2f3b38b5e1815dba84,EXACT_STRUCTURED_IDENTITY,A
MED-af7ca4e81f12dbe577a16484,SRCM-9600e4c839e1568bee8b3187,SRCR-87e9944484f9776746bff50c,EXACT_STRUCTURED_IDENTITY,A
MED-af87a31cb1cbcf11b993bc55,SRCM-95f62ce10c9501858c9633ce,SRCR-2b2b06729992052473264e88,EXACT_STRUCTURED_IDENTITY,A
MED-af9ea18548e933d9d908831f,SRCM-e5c066e8fdcc17e2a61d811b,SRCR-272ca714e3ca3ad4760d535b,EXACT_STRUCTURED_IDENTITY,A
MED-afa4f4c0e5f1b3159d27f934,SRCM-de2766f4fc5a50650d811ac2,SRCR-e03728e832f5057a324bc0fb,EXACT_STRUCTURED_IDENTITY,A
MED-afa8fa09c1480dbc9b9a76be,SRCM-c7c6853a18bf3f296db4e6f2,SRCR-1978cd2df73aa0d3e3007503,EXACT_STRUCTURED_IDENTITY,A
MED-afad57fa1c3d544d2a13c74b,SRCM-52f87b032dea0cc4e6dd7752,SRCR-d51dfada87ebc82664d24a76,EXACT_STRUCTURED_IDENTITY,A
MED-afc8b797a44e53eb219002ae,SRCM-00f87ee6460835d9b06b8ca3,SRCR-89ef48a0d2df4709a12cd459,EXACT_STRUCTURED_IDENTITY,A
MED-afd3edef48b4d6cdc2427e8a,SRCM-4d5e9bc918b713c647962f68,SRCR-d6f3e5c4b87f65dd6035b4f3,EXACT_STRUCTURED_IDENTITY,A
MED-afdcd32c50c5e707eba14b4d,SRCM-0f1c00f3dad0a7c300002b45,SRCR-b276360b4f7b330e980c75cd,EXACT_STRUCTURED_IDENTITY,A
MED-afe915e1ddbf72ba0bffbcab,SRCM-3616abe821860eba56a5df17,SRCR-e6619e07cec2ca908d861ec1,EXACT_STRUCTURED_IDENTITY,A
MED-b006dbe17770c9fe11ae8081,SRCM-2ed3af4270264b14cf9c2ab7,SRCR-02f56892047c0aaa16555bc7,EXACT_STRUCTURED_IDENTITY,A
MED-b01dc9104a0cc2676d11c8fd,SRCM-12e4a7ed4a864913d83356ac,SRCR-8189f1d1dd2f4350c70660c5,EXACT_STRUCTURED_IDENTITY,A
MED-b028beb1074ceddd08cb5bf9,SRCM-b072edc7c6a5ca6b5c0a2bf9,SRCR-540a09ba168e22957d029a9f,EXACT_STRUCTURED_IDENTITY,A
MED-b04c161443793b6af76a2077,SRCM-ec233f8515fbb2bcdac664f1,SRCR-42f924f02133e8251e84e35d,EXACT_STRUCTURED_IDENTITY,A
MED-b05f36252c0946f926f18f45,SRCM-cd904eb34271c0acdeb7d7b6,SRCR-7be9ed127e060790b4f2c5bf,EXACT_STRUCTURED_IDENTITY,A
MED-b087a1b321026b9ccab3f87f,SRCM-d408e79d658ea25001e9e8af,SRCR-abfb579e12ab13c4236c3003,EXACT_STRUCTURED_IDENTITY,A
MED-b08b7a84114b3fd007b7b156,SRCM-bb2fef7de57e8e852ec2aed6,SRCR-6e2a38aff66393911f54ae2b,EXACT_STRUCTURED_IDENTITY,A
MED-b0aa360fcf43160cd1ebc4fb,SRCM-1aa05775507fb5ed5a7c3c0d,SRCR-cad88eaef4a8aa090773444b,EXACT_STRUCTURED_IDENTITY,A
MED-b0bdf750fe940d4fe7ae7a26,SRCM-6fe6d608c6c75f66157402a2,SRCR-ccdc39613f5f73f0985d03e3,EXACT_STRUCTURED_IDENTITY,A
MED-b0be9a89b962b05eb51062b8,SRCM-5b78ec79bf2a8599775dc4c9,SRCR-3acea8a0f1edf90b0e466e0b,EXACT_STRUCTURED_IDENTITY,A
MED-b0d17de07641b0d262311efd,SRCM-4b75714e13e5f02e532b9c91,SRCR-e6f6f6f93e95233124016748,EXACT_STRUCTURED_IDENTITY,A
MED-b0dab1784d5ae82aad88807f,SRCM-67112ab8a1e5c6aef79196d3,SRCR-8935c5641057c745f729bcd6,EXACT_STRUCTURED_IDENTITY,A
MED-b0e03ecd9a5e3a0672d8c2ab,SRCM-5caf93168300f2829a6dc89b,SRCR-90ef031d49d7f515e415793d,EXACT_STRUCTURED_IDENTITY,A
MED-b0e943903a07ad4294915e4c,SRCM-ca65e806cef850695add0a18,SRCR-75ca955c805bdc8aba6f2006,EXACT_STRUCTURED_IDENTITY,A
MED-b10958b28036f50531003f1b,SRCM-97a09114fdc41904be0afc42,SRCR-7a4cb177ae4f7d4a3e9633c4,EXACT_STRUCTURED_IDENTITY,A
MED-b10be83c3ddab7bb83432e79,SRCM-0d9a67b2e7a83237a77f74e3,SRCR-af89015d14df9c347f69689a,EXACT_STRUCTURED_IDENTITY,A
MED-b10db0baf249dba3ea46055e,SRCM-006fc3ca77b8dd6fe502c695,SRCR-6029a5b1033e1969a5d54c8b,EXACT_STRUCTURED_IDENTITY,A
MED-b12395f9e16a623db0901d75,SRCM-1aad4430879633557b0a901e,SRCR-4cd25f703cb3ac5a0403953a,EXACT_STRUCTURED_IDENTITY,A
MED-b124a7c70c0ac9e66f7ce0b6,SRCM-68a5faf02ee4fdf9bd07d3b6,SRCR-339c1b6f28cbf8f179586701,EXACT_STRUCTURED_IDENTITY,A
MED-b1501c69dc44b42630f978a5,SRCM-856e77ce9eeefb93f6c898f9,SRCR-78a8c4e943e07e00b1b222fa,EXACT_STRUCTURED_IDENTITY,A
MED-b179e611ae7e6b3c5974390d,SRCM-4b36e71e4499530fecc711db,SRCR-ebfba65d96c8913dbcb731ff,EXACT_STRUCTURED_IDENTITY,A
MED-b17bc6c4be3eeee4fda9ee72,SRCM-5e24eab2a9f98a33b8fb21d9,SRCR-9d562d6d0fed7b0bf2540551,EXACT_STRUCTURED_IDENTITY,A
MED-b1802d9c87e880f7aa559dd0,SRCM-5b05e70657830a01b5bc7510,SRCR-84415d54b3a9414573d20287,EXACT_STRUCTURED_IDENTITY,A
MED-b19d38557157f814e3aed2f3,SRCM-294147d2bd8803c3c06ac1db,SRCR-3c5eee500d848bc158b64378,EXACT_STRUCTURED_IDENTITY,A
MED-b19ef7af020cb1485db7a2a6,SRCM-720996c8709e8f5036847d84,SRCR-6a1a536dc78859832b0799e1,EXACT_STRUCTURED_IDENTITY,A
MED-b1a4a9c734d4afe5f28a1ca1,SRCM-9544f6e6f5aa5ecad13f34b7,SRCR-e33342fa2d492fabfe990450,EXACT_STRUCTURED_IDENTITY,A
MED-b1e6ec88bb8ba0c4f0962445,SRCM-bda570ef47161d635d2cee52,SRCR-10173b654b3e2d0d2fc80246,EXACT_STRUCTURED_IDENTITY,A
MED-b1f7053fc46a13d27d20899b,SRCM-d2b8e44f0d337d1534f7cbcd,SRCR-1784120618a17218451224c7,EXACT_STRUCTURED_IDENTITY,A
MED-b202fc139455613b3ec868e9,SRCM-c8834769fba5ebaaa1bbcacf,SRCR-361b5343e511f8f174d1cffa,EXACT_STRUCTURED_IDENTITY,A
MED-b238d1f64e20bd72a5add64a,SRCM-2a55f438b82aed9a3cca240f,SRCR-dc140bfc641fd539277a367a,EXACT_STRUCTURED_IDENTITY,A
MED-b2453f5f24c5ff8f30c7e1e7,SRCM-a2b8b5034d3badd5981b63ce,SRCR-49fdd723694c870dca750dac,EXACT_STRUCTURED_IDENTITY,A
MED-b247cd84e28d219cfbbb3f1d,SRCM-d5b141e9f4398392cf0638a7,SRCR-669fe0f1725eeab381014d62,EXACT_STRUCTURED_IDENTITY,A
MED-b2521d0fc77e894ac50f1393,SRCM-6d9e5ee375befb035357a161,SRCR-4bd1d9050d81bb41d9282c6e,EXACT_STRUCTURED_IDENTITY,A
MED-b28947a07384e9c4fafbb04c,SRCM-3b805a944f6e8f5944a14dbe,SRCR-c362b31664e8803f3160202f,EXACT_STRUCTURED_IDENTITY,A
MED-b2a4446f2959c95043db7c95,SRCM-9f8a6d75fd1b2be554970b22,SRCR-f15913a94dcdd8b35ab20763,EXACT_STRUCTURED_IDENTITY,A
MED-b2b9afdaf25a556f5bdfe37f,SRCM-9d5b02de53acc193b4169e0a,SRCR-76a8825d897206dcdbef4db2,EXACT_STRUCTURED_IDENTITY,A
MED-b2d980fb270b83fa6d796627,SRCM-b6db7f192f08aae3d8c7aac8,SRCR-8f2ee870b25686725d58c0c6,EXACT_STRUCTURED_IDENTITY,A
MED-b2de73fb5fbad7787546ce05,SRCM-f6257d1a27adb357767339d0,SRCR-ab9a542a3e4856ca4155e6fd,EXACT_STRUCTURED_IDENTITY,A
MED-b2e74cb571138989a8328842,SRCM-8d25e1c0e7edb3db0e62eacd,SRCR-1ced5a3b6b55e60eaded5a84,EXACT_STRUCTURED_IDENTITY,A
MED-b2f4fa2a2aebd375bf221eb2,SRCM-6e779323a6739adb1132e1d2,SRCR-373f7226153d1dff0b00c44e,EXACT_STRUCTURED_IDENTITY,A
MED-b30687d553daad25c6e26613,SRCM-0d644b16b2c5bb23f7589901,SRCR-8733c896399d22c6217b974a,EXACT_STRUCTURED_IDENTITY,A
MED-b30dd2db7f564c3f952ab365,SRCM-0e2604a4be01f1d92d1e4c08,SRCR-28433e5ab11fbb79ea3d78ed;SRCR-b0bebbea216e3c0689fbeebf;SRCR-c6ac6218051f0902713585aa,EXACT_STRUCTURED_IDENTITY,A
MED-b31051f1640515c65355ccc6,SRCM-0f93c47c98febb2d8f07c062,SRCR-eaae046bb9f67ad46097638b,EXACT_STRUCTURED_IDENTITY,A
MED-b317aa538c48a82bc4ace74d,SRCM-ab12d38d2690d83362659264,SRCR-8c2e212349c67c53906ddc82,EXACT_STRUCTURED_IDENTITY,A
MED-b32dadbbfd1952e710fc2f4f,SRCM-abae445ee4a212e12050f13c,SRCR-aab70ecbb2f06aecc7fe5706,EXACT_STRUCTURED_IDENTITY,A
MED-b331a867e53e28e06ba0f33e,SRCM-3dbee737e1f57bb83cffecea,SRCR-ac5a8403ab5ec0e86432b1c7,EXACT_STRUCTURED_IDENTITY,A
MED-b34251a72d951129c9509307,SRCM-b571abd84ba2c23eecff3aa2,SRCR-8f25ee840636d752dde61222,EXACT_STRUCTURED_IDENTITY,A
MED-b3437d253aa6625b82b2cd1c,SRCM-941e956fb56cfe981bc33731,SRCR-32991a1f3457fdd1d41bbea0,EXACT_STRUCTURED_IDENTITY,A
MED-b35b587c3df32cbc35ca7bf9,SRCM-95c7acb94ae68f98f75e0ecd,SRCR-848d9bc5836cd269a0df2364,EXACT_STRUCTURED_IDENTITY,A
MED-b3953ccb33a2ccd07564acf9,SRCM-00fd7d3f41a0e1f4226ad6eb,SRCR-c7fe5c5eebb26e0084104c27,EXACT_STRUCTURED_IDENTITY,A
MED-b3d7649ca403e36ed1bc9e9c,SRCM-e1143a1ff7d42b5ec40d2df2,SRCR-67a4fa8974bfc02357cccbbc,EXACT_STRUCTURED_IDENTITY,A
MED-b3f0a615ced10854b1cd274b,SRCM-dab915d26f85af520d3a4856,SRCR-647802c7e4d561182f96a0d3,EXACT_STRUCTURED_IDENTITY,A
MED-b4059488362e14b1cc366261,SRCM-28172fdbf6a65a688dc75e31,SRCR-1ffe356cfdf92ef29806fbb8,EXACT_STRUCTURED_IDENTITY,A
MED-b42ec75f10a75b7eddeb5265,SRCM-9229a8bc8733cd65bdb4f1ca,SRCR-d92c3b0f611ee3e2921c28e8,EXACT_STRUCTURED_IDENTITY,A
MED-b438ec3efca4e4281e61a484,SRCM-37f28f9c1471844a87f56f80,SRCR-c64ded00c57e6a766983af6c,EXACT_STRUCTURED_IDENTITY,A
MED-b4598a2cdb4cf5a383ac38a8,SRCM-9815c364ff73f98b68bcdc9b,SRCR-5c55db8b6b8c85232c357803,EXACT_STRUCTURED_IDENTITY,A
MED-b46ce2ed2def17290e3a1185,SRCM-3b43fd1184c943d4a39b9d7a,SRCR-9e89af1d63149608ac65eedd,EXACT_STRUCTURED_IDENTITY,A
MED-b47b7fd55830a768ba55d61d,SRCM-4346a4a7ba955ef7e25334bb,SRCR-9893cd487d6ccbd11781974f,EXACT_STRUCTURED_IDENTITY,A
MED-b48e1fddf223d16aaa34137b,SRCM-7c41d94e835182bb9df7dabc,SRCR-a9e163864b8261ffa77a442e,EXACT_STRUCTURED_IDENTITY,A
MED-b4ba25a79e8e8a8760f7825a,SRCM-01a1d362c38af9330401bac6,SRCR-69a77ef854cd100684050fd0,EXACT_STRUCTURED_IDENTITY,A
MED-b4d0123c9d9451471d55910c,SRCM-359a3df2ebfbfdff779cb3c8,SRCR-ba170e0f8a0adede8c10ee80,EXACT_STRUCTURED_IDENTITY,A
MED-b4d625effc49d7545d705613,SRCM-f0f00a5e50aaa0934e788da5,SRCR-8a63b1d3fbc60e5bd65cbbe8,EXACT_STRUCTURED_IDENTITY,A
MED-b4e1f63b67c0ac6f7d3f2e6e,SRCM-2492f200339aea0fffd3ff32,SRCR-838470c5f3113bb1dccc0b76,EXACT_STRUCTURED_IDENTITY,A
MED-b4eadda72be0f4ac64f472f9,SRCM-999e04b34a76b47b6121d281,SRCR-96d594a50228706a26f19909,EXACT_STRUCTURED_IDENTITY,A
MED-b4ee0a670913dea364165b5c,SRCM-be609a60e50dcf419989b3e9,SRCR-291bae16db89cef780e0fa75,EXACT_STRUCTURED_IDENTITY,A
MED-b4f11bd40ca602edfb991fcb,SRCM-de2898ff56fd20d3399c78fb,SRCR-cd5adaa1e60f3da562c8914f,EXACT_STRUCTURED_IDENTITY,A
MED-b4f69f8c9e7c360be4c99e24,SRCM-18103622923ebee6cbffc693,SRCR-4c32f2b8986ec69989bb0414,EXACT_STRUCTURED_IDENTITY,A
MED-b4fd2862399353564847b3b4,SRCM-5f63d47bf1d93f50b3f9b9d6,SRCR-566164d7cdf4b73daf5d68e0,EXACT_STRUCTURED_IDENTITY,A
MED-b5054ab5ca37d6a280f03477,SRCM-af9890ed0e692d0722a2e659,SRCR-000f9bd52d00a5140d131d01,EXACT_STRUCTURED_IDENTITY,A
MED-b539e3111fbb312e6d85bd19,SRCM-9aa794fb19002e771fbb6138,SRCR-51f7f5b98015b2c6742de44f,EXACT_STRUCTURED_IDENTITY,A
MED-b53c11762f520a02591bb53c,SRCM-bdca8236f4ce30922785c291,SRCR-5d7622e9c172388c8744a2c5,EXACT_STRUCTURED_IDENTITY,A
MED-b542ee327b00d602b9d6f0cc,SRCM-e4b1e4e774877da73dfa1968,SRCR-9750c119e72a37546f86b4e4,EXACT_STRUCTURED_IDENTITY,A
MED-b55433453d7e9bdf60c483a5,SRCM-ee5f98ab08fed2ab93d0ab02,SRCR-0932f5abf28404a0a6a2f672,EXACT_STRUCTURED_IDENTITY,A
MED-b5611dfa4977876f456525b4,SRCM-8f6a4ccd7b8a3501f3d96349,SRCR-5e9b5a1fc6cf975f8f200bfc,EXACT_STRUCTURED_IDENTITY,A
MED-b56c0ff50fc2b6c62f645b74,SRCM-7043ed2de33ae581b10efa4e,SRCR-b04321d6d52895ec58785058,EXACT_STRUCTURED_IDENTITY,A
MED-b59973b3467eeb2374c689e4,SRCM-6a3e388f541df7e2f2244c6f,SRCR-651d997e7494054c46992021,EXACT_STRUCTURED_IDENTITY,A
MED-b59c71440e0c6e9d967bbb95,SRCM-2e6315301128bc99afa6834f,SRCR-099bd5926ece32f32c6028d0,EXACT_STRUCTURED_IDENTITY,A
MED-b5a09c844c5b055b7f141e85,SRCM-c2dd0f847e091c54cbe5bcf3,SRCR-222ffb9260095903be23b57b,EXACT_STRUCTURED_IDENTITY,A
MED-b5b8367400af55c5de217117,SRCM-3abbe5292181a26cc3d812ee,SRCR-407aceffa99cd9ffec448ad6,EXACT_STRUCTURED_IDENTITY,A
MED-b5de883205f8cf0a62d34261,SRCM-581066d7c77b5add738acac5,SRCR-14f68df1d0285b96fdc67b41,EXACT_STRUCTURED_IDENTITY,A
MED-b5e8203eb96505383a334814,SRCM-b0a448b1ec3b765449a75209,SRCR-ce20cfcaab7905f3ff43b5fc,EXACT_STRUCTURED_IDENTITY,A
MED-b5f195fbce7ed6d6323d662a,SRCM-30c9b8fefde4884304eeca2f,SRCR-7a5215b7a69a541cc0f5e958,EXACT_STRUCTURED_IDENTITY,A
MED-b5f3ce349408493f15ff3016,SRCM-b200d60bd93b20e43ed01e66,SRCR-cda84085cb3ac1a824b6987d,EXACT_STRUCTURED_IDENTITY,A
MED-b62c6b6955a3266ff37a3cee,SRCM-d61dca0109deab15995fb6af,SRCR-d5b67b63fc05752073680fc9,EXACT_STRUCTURED_IDENTITY,A
MED-b63e962a3c7832df929611b8,SRCM-dc929e62125c7f729b6f1901,SRCR-4716ec039c6c35c8ed487194,EXACT_STRUCTURED_IDENTITY,A
MED-b64f29f0db68512d89840a82,SRCM-5b47864ad3c39e1a0d10e6f9,SRCR-e982ec914e1c971dff69dcc7,EXACT_STRUCTURED_IDENTITY,A
MED-b660ca10157b76d6082d1b28,SRCM-3aa6c53b21b20354bd6826dc,SRCR-8ce44e007db96ed6d9bac098,EXACT_STRUCTURED_IDENTITY,A
MED-b6698d741b6b517c43024e9b,SRCM-93fdc97d911c20f72cbfa027,SRCR-87d34726800f3ec8922b2d40,EXACT_STRUCTURED_IDENTITY,A
MED-b680d28c3c36a6793b2f959d,SRCM-8e08b9c846538faa507be197,SRCR-3a2968a42943abf460bc1cbf,EXACT_STRUCTURED_IDENTITY,A
MED-b683186fe8596f274ea31912,SRCM-03f927cb87eeb22fb3c32ab2,SRCR-32ad1858451236a34657e1c9,EXACT_STRUCTURED_IDENTITY,A
MED-b69888270f009b152807d233,SRCM-de8412fe8a8944af182b68a3,SRCR-14afd2c66b4784889d7bba8f,EXACT_STRUCTURED_IDENTITY,A
MED-b6b8e2e4d0de07e18fb92da1,SRCM-9597b8e7cd58473c8721a59e,SRCR-45052fffd1358fe9a2a181c1,EXACT_STRUCTURED_IDENTITY,A
MED-b6ce67b0059fbddf57f2c6b4,SRCM-7aa09e514406aae8f169f597,SRCR-21a4cbb5f690557b44c3c909,EXACT_STRUCTURED_IDENTITY,A
MED-b6d4ce2d68319da3af3ba533,SRCM-6e77f42582cb125b4bab734f,SRCR-8d649136f0568b3cbaeb6e27,EXACT_STRUCTURED_IDENTITY,A
MED-b6e4119094c335f3caa671e1,SRCM-cc57e62884923ad61b870f86,SRCR-d1c4a32983cdb627264fa175,EXACT_STRUCTURED_IDENTITY,A
MED-b6ebada265bc3f0cf8238899,SRCM-fb1bbd4b85aa6258838c8a5c,SRCR-270395d52a8a3a4b0fdc3518,EXACT_STRUCTURED_IDENTITY,A
MED-b6ec37dfea7827b35f73eb24,SRCM-fd995527ed855904a7f492a4,SRCR-9d05a781771c23f0c31ab537,EXACT_STRUCTURED_IDENTITY,A
MED-b7457232596195f7665aedf1,SRCM-962a4e612a7fe32f45eaf2d6,SRCR-b01f48cdcf24bffdb7992761,EXACT_STRUCTURED_IDENTITY,A
MED-b77569cf320888d8a46fd18a,SRCM-023e79df7cdf9dc71ee70b4b,SRCR-378a65c5de1a6f8587fd1fe0,EXACT_STRUCTURED_IDENTITY,A
MED-b79d09c4105c12e993981a71,SRCM-ac53f8dda169c752d2800d6f,SRCR-ca3fda5e3e232da4e43282f8,EXACT_STRUCTURED_IDENTITY,A
MED-b7b9ad55caf049aa7c78d7b0,SRCM-5edc88d02e1f160e80c018d7,SRCR-2da64ac8a6ec685b3aa6530f,EXACT_STRUCTURED_IDENTITY,A
MED-b7bbf2a4600b28bd1bc18dfe,SRCM-e603631c22b287a51347ccf5,SRCR-17d1375035ff90dbe492b6a7,EXACT_STRUCTURED_IDENTITY,A
MED-b7cba52bfe27dd9cd67e3b62,SRCM-31946705a1d84f8a82346cfb,SRCR-f0fb30031df4082211a45429,EXACT_STRUCTURED_IDENTITY,A
MED-b7e15b37ff179936855d6149,SRCM-1a80500884cdbb3cbd452a27,SRCR-be0920aef9cba7691715d60f,EXACT_STRUCTURED_IDENTITY,A
MED-b7eaec9d4077980ebc5e3bf8,SRCM-a2a65bb506df0cdd53589501,SRCR-9d8fbe1698a088c56e5d7de8,EXACT_STRUCTURED_IDENTITY,A
MED-b7ff14fbea01de584c6c8045,SRCM-465bef8b7fe69eec38e1a798,SRCR-dd235c99eed61ede1f7a9b5f,EXACT_STRUCTURED_IDENTITY,A
MED-b80833482523f4989843dd7a,SRCM-b1e09f3d6f4d42e3c0b8e5a6,SRCR-79a1acab2c4530ed1a0aa8c6,EXACT_STRUCTURED_IDENTITY,A
MED-b81cf1a32300dc14aa297002,SRCM-c6b02569a966b2013a951a8d,SRCR-a421a8aa4bd1cde6037baa3e,EXACT_STRUCTURED_IDENTITY,A
MED-b81d715f78d54bc6e5e1b1cd,SRCM-bbb7be8fdb8177cf2850d3ad,SRCR-eee5035ca1a80f47a3f42304,EXACT_STRUCTURED_IDENTITY,A
MED-b8376b2ae1b5d6eaf1b2d968,SRCM-c4d9bb9056b39c3316930582,SRCR-4e7a2e3599e0f54315f1caaf,EXACT_STRUCTURED_IDENTITY,A
MED-b8517ce44949cd3c441ffee0,SRCM-5b26e5a1cc9b10e47efe24c0,SRCR-a4fb97ad6c9c526f77fcfb55,EXACT_STRUCTURED_IDENTITY,A
MED-b86300e51d4e0e0ba70fec5d,SRCM-b85b2c66f251665a9eacdf01,SRCR-01f7ad7d64dc6f875ec844f7,EXACT_STRUCTURED_IDENTITY,A
MED-b867eceda2a2c1b0194694d0,SRCM-7d7301862926381efc3c7deb,SRCR-6855f50058e678961de24632,EXACT_STRUCTURED_IDENTITY,A
MED-b8859a2d68ef04ccaa224873,SRCM-1f06a4a5e47beb7d86b2b9dd,SRCR-342346f2d74a80f2e8482ef2,EXACT_STRUCTURED_IDENTITY,A
MED-b88f7b791df4ba29e63877ca,SRCM-b9aa9077686ba21c508929e4,SRCR-7fc647aec09172525f2b33a1,EXACT_STRUCTURED_IDENTITY,A
MED-b89107db24c9cebe072577d9,SRCM-e5599316c923864df475b048,SRCR-0457ca5cc08bf768ebfb6657,EXACT_STRUCTURED_IDENTITY,A
MED-b89152ce65341ae487841d75,SRCM-e63d9ebb87e384754cd6b8c5,SRCR-74a426af347e271f79023ffc,EXACT_STRUCTURED_IDENTITY,A
MED-b89fb5b5ec6d850355f95d37,SRCM-22c37946c4aaf5add5fd22f3,SRCR-8568cb05d269a36f526641e7,EXACT_STRUCTURED_IDENTITY,A
MED-b8dbd696bf340793ea2460a0,SRCM-84255a8cf331419f88770ab2,SRCR-f8bda1a7f915dd33319782c5,EXACT_STRUCTURED_IDENTITY,A
MED-b8f3714bb4fd1e7fc78061d5,SRCM-dfe523825761439099a148b2,SRCR-f05b0dd82bb12ab823a6052f,EXACT_STRUCTURED_IDENTITY,A
MED-b8fd186a46a8e9a6a6001c70,SRCM-6037afe4032cab038405e00b,SRCR-b2c650a9a87d2e360c3d064a,EXACT_STRUCTURED_IDENTITY,A
MED-b904628b6a8a47e6859dd1e1,SRCM-386389ade8d7ee27ebb944eb,SRCR-a12a235c4ad6442591302ae3,EXACT_STRUCTURED_IDENTITY,A
MED-b91b4129852889bb937b92ec,SRCM-d9c7764bfc5b6b1e174d3845,SRCR-6f30200f554bc83a5ed16515,EXACT_STRUCTURED_IDENTITY,A
MED-b92ed7a50e23cffef395a74e,SRCM-f90d15d79f938070d8f9bce6,SRCR-f4b9b5beb71dfacc93cea7ec,EXACT_STRUCTURED_IDENTITY,A
MED-b938e8faa2d0c82fd61a2352,SRCM-ce7eb5246e097e7a782f7a73,SRCR-e92cb11256c25e718222a548,EXACT_STRUCTURED_IDENTITY,A
MED-b9454721f68ed9f42ba68845,SRCM-a90467d1a479a5dcc6fc2f57,SRCR-54b36881d7d8d595f171780c,EXACT_STRUCTURED_IDENTITY,A
MED-b966696714ebf8bb030a7560,SRCM-971363a8b3428a9e889aed55,SRCR-c6812be0c0d81ae3ea69033a,EXACT_STRUCTURED_IDENTITY,A
MED-b976131baa08751a31a076e8,SRCM-14ae660aece3f365df4309c3,SRCR-a0d5dd4a21d9a5fe92ae1e91,EXACT_STRUCTURED_IDENTITY,A
MED-b986aaa7f922e0774c08f030,SRCM-ec844419ca4f9cf3d14c9963,SRCR-60af35d4142c8c1828a297eb,EXACT_STRUCTURED_IDENTITY,A
MED-b9bc79b9fed16ff54b0fc9e4,SRCM-5609762c817f4c6001294d7b,SRCR-7710d6d6344d48e7b19574c9,EXACT_STRUCTURED_IDENTITY,A
MED-b9bd2f55ddf6453cd84c77f2,SRCM-23cc62f1345113c613ad1a4b,SRCR-9f01a6da472602cfe3b5df50,EXACT_STRUCTURED_IDENTITY,A
MED-b9e350cd1493cf74ed41d3f4,SRCM-4847a3d62904a87bdaf39594,SRCR-095cfcc5962be2dbabf9e206,EXACT_STRUCTURED_IDENTITY,A
MED-b9fa4a85a8dc4e9ca3d1bbd1,SRCM-e8128435e5301e69ff6b836d,SRCR-7fdfdae054bd15fd108686bb,EXACT_STRUCTURED_IDENTITY,A
MED-b9fd06aaa960d1b361a5d4ee,SRCM-b99ab125bd1b98a5aa51cccd,SRCR-a87ddaf49a4e2800eff76335,EXACT_STRUCTURED_IDENTITY,A
MED-ba00b27c12ab287e5c7a5834,SRCM-446484a99a46ee792406e4f9,SRCR-aa772b613a3731a6d92e6f3c,EXACT_STRUCTURED_IDENTITY,A
MED-ba17126dd3bde1fd0428e2e9,SRCM-4bfed2cad7878121cef090c3,SRCR-3acfb31384c1ab0321d7a9d7,EXACT_STRUCTURED_IDENTITY,A
MED-ba1a2db1e48f858c6b54f163,SRCM-dcfd24b49d7207805cfdf87b,SRCR-d4140d48df4f9bec0c2daf95,EXACT_STRUCTURED_IDENTITY,A
MED-ba1d0a2db3e84985ca3e8afc,SRCM-de4eaa7f45683fc5ed03a40a,SRCR-6633f471278283cf61e4d948,EXACT_STRUCTURED_IDENTITY,A
MED-ba2cf4cbc50b7a31f2f4d86a,SRCM-33f749eefc67975497cfd059,SRCR-ee6ef812f5e6b7699d028e9c,EXACT_STRUCTURED_IDENTITY,A
MED-bab9cd165b0fcebf442ec872,SRCM-41709b17905b19304b4fe441,SRCR-c2579673c5626781f4bac966,EXACT_STRUCTURED_IDENTITY,A
MED-babcacf355e163bfa319ecaf,SRCM-30b2e0dbc3ca4711230ae57f,SRCR-d6fdbc6afa92c4f56e00f9a3,EXACT_STRUCTURED_IDENTITY,A
MED-bacbb675981f3c89ae6ff0ba,SRCM-d10a63e81f726732f1810852,SRCR-2c25e00f9e4126126ed9affe,EXACT_STRUCTURED_IDENTITY,A
MED-bae459aec2ca3356541bbca1,SRCM-bc3988dc0c43fcaecc4526ff,SRCR-70bf7d392243184ce44b60df,EXACT_STRUCTURED_IDENTITY,A
MED-baea979cda7c6728036a04b5,SRCM-8b73980d2fe2efd6d92edcef,SRCR-12939306605bf004eb63776a,EXACT_STRUCTURED_IDENTITY,A
MED-baf2fad571930454fe2545c8,SRCM-ad36a005d37ad7c1b5acf167,SRCR-fe404508f10837a889a1be7f,EXACT_STRUCTURED_IDENTITY,A
MED-baf9d8a49792188d23311c77,SRCM-00237fc019daab94e8245696,SRCR-13f06e213ca274c27054ed83,EXACT_STRUCTURED_IDENTITY,A
MED-bb036a054f321c77be0d0b52,SRCM-a79fdb23570f4037d04df04b,SRCR-519d530f8c2ff1a2f8fdf360,EXACT_STRUCTURED_IDENTITY,A
MED-bb05b0d349fc3e0b7e178879,SRCM-4b4ca54c3e15334b13dfcdb0,SRCR-9cd34076bcb74e72e39b14ff,EXACT_STRUCTURED_IDENTITY,A
MED-bb0c221a39938ed21b2aaabe,SRCM-c19b117a8e5fe77102eacc88,SRCR-6454b5e67b9e6dc5d1e58e77,EXACT_STRUCTURED_IDENTITY,A
MED-bb1064c222defdeb629098fd,SRCM-6a83bba42dbd589d6c1c159b,SRCR-56e60fcb6627335ce6e3fc34,EXACT_STRUCTURED_IDENTITY,A
MED-bb1936a68eaba93c84145dc5,SRCM-d304f480cfbddcb2afdc047e,SRCR-745bc8203b1dadb2de7bc547,EXACT_STRUCTURED_IDENTITY,A
MED-bb2557edd05e7701dc67dbd3,SRCM-6864646e12b00fd54f315cb5,SRCR-d33d96f0dbfc9e59db227ed6,EXACT_STRUCTURED_IDENTITY,A
MED-bb28256b117afd4e2a12e147,SRCM-0ae4e10ed1f9893ab0c57b32,SRCR-267fef896c48e600e0ce7194,EXACT_STRUCTURED_IDENTITY,A
MED-bb29e504f4858ff18ecdd387,SRCM-fcd9f9397f311cd9632122d8,SRCR-a1f9f5c2b1d6d2db0bf5a70b,EXACT_STRUCTURED_IDENTITY,A
MED-bb6b4f58dbeee2368f34525a,SRCM-4112bef4bbebccfc25edcc2c,SRCR-79a4f068d1167f4a551c7301,EXACT_STRUCTURED_IDENTITY,A
MED-bb87b09de7387b2853f010ef,SRCM-a18e2b48fde6934c6b83f558,SRCR-03ff976b3912668e22fb96a0,EXACT_STRUCTURED_IDENTITY,A
MED-bba028445c536b701d7a8caf,SRCM-024fd85451c6f236fe8d525b,SRCR-821a8a36e3562925de706d3d,EXACT_STRUCTURED_IDENTITY,A
MED-bbbcdb725cdfbcadb9edce48,SRCM-c90bbdd1d3ba05005ed25181,SRCR-d6ef1072b345259ebcfe4478,EXACT_STRUCTURED_IDENTITY,A
MED-bbc3d493f907a33191c52839,SRCM-b0dcf89e60d32f4de6ea6e47,SRCR-f43a18a9515df3b31afb9810,EXACT_STRUCTURED_IDENTITY,A
MED-bbc7c93d6d2ae52eeca8c2c5,SRCM-708d1a357619b19c2bd62468,SRCR-a160f7bdb5112667e0b09549,EXACT_STRUCTURED_IDENTITY,A
MED-bbcf0f61e6ec396d1b2c46a4,SRCM-b09fbadd45865fc13dddd018,SRCR-c30344f5faa00af84c56b074,EXACT_STRUCTURED_IDENTITY,A
MED-bbd834c76be85bcf64a6da71,SRCM-3bf0b6ef24d84adeb8b371c5,SRCR-c4b27f50e653aab77ebca485,EXACT_STRUCTURED_IDENTITY,A
MED-bc0462f4477a23cef5c2a092,SRCM-10245b377549c5510dd580a7,SRCR-ec815e6f3322b7b33149175a,EXACT_STRUCTURED_IDENTITY,A
MED-bc0523b7b07882725d88306c,SRCM-85a1591d07d24fdf9278fe08,SRCR-4fc76735754adb87868ddb72,EXACT_STRUCTURED_IDENTITY,A
MED-bc328f1c922dc367f4128090,SRCM-1edf13e5eef49811757fb5e2,SRCR-1b8b3ec76e323008925d84d0,EXACT_STRUCTURED_IDENTITY,A
MED-bc351f60225502f67950d90d,SRCM-1b1c11983111659cce1c55e9,SRCR-7bc4c59063e07ad06ed2a46b,EXACT_STRUCTURED_IDENTITY,A
MED-bc39fb83f89fcdbc36e0fb59,SRCM-1ebbe332c301bb584386e285,SRCR-89c021afee5458e2ef48dc6d,EXACT_STRUCTURED_IDENTITY,A
MED-bc3a92077cb9dcddfca10faa,SRCM-b5beec7e4493eed2f0bc5a14,SRCR-fd66abaf26adc484cbababf5,EXACT_STRUCTURED_IDENTITY,A
MED-bc4e5278dc9104075a418ee1,SRCM-89176a95f24ecde2d3726f27,SRCR-9663faab6cdcb29cc522ca30,EXACT_STRUCTURED_IDENTITY,A
MED-bc67b2f2cd35683046cec5cf,SRCM-271f4c5172421a7d96643c1a,SRCR-0c798f04d98697820c7b49dd,EXACT_STRUCTURED_IDENTITY,A
MED-bc688a5c9efb8104b6f8cb9c,SRCM-c25e40ad9c45b18d6021d049,SRCR-88e6a59e939deb8c8dee8987,EXACT_STRUCTURED_IDENTITY,A
MED-bc70aba1d3a8b2e875896961,SRCM-af8dff42b850f413cebe9ea7,SRCR-0ada54044e1f88e9261a639d,EXACT_STRUCTURED_IDENTITY,A
MED-bc8e9742e07fe93a2eccd9cf,SRCM-721e199c8682fa85b4c63906,SRCR-c18c6c03e7217d939bd7f64a,EXACT_STRUCTURED_IDENTITY,A
MED-bc9c82b74568e7a910361e1a,SRCM-c1fc86ee3882ea5c5c50e414,SRCR-a79b7edffaeca0cc179e11a7,EXACT_STRUCTURED_IDENTITY,A
MED-bc9fd62ac82b6e111fc65c7d,SRCM-54bcb0702f92589227690c32,SRCR-39fbc6c4aea62e54d00be44e,EXACT_STRUCTURED_IDENTITY,A
MED-bca4819ac62a17587d11d15f,SRCM-62315a23743cd436176cabe6,SRCR-4d0ef8236f161c4b433bafd2,EXACT_STRUCTURED_IDENTITY,A
MED-bcbd2251fabf818bfc836401,SRCM-3921bc9826b3bdda212a945f,SRCR-06f0c05d12f4b1a8a5de5c8d,EXACT_STRUCTURED_IDENTITY,A
MED-bccff6372127ee9e614a1ace,SRCM-0cc63877c5e8fe39acfab4cc,SRCR-15a67b10dabe8511a236d516,EXACT_STRUCTURED_IDENTITY,A
MED-bcd5e9d14b521b801c4fceb1,SRCM-0a9752e1994f7b03fad596b3,SRCR-25fb46dda95de52cf07f89a9,EXACT_STRUCTURED_IDENTITY,A
MED-bcd66473b742c7ac08ee81c9,SRCM-96c40f9f12ca6c4cd27f5ab1,SRCR-98a2ec0859547548e0ebac3b,EXACT_STRUCTURED_IDENTITY,A
MED-bce205b8aad6d2ae5d89aecc,SRCM-cb0216319f4a9731cffb1ab7,SRCR-a44674ad3a7d4fee20e1ccc7,EXACT_STRUCTURED_IDENTITY,A
MED-bcf277872392335e95b5fc41,SRCM-396b9f5a8ecfd6b2a7919d0c,SRCR-13b5b85c47bd57eeeb36dfe9,EXACT_STRUCTURED_IDENTITY,A
MED-bd427a207e0ff6154272d5b8,SRCM-d1817b184b8131df14c13778,SRCR-6b50d9f862b73830b3a940a7,EXACT_STRUCTURED_IDENTITY,A
MED-bd5350a127a5fe51e6a4ba43,SRCM-b679f7a659ccaf93d192cb23,SRCR-0ef8ebcce10b8ad9b8c8ee17,EXACT_STRUCTURED_IDENTITY,A
MED-bd5bb0917c6ca341e9fc05b4,SRCM-35d9d127c7fa931179e01de6,SRCR-50a96a7efd9127c6cd0ed5be,EXACT_STRUCTURED_IDENTITY,A
MED-bd983d2600b481919b02282c,SRCM-0d7b872838cfe4863badefa2,SRCR-1c799fe8f9fad0f886d0f4d0,EXACT_STRUCTURED_IDENTITY,A
MED-bdae54699df4b80e11c37d75,SRCM-53b40e9eabd019c0feeb1e2f,SRCR-2deb60c63e05be9cf96516b1,EXACT_STRUCTURED_IDENTITY,A
MED-bdb2990591f5f236bea11582,SRCM-8c678f0deb63d58bd2c7c682,SRCR-34a13cb332c1b95ed56bcf08,EXACT_STRUCTURED_IDENTITY,A
MED-bdbc606ef3d8b8c297a905f2,SRCM-c92a3e6c343ec1364998f58e,SRCR-e7a134076d5452c03cd67af5,EXACT_STRUCTURED_IDENTITY,A
MED-bdcab0acc357f1b0abed7797,SRCM-dfde08f6c107093f861a9755,SRCR-23d712657b59a775e7668053,EXACT_STRUCTURED_IDENTITY,A
MED-bdcc3931325a8492e823f35d,SRCM-e46a5cccbc9edf4fb704a61e,SRCR-e2cadb9579d75254642dd50f,EXACT_STRUCTURED_IDENTITY,A
MED-be0b3219bdbaa64582d11eb9,SRCM-53e8de9cf7d7130bb374e2e8,SRCR-05be817186399c1e44491049,EXACT_STRUCTURED_IDENTITY,A
MED-be110fbc3b349a82e173c22c,SRCM-24643fcc1f64977af0d55ad4,SRCR-afdac10270342f0c674e4e79,EXACT_STRUCTURED_IDENTITY,A
MED-be21876c7d31862630393545,SRCM-504e8b93ec3a6cced6f2c708,SRCR-802a1cc9dacbcf290a9a1c54,EXACT_STRUCTURED_IDENTITY,A
MED-be41f0e30455fa5d2f1d817d,SRCM-2ceafecb3a2409e9e5117452,SRCR-de896e05e46c67f8e0aa5d3c,EXACT_STRUCTURED_IDENTITY,A
MED-be56f619c5acf4f7d877f6ed,SRCM-ef9b57f8587f325ef55ba393,SRCR-4cd048328bd9808a72f7a2e4,EXACT_STRUCTURED_IDENTITY,A
MED-be5a5c18002f69bdeee2abeb,SRCM-b9a0ac3dc03dacc2e52e6768,SRCR-003bfd87ee54c58783b9cdb3,EXACT_STRUCTURED_IDENTITY,A
MED-be8b99c894904d7b37e6a134,SRCM-828efe899c8efe2b4f6ca03a,SRCR-fd88e9556b0d7354848ab617,EXACT_STRUCTURED_IDENTITY,A
MED-be97194e137cc6f6b26931b4,SRCM-8ba6163974b0767c15aa6f12,SRCR-87866c230d62ab8c5746052f,EXACT_STRUCTURED_IDENTITY,A
MED-be99dc161227d731aade7d0f,SRCM-0b2b71853d9aed350bdde31b,SRCR-7255e146a8e878b090d80a67,EXACT_STRUCTURED_IDENTITY,A
MED-beedd2ab532dc1c1cb6a99a5,SRCM-acdf90b21a15e9d3ac184076,SRCR-6e96b85f83b00931f1d48904,EXACT_STRUCTURED_IDENTITY,A
MED-bef64090b78423b9bd079e00,SRCM-006a2a0696c41f4d9ffd170b,SRCR-2596d6fbdb740dfb64c20897,EXACT_STRUCTURED_IDENTITY,A
MED-bf04d8e34e1a5dc8f3c48c5d,SRCM-4ef6d7c654f3af5e8ec3eeca,SRCR-edac33554aae2fc301c9675e,EXACT_STRUCTURED_IDENTITY,A
MED-bf0bfcfa4d148aba51987cd1,SRCM-f02636827578e25e07f4bf59,SRCR-ae6c16b382e615098b672494,EXACT_STRUCTURED_IDENTITY,A
MED-bf16f29745dd48b10cc5b946,SRCM-c4eca18da4368f9dfbcb5457,SRCR-8d6a6a186b8159cd37a9a885,EXACT_STRUCTURED_IDENTITY,A
MED-bf2ad11f705412325e1565c2,SRCM-35d9ce994df654607d6c9c3f,SRCR-1ad90bbe81cf4db6e3928e7c,EXACT_STRUCTURED_IDENTITY,A
MED-bf3b59087ec28c406aa2085e,SRCM-a5056e4ff2ac69d3894d48b0,SRCR-0c7b9ad7022f620b63b61b46,EXACT_STRUCTURED_IDENTITY,A
MED-bf45a8166858d704b0783fad,SRCM-b6ab151f11114d2560748976,SRCR-f03f0c5f4273e26e830e6a0d,EXACT_STRUCTURED_IDENTITY,A
MED-bf573fcca9d66b3ed196bb6a,SRCM-6e8881fc1edcc0f19fbcfbfc,SRCR-129c08a9ba093039495b3929,EXACT_STRUCTURED_IDENTITY,A
MED-bf5f0dba40ef304dee039e1d,SRCM-3d3cc9217ab04612bcf8dcdd,SRCR-a62fc3c96a554a233219ee7c,EXACT_STRUCTURED_IDENTITY,A
MED-bf64c551a4c79d6ae79d43ee,SRCM-61f651e5d0ce43f682664333,SRCR-7a95664f96ca2b4617f28780,EXACT_STRUCTURED_IDENTITY,A
MED-bf7304e161421b7c4b5f2bef,SRCM-93ff67b5f889a2021d54b282,SRCR-3fbd9bc9570b63c71250439a,EXACT_STRUCTURED_IDENTITY,A
MED-bf74d9f11ab8ac9bce870442,SRCM-95557e6646ec4dbc865956a0,SRCR-ba3cd731885a8b058f7c7be3,EXACT_STRUCTURED_IDENTITY,A
MED-bf8b315b3a8b4b55757d3a9c,SRCM-eec10e0aaee95706b5890792,SRCR-aebd07be606c18ca7f26fa05,EXACT_STRUCTURED_IDENTITY,A
MED-bfca8abf40be46d0dcf16929,SRCM-1967640780f111a97906d33f,SRCR-367e4a9592ccddc53471ddd0,EXACT_STRUCTURED_IDENTITY,A
MED-c00d7e0bd87840ddd61a431e,SRCM-7bdec4d7c116242cfb877db5,SRCR-2f3c8da3bf5ef7a0c967e212,EXACT_STRUCTURED_IDENTITY,A
MED-c074e6520f857fd7d0158e68,SRCM-7dad225deb237fb62b3f76d5,SRCR-82991de3a11e07df4d3ac41c,EXACT_STRUCTURED_IDENTITY,A
MED-c081fbbdc21b04f4ea3aa679,SRCM-224e57416922aebd840c14c4,SRCR-309a6e95ccc94898d12e7482,EXACT_STRUCTURED_IDENTITY,A
MED-c0938d56d41ce2d12de05901,SRCM-8d1825ab367221b924867941,SRCR-ed669e52eebd1ecb8fcc96e6,EXACT_STRUCTURED_IDENTITY,A
MED-c0a5d1b5f138aff53135b5db,SRCM-c8985f1e6cf23ea765c5ba0b,SRCR-c95fb1b5fdc17174b8801395,EXACT_STRUCTURED_IDENTITY,A
MED-c0ba11f7cb026eb1860f65f4,SRCM-e4873d8a53e03238c6ccb118,SRCR-b33f384bcce7034f45c37df3,EXACT_STRUCTURED_IDENTITY,A
MED-c0bc1d794c76806b3bd6bf11,SRCM-342fe832c840c0705b17c226,SRCR-8f8bda430e74f3c524ea0c18,EXACT_STRUCTURED_IDENTITY,A
MED-c0c78a4c6e1183079b04e68b,SRCM-10bf262ebd2fa3e298a068f1,SRCR-feb65d7a43f46429fb6d86cf,EXACT_STRUCTURED_IDENTITY,A
MED-c0d7af37d68d3fdeaaa4dfa9,SRCM-809b2ad3c84f80be3a666c22,SRCR-8301b9c41897eb9e804599f1,EXACT_STRUCTURED_IDENTITY,A
MED-c0fc71d0a4a8ad588744a6ad,SRCM-b0ac3d2cffd156986b4ce511,SRCR-0e52f95e0c02e1244dfa688f,EXACT_STRUCTURED_IDENTITY,A
MED-c0ffd8cff6db4928d928590f,SRCM-e718bb83c33894f32bbb7677,SRCR-721cc0535fc4ebf73745aa52,EXACT_STRUCTURED_IDENTITY,A
MED-c101d66bf5b4690e0283ba3c,SRCM-65e68ee124cb7b34e8b140ff,SRCR-9efb744aecdf4b5e04e6d298,EXACT_STRUCTURED_IDENTITY,A
MED-c1062cae4ba556c9bfb9dc1f,SRCM-b71261fe1a71c5187d2975ed,SRCR-5b14b538509a08941997e5d2,EXACT_STRUCTURED_IDENTITY,A
MED-c1228102cc50691937e3ab30,SRCM-d484869e33977ee41b0dc423,SRCR-783b02e7bdeb5412822bd73c,EXACT_STRUCTURED_IDENTITY,A
MED-c1281da13569d09d6a76ee33,SRCM-45f6badbc228e888c43493a3,SRCR-7807eb7a899afd7b494cbe4a,EXACT_STRUCTURED_IDENTITY,A
MED-c1439d839948611b014c16f6,SRCM-d75d3eba4e36d81b4f8c28ab,SRCR-c4c8970b1659036c052ad3b7,EXACT_STRUCTURED_IDENTITY,A
MED-c15d9f25310b0119bcf4bd58,SRCM-653d4e263a72485874def2da,SRCR-9ff47b2503d91210aea7955f,EXACT_STRUCTURED_IDENTITY,A
MED-c161112179c6d878a0a815c0,SRCM-441039eacc66cdbe8ed79fc7,SRCR-70549bffb1cff955886bb001,EXACT_STRUCTURED_IDENTITY,A
MED-c1897210666a25880e6b1ed9,SRCM-020e1430be287448d43b94a2,SRCR-49869d6fc35efd52721c3ca5,EXACT_STRUCTURED_IDENTITY,A
MED-c18a798a5bbbb21b5af131bb,SRCM-0413b83db18092fa36f32ffd,SRCR-aba8f24bc30acf678544dec4,EXACT_STRUCTURED_IDENTITY,A
MED-c1b4d51ceba12f67bcec3c54,SRCM-25d0e7b0f1976bf5be408376,SRCR-ea3838955fd59d3b464f4380,EXACT_STRUCTURED_IDENTITY,A
MED-c1d6b1493bb4738abb415dfd,SRCM-601f06e9c3cd86258c1a1906,SRCR-d03e28d0afd1f8125bb88b6e,EXACT_STRUCTURED_IDENTITY,A
MED-c1e78e601f766ad13c67bcc3,SRCM-794909a9497c06212037e57c,SRCR-b31cbf6deff83dee05791928,EXACT_STRUCTURED_IDENTITY,A
MED-c21ebbf1f54600bf248c9111,SRCM-0cb2cafdab3d6fdf93c91b14,SRCR-ab8217e7c33a2e5a18f9738f,EXACT_STRUCTURED_IDENTITY,A
MED-c236d9c93d75834f98aa0012,SRCM-33828ebf0ca7ddd6674a88f2,SRCR-a32b99ad60e563db74199d97,EXACT_STRUCTURED_IDENTITY,A
MED-c263ec2a574f19263dba0521,SRCM-d10168d4dbef81b77e8547aa,SRCR-6b76312d2f65a5c904be12ac,EXACT_STRUCTURED_IDENTITY,A
MED-c272bcc6eec6d97bfec68dcf,SRCM-706a66a5f864dd3e2080a32a,SRCR-a5c68bf04782de71c42ce5b6,EXACT_STRUCTURED_IDENTITY,A
MED-c28b20a58fd045f6a1f25a25,SRCM-9081154d022489216e8d7366,SRCR-9ddd543ee29569640b1c8249,EXACT_STRUCTURED_IDENTITY,A
MED-c2aa201a61ebd385c4dd0110,SRCM-aa59ed5c593a04e1f4e2608d,SRCR-c19780ee97f4ffb82ad883b8,EXACT_STRUCTURED_IDENTITY,A
MED-c2c906b39d047edd18c0654d,SRCM-17d253ba056135c3a081ebcd,SRCR-b4752ded8da6c2d9893e77f9,EXACT_STRUCTURED_IDENTITY,A
MED-c2d92f7427dd00ce257bb3c1,SRCM-f9464c73b1aa886de0c8a533,SRCR-0d4df3931a4158e5b23107db,EXACT_STRUCTURED_IDENTITY,A
MED-c2dc7b22075a13e01df2ac19,SRCM-426429da8dbeab745dab80a5,SRCR-a4b2852ca814ac3489c4cf8e,EXACT_STRUCTURED_IDENTITY,A
MED-c2de7efe687a803b9c1c5c31,SRCM-1ea2633b69c52adcb0a40d6b,SRCR-b8224f835fc17d167632cd2f,EXACT_STRUCTURED_IDENTITY,A
MED-c2ea6e7473ba44404d84a6d1,SRCM-873b9b79072f20cc119bcba1,SRCR-91b5dfc157c5cefdd5f037d4,EXACT_STRUCTURED_IDENTITY,A
MED-c2ec5436dfb47b66471f7df6,SRCM-9d752cfccfb01d0dfb1ab64b,SRCR-c01e84ac63009d627c82ab1f,EXACT_STRUCTURED_IDENTITY,A
MED-c2fd034af7134a8dbd4ce30c,SRCM-efe1dd40a934b7302d0eeb26,SRCR-f0f21a9a2765f30f14b93005,EXACT_STRUCTURED_IDENTITY,A
MED-c2fe1cf2cea2976edd442dd7,SRCM-d44c3f1ec493ba653cdb00e9,SRCR-7ad020a58376add36108d623,EXACT_STRUCTURED_IDENTITY,A
MED-c305f37d113fd87ccfcdf941,SRCM-87e0aa381ab743da10c57e54,SRCR-80a80b74969db6aaf019da42,EXACT_STRUCTURED_IDENTITY,A
MED-c3104903868cf3fba5266b6e,SRCM-3cfc93ee4b6ac6794456cf1a,SRCR-57a88d01cfd0c78d21d0b745,EXACT_STRUCTURED_IDENTITY,A
MED-c31477547c4b1a924aa02c40,SRCM-e4410961876ca505f537899e,SRCR-a8ea424e1ba5d82c299b6e36,EXACT_STRUCTURED_IDENTITY,A
MED-c315b246626c1eba12c184e7,SRCM-b8ae57baf2bdfcfdee517732,SRCR-fd30574520fa6d7839168228,EXACT_STRUCTURED_IDENTITY,A
MED-c32a3bc02aecdb97dc35e8dd,SRCM-9bc5c912055cd5e2e024bd94,SRCR-cc421cbf0f24d5e07f204d9c,EXACT_STRUCTURED_IDENTITY,A
MED-c32c6283a2e8f98e0401e019,SRCM-48b4ec86dde4a4614443a7c1,SRCR-eeb53fb5256d865ccc972b6b,EXACT_STRUCTURED_IDENTITY,A
MED-c32db437de6e71864e266707,SRCM-def3f8e6057a41473baa8748,SRCR-bd04bd968b821e756480f975,EXACT_STRUCTURED_IDENTITY,A
MED-c32dcaa12f8d405906bc99f8,SRCM-edb4e37c53869d972a3d5391,SRCR-474809de86f90bfd42d0e0de,EXACT_STRUCTURED_IDENTITY,A
MED-c34e511ffbc95f6ac0f91d24,SRCM-b2a74ed63512b783a22287a1,SRCR-f1d644204c4757f2a5176533,EXACT_STRUCTURED_IDENTITY,A
MED-c36addd6e054eaaa11c435e6,SRCM-a13b5bb663a2b85ae413e0c5,SRCR-6ece9848ed16338fddda8b3a,EXACT_STRUCTURED_IDENTITY,A
MED-c3952615cb645f3b656c0da4,SRCM-e56efe9ab3107efd5a8b21e5,SRCR-48a37af5ccf19dbcec1deacc,EXACT_STRUCTURED_IDENTITY,A
MED-c3bfd34e92a190b21a159cbe,SRCM-4bcb18527033c729fea01662,SRCR-5e56f6b6543a0f7329ae53ea,EXACT_STRUCTURED_IDENTITY,A
MED-c3ce8d393629e115a9ed9211,SRCM-993cf3161b4bf2716bc45413,SRCR-8e237e9f74556efc218da3af,EXACT_STRUCTURED_IDENTITY,A
MED-c3ec34e32381577764a3249d,SRCM-e4d31651038a0701ea37dd9a,SRCR-fe0405de5672814466ea4dbf,EXACT_STRUCTURED_IDENTITY,A
MED-c3f9d6ff628d1d0e1dd4bf96,SRCM-a6739dc102b6d8a1496a9de2,SRCR-8e2267f16aa43157a8ccee58,EXACT_STRUCTURED_IDENTITY,A
MED-c40bb44cc080746dc77eae2d,SRCM-957ee2afd336ed0b67d76d7b,SRCR-45e4da3618cd190460e5eb51,EXACT_STRUCTURED_IDENTITY,A
MED-c422b823d4f3c61723478a54,SRCM-4a72590febf73e80a81ad222,SRCR-80c9d0bf7064ca095e0b9e5d,EXACT_STRUCTURED_IDENTITY,A
MED-c43635b30d3944106ec45200,SRCM-a960eb434f8abf0563a4674f,SRCR-74fcd06bd80e4d6568f18bd2,EXACT_STRUCTURED_IDENTITY,A
MED-c43dc2747d2b9afc5ed5bdc5,SRCM-1a4c2a01321f30578bb64716,SRCR-d398e2f6a9b84434db592240,EXACT_STRUCTURED_IDENTITY,A
MED-c44133989bf6cb132235d7fb,SRCM-d3ad7f9e6058d70f0f35a08a,SRCR-cbb6ee22d3b854e8d1d656c7,EXACT_STRUCTURED_IDENTITY,A
MED-c466d694cd8ed10ff90a87f5,SRCM-1a538ff9eca6853f9673a28d,SRCR-efd18437bdcf562c89a7d80b,EXACT_STRUCTURED_IDENTITY,A
MED-c46e9528c639ee10aef7e6d2,SRCM-d039cad23e1c641a900b20ed,SRCR-18186b40243e2d5659b6aba8,EXACT_STRUCTURED_IDENTITY,A
MED-c48f9bc62a0e3b9d7cfa8d78,SRCM-370432cdf6811a78ae83d1dc,SRCR-f3dfb14829e47cf528bfdb17,EXACT_STRUCTURED_IDENTITY,A
MED-c49238ee88ff5bf738d8aa4b,SRCM-796bf32e8da6f7f21a4c9606,SRCR-31fc860063332b06f298f700,EXACT_STRUCTURED_IDENTITY,A
MED-c49910c2434d81942bf34561,SRCM-23c6987130c2be8c168a3435,SRCR-97dc8b8cb71f96f1569f5214,EXACT_STRUCTURED_IDENTITY,A
MED-c4b9bddefd68d58aa1534cd1,SRCM-0fe1a09fddb1960dc4fe58b7,SRCR-6db1b116c8fb954365d34821,EXACT_STRUCTURED_IDENTITY,A
MED-c4de41e611fc00f3e08e09ac,SRCM-bbdbca6528770e39c413823d,SRCR-485406187c61579c59f24721,EXACT_STRUCTURED_IDENTITY,A
MED-c4dea018dc4fd0e900e3971b,SRCM-e61458c0c2173cbe4455cdcd,SRCR-6669d12658289e24cc9595c2,EXACT_STRUCTURED_IDENTITY,A
MED-c4e913f464e3b229168529ed,SRCM-08da8e5bde885f7ed992a87c,SRCR-c39268aa306840d9d95083e6,EXACT_STRUCTURED_IDENTITY,A
MED-c4f24b0a1a32f17fccab4cf4,SRCM-9bc8e22317719d1cfd86e57a,SRCR-3f426e39bdcde21e3d284541,EXACT_STRUCTURED_IDENTITY,A
MED-c5159cfc857cbb3090d63a9d,SRCM-1acc2d493c66630bab96ca5e,SRCR-c780b1a0da30aaa863de2260,EXACT_STRUCTURED_IDENTITY,A
MED-c5425e1564acd7c70eb57171,SRCM-d84ce21e596fc4020ed62aef,SRCR-fefac6f13aa0095e5cc6c0c5,EXACT_STRUCTURED_IDENTITY,A
MED-c56f17ec3f4fb384ada483aa,SRCM-9e8cb59d94e757c75266dd98,SRCR-e9d66d963bbb2be41c3b517f,EXACT_STRUCTURED_IDENTITY,A
MED-c57d433480ea942b7093b326,SRCM-ef1bcaf0195c786c3985305b,SRCR-35ef112738d8cea3b1d6f295,EXACT_STRUCTURED_IDENTITY,A
MED-c5a569d96ab265741410d9a3,SRCM-c78f0034ad195cc75399c0d0,SRCR-c1e8cba431932fafda1447d2,EXACT_STRUCTURED_IDENTITY,A
MED-c5aeaa9623a1c9ebb012af09,SRCM-26d4af866f44b0266d956b2a,SRCR-ff2a84aaad895c52be205778,EXACT_STRUCTURED_IDENTITY,A
MED-c5c1ea09671028465ba73d9b,SRCM-526d71c8a096c60e85ddd7f5,SRCR-bbce0dcb4f3381e2c1584e77,EXACT_STRUCTURED_IDENTITY,A
MED-c5e5a29f6b33e7cbcce3cc40,SRCM-c6c47fa9dbd78437b2d612c9,SRCR-c8b505b714636776ffd2579a,EXACT_STRUCTURED_IDENTITY,A
MED-c5feafe56baaf117548ee390,SRCM-b4010d715fc363587e07d014,SRCR-bb6e088dc5c7b8a9e42c772d,EXACT_STRUCTURED_IDENTITY,A
MED-c62a1f2e1061cde8a33ca758,SRCM-8c21aa25d76af17b1123ce01,SRCR-dfae867d04c1fcd11a30db69,EXACT_STRUCTURED_IDENTITY,A
MED-c62c09b3698262dac43fe38b,SRCM-6b2722f6356a50f8516135c1,SRCR-8e16caae58a8d7e1c9e1799a,EXACT_STRUCTURED_IDENTITY,A
MED-c632a796d9e0f982c816e8d0,SRCM-f8de944933d8cd1398bfc81b,SRCR-b2861aa74739feede0e4e07a,EXACT_STRUCTURED_IDENTITY,A
MED-c64f4078629bab6e01c56c9c,SRCM-22b49314697baacd472e31ba,SRCR-8a8f2cb4557092cc9fa204c8,EXACT_STRUCTURED_IDENTITY,A
MED-c664d7a6a39b8e9e31f5c581,SRCM-45ac58e0fc29e685429d4952,SRCR-b46c4baa221ab3bc47849c36,EXACT_STRUCTURED_IDENTITY,A
MED-c67043b69301ab2719e472fb,SRCM-27068af729911303340c4456,SRCR-058f5d58bb335135e9da1952,EXACT_STRUCTURED_IDENTITY,A
MED-c6773edb2fde3c31a4a34db9,SRCM-fe65994fb530ed257418d8c2,SRCR-e75119308dc45745ecd3222f,EXACT_STRUCTURED_IDENTITY,A
MED-c68104c45b491a8dccfbbc58,SRCM-59ed0b04ee9d39cdd41ae69e,SRCR-f882b4ede9bab856d02afd0c,EXACT_STRUCTURED_IDENTITY,A
MED-c684eef6a1f9b7e73d1bb522,SRCM-9e68311a7e7b23818f80c290,SRCR-222a0b332fa29e836614299c,EXACT_STRUCTURED_IDENTITY,A
MED-c68adee85f4b5e93d35c3bbb,SRCM-81329baab01197c76232ebd5,SRCR-493bce2c0f831b20706ef523,EXACT_STRUCTURED_IDENTITY,A
MED-c68c857a60179d5b5d4bf119,SRCM-7288215a746cd6d2845d70a2,SRCR-ebb78834b6254b9a8842beb4,EXACT_STRUCTURED_IDENTITY,A
MED-c693611b7dd3766a82dc97e7,SRCM-572f4c72f67115787554f11c,SRCR-757a103f729d172a4f9e9ba3,EXACT_STRUCTURED_IDENTITY,A
MED-c69a5b89d5991fd08fbd2c25,SRCM-fe5fb1158d67f302363559b0,SRCR-a8bd0f9fd4c2c0e63bba6e3b,EXACT_STRUCTURED_IDENTITY,A
MED-c6a94012e095400c7b3b3732,SRCM-8f432c1493f16c062d40c216,SRCR-971d0dff8de9104cef2013c6,EXACT_STRUCTURED_IDENTITY,A
MED-c6adff1d864f53e7aeefc619,SRCM-432dce738198bcd7531df05f,SRCR-6825b7494c905afa3e5ebca2,EXACT_STRUCTURED_IDENTITY,A
MED-c6ccabb12b90f730b2b10889,SRCM-6b2ecd3ff1538555dc1e8015,SRCR-fe267696337570b0dce52d72,EXACT_STRUCTURED_IDENTITY,A
MED-c6d0892010a3e6640565bfa0,SRCM-0a88e45fca418af42d63cbc7,SRCR-2cf136772eb0d5b8ebbce586,EXACT_STRUCTURED_IDENTITY,A
MED-c6d637ff0c58dad7f0904def,SRCM-638201e1a1220e2d23f146d3,SRCR-75a4382b8516b5f31f724989,EXACT_STRUCTURED_IDENTITY,A
MED-c6e4a0fcbfdedebbd3e11791,SRCM-d28e8a5bdc23db5a7b597f4d,SRCR-eefb033b678082570932b7e2,EXACT_STRUCTURED_IDENTITY,A
MED-c6f07a120ef2e7c927c664e5,SRCM-b48f1852d3421d5e925fa15a,SRCR-b8a171567f43c51677349724,EXACT_STRUCTURED_IDENTITY,A
MED-c73021cf77dfd43acd7e1b64,SRCM-3f40bc41aebbdf70a825f01a,SRCR-4da67592511b89d1eaaf4f81,EXACT_STRUCTURED_IDENTITY,A
MED-c732522812927ce9e50e54b3,SRCM-0102f371572cd2f82be379a3,SRCR-4e73b5c51cb5aaffdf3a0b8a,EXACT_STRUCTURED_IDENTITY,A
MED-c73f8fe91dfd2ff21218b14d,SRCM-ce36040099cefaed593aab6c,SRCR-a08a955cc80ef6d507888bf6,EXACT_STRUCTURED_IDENTITY,A
MED-c752449ab7bdd2a7f3815faf,SRCM-d63fa5f9b31a0faddd2925eb,SRCR-d1eec6ec6bff60613bba0886,EXACT_STRUCTURED_IDENTITY,A
MED-c75f69f209403b5d38fe7c24,SRCM-0145906c9127d4cd878ba063,SRCR-16eb4a6586c3029f120f15f3,EXACT_STRUCTURED_IDENTITY,A
MED-c787dd7581d65cc7e0c7b5ed,SRCM-81af048f537c679487ca348f,SRCR-80ea474da8e5a9b700219fe5,EXACT_STRUCTURED_IDENTITY,A
MED-c78fa2f2d620129a9ee943aa,SRCM-e5d87743df72b5ae267bf3de,SRCR-2d506143efdbec1ad154d4b3,EXACT_STRUCTURED_IDENTITY,A
MED-c7bd0fda228d06f98a139d78,SRCM-d8a00fba61017cb33baf566f,SRCR-da24dd0c12dc68216d8e094f,EXACT_STRUCTURED_IDENTITY,A
MED-c7bf177bb37c08f3ae35fe74,SRCM-54fad8809dac7a38db459b33,SRCR-267a99b1b2e15c9607af27d0,EXACT_STRUCTURED_IDENTITY,A
MED-c7e983b49b550d55ac9f568c,SRCM-febc7098278d4be316f2509b,SRCR-7888e5eb5eca9b3e4013211c,EXACT_STRUCTURED_IDENTITY,A
MED-c7f55ab9e306ba8b4f542a49,SRCM-576b3cfd7c6cdde844852fc1,SRCR-0953051c979341627e09a4d8,EXACT_STRUCTURED_IDENTITY,A
MED-c7fbea213fb3c9647b52af76,SRCM-5d98d31acca92c942d25023b,SRCR-d0f905cb350083fa75f20315,EXACT_STRUCTURED_IDENTITY,A
MED-c80500b4ed79c58a61ea68e3,SRCM-800bc9e01b55c713b4b6f086,SRCR-9a8193d0a1021860b4789953,EXACT_STRUCTURED_IDENTITY,A
MED-c826e4be41f8b51788cb4cdb,SRCM-89268a6644d0bdeee0a2ea43,SRCR-6c2519bb14ef70abf013126b,EXACT_STRUCTURED_IDENTITY,A
MED-c82742e59146e6cbec24c96d,SRCM-4979c67d1d130ea7888c8e76,SRCR-87f167e15af0a3b1b160b73b,EXACT_STRUCTURED_IDENTITY,A
MED-c847238be0889a6fab858193,SRCM-fefbb9c42ee523d20cd2132a,SRCR-106e45218d3b21f99353121e,EXACT_STRUCTURED_IDENTITY,A
MED-c84d0bdce9d48d90bb4dbc2b,SRCM-83ecf44d475619261cad6b9d,SRCR-0973e8874e0e7a08a36ff1e5,EXACT_STRUCTURED_IDENTITY,A
MED-c863e718322866d82dfe7baa,SRCM-a8c46d21e4352fef5b72fa96,SRCR-cb6827176cef6e6325d981e7,EXACT_STRUCTURED_IDENTITY,A
MED-c87e7b7c292a75d3fa7705e7,SRCM-78927ffb1ed9f7609c8554b4,SRCR-ca32b96163d241d3174998f2,EXACT_STRUCTURED_IDENTITY,A
MED-c88b18ed48eb16e2a2e760ed,SRCM-e2f56eebb9b5992d5478c361,SRCR-6f8fd1bc33dd5553ae77a2e3,EXACT_STRUCTURED_IDENTITY,A
MED-c8a1e70df0e8ceec45fce6f6,SRCM-dd7ddbf3460da3eee0b546ad,SRCR-10f3c11d0e593c45a6a0f243,EXACT_STRUCTURED_IDENTITY,A
MED-c8ad3805d105414856923aa1,SRCM-eac6cc73b63ff22eff6a345b,SRCR-767fbc2d13d5fe1ead851195,EXACT_STRUCTURED_IDENTITY,A
MED-c8b568aa371a9d5f50f8dbe4,SRCM-3582e040774ca4e917f8933b,SRCR-2db7e793058c137eaa15d1f5,EXACT_STRUCTURED_IDENTITY,A
MED-c8d8cd89c8e865abbdc9dc44,SRCM-85dc1013e8c51daf76559faa,SRCR-8bbc109e3135e67b9fc6ff2f,EXACT_STRUCTURED_IDENTITY,A
MED-c8fa060fa694a0c316d220d0,SRCM-56b2e3a3333a21c35c3d330e,SRCR-af8e0adb3a8074f1098d31c6,EXACT_STRUCTURED_IDENTITY,A
MED-c911954335509679821517b3,SRCM-8f03fe0c11956953105e0684,SRCR-10ad310c2b43bdf8ef14d263,EXACT_STRUCTURED_IDENTITY,A
MED-c91b90097d92c10ef2ee35cf,SRCM-f80ba519949bbceb8649de45,SRCR-60cd1398988b59282ec029d8,EXACT_STRUCTURED_IDENTITY,A
MED-c940feb51e0daa111f1f219d,SRCM-da5d4bb96c34f63c4eb72277,SRCR-157f83091e7399baafa9f6c6,EXACT_STRUCTURED_IDENTITY,A
MED-c95ae7163446305b33eb3098,SRCM-771501740a74f87ce3c6e7ef,SRCR-d5ab951f584fab4c61fa0e68,EXACT_STRUCTURED_IDENTITY,A
MED-c98b5bb6f5b4449803968627,SRCM-17750d23d1345c242a0d1ea4,SRCR-25e522f492fcc6ae83417ec5,EXACT_STRUCTURED_IDENTITY,A
MED-c9d3de28e6f25927b29652d6,SRCM-e92d7bcc82f117c49826d337,SRCR-5f6144b59e6588020d1af3a1,EXACT_STRUCTURED_IDENTITY,A
MED-c9db91b53727a3988d6c70d9,SRCM-bb148c97bdbf442e00e2717d,SRCR-8d1488122643e93c71d32141,EXACT_STRUCTURED_IDENTITY,A
MED-c9e056049bee635d7b5000c2,SRCM-e3233ab0e71b99a00e9bb65b,SRCR-0cf00b081d464236624dfbc9,EXACT_STRUCTURED_IDENTITY,A
MED-c9e1d39fab247299a7f9b459,SRCM-a8d77276ea67a731fd64a64e,SRCR-5f413f58f2b73855559a9261,EXACT_STRUCTURED_IDENTITY,A
MED-ca1e42980712ca39b7f8ede5,SRCM-b6283bbc8577c553d67356fb,SRCR-3e7209523b45d0b621655606,EXACT_STRUCTURED_IDENTITY,A
MED-ca2c35c6893fb6749d1d76f8,SRCM-1a807e5eb1c09ffccec9499a,SRCR-4da5f48745dda3f18b9b03c5,EXACT_STRUCTURED_IDENTITY,A
MED-ca3cfa83180ebbe8851793e7,SRCM-217f9058dd8e7626599969f5,SRCR-45a2706ca9eab122761cbbc2,EXACT_STRUCTURED_IDENTITY,A
MED-ca438ade3b2a0749640400df,SRCM-7f0c2391ec6bd2235795f5f1,SRCR-f8f95f1605282a25913192a5,EXACT_STRUCTURED_IDENTITY,A
MED-ca727579e5f28a076b596183,SRCM-fd366be939567840264c5542,SRCR-445face22bbbfc114d4b43f1,EXACT_STRUCTURED_IDENTITY,A
MED-ca871b04d922626f9c5e33ca,SRCM-cdb4669c7e7c98c359521d93,SRCR-d6f32230e86ebdc9bd964106,EXACT_STRUCTURED_IDENTITY,A
MED-ca935cf1e2f41a93e7988123,SRCM-2583f12f3dc86d23962a3c95,SRCR-0269a57c5dd5422c259ebab3,EXACT_STRUCTURED_IDENTITY,A
MED-caa47b2ad0309863965072c8,SRCM-36882fc29c3f25fba5b6292e,SRCR-a800da3075efb69fd434c30d,EXACT_STRUCTURED_IDENTITY,A
MED-caca748ad64293ae64344286,SRCM-35c8921912d1a294ca3a9b75,SRCR-4fcff24a048752f8b6f0255a,EXACT_STRUCTURED_IDENTITY,A
MED-cacf34706ab8b929127cd727,SRCM-960215b82657cf8e1af370db,SRCR-7005f3f3f300d5a1d673fb82,EXACT_STRUCTURED_IDENTITY,A
MED-caf739c98d1596f451e1558d,SRCM-53ad5c23201b70b1f9e53deb,SRCR-bf8ebd15586927685d6a1091,EXACT_STRUCTURED_IDENTITY,A
MED-cb0090e19336dfccae8e9fb3,SRCM-16900a294c17f7b139886b66,SRCR-dcbfbab616a8cb481a97787b,EXACT_STRUCTURED_IDENTITY,A
MED-cb101344408c3fb4a9671af5,SRCM-021f8278e13af59be7ee644e,SRCR-81c96f9c152b558f9e6e8280,EXACT_STRUCTURED_IDENTITY,A
MED-cb12dd1dc219461341b1d997,SRCM-1d7b623c72fd1c50239a37c8,SRCR-5bb1145e059a7daa0213efc5,EXACT_STRUCTURED_IDENTITY,A
MED-cb19680b807cf57e4eaff8cd,SRCM-f39ef90dd5b3f1029378adb9,SRCR-d3c912246be09202bf142f86,EXACT_STRUCTURED_IDENTITY,A
MED-cb2166ccab3647b8436e8809,SRCM-036be9879b5e42fe67eb87ac,SRCR-12cbf87771ec0cf46747167e,EXACT_STRUCTURED_IDENTITY,A
MED-cb34df8422c59f01d77db789,SRCM-1777a74efb0451bc334f362a,SRCR-a69564879cedd0eff39840e5,EXACT_STRUCTURED_IDENTITY,A
MED-cb76802bf84094bc2424996f,SRCM-c2e1fc1b8bd729842bc8a85e,SRCR-4d5971a8def73b04203aa529,EXACT_STRUCTURED_IDENTITY,A
MED-cb897011dc050751ffbfaad3,SRCM-4b4475f2b63262a2a3faf9b9,SRCR-c41b70601848d0f595bb1157,EXACT_STRUCTURED_IDENTITY,A
MED-cb9c451e85b0007bafe7708a,SRCM-f093c40b07b7288e4671a6c4,SRCR-55108a5770ad9a05f60ef975,EXACT_STRUCTURED_IDENTITY,A
MED-cb9fcf4779127f4205df6fa4,SRCM-52ebe473bc26ce3e861f3b02,SRCR-e05a65b2e681daeb04fb3c7e,EXACT_STRUCTURED_IDENTITY,A
MED-cbcb5a97999ac01260d5d329,SRCM-6546d392faf165f3cdce2d85,SRCR-6f98bb414a8f612484e7c982,EXACT_STRUCTURED_IDENTITY,A
MED-cbcf2452a9f96630ec734908,SRCM-039733f8134fb56b30fb2712,SRCR-8f9eb6e43d0c7d2033a315ee,EXACT_STRUCTURED_IDENTITY,A
MED-cbf57ff2cfc093daa0e837b9,SRCM-90a56aa9ccf9cb50b9f16566,SRCR-fbbb2506610ce884097fc789,EXACT_STRUCTURED_IDENTITY,A
MED-cc0305dcb144a93e4bf243fd,SRCM-acd6fe99bde3d5ce36b27370,SRCR-f7e86e1f6f3f1a20947b59fc,EXACT_STRUCTURED_IDENTITY,A
MED-cc29a6981fc4a4f168d54cad,SRCM-216be56f5ba5ac8b692a8aad,SRCR-f4651dcd0b0c46241ccba909,EXACT_STRUCTURED_IDENTITY,A
MED-cc51912a71ce294c83ec79ef,SRCM-0b823fc08426ce3662b51a59,SRCR-1322860c4341154e360d07c0,EXACT_STRUCTURED_IDENTITY,A
MED-cc575e9a9f0aa4a9e8a49bf3,SRCM-1e026e3e09d7abe73e3b6191,SRCR-393a8a9a879ca20e78385baa,EXACT_STRUCTURED_IDENTITY,A
MED-cc65928d838f16e74df692e6,SRCM-2658b7a8e4be0c8cc1bfd4b9,SRCR-13bbb875c8003b33aaf15d73,EXACT_STRUCTURED_IDENTITY,A
MED-cc7739607af7aa4c7d07ddf6,SRCM-471a7d804a3fb4faef1fbc3a,SRCR-401ea65488b881d7dd66287b,EXACT_STRUCTURED_IDENTITY,A
MED-cc940a0f9b42bc8a264977b4,SRCM-b6b781dbd1b3b8582403ad6b,SRCR-000de4e3381db1c417cec3b1,EXACT_STRUCTURED_IDENTITY,A
MED-cca549109c54b80b219899e3,SRCM-3ad99278ca05b878d797b648,SRCR-07ac515e60b4be5f06e908b2,EXACT_STRUCTURED_IDENTITY,A
MED-ccae9a86b9a4e7feda6a2a7d,SRCM-71dc4b30142681d860453d53,SRCR-0e024394aef46b81f3e4c9a7,EXACT_STRUCTURED_IDENTITY,A
MED-ccb93161a3a003c7372ac7f3,SRCM-918acdc9a01f2d119d7014f9,SRCR-873c11c55d0c3194cf74b775,EXACT_STRUCTURED_IDENTITY,A
MED-cccae128ed8bb1508321fdcc,SRCM-13ee8044df6f1125a9b0c623,SRCR-8013b754ae1bfa998d63285e,EXACT_STRUCTURED_IDENTITY,A
MED-ccdc9439922d5d55367d7973,SRCM-ae36902b9efa346197e3ff6d,SRCR-ac2af3e7130ff9b088493042,EXACT_STRUCTURED_IDENTITY,A
MED-cce49d32555d2ff06141f4a7,SRCM-33053607f6c9170ada2475a9,SRCR-63d9d50524f5501e5efb8d98,EXACT_STRUCTURED_IDENTITY,A
MED-cce565710160344dc95dd9e7,SRCM-cbd7ae8085a15546dab6d3d1,SRCR-0217d0de777c392216b1994f,EXACT_STRUCTURED_IDENTITY,A
MED-ccfff318cb4eaae7086e6993,SRCM-2def8aa6f13d7f20bb8e7b37,SRCR-7e224dd67214159875ad7f9d,EXACT_STRUCTURED_IDENTITY,A
MED-cd05e1aa555ae9c1c49db564,SRCM-1a8e75307e7c45908dbe22fb,SRCR-20ec39226632d49a2dd56d56,EXACT_STRUCTURED_IDENTITY,A
MED-cd17588d418ba753a7061f00,SRCM-b2cc7b859dfe44444224f9b0,SRCR-0676f2bd49584c4c4e95a80b,EXACT_STRUCTURED_IDENTITY,A
MED-cd309069df5bfd7057078fa4,SRCM-23e752acdd8b9d0437945598,SRCR-4a95372e256a47a0d4f70f85,EXACT_STRUCTURED_IDENTITY,A
MED-cd30cb3e684c5e8e2e29fd71,SRCM-5d273ecaebd87f4c3857ec24,SRCR-b5b377970ada5c3c5285df8b,EXACT_STRUCTURED_IDENTITY,A
MED-cd35d63666223b4cb91cf817,SRCM-761bed374e7eccbc8a7f0f38,SRCR-9535c152fa7a7afe7c6ff5f4,EXACT_STRUCTURED_IDENTITY,A
MED-cd3e7cea8cc65fce27c0781e,SRCM-910c291f935ebb34b80de04b,SRCR-33e5747b544b70569ffe1010,EXACT_STRUCTURED_IDENTITY,A
MED-cd441d55ac02894f01f24b78,SRCM-8b871d25362da49d16eb9d3c,SRCR-3c1a4f723b4ec508d87beb04,EXACT_STRUCTURED_IDENTITY,A
MED-cd453224a3ea362e0055636b,SRCM-f8dc0bd30a109efbb4ad9a0d,SRCR-b324fb2333fd76514d48d35d,EXACT_STRUCTURED_IDENTITY,A
MED-cd51edaec0c486e340d4ce58,SRCM-d67134634b7638951fa00063,SRCR-48bb79cce75c078647480bad,EXACT_STRUCTURED_IDENTITY,A
MED-cd650ad13298c3d5f04fa920,SRCM-437150c2979a4e076e476ea3,SRCR-5abc5f2f63316f3e10d02693,EXACT_STRUCTURED_IDENTITY,A
MED-cd6e0bd4d03a881460c5bd15,SRCM-8e5eb311db1fa6d2b6220892,SRCR-8503fcfd3f28688385f9f590,EXACT_STRUCTURED_IDENTITY,A
MED-cd8e316416e18c05c431e8b0,SRCM-b5c1c527ee9b2f6b49fc8187,SRCR-d9f7113051c2df061afbfdb0,EXACT_STRUCTURED_IDENTITY,A
MED-cda08c560b0f6f644530a6f2,SRCM-ee54fee8677bda4c496eaa28,SRCR-530f7e70463abee90119fe8e,EXACT_STRUCTURED_IDENTITY,A
MED-cdabb43f4aacfbb44ec6d1a2,SRCM-33440716f7b16844db88bab8,SRCR-9e39c81a8de186f6352a4aed,EXACT_STRUCTURED_IDENTITY,A
MED-cdb9dba34abe0ae23bb0f650,SRCM-c27bddfa3dc31b31787cae8d,SRCR-398c22eef2bc07d8a635ca6f,EXACT_STRUCTURED_IDENTITY,A
MED-cddf0e0d36b4b7314a41c904,SRCM-85305da471a7c376c06487a2,SRCR-e3650a3596ba4e91f660e96e,EXACT_STRUCTURED_IDENTITY,A
MED-cde76b7629fe7682dd6ffb58,SRCM-2bfc7b7d86d50149a9cce781,SRCR-fd74fe0589d3497e25a9f4b7,EXACT_STRUCTURED_IDENTITY,A
MED-cdf55e7768a1b560ccfb5713,SRCM-ea3fdf366ecac0f997a1c230,SRCR-2eb55d4e802041a689224a56,EXACT_STRUCTURED_IDENTITY,A
MED-cdf6e0c072ab621a0d40ea78,SRCM-9c26115685af241137161722,SRCR-7bdc40211f807386d93515e1,EXACT_STRUCTURED_IDENTITY,A
MED-cdfad32f4dd16331f2c4f3d4,SRCM-b4f0104c7980c87af73a43be,SRCR-0dbda65391e52c8e0cfd1ef5,EXACT_STRUCTURED_IDENTITY,A
MED-ce11e0bdb0ab8b81a34f944e,SRCM-cd5fda36c51ed006b080001c,SRCR-b345bbfda4438f99e7cbea9d,EXACT_STRUCTURED_IDENTITY,A
MED-ce247a47732daf37cfa9d161,SRCM-1e836eda9d1108b6c3ff6d6a,SRCR-b78e32d7165491c336414f9b,EXACT_STRUCTURED_IDENTITY,A
MED-ce2b2f990964523764753b7c,SRCM-98631934d7264f5d72770f94,SRCR-ecda78c782a7b0917a486251,EXACT_STRUCTURED_IDENTITY,A
MED-ce3ae221e050109a6487ddb3,SRCM-1bbc9a48b6f35d5e873536ef,SRCR-43fd672b9418d9a1ae07352e,EXACT_STRUCTURED_IDENTITY,A
MED-ce3af5e3fb4533dc5848639f,SRCM-b7e7e61bb8436e7664afd8d0,SRCR-d041c7f8a49acd6f1a7bc5ff,EXACT_STRUCTURED_IDENTITY,A
MED-ce4fe5541edf6e02c42be7eb,SRCM-78ae2a0c076fe5ea01a4b846,SRCR-891b681ee527d1105df51529,EXACT_STRUCTURED_IDENTITY,A
MED-ce5633b27f8b77acc6a15734,SRCM-1774a37df48b840a97a1988d,SRCR-9477d5fb72144d20ab536ca0,EXACT_STRUCTURED_IDENTITY,A
MED-ce63268e1c97b4923cd28275,SRCM-7aeb92801db12ce140214c65,SRCR-f65579cb6f2d0eca4c1496ec,EXACT_STRUCTURED_IDENTITY,A
MED-ce656274b7dd0310bbe4533e,SRCM-e3833c436a41162072ce8fe3,SRCR-9a3ea78672ee981373d61bef,EXACT_STRUCTURED_IDENTITY,A
MED-ce6c982500d0628a9feef990,SRCM-8e132e1da5d9869a0cba9162,SRCR-6355064082ea6e82024529ab,EXACT_STRUCTURED_IDENTITY,A
MED-ce8419958257a939ba1052c3,SRCM-e28c56714d55f45e4170451b,SRCR-c513b7245a5f16c79668537e,EXACT_STRUCTURED_IDENTITY,A
MED-ceabf0e016d8f743ccefbfa0,SRCM-b3d30d2456598470493b9962,SRCR-ce9f5457c4f02cec370b7420,EXACT_STRUCTURED_IDENTITY,A
MED-cec15eaeda065039ed0a7a04,SRCM-7c81ad467c8d2dd365bb7dca,SRCR-08b269ddb3c0bb0908224fc1,EXACT_STRUCTURED_IDENTITY,A
MED-ced6c4db38fc8bbeb1336b73,SRCM-c7d742c282d1a6e8a7bc8821,SRCR-6e6c85e76181a02375477e9d,EXACT_STRUCTURED_IDENTITY,A
MED-ceeb8078f428aced7950a323,SRCM-3b159663f31b68e6df9cf040,SRCR-2c27971c51e97db54b9e8cc3,EXACT_STRUCTURED_IDENTITY,A
MED-cef70eff0b2eea96e8aa08b8,SRCM-e42d7dbb55126669457ade5c,SRCR-a75dee43e54b0a51bd2ac7bf,EXACT_STRUCTURED_IDENTITY,A
MED-cf07621276be5beaf08aceb3,SRCM-7a7227a3815b18a3accee1e1,SRCR-ca08b666088a5c91c297f234,EXACT_STRUCTURED_IDENTITY,A
MED-cf1386b732f3b669a6913ad5,SRCM-fa1bc8839d07ee128fd90e1e,SRCR-134c9ec92f153f914aba9ffb,EXACT_STRUCTURED_IDENTITY,A
MED-cf14022f4fa19469cdd6047c,SRCM-ce8efbccff9af9af95de5e76,SRCR-dc0c4fc53453682e87b6b9e6,EXACT_STRUCTURED_IDENTITY,A
MED-cf216def991d40fadad9b87c,SRCM-6a5358ae3a5da6fdc24e8731,SRCR-e3b64ee0fe97a9a562c774b6,EXACT_STRUCTURED_IDENTITY,A
MED-cf2a7e81ea6f20cf8220cacb,SRCM-c7ad260f96e3384936071eb9,SRCR-1f8beb77c0c20851c2a27433,EXACT_STRUCTURED_IDENTITY,A
MED-cf3285fa40eb7df7d70a7a06,SRCM-da58c6f46ef0f9c490e10f9f,SRCR-48140f1fa1c12475130e5255,EXACT_STRUCTURED_IDENTITY,A
MED-cf3b4ed0ca0267d188b1d5e7,SRCM-fd7b11b55ae47f9c98c2da31,SRCR-ac827d4decc4a32c06600386,EXACT_STRUCTURED_IDENTITY,A
MED-cf4ee7a24e7adf536cebb565,SRCM-3ff173f324cae0d57f1ba275,SRCR-073d5158d19ce644d91c3357,EXACT_STRUCTURED_IDENTITY,A
MED-cf58b522abb574269f0d117e,SRCM-e5d141c56ad0c0517bc5c387,SRCR-48c97af276de0f2b86083081,EXACT_STRUCTURED_IDENTITY,A
MED-cf822a4337fa0e77e76bb008,SRCM-94a330a45be7b736875166a0,SRCR-c6fa91a72bb7d52ccc2c6122,EXACT_STRUCTURED_IDENTITY,A
MED-cf8693462447aa5e450d90bf,SRCM-6c4260b651fdc8581477ac51,SRCR-7657232b7b23f4a0b704a151,EXACT_STRUCTURED_IDENTITY,A
MED-cf93d41480dfd139b13a47bb,SRCM-48451a8882309650630d848b,SRCR-c577d524173b1049902f1b1e,EXACT_STRUCTURED_IDENTITY,A
MED-cfa2370ccaaa4d44294e2fa4,SRCM-fbb3c599d28d424dbfe00d2c,SRCR-7c5edd15be7824fc2b017c4c,EXACT_STRUCTURED_IDENTITY,A
MED-cfb1523fe9a326a553ce58e2,SRCM-6ee1528e8098b6e3572b7863,SRCR-81b37149ce5c3661bfb4c0bb,EXACT_STRUCTURED_IDENTITY,A
MED-cfdd7609211c6f82cbddca16,SRCM-eb10808e1775b10b1ea69552,SRCR-cda8b2e5f60825b65a446054,EXACT_STRUCTURED_IDENTITY,A
MED-cfe4286073e22f6ac6b11eb2,SRCM-a8724a67ec0f84878c77ef64,SRCR-314ffe29e3c7fedcc12b2c9b,EXACT_STRUCTURED_IDENTITY,A
MED-cfe87d2619cb3b436c30d7ac,SRCM-a235643cb5da9afc19ddf5de,SRCR-7ca6042598952b3eb5a5a792,EXACT_STRUCTURED_IDENTITY,A
MED-cfeae8777b8678aea1b775cc,SRCM-eb763652a134a54e9511981c,SRCR-9f1b2c0ad66c1a7198af9783,EXACT_STRUCTURED_IDENTITY,A
MED-cff9de77a982c12682b6989b,SRCM-d31ad0c2a9b9d51b7120182e,SRCR-67ca2f801223745093a13336,EXACT_STRUCTURED_IDENTITY,A
MED-d0078a8cae34fecf3578e676,SRCM-36d0a7009895fc2cc297c958,SRCR-5d479b876d7045c5f567e515,EXACT_STRUCTURED_IDENTITY,A
MED-d00fa9ed27d2767def86c0fa,SRCM-a81001084af344802eb54bd7,SRCR-2fe521f0720e2c55a703e072,EXACT_STRUCTURED_IDENTITY,A
MED-d0152223f2fab3e3ab2024d6,SRCM-1aefd92bc0137b9892202984,SRCR-fd5659d0e66e32f0db15c4e2,EXACT_STRUCTURED_IDENTITY,A
MED-d015e08a86f676f23a016ed1,SRCM-77ba493dc08b352ae8b57825,SRCR-4aa27bbb808f1d9e8c044c08,EXACT_STRUCTURED_IDENTITY,A
MED-d036fbb92fe0f5d92b521c49,SRCM-316dd66ef7b16d7a49c0c637,SRCR-73f757ca2c0ac007d8aef3ee,EXACT_STRUCTURED_IDENTITY,A
MED-d0444c2fc00c0bd198e59aef,SRCM-d90b8a01024bf22a8d69ae22,SRCR-0574e312b223719f5709ee25,EXACT_STRUCTURED_IDENTITY,A
MED-d072b620248c46a1d9754277,SRCM-d609e9274174ed40490e388c,SRCR-8dc798ef38e5095b425b2bf6,EXACT_STRUCTURED_IDENTITY,A
MED-d0835df5099d9443b0569957,SRCM-5b2a15dcf23855bf62fce5a5,SRCR-a9eadf048dc2c5c78b496590,EXACT_STRUCTURED_IDENTITY,A
MED-d0838cb5ef66d3300b0057c0,SRCM-223389029356943912c96e61,SRCR-915f29003f71ea81fb06af7d,EXACT_STRUCTURED_IDENTITY,A
MED-d097bbb689df2782ce8d8850,SRCM-2993c0fd8aadd4693f1efb26,SRCR-c49565c8b22fe341f3fa4b40,EXACT_STRUCTURED_IDENTITY,A
MED-d0a3cad532f6152228ac61b9,SRCM-f43fca5f65f2981b61d4848a,SRCR-8c174b6805a8a1b26d9215df,EXACT_STRUCTURED_IDENTITY,A
MED-d0a4abaf9d7d65fb318ab655,SRCM-0d2d31675fa8d50f0000ac7a,SRCR-5fef6bd62dfdb7816723e080,EXACT_STRUCTURED_IDENTITY,A
MED-d0ba0fcf39f57beb21e6e196,SRCM-338aa9906f8db468884118bf,SRCR-2976b6ce26b80889d43fb910,EXACT_STRUCTURED_IDENTITY,A
MED-d0c6a6d154149721a47ad69d,SRCM-c1f9a2d1267679e4dc1a5e5f,SRCR-7ce57c2ac3bb5311e44e16a6,EXACT_STRUCTURED_IDENTITY,A
MED-d0cdb19d8a850d4f599c6fa8,SRCM-3634dd4411273ecc8b5a4a87,SRCR-8530e2ea18502a41c8fc32c0,EXACT_STRUCTURED_IDENTITY,A
MED-d0e6da92cf04c6d4dd77dbb6,SRCM-ee6b8d92f109dbf481947f5e,SRCR-6ba557c3dabc4c73cf638eb3,EXACT_STRUCTURED_IDENTITY,A
MED-d1017ea55b9f839e307e2abe,SRCM-73bfd945608f2962e59a409c,SRCR-bdc2faa29d543dae169d8a52,EXACT_STRUCTURED_IDENTITY,A
MED-d118bb7c2c3b0e6b8fb9e328,SRCM-2d5a964d388496dd41758de2,SRCR-227a28febe42df3f09d4d2ed,EXACT_STRUCTURED_IDENTITY,A
MED-d11e87531fdb3abdaa6162dd,SRCM-ddefbbed0fe3426d4e7020ec,SRCR-29e69e700cdb621863ffa5fc,EXACT_STRUCTURED_IDENTITY,A
MED-d122983579a43b6e706e5a3f,SRCM-b3b5b573347809847c1a09bb,SRCR-ea0b8c13c9f1243317b87d5a,EXACT_STRUCTURED_IDENTITY,A
MED-d1327b3301b45a79fdde3dc8,SRCM-ce8c618cfc05f404cc8d5668,SRCR-8d499b4c2b4d577b4aae5905,EXACT_STRUCTURED_IDENTITY,A
MED-d14000b90fdc04dcaaede652,SRCM-2a8094e56e183e7183ccdb72,SRCR-f82bd7b3b141df206c4737f7,EXACT_STRUCTURED_IDENTITY,A
MED-d14593d3f2330f3712fcc78d,SRCM-e23ca4eccfcf65718569ac97,SRCR-d0eb96a076cd15448b5b1882,EXACT_STRUCTURED_IDENTITY,A
MED-d1497a43c7702a22fa56f2c1,SRCM-2482b58d6d12121136ebd51e,SRCR-1808cb019b8691b1800a328e,EXACT_STRUCTURED_IDENTITY,A
MED-d1805cbf48d8c9c4933a677d,SRCM-7e8e5b056f224c2f73b3ed2f,SRCR-3a65d561250a77f19fd8d666,EXACT_STRUCTURED_IDENTITY,A
MED-d181c87f769340ff5e157ab2,SRCM-9482192008d0588afd94247e,SRCR-22a078369d1bf02d072d2d8a,EXACT_STRUCTURED_IDENTITY,A
MED-d19f07b490fbe74505e3d398,SRCM-36e6ea8f0ba592dabdf1dcf6,SRCR-34a43e1648251829f1c154d7,EXACT_STRUCTURED_IDENTITY,A
MED-d1a3c2b26e7e77e1f4ff0db3,SRCM-d065234ca33a33281d97b5aa,SRCR-a78cebbcbece351ef131d6b4,EXACT_STRUCTURED_IDENTITY,A
MED-d1a90713f25d812e1e493644,SRCM-1cf8ac6475b19114b02f470c,SRCR-5d26d1ddc25e5f13a84b7b6f,EXACT_STRUCTURED_IDENTITY,A
MED-d1cf3081d32d23b98fe7d82c,SRCM-941e84296a28bc9eab3cf047,SRCR-43c1dc04660d493cb5ab8089,EXACT_STRUCTURED_IDENTITY,A
MED-d1dc7b3e02e1686d7f2caced,SRCM-23d1f23453ad5555a1b4e2bd,SRCR-33dc1cd47cd60dd21b2290dd,EXACT_STRUCTURED_IDENTITY,A
MED-d1ddb78e4c6644458f8ba06b,SRCM-27ffe6b4d6fb4f677180dd7a,SRCR-79d8793348d37fdae79545d5,EXACT_STRUCTURED_IDENTITY,A
MED-d1e4754f56d3933bbbab253b,SRCM-b88618a43126918845e2e0e6,SRCR-6844dd46d799f73138465a62,EXACT_STRUCTURED_IDENTITY,A
MED-d1e5fa62dcf3e38a7c15174c,SRCM-5edc6316c1b5113ed0594378,SRCR-9334eed5fb333bb640d8c08f,EXACT_STRUCTURED_IDENTITY,A
MED-d1eb0736df85e74205f0f6c8,SRCM-67b125c4fdd6b3b87ba4e4ac,SRCR-f5aaa33108f716795707008c,EXACT_STRUCTURED_IDENTITY,A
MED-d1f9a900ce063a880e7f656f,SRCM-c9e078689ed61d0b8075e366,SRCR-7beb63f3e335b07b16c0764a,EXACT_STRUCTURED_IDENTITY,A
MED-d1ff7bb1c88493c3810661ea,SRCM-e57ed0b705ac1d173eb020c8,SRCR-3e6161daf000a0c4a16877f6,EXACT_STRUCTURED_IDENTITY,A
MED-d22dd004345b23b0228ea45a,SRCM-c130cba5363f287043178cab,SRCR-d7e29f659be36b30deccc0a5,EXACT_STRUCTURED_IDENTITY,A
MED-d2599e6dc4e9d2e68b51cf0b,SRCM-aa4bcb857c500a6029d0c7a8,SRCR-62f99c5beef52a0ca510d557,EXACT_STRUCTURED_IDENTITY,A
MED-d268a5abf0c9b29c775a4976,SRCM-632898ca436d532d3806d70a,SRCR-0dba444b2526ffba744a3c1e,EXACT_STRUCTURED_IDENTITY,A
MED-d288c32d4763918c5267b905,SRCM-ea864ec19394e30e83569ae5,SRCR-f1d668d29ad6a8749f674bd5,EXACT_STRUCTURED_IDENTITY,A
MED-d28e7029f9d948e1a35db4b2,SRCM-3db80eebe0b3c398e707c80e,SRCR-7fb9bbf1c08c749b172e1c10,EXACT_STRUCTURED_IDENTITY,A
MED-d2a13e551dd176f8a0840bc9,SRCM-9739ce3c0d84e9210f1c2da7,SRCR-7532818da7bd77c0bee80ac7,EXACT_STRUCTURED_IDENTITY,A
MED-d2b0aafb4727881d109d5e93,SRCM-55954bc698a641d099e1666b,SRCR-b328e9b80698d6ca1bfb4f6f,EXACT_STRUCTURED_IDENTITY,A
MED-d2b25b4ac25579256d5f9068,SRCM-ac51e415b92770d4a1e8b2e2,SRCR-b3c3f80b37e2d7867b285c09,EXACT_STRUCTURED_IDENTITY,A
MED-d2b4c9cfcb56dee486c29da0,SRCM-f39f32315676789be244f04a,SRCR-9b13d235215e097df7809f36,EXACT_STRUCTURED_IDENTITY,A
MED-d2b5e4b9dae12a2fbff53e4f,SRCM-f701e2036b3d3a59b908083c,SRCR-bfdb887933115bb0aa43e316,EXACT_STRUCTURED_IDENTITY,A
MED-d2ce8c4ec4d13c6b393fe016,SRCM-f4511ebf9c65443e5a83fee2,SRCR-4d844048090cbd4c4458c67c,EXACT_STRUCTURED_IDENTITY,A
MED-d2d3645f9d0b032902e0c3d9,SRCM-13daa4cec9251bd8e5697052,SRCR-f8d357ceaaa8a1a27548a359,EXACT_STRUCTURED_IDENTITY,A
MED-d2d78d5ed39f808090c50a38,SRCM-c61e7d0a82ea46183320b55f,SRCR-d54646112dcfe97f5ae02780,EXACT_STRUCTURED_IDENTITY,A
MED-d30ea3d2cce0c78ffb7d0604,SRCM-6f245d1e54f7c64b1fa2fe41,SRCR-384978d164b0136e63a263ec,EXACT_STRUCTURED_IDENTITY,A
MED-d3105c98f937326bba70a772,SRCM-276780dae2d5f88ae4705d9c,SRCR-9db85359caf7bd480dcb29c5,EXACT_STRUCTURED_IDENTITY,A
MED-d3225fe7acb24274b7c7c70a,SRCM-86338c040a9397030670dd2f,SRCR-c2607feafa61d35c8d56221f,EXACT_STRUCTURED_IDENTITY,A
MED-d32e171b66b7745be0ad8ffe,SRCM-8d3a390bf4375d729ac6b129,SRCR-6eb0f40bae55b3f58d64098a,EXACT_STRUCTURED_IDENTITY,A
MED-d3412d3482fbda6dac378b15,SRCM-b291b76609291acd25083168,SRCR-5ed370a9b0fc40d04d8c0805,EXACT_STRUCTURED_IDENTITY,A
MED-d35d8352eab375ea2f94189c,SRCM-bbf2747a5cfaad28ed82f43d,SRCR-fbdf5344d4f90c74cc3efe0e,EXACT_STRUCTURED_IDENTITY,A
MED-d3620c9db9e356d973344ccc,SRCM-8c278c8ee7dd1ad013c5f50c,SRCR-dca88289cd24cf3bda01e66a,EXACT_STRUCTURED_IDENTITY,A
MED-d3646b574502c5cecb5c6411,SRCM-32cb3d118b33d4aa41bfbfc0,SRCR-88c7538cabbf75c85cc9327d,EXACT_STRUCTURED_IDENTITY,A
MED-d3667dfeaa0607c9e7b93ae5,SRCM-443791d1cbd5a0032b6e7240,SRCR-b360eca850d96cd55b29a09e,EXACT_STRUCTURED_IDENTITY,A
MED-d38729aa0133af43ba1a908f,SRCM-1a621a22b18f0c6e6ee4209c,SRCR-ddbc665cdf4f6ec0698d4414,EXACT_STRUCTURED_IDENTITY,A
MED-d396d3b6d780714fb7669633,SRCM-3fc924dddd2e6ff18fcc81d9,SRCR-1e1799909b493e4730180939,EXACT_STRUCTURED_IDENTITY,A
MED-d397e92940792ef835b5bee6,SRCM-b7dbdb27096f0cdd7fbcedc2,SRCR-8fff86fa417a95461425732c,EXACT_STRUCTURED_IDENTITY,A
MED-d3a745aed432a6ca302b3610,SRCM-c057175dfb1cb212a294e4b2,SRCR-a10efaa9c6a4d5cb69887010,EXACT_STRUCTURED_IDENTITY,A
MED-d3ad6f27a3ca3969ce64b7af,SRCM-de7e45e2fe9613cd2d24bf63,SRCR-440c0525e03ec6e2f5bf3a57,EXACT_STRUCTURED_IDENTITY,A
MED-d3b4026a631f2d2884eddbbb,SRCM-8d3a8c3e45138dcf3ab0c5ea,SRCR-b08f24b9a802b66de121c70f,EXACT_STRUCTURED_IDENTITY,A
MED-d3b467c090e9434a75834472,SRCM-5449577122373ed8da79ca1c,SRCR-392d40df6ec5b13e312a199c,EXACT_STRUCTURED_IDENTITY,A
MED-d3b8f1caa29f64026bcab62a,SRCM-54b1f92c2b7f183330e3a4eb,SRCR-196525b6b39f629378ef2644,EXACT_STRUCTURED_IDENTITY,A
MED-d3c1ff400ed89f53bec408c2,SRCM-0ff98648d7f25a6e4c97dcdd,SRCR-8463620ebdad114f25a713b0,EXACT_STRUCTURED_IDENTITY,A
MED-d3c5f0e50f03bab48f8ade6e,SRCM-85c28559a6c9c1e3cfaf5793,SRCR-7c62032297a44056dc4088f2,EXACT_STRUCTURED_IDENTITY,A
MED-d3cb9e45d4ab1e7bbacfa01b,SRCM-61644b2538cd2bb9e569e55c,SRCR-461c9c5c412526a5499cfe68,EXACT_STRUCTURED_IDENTITY,A
MED-d3d4ae03170566446c4d0bb2,SRCM-fb6e6e1c400baf6642efdbcd,SRCR-2f9124f4d4fab20d75c42cf0,EXACT_STRUCTURED_IDENTITY,A
MED-d3ebcfd7c437565e4b5c68da,SRCM-8ff9f5df250bfc1f1c88180d,SRCR-21aeda93315d825fb32d9eab,EXACT_STRUCTURED_IDENTITY,A
MED-d402f21272a7ae8b69e112d6,SRCM-ede7fb70f38b37da5d4ba9ef,SRCR-71dcfdde10a835533c9f4a60,EXACT_STRUCTURED_IDENTITY,A
MED-d42306af66b82fff21219cdc,SRCM-d7ff3c770155a8c387d02689,SRCR-dc5dbef2b4dab89cf8f6268b,EXACT_STRUCTURED_IDENTITY,A
MED-d448c7cd57d4d1437efd66f5,SRCM-bbf07d8460f80ca0be85d1a6,SRCR-90ea047ab810944c0dfa8dd8,EXACT_STRUCTURED_IDENTITY,A
MED-d44e98047cefad57dddc16c3,SRCM-a26bfadadd6501a4fba3559e,SRCR-8817cf968bbd6e80a592c7c4,EXACT_STRUCTURED_IDENTITY,A
MED-d45e617d418779d7c4eac738,SRCM-d87039c3b2842db399cd8d82,SRCR-8b0fdbc89fb6fb311d3c6e83,EXACT_STRUCTURED_IDENTITY,A
MED-d464758364533a40ef8064f9,SRCM-315ee1523d8c427472665298,SRCR-e7ed4aac8690ea92958af4a5,EXACT_STRUCTURED_IDENTITY,A
MED-d4747a6bdffac9355e5d681c,SRCM-51d3352ed8d8a164fb9dffd7,SRCR-4f71e3e6a3592a0a3fcd95cf,EXACT_STRUCTURED_IDENTITY,A
MED-d4775a69bfe5c695d5ee1c98,SRCM-f54b04022113413e88743245,SRCR-c0dca443c64d2f0552c57537,EXACT_STRUCTURED_IDENTITY,A
MED-d488342d2b85e77bc7f00ca2,SRCM-d18f651d19a3081d6cb83bb5,SRCR-2b410a3137c4e5ea1a4635f4,EXACT_STRUCTURED_IDENTITY,A
MED-d4a950917f0d2e32686aafdc,SRCM-0e3c027ce059444d3905d70a,SRCR-2b33057f38b6f3d77b2eaa41,EXACT_STRUCTURED_IDENTITY,A
MED-d4b192a651c10ebe6b8b5dfa,SRCM-af78d54e8b73699970c7c42b,SRCR-cc83a31f6fd5a5a8abd18916,EXACT_STRUCTURED_IDENTITY,A
MED-d4b7be8656e8f87a58aa01fa,SRCM-1ecc6fe75982ee91815aa185,SRCR-b61db7a2bfd80629f124ab33,EXACT_STRUCTURED_IDENTITY,A
MED-d4c19d42ac61c63c3efe1d4e,SRCM-9bf2a53cc808c66eb3dbd95f,SRCR-0453fa2796fcdfa4ec9a4516,EXACT_STRUCTURED_IDENTITY,A
MED-d4c84f630eb3f9b10ddbf331,SRCM-16c926377ecb78f8753b9b11,SRCR-8c502d8a9c02e72bf587a0a0,EXACT_STRUCTURED_IDENTITY,A
MED-d4dead06524581b025f0ba14,SRCM-2a208dc1a51c93c67cefb19f,SRCR-b381e81caab57b4ff95a0da2,EXACT_STRUCTURED_IDENTITY,A
MED-d4f2a7ecb9ec5ff0cfa9c20f,SRCM-09a5b8f63a579ad76d9019a3,SRCR-633edfe21af7c8f87b6f288c,EXACT_STRUCTURED_IDENTITY,A
MED-d4fc1fff17222b40d8ae1036,SRCM-cee1f972d4aeb67beb6adfbc,SRCR-ef5408d5ace838c99bc381ed,EXACT_STRUCTURED_IDENTITY,A
MED-d51596e33f025c014c21828f,SRCM-6f1a248992b282a824cdb2d0,SRCR-6220044a7d468167a23184b9,EXACT_STRUCTURED_IDENTITY,A
MED-d53228cdad4f96629e8d5940,SRCM-8f4daad6584f5224261b0d3e,SRCR-95286e33eb5ebe14e61fa2dd,EXACT_STRUCTURED_IDENTITY,A
MED-d53c0de104ef23d890abf750,SRCM-e1bc0870d4141c3fc6d8a464,SRCR-44ac267b4509f69658a29b92,EXACT_STRUCTURED_IDENTITY,A
MED-d53e11e7d63aaac5d66fea9a,SRCM-6818f781000cc0bdbf61281c,SRCR-4442d136213550a2e4c813c2,EXACT_STRUCTURED_IDENTITY,A
MED-d5575550bd27c61beae1d90f,SRCM-d56f51805e6df724b572b45d,SRCR-24d51296e6987a1a0270250d,EXACT_STRUCTURED_IDENTITY,A
MED-d560f98ad47cbf81da232d80,SRCM-d3b90917c80015cba68b3b25,SRCR-bc82614732a50b4fb8042723,EXACT_STRUCTURED_IDENTITY,A
MED-d561329f341d9b93b0fe1f4f,SRCM-40494ea18e2e61c83df77725,SRCR-095777b25c40a61311f15537,EXACT_STRUCTURED_IDENTITY,A
MED-d5690a5ebade08be40d15e5f,SRCM-a64852edc4d8352c0268a212,SRCR-aa1e837b479608f267223b48,EXACT_STRUCTURED_IDENTITY,A
MED-d5843514565ec055aa8a117d,SRCM-dd2671dbafa752c991478d57,SRCR-ebac69a8c49a3b9988150891,EXACT_STRUCTURED_IDENTITY,A
MED-d5860095254a8d36a932cc36,SRCM-ed5c184a5e2532934e06f289,SRCR-2753c05f0e4b614d970742da,EXACT_STRUCTURED_IDENTITY,A
MED-d58786dfc0fd81ba236b86f5,SRCM-fa7f7af1951fafd02566198d,SRCR-f21dc8219ed9be344411bbb7,EXACT_STRUCTURED_IDENTITY,A
MED-d59c6b56405128426de46485,SRCM-5c9de63492d0712f409b5949,SRCR-912174b7b04afca8aad28d80,EXACT_STRUCTURED_IDENTITY,A
MED-d5a65936968af3ede3aa26a1,SRCM-c3183099a0da1b7593563864,SRCR-bd6af2a16d7ab9783877473f,EXACT_STRUCTURED_IDENTITY,A
MED-d5b84c63f976a23400fa79f4,SRCM-e7698b89b185cdad9600e3a3,SRCR-7d963c31003090fe3bcc9897,EXACT_STRUCTURED_IDENTITY,A
MED-d5c80795b269afccb80bb0e9,SRCM-f6990784adcdfa9f0b35c893,SRCR-e1bcf29292d4f58b5e05b30a,EXACT_STRUCTURED_IDENTITY,A
MED-d5cf656506752978ec0a5bb5,SRCM-015b10d099594f1bf52c1479,SRCR-f2010fea0a0c7cb4f8a0761d,EXACT_STRUCTURED_IDENTITY,A
MED-d5d9924ed414a1b5a04112b6,SRCM-065ec12fcc6c226b5fd3ccca,SRCR-e0ea50fb13ea74d8e89325fb,EXACT_STRUCTURED_IDENTITY,A
MED-d5db300c95c4499858ce2970,SRCM-b9d0164c4ddfc1cc4a351077,SRCR-a6f52ac872e8a828bbc98817,EXACT_STRUCTURED_IDENTITY,A
MED-d62905f4e691cb8cb8c50286,SRCM-0bdd2c9f6fd4ec26bc9d391b,SRCR-cd8d634be6bfd27217d83f6e,EXACT_STRUCTURED_IDENTITY,A
MED-d638ee28fddf1858ef763e8a,SRCM-ae1fb1dd369cd9f16170f389,SRCR-ab05fb1629c70e27fe4a73cb,EXACT_STRUCTURED_IDENTITY,A
MED-d63e2cc5b22f70b02a6ebe13,SRCM-14417762180a143284579722,SRCR-de824ed025c20ca091f92fb4,EXACT_STRUCTURED_IDENTITY,A
MED-d6843df093c140f8e384c627,SRCM-8a3a6025d87ff8c19c8ca89d,SRCR-160dd9a86d47594ee7b31853,EXACT_STRUCTURED_IDENTITY,A
MED-d68bf07bb01f1a2b35df0d27,SRCM-57a67e8f4f9bd0489402065e,SRCR-380702a02bf8378eeb2d8108,EXACT_STRUCTURED_IDENTITY,A
MED-d6c94d04fbfc729a51162569,SRCM-9dd8243e5f30e336a166c790,SRCR-8ebf634390eac27c18b0d4b4,EXACT_STRUCTURED_IDENTITY,A
MED-d6f1a1f57d76b1ed38c9a41a,SRCM-c759dba32d4eea00e8e5394a,SRCR-5ccfcf9846b934e270ca275d,EXACT_STRUCTURED_IDENTITY,A
MED-d6f389657c0a23b231e79b74,SRCM-04724ee20ad72bd07a3e99bf,SRCR-1a158378f6ab0e3187a4542f,EXACT_STRUCTURED_IDENTITY,A
MED-d6fec95b3dbcbf6ee9f8619c,SRCM-8b94cd66c5a830a42043afe1,SRCR-d0d40be9d366e1e8734ccfb6,EXACT_STRUCTURED_IDENTITY,A
MED-d701f8891e59908a17c73c9c,SRCM-a7cc0b175615ff896f6ef8fe,SRCR-e9daed4d4ad44ddb4d9828fe,EXACT_STRUCTURED_IDENTITY,A
MED-d71f97077a4f2a458bd657c6,SRCM-5f31ca49af4abaa1137a75ee,SRCR-f687e8bb5256bb2ce3762b18,EXACT_STRUCTURED_IDENTITY,A
MED-d728faebf1d7ce729abc9eb2,SRCM-41e95f30bf1eb72c02591184,SRCR-e3ca2ab46e4fc7b7944a893c,EXACT_STRUCTURED_IDENTITY,A
MED-d72dfef3276c15919d518c68,SRCM-4190e7db18ceead4ede64a7b,SRCR-9e37e5d13f553be31e5e13f8,EXACT_STRUCTURED_IDENTITY,A
MED-d73af4cc3c072578018c0aee,SRCM-6c73d258fb6c9b6d893edacd,SRCR-6025018600f003cb031a9383,EXACT_STRUCTURED_IDENTITY,A
MED-d74c14899278f29c88363312,SRCM-6f346c3b9f2394e421c22648,SRCR-0c8586bf644fdb52aae6f172,EXACT_STRUCTURED_IDENTITY,A
MED-d75d0d71581d2309d4cac5c3,SRCM-a323365b94ae6ac9db577bab,SRCR-b0dfba7994197ed291a3c71c,EXACT_STRUCTURED_IDENTITY,A
MED-d761611de2691c15beedaa11,SRCM-e5cfe8d9de78d4c6b5c15641,SRCR-79512b23429eaf072e1f5f73,EXACT_STRUCTURED_IDENTITY,A
MED-d7621d690af69d83e8022905,SRCM-e1965270ccd70f5d695f3aa4,SRCR-ceb4f6af9469ddf42a58fa20,EXACT_STRUCTURED_IDENTITY,A
MED-d7674350c24dee692e05164a,SRCM-994712e94befb49faa0c461e,SRCR-cedc56a1c11d5cf9d186e086,EXACT_STRUCTURED_IDENTITY,A
MED-d77f4ba3a3db0d705495c6b1,SRCM-fca91a0f4acb28c34ff2afbe,SRCR-f61fe365f32da35759bcdd8b,EXACT_STRUCTURED_IDENTITY,A
MED-d788f3b50c7a90ea7c3ab9f8,SRCM-bb798fc4aaf686aca4edf3ec,SRCR-b841e42a1427a68291e2edfd,EXACT_STRUCTURED_IDENTITY,A
MED-d796a4132ac1425dd871af66,SRCM-aa5bd4274dcf845a51e032e7,SRCR-bf9ba63fcb65aea16536b13c,EXACT_STRUCTURED_IDENTITY,A
MED-d798b2392d879157f8c9acf5,SRCM-c323858bf95595b50416c5f6,SRCR-c6a69ded50b3b6a67e3b9c0b,EXACT_STRUCTURED_IDENTITY,A
MED-d79d0664e5a460204ffe64cd,SRCM-d6698219f4ba7adee9667520,SRCR-f4d6a45e004d6b97af525fbd,EXACT_STRUCTURED_IDENTITY,A
MED-d7b5c9202d669ae46741c26b,SRCM-0c8a93af4167b6b071e3b1f5,SRCR-4fc7595fd58c2bec78e3ed68,EXACT_STRUCTURED_IDENTITY,A
MED-d7b812becc804e0755115ee4,SRCM-4ba340beeefa38920cf97c7c,SRCR-cc649fb7ceddf5c4650371b0,EXACT_STRUCTURED_IDENTITY,A
MED-d7c06802fe62467219957038,SRCM-5d3d307648c72c49ae9b6b89,SRCR-f79e3fb3425a1dd9a7078d1f,EXACT_STRUCTURED_IDENTITY,A
MED-d7c3b5620a9d0aaeb01f9932,SRCM-1b60cc749722d2f0cdedbc76,SRCR-982e47279161225bf17d3689,EXACT_STRUCTURED_IDENTITY,A
MED-d7d5d6688066162d27c166c4,SRCM-b06fad961e2d027dc4a9f395,SRCR-c5f07bd919afed517ad3761e,EXACT_STRUCTURED_IDENTITY,A
MED-d7d93161a6a0d2887c45acbd,SRCM-653428da9c87bd6a2d24bd5b,SRCR-4a98bebef43b6709a2e3fa57,EXACT_STRUCTURED_IDENTITY,A
MED-d82f5f65e780e39af68c5d08,SRCM-add7f5ce0f1e56a48f9a6d1c,SRCR-3b06d789a0497f34f369ae72,EXACT_STRUCTURED_IDENTITY,A
MED-d83bf72917f897539dc57111,SRCM-5b13954d08221c03d7f7be23,SRCR-a0fe2bfe456c1fc1936d3b2f,EXACT_STRUCTURED_IDENTITY,A
MED-d83da535c2c9c5cb5f8fb5fc,SRCM-259d63942ddb6c7e7e2ea9f3,SRCR-54f35b980af4d9eef5d21e2f,EXACT_STRUCTURED_IDENTITY,A
MED-d8473cf5e901be3ca00612b8,SRCM-880b80b63665c4fa976db492,SRCR-4efc8a0a05a3cacb26862c2b,EXACT_STRUCTURED_IDENTITY,A
MED-d87a9b9eb0fc1c2c4ee0d5ff,SRCM-ce42a9b5e4cf87ae3e18d01f,SRCR-0aa65ba04b98bb399cedef4b,EXACT_STRUCTURED_IDENTITY,A
MED-d8d591b3c5bfe9c9a94237dd,SRCM-80a30a6792070bd304b945ec,SRCR-7faa568108d4da9d9471e897,EXACT_STRUCTURED_IDENTITY,A
MED-d908b4f044ba5ac1f162d6d7,SRCM-3615db10c11d2688e16063f9,SRCR-44f0de24e175393d1441c112,EXACT_STRUCTURED_IDENTITY,A
MED-d91d89b5da4e90bb950dc4e8,SRCM-072f84f8a3ebccbbdf96cedb,SRCR-2847bb9c4635984cc0b03cf1,EXACT_STRUCTURED_IDENTITY,A
MED-d93b8abe6eb73ac54cff6950,SRCM-63c1fe2b7f3ada66865e7183,SRCR-7145ef9b6c4ff2e348824691,EXACT_STRUCTURED_IDENTITY,A
MED-d9419fda6510ef9fdd1237c6,SRCM-a4cec1df4c04513158226010,SRCR-154fc0781b217de37cc88092,EXACT_STRUCTURED_IDENTITY,A
MED-d951efe51938465368dbd710,SRCM-2d5dce795c1eb5d4af13865a,SRCR-06a15e38fd167d2769773847,EXACT_STRUCTURED_IDENTITY,A
MED-d9569b498512c42880a25f1f,SRCM-feb4ee3bb1ef60d1db2319ef,SRCR-b3e8015de8b46900b8813e1e,EXACT_STRUCTURED_IDENTITY,A
MED-d986174c49a987acd5231417,SRCM-b0bd8f5e2d30253b0092605e,SRCR-0147de6fad5b7cea4fcd8617,EXACT_STRUCTURED_IDENTITY,A
MED-d995427203c13fd83a290376,SRCM-542f233928d0ffba1675c694,SRCR-c41b5cc7258a88489fdef222,EXACT_STRUCTURED_IDENTITY,A
MED-d99f1963eb9b22959186fd1a,SRCM-944f5c7e82c257037279c2ca,SRCR-e22cfe6c0cd69bd96fbd34af,EXACT_STRUCTURED_IDENTITY,A
MED-d9a721031d8df6767aacf7d0,SRCM-7b929b963cf84396505f986b,SRCR-f7ea5c06cf8f677325756064,EXACT_STRUCTURED_IDENTITY,A
MED-d9bb800d70a26a24fe1d5f18,SRCM-f30f4bb8e03a1e6a269b9e01,SRCR-51bd8c2a958624112efd84ad,EXACT_STRUCTURED_IDENTITY,A
MED-d9ce59f68884d6e840e2e393,SRCM-e6fbb118e23576a32d1045bb,SRCR-7071b2de34fdc5ffa5eb1b99,EXACT_STRUCTURED_IDENTITY,A
MED-d9e1644f3838fb53b0a27c16,SRCM-f8e91a3b06a5e9d4517b3b94,SRCR-25836ae99e29fcd2c3384bad,EXACT_STRUCTURED_IDENTITY,A
MED-d9f280830f8fdfbc44106f80,SRCM-64663ff398ebef878777a0de,SRCR-3b6ff4394c225d37e565dd84,EXACT_STRUCTURED_IDENTITY,A
MED-d9fc899fbad7377528210d51,SRCM-84b0ae5a043b1c1cbf60f65a,SRCR-d336076e62b89001549de37a,EXACT_STRUCTURED_IDENTITY,A
MED-da5b74ecbba3829ee80fd580,SRCM-70813666c18f91ce4f8afc46,SRCR-8aca22fb1956bf8481de29bb,EXACT_STRUCTURED_IDENTITY,A
MED-da68a39e4ba3b3486921bb67,SRCM-57b78fa9348437f6237d90df,SRCR-765289459b6771a6cad57455,EXACT_STRUCTURED_IDENTITY,A
MED-da77e00dba8aeb7747908c51,SRCM-072e9a29295ed2828e65581f,SRCR-674da2911c3b1cd95f3c03ea,EXACT_STRUCTURED_IDENTITY,A
MED-da8ee03bad2f0dfec261507e,SRCM-1bb1f0eaba448df329844df4,SRCR-33ca1227c79dce5162e2525d,EXACT_STRUCTURED_IDENTITY,A
MED-da9d57a40d6d9b5f1819fc1b,SRCM-478c567ccb84dfb6ef488f39,SRCR-f0a4f51ec47d7f0c80de0168,EXACT_STRUCTURED_IDENTITY,A
MED-dac53c39adaea221d2920921,SRCM-e46b22933003c9601cc45933,SRCR-ab8bebe71f898111f3656a73,EXACT_STRUCTURED_IDENTITY,A
MED-dacbd548624625bc4bf642c5,SRCM-8174151b35a5037aee919506,SRCR-5da7bc11d12096b324b12ddd,EXACT_STRUCTURED_IDENTITY,A
MED-dafd8bfc9b9c224201735a87,SRCM-c1c60271819dd9cf4c2a2751,SRCR-17c08e64466d42d83a68101e,EXACT_STRUCTURED_IDENTITY,A
MED-db04bf53a8a202f309a48ca5,SRCM-da683f7d875196329cbd407d,SRCR-97030894e8ea0c978d2e9639,EXACT_STRUCTURED_IDENTITY,A
MED-db12d5fc51007e6e5c88e81e,SRCM-8380e46df432dda2e837dca9,SRCR-4c81d7529ae09943eafedb06,EXACT_STRUCTURED_IDENTITY,A
MED-db36de5a9cb90f61c6d54654,SRCM-3b87255b95df9003d34c34b0,SRCR-913363ffec7774ab20a624a6,EXACT_STRUCTURED_IDENTITY,A
MED-db45765ad1cc3473bd228361,SRCM-60c8f42b6f35278d2bebe6c9,SRCR-9729715f83a530745dd89828,EXACT_STRUCTURED_IDENTITY,A
MED-db54336e65d782646d239c31,SRCM-859996d3f4d04f2e4d12c63e,SRCR-d147cb2d75622eb79aaa3d9b,EXACT_STRUCTURED_IDENTITY,A
MED-db94adabeedfc0e6e74806e5,SRCM-3b6fa624536518ad652ee86f,SRCR-39d4dd96cce973d7b0c0200a,EXACT_STRUCTURED_IDENTITY,A
MED-db9abc3b94cb3f027bf89b8f,SRCM-5c8b1ab85cd79301fa1892a1,SRCR-961e3fef9ea5b27ee578dcb9,EXACT_STRUCTURED_IDENTITY,A
MED-db9efe272754d9e063233a8b,SRCM-8a614c3476494329331a7c8f,SRCR-2dd5fc8a2ed1a618423f6f3a,EXACT_STRUCTURED_IDENTITY,A
MED-dbb272d6041232127cad1d69,SRCM-f9dba6b0c7c913ececb7cd21,SRCR-f8fb4e507bc27af29595001d,EXACT_STRUCTURED_IDENTITY,A
MED-dbcabd2e6a5361707f72f473,SRCM-bf5ad447b7c696e5f722e646,SRCR-5fe11f3f39b714ae418b4476,EXACT_STRUCTURED_IDENTITY,A
MED-dbd79e5ce64888e90483a4c5,SRCM-2c15f7cf03ca185366c2d286,SRCR-cd229b65aae1fbfbbb2667f5,EXACT_STRUCTURED_IDENTITY,A
MED-dbddaee101af01a278946c46,SRCM-ad4384d3f86b0aaba34f9d48,SRCR-21791a50547a93dcedbe9e5b,EXACT_STRUCTURED_IDENTITY,A
MED-dbe2e95c67c5f7e903a46e15,SRCM-de9e126fbdaa0e82ed5f35be,SRCR-69e0668955f9faef0b42a053,EXACT_STRUCTURED_IDENTITY,A
MED-dbeff278dfbd126892246f2c,SRCM-62fc1fada5b3febffed65933,SRCR-f75e695f9c1e97bac06943ab,EXACT_STRUCTURED_IDENTITY,A
MED-dc0342f474bfd7037f879778,SRCM-1bf65cde46f3842bfe6ebf6c,SRCR-c2a249a035793f51b4d625fc,EXACT_STRUCTURED_IDENTITY,A
MED-dc08283301cd6c23d152f8cc,SRCM-90b7842193297f19ea051815,SRCR-af45a51ea2da055487c95919,EXACT_STRUCTURED_IDENTITY,A
MED-dc6b2303f41e8b0b9fd38766,SRCM-356ed10f5fef6f93fd9071d9,SRCR-2ba84f30ef1e1c2a9b01c700,EXACT_STRUCTURED_IDENTITY,A
MED-dc6eaae8c85dcec3bcf38256,SRCM-79e66af83d51917249f0dbed,SRCR-114579a03b8f89eb85bc888c,EXACT_STRUCTURED_IDENTITY,A
MED-dc8a0b4f743ea474d711fada,SRCM-da2bda98c99160b28fc35ef8,SRCR-f3974ff126e458f6067da9c2,EXACT_STRUCTURED_IDENTITY,A
MED-dc906a1876cae99425e2ba0c,SRCM-5a5ef02827f6c7c400363205,SRCR-3206a973bea444603f6ed2c7,EXACT_STRUCTURED_IDENTITY,A
MED-dcc3da3b294db0073a9f223a,SRCM-0214014a3268c2fdd45019a1,SRCR-3446eaa0d12cf484a0ec1476,EXACT_STRUCTURED_IDENTITY,A
MED-dcc9f2f5ec0bffff68ad0d2a,SRCM-49f71a1e851934b10a752b4a,SRCR-2b21343a6fb6c1f93d916479,EXACT_STRUCTURED_IDENTITY,A
MED-dcca2b95d415601356d3a39c,SRCM-3f2bb976e3ea95efd6d84a12,SRCR-31d005f1e0f3cf2f913857fa,EXACT_STRUCTURED_IDENTITY,A
MED-dcfdf5d1d9d8a82f6baed2eb,SRCM-d5c663ec9c00510d9e6e5d3f,SRCR-23cc629d7c07b7dd263adb72,EXACT_STRUCTURED_IDENTITY,A
MED-dd1033545a2962db9adff99e,SRCM-342b445c8c606353d5d157fe,SRCR-2d1e5bfb24335504f78d720d,EXACT_STRUCTURED_IDENTITY,A
MED-dd40426e34189ff933bf7de8,SRCM-ded1bf47f1aed7a122e1dc14,SRCR-7f58d8d7043d01dd4147e0d0,EXACT_STRUCTURED_IDENTITY,A
MED-dd5ce0b9defddf8f51984acf,SRCM-ab0bcb3fe1a193db80b1022f,SRCR-9db388805eb60636c61a8e53,EXACT_STRUCTURED_IDENTITY,A
MED-dd6a39dd1bdd9c32f242258e,SRCM-00f822a7c6c07407ebfe1bb0,SRCR-2478881552c6840a6f017207,EXACT_STRUCTURED_IDENTITY,A
MED-dd703dd3c390befa507c6b75,SRCM-1889605c13ff4392022b6d78,SRCR-ea1a90da4a613b29ca32ce22,EXACT_STRUCTURED_IDENTITY,A
MED-dd70e4f193372bb5f517498e,SRCM-1346fb60a60a9a1d12bb261f,SRCR-1e57a7c1f4cf31ac40ef10d7,EXACT_STRUCTURED_IDENTITY,A
MED-dd7ebc5a0d768f8ec2462864,SRCM-4f8675f24988ccac4f78f01b,SRCR-a3036f34518490fd39ee014b,EXACT_STRUCTURED_IDENTITY,A
MED-dda6fdc0636ab42afd3b0a29,SRCM-ba3f75b8f3ee8655c509543b,SRCR-714235d93fa24a00c81fd771,EXACT_STRUCTURED_IDENTITY,A
MED-ddb5f443535529a3c41a0f19,SRCM-9cc89a4673467ccc5a8a427f,SRCR-e0b110e974141a2bc9b5cb8f,EXACT_STRUCTURED_IDENTITY,A
MED-ddf8b549537a2d1805cfd1d5,SRCM-9a69b2320095a9aa08b9bbbc,SRCR-ff949115c456d8ede85e70d2,EXACT_STRUCTURED_IDENTITY,A
MED-de02ba5220ad643b74689420,SRCM-af87575bd7eb9ef4e1b8d6c5,SRCR-ef34fa392ff5e05757b305fb,EXACT_STRUCTURED_IDENTITY,A
MED-de15319c5f8c198af282c2ab,SRCM-3d4c369a82796863eeccf2c0,SRCR-a218246159b3b66964ff2509,EXACT_STRUCTURED_IDENTITY,A
MED-de2dac8cb40cc7c7923911e4,SRCM-e84ec2af61ac55759820f6a3,SRCR-9a0abb97d779eaac1454446c,EXACT_STRUCTURED_IDENTITY,A
MED-de3189bbe8124b771ea6e7c2,SRCM-ee337ec44bb6f12c6dce3d9d,SRCR-e78021393d6148af0298f980,EXACT_STRUCTURED_IDENTITY,A
MED-de49765aa942993bdb40d6be,SRCM-422e5af519fcac49e3b66a52,SRCR-f5cd66af5c9bc1ebfbc8f5e6,EXACT_STRUCTURED_IDENTITY,A
MED-de5024836f3b59b208a50524,SRCM-8cf5722224e4f41ab173e35e,SRCR-7158c76bc1ae36075a09e5fd,EXACT_STRUCTURED_IDENTITY,A
MED-de592366f2afe7b2d4f38cf8,SRCM-69ea092983e7373bd6f1b2eb,SRCR-da82ed132def8c25f3000aee,EXACT_STRUCTURED_IDENTITY,A
MED-deb79ca92f826f068f6435c7,SRCM-d48b860a1008205a44dc7e83,SRCR-180c7b22f402a669ae29661f,EXACT_STRUCTURED_IDENTITY,A
MED-ded5ebfc441ce5bc7a553b2b,SRCM-4bac24b22e7eab900022e373,SRCR-c4dc4ad947d2abfcee5fc0cb,EXACT_STRUCTURED_IDENTITY,A
MED-defbcf1d03c8a89fcf34122e,SRCM-b45cc6a9b0d55b7734e7b139,SRCR-2c7222d29de02ff272bb0318,EXACT_STRUCTURED_IDENTITY,A
MED-df1648913e3a99493eb0bd4f,SRCM-a1d609a1a5dd43bbe0c65b70,SRCR-221e3d4e09047d005e8c87fb,EXACT_STRUCTURED_IDENTITY,A
MED-df1b7bd8b5e2a159205e73cf,SRCM-7183786bbd62e89f5fa5be6f,SRCR-ed5610f037b83172536f4f0c,EXACT_STRUCTURED_IDENTITY,A
MED-df1d7e8b3e47cf0d04da3725,SRCM-5e6f60930c0d3dacf6cef682,SRCR-094b24b9b40f3377e52c40e5,EXACT_STRUCTURED_IDENTITY,A
MED-df2598e6e234aec467c7415b,SRCM-90bbfdccb4748c1712958195,SRCR-6f5db045657b9aeef3e08703,EXACT_STRUCTURED_IDENTITY,A
MED-df2e37e93b6e7cc408efab9a,SRCM-f47ef94777322463b2b5bd23,SRCR-250e9e37bf82a7a504f560e5,EXACT_STRUCTURED_IDENTITY,A
MED-df37133401227e1f52283ebc,SRCM-7c4ad62b2e524a0f8a4e7e92,SRCR-f4bb3182c74301c9a1f15b89,EXACT_STRUCTURED_IDENTITY,A
MED-df51b7711df0d09afb0663b5,SRCM-de337e7f1cb117dc064e2fdb,SRCR-ff3ea64e8e0dbb0da007cb8f,EXACT_STRUCTURED_IDENTITY,A
MED-df5a0890006268f9259887d6,SRCM-2d812b44d41af457e010a87f,SRCR-3ac976432bbbb8bfcc374e30,EXACT_STRUCTURED_IDENTITY,A
MED-df67594c076eb574c57eea92,SRCM-62813090a6a374b92ad3ca1a,SRCR-94fdbd9b8f899adc03d4ba4d,EXACT_STRUCTURED_IDENTITY,A
MED-df8128082b408c22b1bc24ae,SRCM-52bb3ed3e38c532635eb37ed,SRCR-0e49f6f78616620dd0f9fc93,EXACT_STRUCTURED_IDENTITY,A
MED-df9202ad06f4c6ca518940e1,SRCM-46b8cfa1db5d0676f8fa666d,SRCR-4d70af195dd9443c7fec0fc9,EXACT_STRUCTURED_IDENTITY,A
MED-dfb07c79ade5b67ce9bed590,SRCM-6a98da4723628b35eaa349e6,SRCR-769bb250cf35781d4f3a00bc,EXACT_STRUCTURED_IDENTITY,A
MED-dfb6f43e329c0be3dc6a90a0,SRCM-94c2ebdbba700646692aa514,SRCR-c18fb78ed91ea5acd6dc59cb,EXACT_STRUCTURED_IDENTITY,A
MED-dfb74229928700371d38b67b,SRCM-a741866ac8dc3e391f42cfae,SRCR-944d376bc465ce5e8e9d2fa7,EXACT_STRUCTURED_IDENTITY,A
MED-dfd334d4723d3a6f314715a9,SRCM-e37ddd4964d663c140657a86,SRCR-1ab288e060ffb66a1b5cc0b1,EXACT_STRUCTURED_IDENTITY,A
MED-dfe4fc8489c6714748d290ba,SRCM-6fb45caffb37ba77ae78548e,SRCR-059be8ec57089f328f5d8fe2,EXACT_STRUCTURED_IDENTITY,A
MED-dff25bd7df50ee1fd2558e37,SRCM-1e7dc34ea3ee88d11fc61cb6,SRCR-88aa2ac29c7df40209230aa7,EXACT_STRUCTURED_IDENTITY,A
MED-e00544a0581adc3edd0fd5bf,SRCM-0f7c1947536bbca5a47d436a,SRCR-eb3a6965c4eb1e40f33416bb,EXACT_STRUCTURED_IDENTITY,A
MED-e01c7cf1cc5979259cdbb84b,SRCM-8a5ade35d5aabcd8346d38d4,SRCR-39479b3508bcfdfe4da86ace,EXACT_STRUCTURED_IDENTITY,A
MED-e025fa522b7c7b86972fcd7b,SRCM-bfdc3afef3a02aa7b9d6e145,SRCR-d0008b8122c4351f90092648,EXACT_STRUCTURED_IDENTITY,A
MED-e028a8c69d6b89c78f425ae8,SRCM-105024652b364705c12951f2,SRCR-151e4eae1c4ba29c9c32be6a,EXACT_STRUCTURED_IDENTITY,A
MED-e03917511a973dd1445250d9,SRCM-39bc6960f54dfa0d8c3c7f66,SRCR-67af711318101454fc1812cc,EXACT_STRUCTURED_IDENTITY,A
MED-e03b9c1b6e7e7d814b5e5458,SRCM-4c1cd4f476b891ed20a03867,SRCR-6b5ca711d0a0f42320e77a52,EXACT_STRUCTURED_IDENTITY,A
MED-e05d2bc6569aec2d33f5a1c0,SRCM-cd029eca56dc2ec00ba2947c,SRCR-5f0dccd65cb620f806d69755,EXACT_STRUCTURED_IDENTITY,A
MED-e071df4c9e8ab99adaa476fd,SRCM-3fdb1f5ffa60e0ffecd6068b,SRCR-b6bab0ccc16bec9c8a85f0c8,EXACT_STRUCTURED_IDENTITY,A
MED-e09d2d0df1ae80d885f6a5b3,SRCM-203e200c48b6ce072f9810b9,SRCR-0c1950f52ed714245e4fd4c4,EXACT_STRUCTURED_IDENTITY,A
MED-e0b2c8653ab7191af381bd5d,SRCM-c78d51d97761100d4aab84b2,SRCR-9f045938730ad5f3e46cd296,EXACT_STRUCTURED_IDENTITY,A
MED-e0e661fb3cdc434201abad25,SRCM-e525e173b1a55c1f6fbb459a,SRCR-dd310ddfdd8846cb51caaf86,EXACT_STRUCTURED_IDENTITY,A
MED-e0fa232b81eb83687c15be4b,SRCM-600b474a6b3e3fd388d2d2e8,SRCR-881d88c18b3bb442d53b5c78,EXACT_STRUCTURED_IDENTITY,A
MED-e0fdbb80a60eb10f35b46d38,SRCM-48cd5e55f180ce74b44dcfd6,SRCR-ce6c5f84388b6f5ce9dd7275,EXACT_STRUCTURED_IDENTITY,A
MED-e13bec3a5c34e2b39a96ac33,SRCM-7a696691a21f9b896ea979ce,SRCR-7cca5ad369ed5916cde8add2,EXACT_STRUCTURED_IDENTITY,A
MED-e17cec1fdb128deac28210aa,SRCM-91a2975fa3b26c4400c0e6b2,SRCR-1f4dcf4b70b5212e51872a75,EXACT_STRUCTURED_IDENTITY,A
MED-e183683aaf234d3b04654c6d,SRCM-e164d6d3e348c593748d1d42,SRCR-1a414cc3ebb7b71d40abd21e,EXACT_STRUCTURED_IDENTITY,A
MED-e1895343cbe323015b6e279b,SRCM-aec7408b704c4a3dd9c1a3e9,SRCR-81acb192342431acc41b841d,EXACT_STRUCTURED_IDENTITY,A
MED-e19244669ef4931a5e339a86,SRCM-f1fee64ad5e0e34bb89ad230,SRCR-cdbd05658cbf272bec4996ce,EXACT_STRUCTURED_IDENTITY,A
MED-e19a131ef51435491e5209f0,SRCM-57ccb5b852643968bac87af7,SRCR-f9c27d1f33cf73740b9c1e61,EXACT_STRUCTURED_IDENTITY,A
MED-e1a59ba10581f07b3e825421,SRCM-68e8b054e5b7197638e84da1,SRCR-1198113658b43a0c7dc0c28a,EXACT_STRUCTURED_IDENTITY,A
MED-e1e3c31ad5aa62384f93b527,SRCM-237ff157ade72fefe7001935,SRCR-811133785b5ea8de168ff835,EXACT_STRUCTURED_IDENTITY,A
MED-e1e72630962753db0e20dbbd,SRCM-e686018e8db0052a6b598045,SRCR-5e97c37d9f270c5a6cc2ac8f,EXACT_STRUCTURED_IDENTITY,A
MED-e1ef9ead70e27f180bcf27f3,SRCM-da57a8c74aec91c92d6c13e6,SRCR-89b00b4948a38903b724ef62,EXACT_STRUCTURED_IDENTITY,A
MED-e1fd4446f8d8fb966e080906,SRCM-5ae9a12eebb7c1823988414e,SRCR-5781924c1c18eec5098ea6c6,EXACT_STRUCTURED_IDENTITY,A
MED-e206f1088fa47ff0044feabf,SRCM-a0fc7ce3b8b1024d8de1328e,SRCR-5c3dcba2cc7a643689006bef,EXACT_STRUCTURED_IDENTITY,A
MED-e248d11990e972f770f00163,SRCM-d2896ecd2f40cd522c3caed6,SRCR-84d1230b1f02dfad55d5c37a,EXACT_STRUCTURED_IDENTITY,A
MED-e2599d9b24ac15ed5a6d07d6,SRCM-b25f060e57d82e6ed09736a7,SRCR-894060d2ef7ee1b1b413bbe3,EXACT_STRUCTURED_IDENTITY,A
MED-e2717bffa1d55c463f6c564b,SRCM-1032ff1a8c0d9781da147fb1,SRCR-5bb4686726d5e76dd209a703,EXACT_STRUCTURED_IDENTITY,A
MED-e2a052cff30ce70726f3c63a,SRCM-ecb79df8670215e1cecca54c,SRCR-047bc501e558927683bd0a4f,EXACT_STRUCTURED_IDENTITY,A
MED-e2a874989beaf506d34f56ee,SRCM-84fa50a815d32e0328c8dd62,SRCR-310e6d4a719924ef43abd63b,EXACT_STRUCTURED_IDENTITY,A
MED-e2bcf9959d7ffc1a3a502986,SRCM-0f3c1ca49444598bb4a7149f,SRCR-a40c7d16e69b702003fbc6cd,EXACT_STRUCTURED_IDENTITY,A
MED-e2d3dce8d1c40472f2d27e51,SRCM-cb5e1397ebf8eea44676a331,SRCR-4415a2528b8c4a280702e8a2,EXACT_STRUCTURED_IDENTITY,A
MED-e2ec2e62a2372fc587454877,SRCM-28f325660cb128786171ae05,SRCR-ec06a67d38f72595dae66c2b,EXACT_STRUCTURED_IDENTITY,A
MED-e2f9771b52f85fb49ecb7072,SRCM-b65df4fc3b5fbcfb577f8e8b,SRCR-13dbd7a597abb08bd8b04cae,EXACT_STRUCTURED_IDENTITY,A
MED-e2fb3d61faef1f176fb8f8f7,SRCM-eb509e594017110ca41029b5,SRCR-ba28b95986f2a9ccfc1fdc33,EXACT_STRUCTURED_IDENTITY,A
MED-e3009dedd2a522e3582a39c6,SRCM-cd572ffd5bb85b34137d4843,SRCR-ceb1094cc3aff0d8b369641e,EXACT_STRUCTURED_IDENTITY,A
MED-e31070e09c76ce0cd37da11e,SRCM-285eb6508642b211b1a7644d,SRCR-9599078320abb0826c526602,EXACT_STRUCTURED_IDENTITY,A
MED-e31cf2f65a7863106305d64b,SRCM-a2d9968025ed2c732df43092,SRCR-84614588198ae66372b3d6da,EXACT_STRUCTURED_IDENTITY,A
MED-e3296119d3360653808a7d92,SRCM-4077806fc1b3efca5df552a3,SRCR-03480ab75588ce158bc3ffdd,EXACT_STRUCTURED_IDENTITY,A
MED-e358262f04ccc1841f4d728f,SRCM-3d7d285a944d1dc3ecf434af,SRCR-6a5d0db451b3c9a721c61d29,EXACT_STRUCTURED_IDENTITY,A
MED-e37431e817cda90b17a54c61,SRCM-7adc3c65ddeac3fa7147db29,SRCR-a33a24a563a4aeec027a9e78,EXACT_STRUCTURED_IDENTITY,A
MED-e37b15c856d6ec3f4aa9f0de,SRCM-b00df16e7675530698efed58,SRCR-7699cfa578d006f44862f673,EXACT_STRUCTURED_IDENTITY,A
MED-e38538e4cb1adb8cc3820a08,SRCM-b4c70f51311f925f9bb6373f,SRCR-dd2d0bd3153291f7a172ee38,EXACT_STRUCTURED_IDENTITY,A
MED-e3965f02658bbc7e7faa5a5a,SRCM-3e6a355a58a91479cc72cc5d,SRCR-092b8b1bd229f6e433877365,EXACT_STRUCTURED_IDENTITY,A
MED-e39e4b464a966c5e4548ee74,SRCM-3cd58e272f9faccf75eb50a3,SRCR-d3f7da767595f40a3f174c34,EXACT_STRUCTURED_IDENTITY,A
MED-e3a2050a07dbb9e3bd867351,SRCM-60fad2e13927f456405c9582,SRCR-2e77bbf0f2b50e8a8d5ce9c0,EXACT_STRUCTURED_IDENTITY,A
MED-e3a73aa71e177cc775b0309f,SRCM-265a201780d4d92445fbf58e,SRCR-e60f6e7dffbd1aa75aef2ff2,EXACT_STRUCTURED_IDENTITY,A
MED-e3c71caa2c68df063dc2b156,SRCM-02fa0cbef55a8991b66d728c,SRCR-e344c77a8d387268e393902b,EXACT_STRUCTURED_IDENTITY,A
MED-e3c9a2864958b915d088db54,SRCM-8c24b4bb9c51fb67f37ab39f,SRCR-fff087c5248f01d59d795138,EXACT_STRUCTURED_IDENTITY,A
MED-e3ca45e474c2e6ffaf9e318a,SRCM-a3c9491c9be2a27398afd2ed,SRCR-a1ba7c8d7a4c4b52001985f3,EXACT_STRUCTURED_IDENTITY,A
MED-e3cea70486630c327b9aeb43,SRCM-c90d8f1f2fa6388e09c7a6b7,SRCR-769bd36065d8d1e9f0b28920,EXACT_STRUCTURED_IDENTITY,A
MED-e3e4f6ef45e44b72c03d79a3,SRCM-fa94c051c32de292951b6381,SRCR-2354c1103e1affa6e6f77368,EXACT_STRUCTURED_IDENTITY,A
MED-e3f1e9ca8e6ed57f6b122f2d,SRCM-d865e12ea6d1455899af679a,SRCR-a645cecc2be790f7ee64110a,EXACT_STRUCTURED_IDENTITY,A
MED-e41d0d1ff12d623bc16ef4da,SRCM-912b9ed0337760313e87b7ac,SRCR-16fadd986364e46fc6952b98,EXACT_STRUCTURED_IDENTITY,A
MED-e44183554ecaf73367c739a4,SRCM-92c8714ed3b886cb2ddb1ff8,SRCR-fb8a773bd6152814a99cb929,EXACT_STRUCTURED_IDENTITY,A
MED-e443cd3f87481e0c9232fc0d,SRCM-18500d49b3ba8b6010c87dcc,SRCR-00904cfc69b69f456192f479,EXACT_STRUCTURED_IDENTITY,A
MED-e455925e3c11a887c0041ca3,SRCM-1bddacceef2453ff2adb3dba,SRCR-0e846d5bf65007b765e37df8,EXACT_STRUCTURED_IDENTITY,A
MED-e4566a853cc00bdab62e3bdc,SRCM-d1666d040cceebed342aa73e,SRCR-1dcfed449ebdaad68a260435,EXACT_STRUCTURED_IDENTITY,A
MED-e46154428bf8ad99d5194dff,SRCM-cc5f89028dc20a31695a9600,SRCR-951403c9fd9e72341efed4fe,EXACT_STRUCTURED_IDENTITY,A
MED-e463b9cc4c47923f42c6f1ce,SRCM-6dd92e7bdc468035d834e086,SRCR-b9a92c7515238d5c2bdf3a37,EXACT_STRUCTURED_IDENTITY,A
MED-e464cae9a731f82036fe631d,SRCM-cf0bf17245e7f373f6a88f08,SRCR-4d3c2fb4fef2903a84e62dea,EXACT_STRUCTURED_IDENTITY,A
MED-e478d6186711110140a454ff,SRCM-07cce4224c070903452307c8,SRCR-adb3fbf87c584f2857fa2bad,EXACT_STRUCTURED_IDENTITY,A
MED-e4854be6df18588c6972febe,SRCM-f2c7376a9688b8399d3ae12f,SRCR-5252bb1fbb565d4f6458e658,EXACT_STRUCTURED_IDENTITY,A
MED-e490c38f1a7a8eafc6598849,SRCM-2385d2bd752370ebc17f165f,SRCR-979887091975f0b118ce99dd,EXACT_STRUCTURED_IDENTITY,A
MED-e4a68f4212a70662734a4455,SRCM-96e62cdecbe490447f0c4856,SRCR-92f83925c5b9b8d9be61fed1,EXACT_STRUCTURED_IDENTITY,A
MED-e4c02ec3051b28866be8ee5b,SRCM-649983aea21b967607166ffe,SRCR-3fff69355624bd1f88c4cef4,EXACT_STRUCTURED_IDENTITY,A
MED-e4d09c31502a7c8b0e5c1492,SRCM-46a4dd13e36ed907913a40bc,SRCR-58c10597d0e6e4ed28993bc3,EXACT_STRUCTURED_IDENTITY,A
MED-e4d2be2b1c08862e3efefa71,SRCM-76a9fbf5c3fd1d02b9a6f670,SRCR-d0d40aa5428185887e69f35e,EXACT_STRUCTURED_IDENTITY,A
MED-e4d82ce496937c4360b2618a,SRCM-5b47e587ea6afc089103f7b6,SRCR-6f302dfd3c3b4707f381ff6e,EXACT_STRUCTURED_IDENTITY,A
MED-e50a60bc4b1e2fdb4c7ea17f,SRCM-6f289c2c8ce9cdb94eec3557,SRCR-0a4f33812718ff6e242ae7ea,EXACT_STRUCTURED_IDENTITY,A
MED-e50b7453bfaabf31de549ea4,SRCM-495ad7268898c70543cf5718,SRCR-555c980a0f46429cebaeb622,EXACT_STRUCTURED_IDENTITY,A
MED-e517d7ca7d4b6e0c651e260f,SRCM-618d9b0055b67372404f774b,SRCR-e8e5f5ae6ad55b8b13bdcf40,EXACT_STRUCTURED_IDENTITY,A
MED-e51fe209c700e62965276a5e,SRCM-e8a44e047434540c9a77a79d,SRCR-84579b494b9d8cfa07719f2d,EXACT_STRUCTURED_IDENTITY,A
MED-e52e0d87212c05531ac68fd4,SRCM-2a884b14a040dac7e27adf64,SRCR-080f3e3208653613c2df962e,EXACT_STRUCTURED_IDENTITY,A
MED-e5344215ae2e55c5b139ad04,SRCM-1d03531fffe6ac45eb6a5817,SRCR-e7fe71774c4ec03b1e7a5ee5,EXACT_STRUCTURED_IDENTITY,A
MED-e54a16e09d5c9643206487fb,SRCM-fed6426eb3536aea043e919e,SRCR-d28034b47983f1999925723a,EXACT_STRUCTURED_IDENTITY,A
MED-e55604e48820352f78859c2f,SRCM-3c3b269acbb830574941a431,SRCR-4e342554185fdfa320c5bee5,EXACT_STRUCTURED_IDENTITY,A
MED-e581c34973ab2ee2b6095410,SRCM-4aef9ce93bab4a30ab562a97,SRCR-33f1e6231447cfb969ab1d14,EXACT_STRUCTURED_IDENTITY,A
MED-e590d9ee07ec27869e3f59ca,SRCM-1f81ad9d5d92a7ecf32b0af5,SRCR-174ecaf3923cd7ce131a59a8,EXACT_STRUCTURED_IDENTITY,A
MED-e5ac757b13220f385e5fc8e9,SRCM-d57a87634f1251458712c8aa,SRCR-166e0a6a60618f5d55e237dd,EXACT_STRUCTURED_IDENTITY,A
MED-e5b7ea12c2cd9e6d787023ba,SRCM-c4dbfef0d309ce0a9ab8927b,SRCR-700615d1684e5cda2efa9c31,EXACT_STRUCTURED_IDENTITY,A
MED-e5d2792f46cc86888ba26108,SRCM-d6b669a1c2d97aa22d55bfea,SRCR-2ceb0578ebc078fcea136b84,EXACT_STRUCTURED_IDENTITY,A
MED-e5f79021216d98511060d206,SRCM-d038fd5c4ded00525ff20967,SRCR-3535d248f0ba2da4ff2cfaf0,EXACT_STRUCTURED_IDENTITY,A
MED-e5fafdb2ca5399af244ee0f6,SRCM-43868c7052e22c30d7af1af2,SRCR-56f6b994fb0b45426428e2d9,EXACT_STRUCTURED_IDENTITY,A
MED-e634950f2a102bd7247b41bc,SRCM-52d57ecbf6c3d78cdfb8814a,SRCR-899ad07f706c8ab8162cb61e,EXACT_STRUCTURED_IDENTITY,A
MED-e63495255cd67b04845539ff,SRCM-df5a34a7a9ef24483ef5aed9,SRCR-cb8e604d17d70ed93d6def4f,EXACT_STRUCTURED_IDENTITY,A
MED-e684f5f2a98c9d07119d7f14,SRCM-29981ec5f1fbb9271e9d761a,SRCR-04f517c07936f5ddb717e35e,EXACT_STRUCTURED_IDENTITY,A
MED-e6a60f3a1968153f3df9cea3,SRCM-146e2c191f48d3539e41d6df,SRCR-2437862f86663e4731d0a23e,EXACT_STRUCTURED_IDENTITY,A
MED-e6d18560b8033837a536ec81,SRCM-0ac91d8a113c42a0a1516f10,SRCR-9ba0426dc744bf9a96e1404c,EXACT_STRUCTURED_IDENTITY,A
MED-e6de3a47c15a19bb70e4bc74,SRCM-f20be00f28c07b7da0b7e135,SRCR-6263016b46b5890cbd7d8a98,EXACT_STRUCTURED_IDENTITY,A
MED-e6ee0e050b0f2992252ed808,SRCM-92a94db5aa81ae2858927e23,SRCR-345c109e89e5a19b83b703e1,EXACT_STRUCTURED_IDENTITY,A
MED-e6f2ce42d438c689f00f1988,SRCM-0dfe5ecd9753635e992aef43,SRCR-42b0b233654926d25df36dbc,EXACT_STRUCTURED_IDENTITY,A
MED-e708e4f85c1e17b983bf2cf3,SRCM-5db9fe960c09312bd5878bc3,SRCR-1b8eb7ef82f52418f7ac6bb8,EXACT_STRUCTURED_IDENTITY,A
MED-e71633a2e82e8b7ad604c014,SRCM-445e53c9a1db264dc06d6e20,SRCR-c3d86f0fe765fbae846d484a,EXACT_STRUCTURED_IDENTITY,A
MED-e734199c70c7eadc2852378b,SRCM-816fcc012961e89d12b22b99,SRCR-d1bee79fda18ad6a406183be,EXACT_STRUCTURED_IDENTITY,A
MED-e73dc69990330f4484aca9c9,SRCM-735f420b9c51d0a59410c759,SRCR-39dc7ad96b81e47355057205,EXACT_STRUCTURED_IDENTITY,A
MED-e7404db8f0effdf74820073b,SRCM-240252c95afba61016688491,SRCR-20f2e72bc50497615b3c490b,EXACT_STRUCTURED_IDENTITY,A
MED-e75222a2d5e518ec1a91f5ac,SRCM-3fe062b523894618e8b2735e,SRCR-ab1933be41bc2f96559870b6,EXACT_STRUCTURED_IDENTITY,A
MED-e757b16095e5ae1206f659b8,SRCM-45dedb319e4a8dffb28f10f5,SRCR-92e09c96360492b5abd54e8f,EXACT_STRUCTURED_IDENTITY,A
MED-e7ccdb91c118047852179028,SRCM-26d2a04bdbe5f073221255d7,SRCR-8e9d54a12f852b0d9842c529,EXACT_STRUCTURED_IDENTITY,A
MED-e7e534928e674b3c7e73e734,SRCM-ac048acbb331fcf9901f9ef8,SRCR-a7dedd9d069ae431f0007806,EXACT_STRUCTURED_IDENTITY,A
MED-e82109ab319c950a4050771d,SRCM-61069f74836434c571570452,SRCR-69ded4bda211470fad1ba362,EXACT_STRUCTURED_IDENTITY,A
MED-e8353ee93619ed2c6d053bdd,SRCM-05cdc699fd17ced06c9018fe,SRCR-78b48046f65583d3cd1b5451,EXACT_STRUCTURED_IDENTITY,A
MED-e83fef86ec80fb803193725e,SRCM-a648540853211c192cc4ea74,SRCR-15674914bf2ffe5ba7eadfc7,EXACT_STRUCTURED_IDENTITY,A
MED-e84a988f4845d48b0bd56be6,SRCM-5560ba32cf417ab5b328fa76,SRCR-db0be7528c30e87b2b11e3f2,EXACT_STRUCTURED_IDENTITY,A
MED-e85062c043e503936f89221b,SRCM-2940cf5668699f62a7ad84ed,SRCR-6381e170fa5f7037053bcb17,EXACT_STRUCTURED_IDENTITY,A
MED-e85bbc86f5bf407786394bdf,SRCM-467e10d1895e34513df2f42e,SRCR-9ebf3c1c79e234d2de0665ea,EXACT_STRUCTURED_IDENTITY,A
MED-e86060290e0aee329772491c,SRCM-df41a48e9579cd96ec809050,SRCR-6566e9aed55d24524d1e3d8e,EXACT_STRUCTURED_IDENTITY,A
MED-e8984a490f17a5c5f7e8900d,SRCM-d490d7b323afe38fc050c46d,SRCR-adbd5068cabe37b52fa5d11b,EXACT_STRUCTURED_IDENTITY,A
MED-e8bcf6cd00f1e00232883a67,SRCM-30baea220cacf4968031c0be,SRCR-3c437943a36dfd74c4285987,EXACT_STRUCTURED_IDENTITY,A
MED-e8be3e058820af9f857ebf12,SRCM-707b35eebb18dd70299e6367,SRCR-0c8523931089a74670a76283,EXACT_STRUCTURED_IDENTITY,A
MED-e8dc12793063734bdf53c1bb,SRCM-efcc756038b164ed9e729788,SRCR-19972f7402fd5873f93bc4c8,EXACT_STRUCTURED_IDENTITY,A
MED-e8e80a4078dc29a97cf046b2,SRCM-b4fa5a863cbb43406f1aa0de,SRCR-862493d487fb568e7b18f2d9,EXACT_STRUCTURED_IDENTITY,A
MED-e8ebe71dc341b6013433ed03,SRCM-497f1b939137aa8781ba4208,SRCR-44fd1c9197beb284ed04e3e5,EXACT_STRUCTURED_IDENTITY,A
MED-e8f25c8c2f6cd33104839d67,SRCM-95740e45f905af482e4c9390,SRCR-0325d5eaf731e511382891c2,EXACT_STRUCTURED_IDENTITY,A
MED-e9041e95da78612f3c47b22a,SRCM-b195ecf5c67af334a0f1ce69,SRCR-b9ca0fe588ec4f4246d3473e,EXACT_STRUCTURED_IDENTITY,A
MED-e91b338d884142f27ef0df29,SRCM-bb75f5f34871d97349ef2e27,SRCR-d882b638bb933395d8cbad03,EXACT_STRUCTURED_IDENTITY,A
MED-e91db55f13abe4e7674a1409,SRCM-8e6cacca84b5249ea1fa58a5,SRCR-1abe5b0baafe3898e1d68879,EXACT_STRUCTURED_IDENTITY,A
MED-e93e5ba7dd9fbce01a671727,SRCM-ff873477cf055e882dbc23ca,SRCR-dced029266e31594008891ce,EXACT_STRUCTURED_IDENTITY,A
MED-e995501504fe164cdc303b15,SRCM-91dadf138c11b1df202f31b4,SRCR-71e0210cc1f94f49ff14d7d0,EXACT_STRUCTURED_IDENTITY,A
MED-e9ab3a4ec937ffb19831be54,SRCM-1d5de453c0f46bd8689c1c9a,SRCR-e211eef75d262e536a6fe19c,EXACT_STRUCTURED_IDENTITY,A
MED-e9b66c8409aec03e8eb3ec7b,SRCM-2f453e2e4825196ef0c1a810,SRCR-336f5667d38f6d2f619b6140,EXACT_STRUCTURED_IDENTITY,A
MED-e9cce9a238398d3dd4d61ec4,SRCM-8766654a965ea93286eb1382,SRCR-ae2113e5b81bb0eecff1823b,EXACT_STRUCTURED_IDENTITY,A
MED-e9e2f02be224920be225d4d0,SRCM-63f0e7fb7448f8cf668265d2,SRCR-ebf733f21d1dd3377b0ffb6a,EXACT_STRUCTURED_IDENTITY,A
MED-e9e514e895dc689d678f746a,SRCM-0b36e95e642d6c88e8155019,SRCR-5479c95c7699756de58ac400,EXACT_STRUCTURED_IDENTITY,A
MED-e9f792967c7df4aacd5e7453,SRCM-9917b3c0d8e2cda02c7af109,SRCR-a141791678c65a48bb77b16e,EXACT_STRUCTURED_IDENTITY,A
MED-ea0f0353f4c15662977bd42b,SRCM-6475b3fecd089a83d96969f4,SRCR-456f44911e696c7ab9fbd9cb,EXACT_STRUCTURED_IDENTITY,A
MED-ea3e79e672e34d5d5d1d64db,SRCM-218b9c5a2d50d5acddfd4777,SRCR-6e1570d45ef3689effd3cb1f,EXACT_STRUCTURED_IDENTITY,A
MED-ea557a5128c8a6340e04a092,SRCM-1098f4cf86b8f4c676150ed6,SRCR-b4c84f8a0668847dfd461822,EXACT_STRUCTURED_IDENTITY,A
MED-ea60ab8ff643c0582b4074fa,SRCM-ae53b0731f0a0f9edb14aa39,SRCR-e65c62d5a4565c50911dd2b2,EXACT_STRUCTURED_IDENTITY,A
MED-ea65b5bcac12be33d5eafb5f,SRCM-46f58bd2ff155dd683f98fbb,SRCR-6aa7f73153660e5fe1785875,EXACT_STRUCTURED_IDENTITY,A
MED-ea6a8b87689abacddd1320ca,SRCM-733f3c38b5a5e33f7d6000cd,SRCR-561017baf4cd1091b4de9ecf,EXACT_STRUCTURED_IDENTITY,A
MED-ea6bdac0b98287e6ec8db9ef,SRCM-3f8a47e49f4f9e677572f43c,SRCR-7ccce95c6c0bfe63d30e5c5f,EXACT_STRUCTURED_IDENTITY,A
MED-ea6c1a36355a8695292b8cad,SRCM-3f62348098e5ad53141e7162,SRCR-d11b0838dab80d0e3ab06eaf,EXACT_STRUCTURED_IDENTITY,A
MED-ea8a05a49ad53822b6c22351,SRCM-84455f15ca7698e12b1c3b3e,SRCR-f77728ef53356cd454e41434,EXACT_STRUCTURED_IDENTITY,A
MED-ea8e1bb8edbdf1118c61f5e3,SRCM-7e2c86f239d040230bdd3d22,SRCR-a10efd4fa09c4f0006259b55,EXACT_STRUCTURED_IDENTITY,A
MED-ea99d20a501ab9ab09838b2e,SRCM-e44f190c81976e5bfe174ca0,SRCR-0ca51f0cf334d0879e1ffe5c,EXACT_STRUCTURED_IDENTITY,A
MED-ea9fa1ddacee299c16b84232,SRCM-b243642da33075578c164880,SRCR-5578ecc8d00242c79922b58e,EXACT_STRUCTURED_IDENTITY,A
MED-eaf16908bef27d9d6e8afb33,SRCM-6c7ce829136d21b010110c4e,SRCR-614e5c7cb5392932f10ad475,EXACT_STRUCTURED_IDENTITY,A
MED-eb0dc71b00cc211f9e759cb4,SRCM-c3a72a356d10782ae2cd62db,SRCR-4694d589e4377b08d97f8aa8,EXACT_STRUCTURED_IDENTITY,A
MED-eb149adbaa66eafb3d1b4429,SRCM-25f5969548a2bdef451e0ba5,SRCR-2a47f883c0d6684f39418292,EXACT_STRUCTURED_IDENTITY,A
MED-eb14eaa57f098d77ae448a3c,SRCM-3334952d6ef2326383a83ed0,SRCR-ec4fedc5c505218ad3886202,EXACT_STRUCTURED_IDENTITY,A
MED-eb185a3e852b6a119cca43d5,SRCM-f169de3b7471d2fb499f56b9,SRCR-876289406c9081afb80788e0,EXACT_STRUCTURED_IDENTITY,A
MED-eb2faf4459ce651f409e96c8,SRCM-3f685adfc470cb500af711d9,SRCR-ada32bfedf279c83ac357c2a,EXACT_STRUCTURED_IDENTITY,A
MED-eb6402adc34c616ca36697c8,SRCM-5615790dea414f5f63168f97,SRCR-0249324b0b057cf85cc4a42e,EXACT_STRUCTURED_IDENTITY,A
MED-eb8791c692e19ec51faa3d80,SRCM-4467e1f1def7bc0cae8b72e4,SRCR-73d5b7ac86e2002cf6c13ffd,EXACT_STRUCTURED_IDENTITY,A
MED-eb97bc12565c6e431236e063,SRCM-1cd6ccc4c6b1cff8e57c496f,SRCR-a4d61ef88cc93e030ae549b8,EXACT_STRUCTURED_IDENTITY,A
MED-eb9e49c3b79aafd799c8b0b9,SRCM-10e5cd23660465ac03dd6568,SRCR-9e7544ad4855d6572d502b20,EXACT_STRUCTURED_IDENTITY,A
MED-eba52856a05ab044158daf2b,SRCM-7a37d497fde0d5ead0e2b85d,SRCR-4051cf1807ca064005a14f1d,EXACT_STRUCTURED_IDENTITY,A
MED-ebac337f1addce98bcbd4935,SRCM-e53dcf078661d370113a3ba7,SRCR-5ce722eafc007465e37ef15e,EXACT_STRUCTURED_IDENTITY,A
MED-ebb67f83ce9e4bf281dd3559,SRCM-fd66c171214fb51d10881eb4,SRCR-c9391514d23ee439030221a0,EXACT_STRUCTURED_IDENTITY,A
MED-ebbabe8999957f1d7e87e8bb,SRCM-167c44daba70fb1c0cfa5811,SRCR-66d79b2903ca8ecb3342491d,EXACT_STRUCTURED_IDENTITY,A
MED-ebc4ce1be9a8037d09ce3769,SRCM-66e9c35686b99bbd54f1017b,SRCR-e90885ddaf5e36945abaee68,EXACT_STRUCTURED_IDENTITY,A
MED-ebc95ff3d7db5d6ee33a4030,SRCM-3aa5631a81a82673ba801677,SRCR-101018d0b018464b21101ed7,EXACT_STRUCTURED_IDENTITY,A
MED-ebd2f4174ffa597193a46d30,SRCM-f4faa45ceb1d000682b84e56,SRCR-54ebf1eab06ad112ba5f90ae,EXACT_STRUCTURED_IDENTITY,A
MED-ebec9c3545b97854cfe679a7,SRCM-4ab778d99461f73c01bf4be9,SRCR-1cd556de44ce2213fc8f6e7b,EXACT_STRUCTURED_IDENTITY,A
MED-ec055817f730bd8e81803a70,SRCM-bfb76a46044f05ea5f1d40a1,SRCR-e023303ede61936e46116214,EXACT_STRUCTURED_IDENTITY,A
MED-ec2e4d808c77ae8cfdc733f9,SRCM-72c3b4432cd1c5e5cdf1fe1b,SRCR-b116d5d566f720b38fb29250,EXACT_STRUCTURED_IDENTITY,A
MED-ec39c71b9d172af1e01ab5ee,SRCM-0c7d9b8034eaecad3e12f612,SRCR-78694c1b4390f592e21c9ef6,EXACT_STRUCTURED_IDENTITY,A
MED-ec3ffa8380976befef03f3ff,SRCM-72fac40647ddf35a36baf98a,SRCR-9ca2d460544b4926238ca3de,EXACT_STRUCTURED_IDENTITY,A
MED-ec6dc1ece2101f1c249fdbb1,SRCM-35446abd97e6d71f64ba2942,SRCR-2ae319d4f89bf81c81266324,EXACT_STRUCTURED_IDENTITY,A
MED-ec77e7a111430375a93292cd,SRCM-87b6e84feac6336ce0f446d2,SRCR-d2fc82bc49b6e05953f21645,EXACT_STRUCTURED_IDENTITY,A
MED-ecb6978c7adec4440e716d37,SRCM-5efbbe4c6460bf7444056f63,SRCR-6f3c98a71e7574ff577cba7f,EXACT_STRUCTURED_IDENTITY,A
MED-eccaa124e083ea989a85b142,SRCM-47e784ef30656d7356c336f9,SRCR-51b195609e737ce34701c82c,EXACT_STRUCTURED_IDENTITY,A
MED-ecd1b4e7887a20533e3055de,SRCM-d12113be96fe51166d02c1bd,SRCR-53976b4c221dde1df94b1f83,EXACT_STRUCTURED_IDENTITY,A
MED-ecff3d39c0cb9ab0e2391ba9,SRCM-52991b3e36a9f63f5e3a9be2,SRCR-88fbaba5864256a69615cd06,EXACT_STRUCTURED_IDENTITY,A
MED-ed414b76a77f72c4e41b115e,SRCM-f52570991bd8cbb042628e0b,SRCR-8c657ead5c3f6e9bce608ab7,EXACT_STRUCTURED_IDENTITY,A
MED-ed7ba796a7e71c7c96acc638,SRCM-7be99b8d6d92346d355ebcd6,SRCR-b3ecf5c1f53c6b74da1e1650,EXACT_STRUCTURED_IDENTITY,A
MED-ed7f32051fab745a3e23f689,SRCM-8666da5733f3aa31b9020750,SRCR-333e052102886afe8fa4219a,EXACT_STRUCTURED_IDENTITY,A
MED-ed86adaed1b9d907d73f2552,SRCM-0d843be91ee05bcd91a99fe3,SRCR-d8c3a34818beabe35907ca2b,EXACT_STRUCTURED_IDENTITY,A
MED-ed8efb5b9ca2b9f24a50a385,SRCM-967da166fcccd5258f5eadb1,SRCR-9b0f4e405483edecef318712,EXACT_STRUCTURED_IDENTITY,A
MED-eda65fa01c323bc63ac632a0,SRCM-5d4e0169a6ea5efd1672fc06,SRCR-67e8af3b7b803e94d046d337,EXACT_STRUCTURED_IDENTITY,A
MED-edb868a8164d6834f35a55b7,SRCM-00f0d45030fd9af0f56657f7,SRCR-99f6ebe600ca6c6e6e5cde92,EXACT_STRUCTURED_IDENTITY,A
MED-edc1ef100e1b4927e24ae84c,SRCM-6aba16107656469bca8d6348,SRCR-a4462b5b33b1c7122209fa68,EXACT_STRUCTURED_IDENTITY,A
MED-edc9c29baef2c8ac5adaf710,SRCM-fedbe76d9ea739d355086e9a,SRCR-f56b8018e950df3ca44e8356,EXACT_STRUCTURED_IDENTITY,A
MED-edcae2dbffaafc66241a4782,SRCM-a2bf8dbd9a175b57e645e3b7,SRCR-29b96a8c4e23b35b6ff52faa,EXACT_STRUCTURED_IDENTITY,A
MED-edcd48be3e124617943dad97,SRCM-c4c17091a570219de93cbcb6,SRCR-6cb0bbcfbc90029c34321960,EXACT_STRUCTURED_IDENTITY,A
MED-edda871cdfeeb63a0b8cb637,SRCM-5572556cbea7580e2f4aeb76,SRCR-a233ad68be7ca99c8cdf6158,EXACT_STRUCTURED_IDENTITY,A
MED-ede459e9b1e11760ab3c0415,SRCM-6fcd4669245c787feacbd4ff,SRCR-95e672d57a9afd10c047aa8a,EXACT_STRUCTURED_IDENTITY,A
MED-edeedb172e7fa6068cd2b833,SRCM-147ce187674edcaf66e59878,SRCR-9358942ecaf971b8b85ab282,EXACT_STRUCTURED_IDENTITY,A
MED-ee349d675ecd9f0cd5b3744c,SRCM-4555da4f6aff3cf2ad0a4824,SRCR-361c82c643c57102b2b7ea03,EXACT_STRUCTURED_IDENTITY,A
MED-ee3fbf4c22bdc3885a7defe7,SRCM-cd8df037db5d55fae8255f31,SRCR-1252901b50e48608af1b64ac,EXACT_STRUCTURED_IDENTITY,A
MED-ee76aba824a87b7ccad8bca5,SRCM-4a97c7a9f60b438092c2ce03,SRCR-445bd6d55324a34440a89a8a,EXACT_STRUCTURED_IDENTITY,A
MED-ee7792350bd3148491da0ae5,SRCM-e633e6253075010b18e66298,SRCR-3a74bddc0351587f1d2011a0,EXACT_STRUCTURED_IDENTITY,A
MED-ee860dabd22326c16f48a1ab,SRCM-db3c7a58c18952db49b5c3fc,SRCR-d5429fdf6bca0e8ef63bd942,EXACT_STRUCTURED_IDENTITY,A
MED-ee9bf56b692096ffff9114e2,SRCM-183021b5b87bf01d6c966e32,SRCR-c87b78ac2844771e4e8d6c25,EXACT_STRUCTURED_IDENTITY,A
MED-eea1762c19e740fa66e3af71,SRCM-bffbf553f06490d1278fa7ed,SRCR-8c507ca3d256547557332832,EXACT_STRUCTURED_IDENTITY,A
MED-eeed1ed734a9c115440b8ac3,SRCM-4bb19775d8f4acdeb47aacaa,SRCR-40fd9c92371558258d4a3350,EXACT_STRUCTURED_IDENTITY,A
MED-eef442a4f88cc0cf41e524c5,SRCM-8fe65d8a70292e8d5fb321a7,SRCR-c7576cb75c447eafdf12ceb2,EXACT_STRUCTURED_IDENTITY,A
MED-ef03b402a0fd129773e58701,SRCM-06c1803fba227e8e44f1f94a,SRCR-a3e55dd40a45a7176f70d80a,EXACT_STRUCTURED_IDENTITY,A
MED-ef0775b8a927a56daa0bf254,SRCM-cabc7efc6e7b4efd4af753b5,SRCR-1270fc7fc851fba453987f13,EXACT_STRUCTURED_IDENTITY,A
MED-ef0bc67448331ffe10652e41,SRCM-0b20161ef32cf69ef7795ead,SRCR-69addadd5c5e31df3625e6d1,EXACT_STRUCTURED_IDENTITY,A
MED-ef0bfe3bdd33eeba02cfbc71,SRCM-09f6fe532cf28295d74bfdfe,SRCR-e510a48d70a83e59408bed23,EXACT_STRUCTURED_IDENTITY,A
MED-ef0e44d40bd92310604280e5,SRCM-7385fbd58c4260a85375b85d,SRCR-43537c7db151216335962f74,EXACT_STRUCTURED_IDENTITY,A
MED-ef282fd3faad28aa956a2c21,SRCM-bce78382607670d5a470d15d,SRCR-35d795e623e50c13556c743f,EXACT_STRUCTURED_IDENTITY,A
MED-ef382c5cf308feaac484c20c,SRCM-7856ce123b296fee106820df,SRCR-2332ee2e2158c159903ca204,EXACT_STRUCTURED_IDENTITY,A
MED-ef39cbe92caf864645d42994,SRCM-5637888c3ade5070d956b702,SRCR-102ee065606c65650fa43ce4,EXACT_STRUCTURED_IDENTITY,A
MED-ef3a35dc040a9269dd9ca40c,SRCM-db1a5e8a75c0bd2774a0c25d,SRCR-767f536f96a68332ebfa64df,EXACT_STRUCTURED_IDENTITY,A
MED-ef3ebba504f5276f09565f98,SRCM-f8e1ac1413204af88bc1a521,SRCR-4509f2765c4ab2775e752195,EXACT_STRUCTURED_IDENTITY,A
MED-ef6146d6e69800f998d39004,SRCM-aa4f581c935710c95c8ba8c2,SRCR-4dfbefabe7815966d026e33e,EXACT_STRUCTURED_IDENTITY,A
MED-ef657c6ecd0cc079b0704a99,SRCM-653fb926a16095002e7d54ec,SRCR-cd93990a9d74fd1c9c191da1,EXACT_STRUCTURED_IDENTITY,A
MED-ef6d7b496cbd643338e6f717,SRCM-6e18a6c42dbdd8b7ac297065,SRCR-683dd433dd394f689bc07830,EXACT_STRUCTURED_IDENTITY,A
MED-ef757459ffe50d0b5852bf37,SRCM-594b5d48139cb4ab92049596,SRCR-75ec06ba570ac35cd4aa533a,EXACT_STRUCTURED_IDENTITY,A
MED-ef9a2bd4144043d815105d49,SRCM-5fc22527adbf834e739a60e4,SRCR-25839b424201d98ebb0498a9,EXACT_STRUCTURED_IDENTITY,A
MED-efa4e6621d6f52b3872d282f,SRCM-217231d1c72b55101784808d,SRCR-a7308dc983cf32a2c0a76ab0,EXACT_STRUCTURED_IDENTITY,A
MED-efa7e588a9ac4961e0183e49,SRCM-c39d37b7195d9c89a0574cd5,SRCR-c5b74d2781dc7cd23e5c6668,EXACT_STRUCTURED_IDENTITY,A
MED-efb6795fe18b1807217f8373,SRCM-972fe05e8a22bb801080d652,SRCR-2b2fb4aff74898752695b487,EXACT_STRUCTURED_IDENTITY,A
MED-efbb39ff5f5b33d54ee30349,SRCM-c89bf966b957dcf93fbeb55c,SRCR-ad4a4b99c6bd9461830e40f3,EXACT_STRUCTURED_IDENTITY,A
MED-efd05db302bcf54700d73877,SRCM-b258d024734b90e2bd1da32c,SRCR-7bb94fd28a120887c677f176,EXACT_STRUCTURED_IDENTITY,A
MED-eff86b4bf4884e6fe5829ffc,SRCM-a64345b1201d2aac247173fc,SRCR-f1b88a3f362755590b34f1d5,EXACT_STRUCTURED_IDENTITY,A
MED-f0146a0760705bd1e377419a,SRCM-0a9eac9688cfbd1904365efc,SRCR-b1be6b993c07f935f1700821,EXACT_STRUCTURED_IDENTITY,A
MED-f01b42904db2456d2ced358b,SRCM-3cf446c8968154927c5d9d21,SRCR-e462bd1ca642f62c35a45c2f,EXACT_STRUCTURED_IDENTITY,A
MED-f03f465e6dd370abdc91ac54,SRCM-aa05299b0c69e688de756c19,SRCR-72c2ff5f8be0d7c7de72a7de,EXACT_STRUCTURED_IDENTITY,A
MED-f05c769918c351c6d58235c7,SRCM-38abeaf9a4d29c8b1daa9b79,SRCR-a6e61e6d2917bec1423ee102,EXACT_STRUCTURED_IDENTITY,A
MED-f065303c4148786590d0423c,SRCM-c0f6f6ca03be4c245cc65efe,SRCR-cda226e30200deedc02ba5d3,EXACT_STRUCTURED_IDENTITY,A
MED-f07293108176f6d7c31dc650,SRCM-67740dec227d78c440361fc4,SRCR-fb75532b2bdcccde6a3da84c,EXACT_STRUCTURED_IDENTITY,A
MED-f083183359b41f1267a4a44c,SRCM-ee880e0710084469e0e8c3d6,SRCR-b6b748cf0c45bc3dcf3d62c4,EXACT_STRUCTURED_IDENTITY,A
MED-f083870e6439dbad056e413f,SRCM-6fc1975ba2b26f94846221f9,SRCR-3d8e845649fc92927c71fefb,EXACT_STRUCTURED_IDENTITY,A
MED-f0851c5bd41bcd0bc1b59e44,SRCM-bcc5432545e2d093b5fa4bc4,SRCR-497989b99d91119b45822cd6,EXACT_STRUCTURED_IDENTITY,A
MED-f08ed9f07c6d4965c9111b98,SRCM-3f9b8e0aeacee49fe2a5212b,SRCR-359444577976d124989c5985,EXACT_STRUCTURED_IDENTITY,A
MED-f0a87cbe8b9bf1e301ee944e,SRCM-d11c9f8651078b6e580f67d3,SRCR-f88ef08a83dd8e101110a1ce,EXACT_STRUCTURED_IDENTITY,A
MED-f0b566c2aa40f3c1467b249a,SRCM-14426d9150ae67d718cbd03b,SRCR-30255d84aaa060e3eff14eb7,EXACT_STRUCTURED_IDENTITY,A
MED-f0ca73cbd0a4e7899cdd7ae4,SRCM-79ebe58fc674674e503ddd15,SRCR-0d4aa05b10c125c42accff19,EXACT_STRUCTURED_IDENTITY,A
MED-f0eb9042d2523283cc515196,SRCM-2f8cc8f97794e2c5c9eaa6b3,SRCR-f6e6df3e8fb1f4434b4be5f7,EXACT_STRUCTURED_IDENTITY,A
MED-f0f7ad47221c079bd84b1028,SRCM-7876a3008da1d24605799c2e,SRCR-ee5e8fc394933aaca701bbf9,EXACT_STRUCTURED_IDENTITY,A
MED-f0fbb67b233c72f3adb335ff,SRCM-77907bc41118c0305ab7c146,SRCR-d29d0c98aa0291d5647227bf,EXACT_STRUCTURED_IDENTITY,A
MED-f1109b72930783a2bff2be9f,SRCM-d9b433fa011a74c9d9de5007,SRCR-0986ccbe94f19b5ca6d7f1e6,EXACT_STRUCTURED_IDENTITY,A
MED-f19c72de3dca181144bc1b9f,SRCM-6dad04d139cc06ad172dcef6,SRCR-58a5dde0490fee50087f7381,EXACT_STRUCTURED_IDENTITY,A
MED-f1b01d072ad7dcc06ed1b726,SRCM-959c5abaf0590cd4af402c86,SRCR-39e5fd5de051d0a791fb7d7e,EXACT_STRUCTURED_IDENTITY,A
MED-f1df05f2ee3c2e8cad5988a1,SRCM-5c8545033ffc836c434cc436,SRCR-29719d7bc8f6dcd8bea5f3ff,EXACT_STRUCTURED_IDENTITY,A
MED-f1f3ac3110c07e77e8f0c114,SRCM-77728f90c926169c3aa0dc68,SRCR-d0a4fdedde1e3d724f73a907,EXACT_STRUCTURED_IDENTITY,A
MED-f1facb38c65063e1c0dde99a,SRCM-d58a64be30c853f385c6bdd6,SRCR-9e23f5b756257713badb046e,EXACT_STRUCTURED_IDENTITY,A
MED-f1fc2112055f6a5ee3146aa8,SRCM-eea18f485946a5f0732a3446,SRCR-029eb9825739588a59e4aa02,EXACT_STRUCTURED_IDENTITY,A
MED-f2182cb578e02c33b9cd5ecb,SRCM-57185c3baee2addcfb514edb,SRCR-aa150d54a8e0ab7db46b0897,EXACT_STRUCTURED_IDENTITY,A
MED-f2287a0e15d325097ca5a0a2,SRCM-2302a6a6503bb63d09c74649,SRCR-07ea041d05ffa22ae135e5d5,EXACT_STRUCTURED_IDENTITY,A
MED-f22f6c2aa6d95fac45ba13fa,SRCM-70e82c897ae67053cace6713,SRCR-80d7b83a68199d9a02c46e0f,EXACT_STRUCTURED_IDENTITY,A
MED-f22f7e78bb39c610023b8a69,SRCM-b24be1c625a181355afd60e3,SRCR-94f402489fc78fefbeda3ceb,EXACT_STRUCTURED_IDENTITY,A
MED-f242c1b0ffb22bf6989089ea,SRCM-173e0187f16b9618bf16654e,SRCR-dee97f9df230bffd2b869404,EXACT_STRUCTURED_IDENTITY,A
MED-f247061a86a6cbf49828189c,SRCM-a3b5decbad15e924ad1eb98d,SRCR-fabbfb5b1107a9f2742301b0,EXACT_STRUCTURED_IDENTITY,A
MED-f24c834ed22c25dc71c83b70,SRCM-5beb227877b1d4c8419de01f,SRCR-05901c783e3b0cc886d2cce8,EXACT_STRUCTURED_IDENTITY,A
MED-f264c828baced93bc0685ba5,SRCM-0bcd2cdd94c1e4b7446f85d6,SRCR-6e912f4067369bd72040c0d6,EXACT_STRUCTURED_IDENTITY,A
MED-f29464b6906eac101a912d0f,SRCM-8a9e05602c461f76c6353564,SRCR-24622d4b5b97a50272cbad2d,EXACT_STRUCTURED_IDENTITY,A
MED-f29d251e8ed0188581dbc126,SRCM-ae0503f98ca8ef7f86f5e8ab,SRCR-64b37c15467bb6bd6aefafbf,EXACT_STRUCTURED_IDENTITY,A
MED-f2aa7a968f5548d990ad1769,SRCM-1ed242c41107066fbe15b032,SRCR-b5424cc990a9016111062963,EXACT_STRUCTURED_IDENTITY,A
MED-f2aaec5bf179e05fc8bb3200,SRCM-45a0755cf22d9b68afad6058,SRCR-619e247fd39e93007808a5f8,EXACT_STRUCTURED_IDENTITY,A
MED-f2ab794ea7bdef169352cdad,SRCM-ca9cab2fd5234e683d58ecfb,SRCR-c4012ca235783ac3c9ecf2c7,EXACT_STRUCTURED_IDENTITY,A
MED-f2bf8d0ca32b1d42eefd0c46,SRCM-5a26bca8b37ace36caf5e7bf,SRCR-0d00ba0528bad16adc0f7f7a,EXACT_STRUCTURED_IDENTITY,A
MED-f2f6222af2accec3f30f6b32,SRCM-4a966e6688ee5422f89a1477,SRCR-504dceeb61044fc8a7b52843,EXACT_STRUCTURED_IDENTITY,A
MED-f3333a3a7ab7df13b614f58b,SRCM-e98607e4c792a8cdd0b2570b,SRCR-88f0691f92769aa848b39113,EXACT_STRUCTURED_IDENTITY,A
MED-f35d7b7324cd02f108cf698e,SRCM-a250d8c3c156ce907991c244,SRCR-ce718225313e70a2f2ba055b,EXACT_STRUCTURED_IDENTITY,A
MED-f373daff2fc39e52daee0cc9,SRCM-d6319b61e61fe5665624c84b,SRCR-22f68360e2666c156ee15f90,EXACT_STRUCTURED_IDENTITY,A
MED-f3a78658b6598010ee369d01,SRCM-efea757ba3d7413e66746bff,SRCR-40a0173234f03a2050fe1686,EXACT_STRUCTURED_IDENTITY,A
MED-f3b5ec3b15c2ea87bce9f826,SRCM-22e71fa5a348eb3176a1a460,SRCR-2c2cdd914cbb52dd71e45f5a,EXACT_STRUCTURED_IDENTITY,A
MED-f3ec4ef237d072bd6dba3a96,SRCM-bad4d67ba18103422a07dfbf,SRCR-7b822007f184f4c057c33bf1,EXACT_STRUCTURED_IDENTITY,A
MED-f3eeb99327b91123fa82f760,SRCM-943586e9ceeba4ea98c7e1ad,SRCR-2e5d6810be1af65091c4e1a0,EXACT_STRUCTURED_IDENTITY,A
MED-f404fe7c927615ee2d06beaa,SRCM-65a999254df087cf80474e89,SRCR-188989a6bc639fa191d77c26,EXACT_STRUCTURED_IDENTITY,A
MED-f439276f169c1b52f0851b49,SRCM-d8aeaa6abdc632e2750c0a05,SRCR-06d8545af7fd804ca1138646,EXACT_STRUCTURED_IDENTITY,A
MED-f43cae2b643f5f16c64517f7,SRCM-860f5291a7760747110c0ba6,SRCR-10cc3b1d0e9d9da544f1808d,EXACT_STRUCTURED_IDENTITY,A
MED-f43e38fcbc28e7173cf54142,SRCM-b59c11254d833d03510c800c,SRCR-13df91d03da2015b445325c9,EXACT_STRUCTURED_IDENTITY,A
MED-f443995db803d08c0e8643fb,SRCM-334b1e9a2150cef35e3e83f5,SRCR-2f1aabd34a08e6a8b9b96398,EXACT_STRUCTURED_IDENTITY,A
MED-f443a76c9463d0441561de2d,SRCM-697278a7802a8df6ab717a74,SRCR-9b056e6857d0d3252de1af1c,EXACT_STRUCTURED_IDENTITY,A
MED-f45d1f5d04d0ee80d6c75401,SRCM-b2dcbb072fc560ec07740bbf,SRCR-0503232f84df6bcc3478accb,EXACT_STRUCTURED_IDENTITY,A
MED-f47d4d8010e4b85a6348d0ea,SRCM-ad1f33e3c9f3909cc7f3f0ab,SRCR-b8ad31ff463c35730a69c2f5,EXACT_STRUCTURED_IDENTITY,A
MED-f48193bf7269ce04f50885b2,SRCM-4480836410cb97ece2b42d67,SRCR-4db773ae582f6688280719f3,EXACT_STRUCTURED_IDENTITY,A
MED-f48c94c87c6531cf41a24cf3,SRCM-a7bf1d875716e1784ad40f03,SRCR-26718bafd81657510170ea22,EXACT_STRUCTURED_IDENTITY,A
MED-f490df640a1e7edfde30c9f7,SRCM-db87bfac903f6585f1c09c53,SRCR-7c515e181d5c5e3982f173b8,EXACT_STRUCTURED_IDENTITY,A
MED-f4a7254505c5612e2c95c346,SRCM-18c65bf294442871372be0a3,SRCR-a12672ecfd56e936e0d92e49,EXACT_STRUCTURED_IDENTITY,A
MED-f4aa3b047212713bd5dc1afb,SRCM-ece7c3ec6dcac0a9b9bacc34,SRCR-0d90a5fe66b6a4d6051ab028,EXACT_STRUCTURED_IDENTITY,A
MED-f4af0dd78646d27fcbb1ab6b,SRCM-38ea538765a9c48fce8c334f,SRCR-b28f60c355188fd1f163ecea,EXACT_STRUCTURED_IDENTITY,A
MED-f4b74214ce5859236cf45a4b,SRCM-5b3d86d3cd71a9e444bac168,SRCR-f832b447cf72e810308410e8,EXACT_STRUCTURED_IDENTITY,A
MED-f4e693ffabf983f0c5777c5b,SRCM-e9c01b229a264067eebb041d,SRCR-11cff9b693cac61c37ca967c,EXACT_STRUCTURED_IDENTITY,A
MED-f4e732cbbe2cd79afb38be02,SRCM-6750ebc8e32f21c8d5ad6187,SRCR-e6cd4e113fceb2b797a8e67f,EXACT_STRUCTURED_IDENTITY,A
MED-f509da4619088856ed564e2f,SRCM-ff2801ac1170bd5378028ae3,SRCR-0aace84ddc918eddc2e2bc94,EXACT_STRUCTURED_IDENTITY,A
MED-f509ff4f772a93bd96d04a85,SRCM-2ce177e8ab3104e21ed81136,SRCR-f686a58503cc46635098af1e,EXACT_STRUCTURED_IDENTITY,A
MED-f598df4748b097a3341c9d70,SRCM-f23909ae496addb29f451052,SRCR-1dec50661eb9f6fbb3b0b473,EXACT_STRUCTURED_IDENTITY,A
MED-f60f393fe73babdf10b9a9b2,SRCM-c824fedc84451278e5368940,SRCR-185db67fac113d13732e1c7d,EXACT_STRUCTURED_IDENTITY,A
MED-f624cb7391e2204acc52c214,SRCM-7282216842bfc7cd394dc907,SRCR-a90c16b1284c3072898f2095,EXACT_STRUCTURED_IDENTITY,A
MED-f62564597bcaff499062e6d6,SRCM-9d3781acb78970659bf42225,SRCR-dd873aa6f4724a275b461bcf,EXACT_STRUCTURED_IDENTITY,A
MED-f6345232a3e486f9a3b67c9c,SRCM-bcf7f3855f50955de419ddd4,SRCR-4d9a1ed7925c23c6f44b7d37,EXACT_STRUCTURED_IDENTITY,A
MED-f6358219539c8807ecf3a0d9,SRCM-e9680aff5f8a1a269d60d7e2,SRCR-7b3d1a5fd16b281b67a2ad69,EXACT_STRUCTURED_IDENTITY,A
MED-f64acacf5be06818036e9591,SRCM-f000ed283102827e2092bceb,SRCR-d2c51d644313d4adf4bd1890,EXACT_STRUCTURED_IDENTITY,A
MED-f64b085637087439a130f8b9,SRCM-484c8ba8c8757113f23fab46,SRCR-70dfa2d3a8e97807bfbb3ad0,EXACT_STRUCTURED_IDENTITY,A
MED-f68de98754b70eb7a24b6d06,SRCM-4992e107b3726bba60b2da30,SRCR-0bab47587a0a643e862e8903,EXACT_STRUCTURED_IDENTITY,A
MED-f69b343a0c16e6a3ce7e9c27,SRCM-944e3431b838d9a05f62fc00,SRCR-a059819b36acd75577e10115,EXACT_STRUCTURED_IDENTITY,A
MED-f6a9bb854e66ba47e06f0855,SRCM-0ff700b9e6c7e03948c97a34,SRCR-cde4a03c9862038558b83c71,EXACT_STRUCTURED_IDENTITY,A
MED-f6af113d36ef7c0105e43eb4,SRCM-dc077c317d3a5778e6097a0e,SRCR-dd6d1d7cc904c6fa496fd606,EXACT_STRUCTURED_IDENTITY,A
MED-f6e34e06616ee703048de8fd,SRCM-60257162c6aee4f21aa0c009,SRCR-4a07edc2bf4060209aa59837,EXACT_STRUCTURED_IDENTITY,A
MED-f7218d02a62ba251fc4b5e9b,SRCM-6a4ccac3143e77601fb9cd41,SRCR-a45834f3e57f5c22519baa61,EXACT_STRUCTURED_IDENTITY,A
MED-f73e1776e02eb5ba7ac71909,SRCM-1ed502b8c4f7528ffceac058,SRCR-bed53e32bfa49f408ec99ce9,EXACT_STRUCTURED_IDENTITY,A
MED-f748116e1ec773b2ad3783be,SRCM-4654e2b116974278def0934f,SRCR-059d13262d471b02f7473a15,EXACT_STRUCTURED_IDENTITY,A
MED-f76ed754deda9b22a92206f0,SRCM-a04f4c6951e0a30645a82fe6,SRCR-f42da9fdfb4e1462cfb47f87,EXACT_STRUCTURED_IDENTITY,A
MED-f78b56455508e6f895507772,SRCM-341d798c1a7688576ca9d698,SRCR-562002cef329cd353eeba187,EXACT_STRUCTURED_IDENTITY,A
MED-f7a8a56411a9de96b6ff6955,SRCM-8270a7b3c64e59518185948f,SRCR-9243fb3b945ae6f7a714da2a,EXACT_STRUCTURED_IDENTITY,A
MED-f7de42a194b071f92c2148e5,SRCM-cb5fc087e58f253f03904816,SRCR-39f218453c1fce3429a32723,EXACT_STRUCTURED_IDENTITY,A
MED-f7fcbd4eb7a3a1a24c396d99,SRCM-2616609eb8c9a879d77e3ff4,SRCR-815ec84428cee2d3605312fb,EXACT_STRUCTURED_IDENTITY,A
MED-f81d589535d9b86075f51311,SRCM-7ed1181ccd002144bfef55d9,SRCR-7064ce0606ece71bd8994faa,EXACT_STRUCTURED_IDENTITY,A
MED-f81fc60cfd0bf0de2f728662,SRCM-91b2ec4b0648e28fbb00d39a,SRCR-811bf12ee96626fe592d794b,EXACT_STRUCTURED_IDENTITY,A
MED-f821aaf23f5d7bb81a3e5bf2,SRCM-07b4eaeae7f59f36228d3a02,SRCR-3fd67f6f027f135581d4a9e1,EXACT_STRUCTURED_IDENTITY,A
MED-f82532845f81df37f5fb6faa,SRCM-bd190fb44f7fac2813c082c0,SRCR-c20dccd3f565fb628086a64d,EXACT_STRUCTURED_IDENTITY,A
MED-f8475da1f52001116ba0cf74,SRCM-2155fae5cb033da1735c12b7,SRCR-b0de2d50d8b46424a531ffd7,EXACT_STRUCTURED_IDENTITY,A
MED-f84d1756f9656b2e71fc2e58,SRCM-9279fd216c840df0c6675faf,SRCR-764d76964afb3772da2a4788,EXACT_STRUCTURED_IDENTITY,A
MED-f88ce57588f2e4295f812a20,SRCM-8d76af56cfc86410ef8b8e45,SRCR-c58f5443b63574ce93317403,EXACT_STRUCTURED_IDENTITY,A
MED-f89a9abcc1c3ca139d54d4ed,SRCM-492b8305642ad4647a018cf4,SRCR-1d7998ac7c6972df36669fdc,EXACT_STRUCTURED_IDENTITY,A
MED-f8c0119a7f4084f60decf497,SRCM-93138fbd2f50216da450f976,SRCR-877c90b52d92ea952d3ef722,EXACT_STRUCTURED_IDENTITY,A
MED-f8de4283572ff38a11d82589,SRCM-560e6db47de4d34297b96964,SRCR-7e4ab1d3e979080fb67f4043,EXACT_STRUCTURED_IDENTITY,A
MED-f902739d684ff268237a3b4a,SRCM-4e10eaea4c8d836b8b5eac9d,SRCR-dba0eda22ebac54b62ec01ea,EXACT_STRUCTURED_IDENTITY,A
MED-f91d879c422977d39b084054,SRCM-aa9f64eb984a331a6cfe3841,SRCR-8778fb2be6b3320c5f958a39,EXACT_STRUCTURED_IDENTITY,A
MED-f95c1f22076414d40953ced4,SRCM-e86ab5bb872ddbb478b9138d,SRCR-f7d4e5386aa536c04e631a86,EXACT_STRUCTURED_IDENTITY,A
MED-f97bbf30fbe9d3228439aad8,SRCM-1283e0f652b76a79a5c90ae2,SRCR-c6b1affa2b85dbbfb2654664,EXACT_STRUCTURED_IDENTITY,A
MED-f98e1734f0e8ce708038082a,SRCM-71623d9c2de697ee0abc77ef,SRCR-55a8063fd0ead22a45df5dd6,EXACT_STRUCTURED_IDENTITY,A
MED-f9b5c1c72e967d68e0a4e855,SRCM-057369820d8d335951af33d9,SRCR-f451ca8a93630c0e83404bc9,EXACT_STRUCTURED_IDENTITY,A
MED-f9c3407a32cabc9f67ad8860,SRCM-be18631d622cf737c72f9c07,SRCR-c8a7d84e91034faf1261ca4f,EXACT_STRUCTURED_IDENTITY,A
MED-f9d9dca46a3a860b0eb4a789,SRCM-22253ce9ac2f9294de050745,SRCR-c2f516ac09b952228f79efdf,EXACT_STRUCTURED_IDENTITY,A
MED-f9db98ddc3513c2f4b850470,SRCM-37caea0bfa38a9efa411f553,SRCR-fa22e7486a0f5b04468c4508,EXACT_STRUCTURED_IDENTITY,A
MED-f9dc3c34b60af2f40cfa84f2,SRCM-b9f18ce26f916e490bb9469b,SRCR-20993abca5b46d2ad8a7862c,EXACT_STRUCTURED_IDENTITY,A
MED-f9e6fb2877879edbe403ef1c,SRCM-2aec985320aaf05466d1f8da,SRCR-aa4d84b2175b97cfd9020920,EXACT_STRUCTURED_IDENTITY,A
MED-fa1bf7e6da5732eda6c80bc2,SRCM-c6ea42e6af7b7fbcc692dc13,SRCR-947a490a08605a419f315bab,EXACT_STRUCTURED_IDENTITY,A
MED-fa1fa59f93e3216fbbcdb714,SRCM-a07bb1df058231a1f056a53c,SRCR-36036dcde6903ea9c756b45d,EXACT_STRUCTURED_IDENTITY,A
MED-fa2c11bf69e7220c747d1b4f,SRCM-21332ccc083af3ff549f1cc7,SRCR-3a7ab5d041a8fcdfa0f2a0d2,EXACT_STRUCTURED_IDENTITY,A
MED-fa2e78ed6d4345afa6b9b453,SRCM-a05cd8b6af22f988bc412790,SRCR-11036cd4750bd5f2108fd873,EXACT_STRUCTURED_IDENTITY,A
MED-fa450b2aef0ae8e744e526cd,SRCM-3af7b5c858e1c2cd10bc13c0,SRCR-878bc81c1944ef737658d36e,EXACT_STRUCTURED_IDENTITY,A
MED-fa473043bf1627fcfb480933,SRCM-f77bb98dfcdc6aa962757e46,SRCR-7180821ac631252e9d4cebc6,EXACT_STRUCTURED_IDENTITY,A
MED-fa54ced3ff0cfc780da89881,SRCM-d5e2e60d34d55e6d3ce0c6a2,SRCR-03adab602338302f803f490b,EXACT_STRUCTURED_IDENTITY,A
MED-fa58771f265de1a3cbfa357e,SRCM-77ad20712cd48424f2924d83,SRCR-94f4f88dc8922999d789d1b1,EXACT_STRUCTURED_IDENTITY,A
MED-fa8d9ce8b12bfd552381ed58,SRCM-193bdbb7b0ed172eb1a85f80,SRCR-ad5c75fd591fde32477eace6,EXACT_STRUCTURED_IDENTITY,A
MED-fab0b76e78a12bde8d9703c2,SRCM-ecd9b3160feb6ae6e0530c25,SRCR-df9afd6c776c532d43a98607,EXACT_STRUCTURED_IDENTITY,A
MED-fabceea6dac5d30caf652e34,SRCM-aeed6bd245483472ea3171fe,SRCR-f59573f0228ef722d729b3af,EXACT_STRUCTURED_IDENTITY,A
MED-fabf592eaf78436aa3b5edfe,SRCM-8defcd81b0bf01c9b98b2901,SRCR-a306980fd0f5ae9b27fc239e,EXACT_STRUCTURED_IDENTITY,A
MED-fac4715d26017e801add4d80,SRCM-c7fbeeaf4993d224d9968d79,SRCR-f381d6affa23efd884b98868,EXACT_STRUCTURED_IDENTITY,A
MED-fac6e4e70f176053503c8d9f,SRCM-ac30c990c92e0f7b64a37f0e,SRCR-e186179a40098b09681429b9,EXACT_STRUCTURED_IDENTITY,A
MED-faf416246463ba3428a9bddf,SRCM-c36445b646f17dc2368cfdf3,SRCR-f84d81fd18de1b8cfc5e532e,EXACT_STRUCTURED_IDENTITY,A
MED-fb1fcd7b3a90ffedbdf05138,SRCM-207c174d640a31b0414abe80,SRCR-ef9e5526e547e9d7d8492203,EXACT_STRUCTURED_IDENTITY,A
MED-fb20628b53c8fa632cd72a70,SRCM-ebe58c9667d9615da26f322e,SRCR-e8d2141a1188314a95219bbb,EXACT_STRUCTURED_IDENTITY,A
MED-fb281fc342acc54626bb5a42,SRCM-f858c00dd2e03cc1e6596bbe,SRCR-7fa8c1bee0589b9c9266d4e6,EXACT_STRUCTURED_IDENTITY,A
MED-fb292c59a7ef234594c16cbf,SRCM-d70d5770e1bd934c8b948d61,SRCR-6f858254993e26c12bd90850,EXACT_STRUCTURED_IDENTITY,A
MED-fb33b1712f661ec7c0846a87,SRCM-f959e8bac7bd86ee89c396f4,SRCR-66db21818994be195a2f2ab2,EXACT_STRUCTURED_IDENTITY,A
MED-fb33dc9e26d7fd1b50fe27b6,SRCM-b09506cbfe17eaab37b84b80,SRCR-59281791be184e8a7841205c,EXACT_STRUCTURED_IDENTITY,A
MED-fb44270b867268a15329c933,SRCM-7adabf04f81ba97e3553a7d1,SRCR-7b835c02102cd2a37ca2a6d0,EXACT_STRUCTURED_IDENTITY,A
MED-fb5775e161c220746abb0077,SRCM-83c208c8550bff1450c64939,SRCR-6e26e5737ddf13dbe5e9e90b,EXACT_STRUCTURED_IDENTITY,A
MED-fb60bd637733a762577b25bf,SRCM-57037e3b3bc7f8928bca0713,SRCR-5570019e64f4cec2a24606af,EXACT_STRUCTURED_IDENTITY,A
MED-fb771d0cafefd7bbad30d188,SRCM-3149237e2a46559ae5ae1937,SRCR-ee4056c4b21a29b4663c9595,EXACT_STRUCTURED_IDENTITY,A
MED-fb8e280734f0e45df2cf5e5a,SRCM-1506fabee0ed28f322a86022,SRCR-15dbc3597aa2f6c8e99257de,EXACT_STRUCTURED_IDENTITY,A
MED-fba0ed2ddaba8ff1ce1fc586,SRCM-07d13d65ed7b46d082c5c952,SRCR-ab7784c5793ca9af1ac85331,EXACT_STRUCTURED_IDENTITY,A
MED-fbce7babb7331d25785f7cab,SRCM-86efa232dbef947c438be26e,SRCR-ca23106c1a73984256cdfdbd,EXACT_STRUCTURED_IDENTITY,A
MED-fbd344b87b36e759de8df24a,SRCM-ba7ec508c8112ff319e079e7,SRCR-0259659330989b6262bfb010,EXACT_STRUCTURED_IDENTITY,A
MED-fbf896772e1eef6c45529203,SRCM-ef252d495888816af0053868,SRCR-58abb854f94bd29cba7850dc,EXACT_STRUCTURED_IDENTITY,A
MED-fbfa27c10e99bcc6d4060b57,SRCM-a307666527d3635a799623c9,SRCR-8c1278980798365459c4dc9e,EXACT_STRUCTURED_IDENTITY,A
MED-fc048f9ddf29d985a8bee651,SRCM-1ef01a4fb347234f66d4f588,SRCR-3c4a3fbcd2dfab2def5f0de6,EXACT_STRUCTURED_IDENTITY,A
MED-fc2ee94a2cbec1e175d0aa07,SRCM-5442fcd7617da3b337941ff0,SRCR-17d90b8f90cf44ecb2647ea8,EXACT_STRUCTURED_IDENTITY,A
MED-fce0895bb98207c5e4e297b6,SRCM-591fad82476f4ab8330fd6bb,SRCR-6d5cc82ac1c1156cfe26203b,EXACT_STRUCTURED_IDENTITY,A
MED-fcf70b3a8a12bbaae8fd7e90,SRCM-8b418c9cc5226f1c55e1bd71,SRCR-1dd896194f27de90eefa5dfa,EXACT_STRUCTURED_IDENTITY,A
MED-fd291b19b7ed68dc1a3d9c45,SRCM-dd14ef6040ae286fbd7d2ecd,SRCR-3d0c29e962d3bea4fa7f631e,EXACT_STRUCTURED_IDENTITY,A
MED-fd428802cfc30759e33ff6c2,SRCM-9a18daf500f49b1ba6c21e27,SRCR-1f48f3c550c9102b145144fc,EXACT_STRUCTURED_IDENTITY,A
MED-fd55175f61adfbd6484947b8,SRCM-04df1f308e205cd3d8f23702,SRCR-336bf8dfb26b6c355e9a6c90,EXACT_STRUCTURED_IDENTITY,A
MED-fd69bb7904a686fbb7019610,SRCM-50a722fe19f48f9d0a3bf8b9,SRCR-28ace4bcc440030c61c2ceb7,EXACT_STRUCTURED_IDENTITY,A
MED-fd812028901a2729b7c16ec6,SRCM-5b346a14081887b2e7423980,SRCR-5026894423b200b4909dafe8,EXACT_STRUCTURED_IDENTITY,A
MED-fd8d920b36edd00c124a0f96,SRCM-a4bf5abc14943eacf30faffa,SRCR-558d19b966acc61bd4a0531d,EXACT_STRUCTURED_IDENTITY,A
MED-fd966c7f54d3d99995b4064d,SRCM-a19fa6bc403ffdd50fc799f0,SRCR-f258781798508b7ec4eed4f3,EXACT_STRUCTURED_IDENTITY,A
MED-fd9c75509322ccedbbbd6050,SRCM-2e9ea1b59d3295bac87e1636,SRCR-dc4637305fd6719c3f579f5f,EXACT_STRUCTURED_IDENTITY,A
MED-fda8294fc30853a83cafa311,SRCM-ea4a0372043b694e71a1f3f6,SRCR-ca1514ddd3648781e3a89471,EXACT_STRUCTURED_IDENTITY,A
MED-fda8f33093e4eb34d1036f10,SRCM-cbcd36c9a0e9e4a240ee0764,SRCR-a7a17e253a5fa462aae993f3,EXACT_STRUCTURED_IDENTITY,A
MED-fde09098e27d4ead931fecab,SRCM-43c3177ef48f3e1922291aba,SRCR-0753891652b06250177ec76d,EXACT_STRUCTURED_IDENTITY,A
MED-fdf84d0a3497463d294ceee6,SRCM-5d8a66e42b431ec6a6c8b809,SRCR-0d302b4bfd6ce0f23de57879,EXACT_STRUCTURED_IDENTITY,A
MED-fe0efee5ab11214e988898a9,SRCM-9ebee93cbc249ef69dbf87bc,SRCR-df04595ab0940e76bad0e252,EXACT_STRUCTURED_IDENTITY,A
MED-fe273976cd89c1c37a608985,SRCM-e9384275699daaa61c200267,SRCR-40683adf87b30bff05b79a40,EXACT_STRUCTURED_IDENTITY,A
MED-fe2aded484bc19056a0398a7,SRCM-9325b11fac23d80ef6c32e0d,SRCR-04de396011ac18c5ecaf5855,EXACT_STRUCTURED_IDENTITY,A
MED-fe46e652e00e2f4227b55b31,SRCM-455f0a6931e5e10633af5b8d,SRCR-943afdf2222666f7338d1b60,EXACT_STRUCTURED_IDENTITY,A
MED-fe48653bd12d5d4eae3d82fc,SRCM-37cbcc877a661e5c2f683003,SRCR-eb2b6ee5892df6aad021ad85,EXACT_STRUCTURED_IDENTITY,A
MED-fe4d778a49f34674bfb474c8,SRCM-b14ef516ce7d86c308b8f25d,SRCR-c5a77bdd090cef00fd59b88b,EXACT_STRUCTURED_IDENTITY,A
MED-fe56859f44073b405c9cec86,SRCM-cf1c0382a5008dd3140e5c73,SRCR-b6c93fba3d368a1b1d0a6e3d,EXACT_STRUCTURED_IDENTITY,A
MED-fe5c24f054e8db9240024c87,SRCM-fee015ffa29d89e0b8ae6e98,SRCR-ab0c1bc10decfca85860ab3b,EXACT_STRUCTURED_IDENTITY,A
MED-fe68b9e4b247bfc73a67b9f8,SRCM-19b05eec592dbdd246a70233,SRCR-56c7eb0f514776bb64dd1c14,EXACT_STRUCTURED_IDENTITY,A
MED-fe6a78f23cd2d460c7e1a3a0,SRCM-09ceeaba6df42b7c4d57d68a,SRCR-658e5b25438aac5e896c0ab6,EXACT_STRUCTURED_IDENTITY,A
MED-fe7cfa14db42354b922825cc,SRCM-50bdcdf27128dc7c4e0a000a,SRCR-0e02da471cb50ab75cce6e2f,EXACT_STRUCTURED_IDENTITY,A
MED-fe99d575d40ec95e33111e5e,SRCM-50f24c99e9d96c64108d62bb,SRCR-12290ae0ad544a9e3e75e009,EXACT_STRUCTURED_IDENTITY,A
MED-fea643bdef64e4e962464bee,SRCM-1b42617c59626dc126c77b87,SRCR-d979790a376269f01f64eef0,EXACT_STRUCTURED_IDENTITY,A
MED-feaff0c89788d699374ea242,SRCM-8b84098c66a02b89f60ee615,SRCR-51e046b79bd6ddeb7c44b18d,EXACT_STRUCTURED_IDENTITY,A
MED-feb9254d6cb5375c4d017565,SRCM-eda959b865ee57bab0be1f9f,SRCR-5bb37a092f50307077260da0,EXACT_STRUCTURED_IDENTITY,A
MED-feba0e59e784d28c68cfec15,SRCM-e3a325b4cea1ea97b13a28a1,SRCR-921de66eb0ffa366c7c78daf,EXACT_STRUCTURED_IDENTITY,A
MED-febaf391963724ab2b37bc70,SRCM-bbf0656bd652deec56ca4dab,SRCR-bef60d23d0dc41e17f0715ac,EXACT_STRUCTURED_IDENTITY,A
MED-fec774f5a1f753059e54e6a8,SRCM-61e8626bc75577bac50b5977,SRCR-9358eeb5860500f74b7180dd,EXACT_STRUCTURED_IDENTITY,A
MED-fed202a83f43f2c2766f008a,SRCM-672aa5b232763260cc071229,SRCR-de1375c5f7aa84aec0e9f17c,EXACT_STRUCTURED_IDENTITY,A
MED-fed5bd99192e41a6a26ec808,SRCM-c3ccd8975b399559f7e4234e,SRCR-c54b2766b8ea2731e722a137,EXACT_STRUCTURED_IDENTITY,A
MED-fed769fe250e2426d399184c,SRCM-db742b5c943b684c684ab9a4,SRCR-68e9f264911440f87f581b88,EXACT_STRUCTURED_IDENTITY,A
MED-fef743b31025a4f7d3069375,SRCM-f8d7a9300384d991ac18d5b4,SRCR-fcbd5ef708fa53b19c263d8f,EXACT_STRUCTURED_IDENTITY,A
MED-ff039d67b02536630d103def,SRCM-741672ef2033a5fbe7062688,SRCR-62f3b46e5fd52319303e19cb,EXACT_STRUCTURED_IDENTITY,A
MED-ff36b628d064730a7a3accae,SRCM-a3f6c2fc4472c1945818b4fe,SRCR-9f66b561dc6115ee51453fe6,EXACT_STRUCTURED_IDENTITY,A
MED-ff38cf2bed165c7d6afc3b09,SRCM-ae920a21d0c9423d253f3015,SRCR-7bdaca8891872d0907ace74f,EXACT_STRUCTURED_IDENTITY,A
MED-ff7a4fb30c81f4465995d90b,SRCM-5c175a495e8f81103fcd1090,SRCR-bc2ef48eb48dd35d027e330d,EXACT_STRUCTURED_IDENTITY,A
MED-ff8015ba21b4379fe337a8dc,SRCM-9ebf418072e77d9fdcd76035,SRCR-a1207601cf2400f8a3149c57,EXACT_STRUCTURED_IDENTITY,A
MED-ffb3ddcdf241bf852292a071,SRCM-c888962a5183c72f530da9b1,SRCR-f7f8b8420e7caadb5f75368b,EXACT_STRUCTURED_IDENTITY,A
MED-ffca060ca03a4849dd90a8bc,SRCM-2b427ac29d53ea786393dc4f,SRCR-8f922c1079184d8d540ac66a,EXACT_STRUCTURED_IDENTITY,A
MED-ffca890e07920c7f6b50217a,SRCM-86695314c3368982a7947123,SRCR-b7f233b92ab5912a47e5bbd3,EXACT_STRUCTURED_IDENTITY,A
MED-ffe79db810e56faa3c82ab5e,SRCM-d435b20b833f90e8159c8590,SRCR-3fdc77019c61abcab5c96567,EXACT_STRUCTURED_IDENTITY,A
MED-ffeb8947fc299305650f2810,SRCM-8cb092f03fa6b9858e9d37fc,SRCR-71102bffa34ac7c69a072e68,EXACT_STRUCTURED_IDENTITY,A
